concrete_dated_prediction,specific_open_thread_named,callback_prior_session,callback_within_session,validation,self_correction,reframe,mean_sentiment,sentiment_trend,session_id,session_duration_minutes,message_count_total,gap_until_next_session_hours,returned_next_session,source_group
0.0,0.0,0.0,0.1,0.0,0.0,0.1,-0.03,0.0,Human_Single::conversation_1045860_285.csv::s1,4.733333333333333,30,0.13694444444444445,1,baseline_returned
0.0,0.0,0.2,0.0,0.0,0.0,0.0,-0.3333333333333333,-1.0,Human_Single::conversation_1045860_285.csv::s2,4.416666666666667,8,0.04611111111111111,1,baseline_returned
0.0,0.0,0.16666666666666666,0.0,0.0,0.0,0.0,-0.1111111111111111,0.0,Human_Single::conversation_1045860_285.csv::s3,9.733333333333333,15,0.023055555555555555,1,baseline_returned
0.0,0.0,0.0,0.0,0.0,0.0,0.0,0.0,0.0,Human_Single::conversation_1045860_285.csv::s4,0.0,1,,0,baseline_returned
0.0,0.0,0.0,0.0,0.0,0.0,0.0,-0.0375,0.0,Human_Single::conversation_1185325_1883.csv::s1,3.7666666666666666,15,0.019444444444444445,1,baseline_returned
0.0,0.0,0.4,0.0,0.0,0.0,0.0,0.0,0.0,Human_Single::conversation_1185325_1883.csv::s2,4093.0833333333335,10,0.03166666666666667,1,baseline_returned
0.11764705882352941,0.0,0.058823529411764705,0.11764705882352941,0.0,0.0,0.0,-0.02727272727272727,0.0,Human_Single::conversation_1185325_1883.csv::s3,7.983333333333333,28,0.014722222222222222,1,baseline_returned
0.0,0.0,0.0,0.0,0.0,0.0,0.0,0.0,0.0,Human_Single::conversation_1185325_1883.csv::s4,0.0,1,,0,baseline_returned
0.0,0.0,0.0,0.6976744186046512,0.0,0.023255813953488372,0.06976744186046512,-0.024137931034482762,0.0,Human_Astro::conversation_1338879_1953.csv::s1,21.766666666666666,101,0.52,1,baseline_returned
0.2,0.02857142857142857,0.0,0.4857142857142857,0.11428571428571428,0.0,0.2571428571428571,-0.09473684210526315,-0.3,Human_Astro::conversation_1338879_1953.csv::s2,64.93333333333334,92,13.166944444444445,1,baseline_returned
0.0,0.0,0.16666666666666666,0.16666666666666666,0.25,0.0,0.3333333333333333,-0.13125,-0.3,Human_Astro::conversation_1338879_1953.csv::s3,4.683333333333334,28,0.025555555555555557,1,baseline_returned
0.08108108108108109,0.0,0.02702702702702703,0.6216216216216216,0.10810810810810811,0.0,0.10810810810810811,-0.03170731707317074,0.0,Human_Astro::conversation_1338879_1953.csv::s4,1606.5166666666667,78,2.733888888888889,1,baseline_returned
0.0,0.0,0.0,0.0,0.0,0.0,0.0,0.0,0.0,Human_Astro::conversation_1338879_1953.csv::s5,0.0,1,0.006666666666666667,1,baseline_returned
0.0,0.0,0.5,0.16666666666666666,0.0,0.0,0.08333333333333333,-0.022222222222222223,0.0,Human_Astro::conversation_1338879_1953.csv::s6,4.933333333333334,39,70.47472222222223,1,baseline_returned
0.06896551724137931,0.017241379310344827,0.0,0.06896551724137931,0.08620689655172414,0.0,0.1206896551724138,-0.1370967741935484,0.0,Human_Astro::conversation_1338879_1953.csv::s7,25.0,120,46.45944444444444,1,baseline_returned
0.015625,0.0,0.0,0.65625,0.078125,0.015625,0.3125,-0.03333333333333333,-0.3,Human_Astro::conversation_1338879_1953.csv::s8,97.15,127,3.4166666666666665,1,baseline_returned
0.0,0.0,0.0,0.0,0.1,0.0,0.05,-0.11785714285714284,-0.3,Human_Astro::conversation_1338879_1953.csv::s9,4.933333333333334,48,1.5825,1,baseline_returned
0.10416666666666667,0.010416666666666666,0.0,0.07291666666666667,0.125,0.010416666666666666,0.010416666666666666,-0.025233644859813085,-0.3,Human_Astro::conversation_1338879_1953.csv::s10,870.2166666666667,203,4.943611111111111,1,baseline_returned
0.16666666666666666,0.0,0.0,0.6190476190476191,0.09523809523809523,0.0,0.07142857142857142,-0.114,0.3,Human_Astro::conversation_1338879_1953.csv::s11,226.41666666666666,92,15.799722222222222,1,baseline_returned
0.09090909090909091,0.0,0.0,0.3939393939393939,0.0,0.0,0.0,-0.09655172413793102,1.0,Human_Astro::conversation_1338879_1953.csv::s12,14.983333333333333,62,21.791944444444443,1,baseline_returned
0.0,0.0,0.2222222222222222,0.3333333333333333,0.0,0.0,0.0,0.012499999999999997,1.3,Human_Astro::conversation_1338879_1953.csv::s13,4.783333333333333,17,28.80638888888889,1,baseline_returned
0.06060606060606061,0.0,0.06060606060606061,0.42424242424242425,0.09090909090909091,0.0,0.06060606060606061,-0.00833333333333334,0.0,Human_Astro::conversation_1338879_1953.csv::s14,1261.7166666666667,69,33.3375,1,baseline_returned
0.0,0.0,0.0,0.4,0.0,0.0,0.3,-0.08333333333333333,0.0,Human_Astro::conversation_1338879_1953.csv::s15,5.0,22,19.462777777777777,1,baseline_returned
0.06451612903225806,0.0,0.1935483870967742,0.6451612903225806,0.06451612903225806,0.0,0.22580645161290322,-0.08285714285714284,1.0,Human_Astro::conversation_1338879_1953.csv::s16,14.983333333333333,66,,0,baseline_returned
0.0625,0.0,0.125,0.375,0.0625,0.0,0.1875,-0.16999999999999998,-0.3,Human_Single::conversation_135782_168.csv::s1,9.883333333333333,36,0.42138888888888887,1,baseline_returned
0.0,0.0,0.0,0.0,0.0,0.0,0.0,0.0,0.0,Human_Single::conversation_135782_168.csv::s2,0.0,1,,0,baseline_returned
0.14285714285714285,0.07142857142857142,0.14285714285714285,0.2857142857142857,0.07142857142857142,0.0,0.0,-0.0625,0.0,Human_Single::conversation_1377435_2442.csv::s1,11.5,22,95.11138888888888,1,baseline_returned
0.0,0.0,0.0,0.0,0.0,0.0,0.0,0.0,0.0,Human_Single::conversation_1377435_2442.csv::s2,0.0,1,2.1372222222222224,1,baseline_returned
0.0,0.0,0.0,0.42857142857142855,0.0,0.0,0.0,0.0,0.0,Human_Single::conversation_1377435_2442.csv::s3,3.1666666666666665,14,0.02638888888888889,1,baseline_returned
0.0,0.0,0.0,0.0,0.0,0.0,0.0,0.0,0.0,Human_Single::conversation_1377435_2442.csv::s4,0.0,1,,0,baseline_returned
0.03225806451612903,0.03225806451612903,0.0,0.6774193548387096,0.0,0.0,0.03225806451612903,0.115625,1.0,Human_Astro::conversation_1378119_1270.csv::s1,17.6,63,0.026944444444444444,1,baseline_returned
0.024390243902439025,0.0,0.0,0.3170731707317073,0.0,0.0,0.0,0.007936507936507936,0.0,Human_Astro::conversation_1378119_1270.csv::s2,614.65,104,2.504722222222222,1,baseline_returned
0.0,0.0,0.041666666666666664,0.0,0.041666666666666664,0.0,0.0,0.02758620689655172,1.0,Human_Astro::conversation_1378119_1270.csv::s3,19.9,53,0.030833333333333334,1,baseline_returned
0.0,0.0,0.1111111111111111,0.1111111111111111,0.3333333333333333,0.0,0.0,0.014285714285714266,0.0,Human_Astro::conversation_1378119_1270.csv::s4,4.416666666666667,16,0.029722222222222223,1,baseline_returned
0.0,0.0,0.0,0.0,0.0,0.0,0.0,0.48,0.0,Human_Astro::conversation_1378119_1270.csv::s5,3746.15,10,0.011666666666666667,1,baseline_returned
0.0273972602739726,0.0,0.0,0.3698630136986301,0.0547945205479452,0.0136986301369863,0.0136986301369863,-0.07582417582417583,0.0,Human_Astro::conversation_1378119_1270.csv::s6,56.18333333333333,164,0.03222222222222222,1,baseline_returned
0.0,0.0,0.0,0.0,0.0,0.0,0.0,-0.0375,0.0,Human_Astro::conversation_1378119_1270.csv::s7,4.633333333333334,13,0.8386111111111111,1,baseline_returned
0.0,0.0,0.0,0.0,0.07692307692307693,0.0,0.0,0.041176470588235294,0.0,Human_Astro::conversation_1378119_1270.csv::s8,12.5,30,0.021666666666666667,1,baseline_returned
0.0,0.0,0.0,0.0,0.0,0.0,0.0,-0.21666666666666667,-0.5,Human_Astro::conversation_1378119_1270.csv::s9,4.966666666666667,11,0.13472222222222222,1,baseline_returned
0.0,0.0,0.0,0.0,0.0,0.0,0.07142857142857142,-0.0380952380952381,0.0,Human_Astro::conversation_1378119_1270.csv::s10,14.433333333333334,35,0.06055555555555556,1,baseline_returned
0.0,0.0,0.0,0.10256410256410256,0.05128205128205128,0.0,0.02564102564102564,-0.006382978723404255,0.0,Human_Astro::conversation_1378119_1270.csv::s11,976.6166666666667,86,0.1388888888888889,1,baseline_returned
0.25,0.0,0.25,0.125,0.0,0.0,0.0,-0.04615384615384615,0.0,Human_Astro::conversation_1378119_1270.csv::s12,4.933333333333334,21,11.809444444444445,1,baseline_returned
0.07692307692307693,0.0,0.0,0.34615384615384615,0.0,0.0,0.11538461538461539,0.41842105263157897,1.0,Human_Astro::conversation_1378119_1270.csv::s13,19.283333333333335,64,,0,baseline_returned
0.06896551724137931,0.034482758620689655,0.0,0.10344827586206896,0.0,0.0,0.0,0.0627906976744186,0.0,Human_Astro::conversation_1520760_2925.csv::s1,24.95,72,26.974722222222223,1,baseline_returned
0.0,0.037037037037037035,0.07407407407407407,0.4074074074074074,0.07407407407407407,0.037037037037037035,0.0,0.13023255813953488,1.0,Human_Astro::conversation_1520760_2925.csv::s2,15.933333333333334,70,73.17027777777778,1,baseline_returned
0.05555555555555555,0.05555555555555555,0.0,0.6111111111111112,0.16666666666666666,0.0,0.2222222222222222,0.05161290322580645,0.0,Human_Astro::conversation_1520760_2925.csv::s3,8.35,49,31.215,1,baseline_returned
0.0,0.0,0.0,0.6428571428571429,0.21428571428571427,0.0,0.14285714285714285,-0.031249999999999997,1.0,Human_Astro::conversation_1520760_2925.csv::s4,7.733333333333333,46,2.5775,1,baseline_returned
0.04,0.0,0.16,0.36,0.12,0.0,0.04,-0.041666666666666664,1.0,Human_Astro::conversation_1520760_2925.csv::s5,16.933333333333334,61,22.3425,1,baseline_returned
0.09523809523809523,0.0,0.0,0.0,0.3333333333333333,0.0,0.09523809523809523,-0.019444444444444448,1.0,Human_Astro::conversation_1520760_2925.csv::s6,9.966666666666667,57,21.920277777777777,1,baseline_returned
0.058823529411764705,0.0,0.058823529411764705,0.0,0.058823529411764705,0.0,0.058823529411764705,-0.003448275862068961,1.0,Human_Astro::conversation_1520760_2925.csv::s7,7.0,46,68.22361111111111,1,baseline_returned
0.0,0.0,0.07142857142857142,0.0,0.14285714285714285,0.0,0.0,0.004761904761904766,0.0,Human_Astro::conversation_1520760_2925.csv::s8,4.766666666666667,35,7.443333333333333,1,baseline_returned
0.07692307692307693,0.0,0.07692307692307693,0.6153846153846154,0.038461538461538464,0.0,0.0,0.027586206896551727,0.0,Human_Astro::conversation_1520760_2925.csv::s9,11.0,55,45.3075,1,baseline_returned
0.0,0.0,0.16666666666666666,0.6666666666666666,0.16666666666666666,0.0,0.25,-0.084375,0.0,Human_Astro::conversation_1520760_2925.csv::s10,15.1,56,,0,baseline_returned
0.0,0.0,0.0,0.0,0.0,0.0,0.0,0.0,0.0,Human_Single::conversation_1521109_1849.csv::s1,0.9,7,0.4638888888888889,1,baseline_returned
0.0,0.0,0.0,0.0,0.0,0.0,0.0,0.0,0.0,Human_Single::conversation_1521109_1849.csv::s2,7.216666666666667,28,0.15388888888888888,1,baseline_returned
0.0,0.0,0.0,0.0,0.0,0.0,0.0,0.0,0.0,Human_Single::conversation_1521109_1849.csv::s3,0.0,1,,0,baseline_returned
0.027777777777777776,0.0,0.0,0.1388888888888889,0.027777777777777776,0.0,0.05555555555555555,-0.07812500000000001,0.0,Human_Astro::conversation_1680677_1931.csv::s1,19.65,68,0.01361111111111111,1,baseline_returned
0.1,0.03333333333333333,0.13333333333333333,0.1,0.0,0.0,0.1,-0.043750000000000004,1.0,Human_Astro::conversation_1680677_1931.csv::s2,14.916666666666666,62,40.50055555555556,1,baseline_returned
0.09090909090909091,0.0,0.0,0.2727272727272727,0.09090909090909091,0.0,0.045454545454545456,-0.3043478260869565,-0.5,Human_Astro::conversation_1680677_1931.csv::s3,15.0,45,0.021666666666666667,1,baseline_returned
0.058823529411764705,0.0,0.029411764705882353,0.0,0.14705882352941177,0.0,0.14705882352941177,-0.17027027027027025,0.0,Human_Astro::conversation_1680677_1931.csv::s4,24.583333333333332,71,141.9738888888889,1,baseline_returned
0.1111111111111111,0.037037037037037035,0.037037037037037035,0.37037037037037035,0.037037037037037035,0.0,0.2962962962962963,-0.17878787878787877,-0.8,Human_Astro::conversation_1680677_1931.csv::s5,14.783333333333333,60,7.698333333333333,1,baseline_returned
0.057692307692307696,0.0,0.0,0.19230769230769232,0.057692307692307696,0.0,0.038461538461538464,-0.06833333333333334,0.0,Human_Astro::conversation_1680677_1931.csv::s6,2992.633333333333,112,0.0011111111111111111,1,baseline_returned
0.1,0.0,0.0,0.1,0.05,0.0,0.0,-0.19545454545454544,0.0,Human_Astro::conversation_1680677_1931.csv::s7,13.366666666666667,42,0.095,1,baseline_returned
0.0,0.0,0.0,0.0,0.0,0.0,0.07142857142857142,-0.09473684210526316,0.0,Human_Astro::conversation_1680677_1931.csv::s8,6.8,33,23.934722222222224,1,baseline_returned
0.02857142857142857,0.02857142857142857,0.08571428571428572,0.08571428571428572,0.05714285714285714,0.0,0.11428571428571428,-0.007843137254901959,0.0,Human_Astro::conversation_1680677_1931.csv::s9,20.066666666666666,86,10.743611111111111,1,baseline_returned
0.09090909090909091,0.0,0.2727272727272727,0.09090909090909091,0.09090909090909091,0.0,0.2727272727272727,-0.15789473684210525,0.0,Human_Astro::conversation_1680677_1931.csv::s10,12.5,30,0.9230555555555555,1,baseline_returned
0.0625,0.015625,0.03125,0.0625,0.078125,0.015625,0.140625,-0.2875,0.0,Human_Astro::conversation_1680677_1931.csv::s11,649.35,136,22.226944444444445,1,baseline_returned
0.04054054054054054,0.0,0.04054054054054054,0.6486486486486487,0.10810810810810811,0.0,0.10810810810810811,-0.15070422535211273,0.0,Human_Astro::conversation_1680677_1931.csv::s12,28.05,145,3.2688888888888887,1,baseline_returned
0.02564102564102564,0.0,0.0,0.8717948717948718,0.05128205128205128,0.0,0.07692307692307693,-0.13802816901408452,0.0,Human_Astro::conversation_1680677_1931.csv::s13,28.183333333333334,149,,0,baseline_returned
0.0,0.0,0.0,0.0,0.0,0.0,0.1111111111111111,-0.11538461538461539,0.0,Human_Astro::conversation_1851096_2048.csv::s1,11.666666666666666,31,0.017777777777777778,1,baseline_returned
0.0,0.0,0.16666666666666666,0.0,0.0,0.0,0.16666666666666666,-0.15,0.0,Human_Astro::conversation_1851096_2048.csv::s2,3.933333333333333,12,11.83611111111111,1,baseline_returned
0.02857142857142857,0.0,0.05714285714285714,0.3142857142857143,0.08571428571428572,0.0,0.17142857142857143,-0.054285714285714284,0.0,Human_Astro::conversation_1851096_2048.csv::s3,54.983333333333334,70,8.778055555555556,1,baseline_returned
0.0,0.0,0.1111111111111111,0.1111111111111111,0.0,0.0,0.2222222222222222,0.21428571428571427,1.0,Human_Astro::conversation_1851096_2048.csv::s4,4.883333333333334,16,95.74194444444444,1,baseline_returned
0.0,0.0,0.16666666666666666,0.16666666666666666,0.5,0.0,0.16666666666666666,-0.21250000000000002,0.0,Human_Astro::conversation_1851096_2048.csv::s5,4.933333333333334,14,0.014166666666666666,1,baseline_returned
0.0,0.0,0.0,0.0,0.16666666666666666,0.0,0.0,-0.3833333333333333,-1.0,Human_Astro::conversation_1851096_2048.csv::s6,4.666666666666667,12,0.24972222222222223,1,baseline_returned
0.0,0.0,0.0,0.5555555555555556,0.3333333333333333,0.0,0.1111111111111111,0.1222222222222222,-0.3,Human_Astro::conversation_1851096_2048.csv::s7,19.683333333333334,18,0.30527777777777776,1,baseline_returned
0.0,0.0,0.4,0.4,0.0,0.0,0.2,-0.15,0.0,Human_Astro::conversation_1851096_2048.csv::s8,4.316666666666666,9,102.99138888888889,1,baseline_returned
0.0,0.0,0.0,0.4,0.0,0.0,0.0,-0.14285714285714285,-0.5,Human_Astro::conversation_1851096_2048.csv::s9,4.166666666666667,12,0.035833333333333335,1,baseline_returned
0.0,0.0,0.5,1.0,0.5,0.0,0.0,0.3,1.0,Human_Astro::conversation_1851096_2048.csv::s10,2.183333333333333,7,,0,baseline_returned
0.0,0.0,0.0,0.35294117647058826,0.0,0.0,0.17647058823529413,0.5222222222222223,1.0,Human_Astro::conversation_2221141_168.csv::s1,11.016666666666667,26,0.03277777777777778,1,baseline_returned
0.09090909090909091,0.0,0.2727272727272727,0.36363636363636365,0.0,0.0,0.18181818181818182,0.4,1.0,Human_Astro::conversation_2221141_168.csv::s2,4.95,16,0.02388888888888889,1,baseline_returned
0.09090909090909091,0.0,0.18181818181818182,0.7272727272727273,0.0,0.0,0.2727272727272727,0.13999999999999999,0.0,Human_Astro::conversation_2221141_168.csv::s3,9.383333333333333,16,0.0016666666666666668,1,baseline_returned
0.0,0.0,0.0,0.8571428571428571,0.0,0.0,0.2857142857142857,0.14285714285714285,0.0,Human_Astro::conversation_2221141_168.csv::s4,4.75,14,68.48777777777778,1,baseline_returned
0.18181818181818182,0.0,0.09090909090909091,0.5454545454545454,0.0,0.0,0.18181818181818182,-0.05,0.0,Human_Astro::conversation_2221141_168.csv::s5,6.05,21,0.0075,1,baseline_returned
0.0,0.0,0.0,0.8888888888888888,0.1111111111111111,0.0,0.5555555555555556,-0.45,0.0,Human_Astro::conversation_2221141_168.csv::s6,4.55,17,118.89444444444445,1,baseline_returned
0.0,0.0,0.0,0.8,0.1,0.0,0.3,0.0,0.0,Human_Astro::conversation_2221141_168.csv::s7,4.533333333333333,16,48.15361111111111,1,baseline_returned
0.2222222222222222,0.0,0.0,0.6666666666666666,0.2222222222222222,0.0,0.5555555555555556,0.25,0.0,Human_Astro::conversation_2221141_168.csv::s8,4.733333333333333,17,0.2561111111111111,1,baseline_returned
0.0,0.0,0.0,0.7142857142857143,0.14285714285714285,0.14285714285714285,0.0,-0.2,0.0,Human_Astro::conversation_2221141_168.csv::s9,4.933333333333334,16,14.836666666666666,1,baseline_returned
0.0,0.0,0.0,0.46153846153846156,0.0,0.0,0.0,-0.14285714285714285,-1.0,Human_Astro::conversation_2221141_168.csv::s10,4.633333333333334,27,0.06194444444444445,1,baseline_returned
0.0,0.0,0.0,0.20588235294117646,0.0,0.029411764705882353,0.0,0.0,0.0,Human_Astro::conversation_2221141_168.csv::s11,62.7,64,0.13944444444444445,1,baseline_returned
0.0,0.0,0.4,0.26666666666666666,0.13333333333333333,0.0,0.2,-0.21818181818181823,-0.8,Human_Astro::conversation_2221141_168.csv::s12,2161.5,26,0.035277777777777776,1,baseline_returned
0.0,0.0,0.375,0.375,0.0,0.0,0.5,-0.2,0.8,Human_Astro::conversation_2221141_168.csv::s13,4.366666666666666,12,,0,baseline_returned
0.01507537688442211,0.005025125628140704,0.0,0.1708542713567839,0.01507537688442211,0.010050251256281407,0.035175879396984924,-0.04318181818181818,0.0,Human_Astro::conversation_2634220_347.csv::s1,133.3,375,0.01861111111111111,1,baseline_returned
0.0,0.0,0.0,0.0,0.0,0.0,0.0,0.0,0.0,Human_Astro::conversation_2634220_347.csv::s2,0.0,1,0.01888888888888889,1,baseline_returned
0.01652892561983471,0.0,0.0,0.6942148760330579,0.008264462809917356,0.0,0.008264462809917356,-0.031958762886597936,0.0,Human_Astro::conversation_2634220_347.csv::s3,1212.1833333333334,218,0.03861111111111111,1,baseline_returned
0.0,0.0,0.0,0.0,0.0,0.0,0.0,-0.3684210526315789,-1.0,Human_Astro::conversation_2634220_347.csv::s4,8.683333333333334,32,0.10777777777777778,1,baseline_returned
0.0,0.0,0.0,0.3333333333333333,0.0,0.0,0.0,-0.2777777777777778,0.0,Human_Astro::conversation_2634220_347.csv::s5,2.433333333333333,12,1.0238888888888888,1,baseline_returned
0.0,0.0,0.0,0.0,0.0,0.0,0.0,-0.5714285714285714,-1.0,Human_Astro::conversation_2634220_347.csv::s6,4.133333333333334,9,0.03833333333333333,1,baseline_returned
0.0,0.0,0.0,0.0,0.0,0.0,0.0,-0.5650000000000001,-1.0,Human_Astro::conversation_2634220_347.csv::s7,7.816666666666666,22,0.1075,1,baseline_returned
0.0,0.0,0.0,0.0,0.0,0.0,0.0,-0.5933333333333334,-0.8,Human_Astro::conversation_2634220_347.csv::s8,3.7333333333333334,16,,0,baseline_returned
0.020833333333333332,0.020833333333333332,0.0,0.08333333333333333,0.041666666666666664,0.0,0.1875,-0.15294117647058822,0.0,Human_Astro::conversation_2678448_3177.csv::s1,62.13333333333333,65,11.706388888888888,1,baseline_returned
0.05128205128205128,0.0,0.0,0.10256410256410256,0.07692307692307693,0.0,0.358974358974359,0.26808510638297867,0.0,Human_Astro::conversation_2678448_3177.csv::s2,16.0,86,0.022222222222222223,1,baseline_returned
0.0,0.047619047619047616,0.09523809523809523,0.09523809523809523,0.0,0.0,0.0,0.0,0.0,Human_Astro::conversation_2678448_3177.csv::s3,9.95,47,0.04472222222222222,1,baseline_returned
0.0,0.09090909090909091,0.09090909090909091,0.8181818181818182,0.0,0.0,0.0,0.0,0.0,Human_Astro::conversation_2678448_3177.csv::s4,4.85,30,3.9525,1,baseline_returned
0.058823529411764705,0.058823529411764705,0.29411764705882354,0.8823529411764706,0.11764705882352941,0.0,0.17647058823529413,-0.10434782608695652,0.0,Human_Astro::conversation_2678448_3177.csv::s5,16.3,63,18.3375,1,baseline_returned
0.0,0.0,0.25,0.8333333333333334,0.08333333333333333,0.0,0.0,-0.03333333333333333,0.0,Human_Astro::conversation_2678448_3177.csv::s6,3.1333333333333333,36,1.3577777777777778,1,baseline_returned
0.0,0.0,0.5294117647058824,0.5294117647058824,0.0,0.0,0.0,-0.013636363636363636,0.0,Human_Astro::conversation_2678448_3177.csv::s7,6.866666666666666,39,0.09666666666666666,1,baseline_returned
0.36363636363636365,0.0,0.8181818181818182,0.7272727272727273,0.0,0.0,0.0,-0.027777777777777776,0.0,Human_Astro::conversation_2678448_3177.csv::s8,4.633333333333334,29,0.10416666666666667,1,baseline_returned
0.05555555555555555,0.0,0.5,0.6666666666666666,0.0,0.0,0.05555555555555555,-0.030434782608695653,0.0,Human_Astro::conversation_2678448_3177.csv::s9,231.81666666666666,64,142.08333333333334,1,baseline_returned
0.16666666666666666,0.0,0.0,0.16666666666666666,0.0,0.0,0.3333333333333333,-0.08571428571428572,0.0,Human_Astro::conversation_2678448_3177.csv::s10,4.85,20,0.02,1,baseline_returned
0.0,0.0,0.0,0.14285714285714285,0.0,0.0,0.42857142857142855,-0.09999999999999999,0.0,Human_Astro::conversation_2678448_3177.csv::s11,4.866666666666666,19,96.50222222222222,1,baseline_returned
0.05263157894736842,0.0,0.05263157894736842,0.42105263157894735,0.0,0.0,0.5789473684210527,-0.12058823529411766,0.0,Human_Astro::conversation_2678448_3177.csv::s12,18.416666666666668,53,,0,baseline_returned
0.0,0.08333333333333333,0.0,0.0,0.125,0.0,0.20833333333333334,-0.12,0.3,Human_Astro::conversation_2725383_4463.csv::s1,0.0,1,0.004166666666666667,1,baseline_returned
0.06818181818181818,0.0,0.0,0.8409090909090909,0.045454545454545456,0.0,0.22727272727272727,-0.16,1.0,Human_Astro::conversation_2725383_4463.csv::s2,4.533333333333333,29,0.017222222222222222,1,baseline_returned
0.012048192771084338,0.03614457831325301,0.0,0.05421686746987952,0.09036144578313253,0.018072289156626505,0.0,-0.04,0.0,Human_Astro::conversation_2725383_4463.csv::s3,9.9,54,0.03194444444444444,1,baseline_returned
0.02702702702702703,0.0,0.0,0.05405405405405406,0.16216216216216217,0.0,0.05405405405405406,0.05416666666666666,1.0,Human_Astro::conversation_2725383_4463.csv::s4,124.78333333333333,261,0.03,1,baseline_returned
0.04395604395604396,0.03296703296703297,0.0,0.6263736263736264,0.06593406593406594,0.02197802197802198,0.07692307692307693,0.1875,1.0,Human_Astro::conversation_2725383_4463.csv::s5,36.31666666666667,61,0.08944444444444444,1,baseline_returned
0.08571428571428572,0.05714285714285714,0.0,0.4857142857142857,0.14285714285714285,0.0,0.05714285714285714,0.26153846153846155,0.0,Human_Astro::conversation_2725383_4463.csv::s6,174.73333333333332,139,0.4836111111111111,1,baseline_returned
0.16176470588235295,0.0,0.04411764705882353,0.25,0.014705882352941176,0.0,0.0,0.1803921568627451,1.0,Human_Astro::conversation_2725383_4463.csv::s7,103.01666666666667,61,47.516666666666666,1,baseline_returned
0.14893617021276595,0.06382978723404255,0.0,0.6382978723404256,0.1276595744680851,0.0,0.1702127659574468,0.16944444444444445,0.0,Human_Astro::conversation_2725383_4463.csv::s8,1213.2166666666667,119,0.38861111111111113,1,baseline_returned
0.0,0.020833333333333332,0.020833333333333332,0.10416666666666667,0.125,0.0,0.08333333333333333,-0.04666666666666665,1.0,Human_Astro::conversation_2725383_4463.csv::s9,260.98333333333335,83,17.61722222222222,1,baseline_returned
0.041666666666666664,0.020833333333333332,0.020833333333333332,0.4791666666666667,0.125,0.0,0.0625,-0.14666666666666664,0.0,Human_Astro::conversation_2725383_4463.csv::s10,82.61666666666666,78,,0,baseline_returned
0.015151515151515152,0.0,0.0,0.3484848484848485,0.09090909090909091,0.0,0.015151515151515152,0.12903225806451613,1.0,Human_Astro::conversation_2850603_1238.csv::s1,17.166666666666668,97,0.03611111111111111,1,baseline_returned
0.043478260869565216,0.0,0.0,0.34782608695652173,0.043478260869565216,0.0,0.021739130434782608,0.0,0.0,Human_Astro::conversation_2850603_1238.csv::s2,15.0,69,0.010277777777777778,1,baseline_returned
0.045454545454545456,0.0,0.13636363636363635,0.2727272727272727,0.0,0.0,0.0,0.029411764705882353,0.0,Human_Astro::conversation_2850603_1238.csv::s3,19.916666666666668,39,0.008888888888888889,1,baseline_returned
0.125,0.0,0.0625,0.4375,0.4375,0.0,0.125,-0.39999999999999997,1.0,Human_Astro::conversation_2850603_1238.csv::s4,27.616666666666667,23,0.655,1,baseline_returned
0.05714285714285714,0.0,0.0,0.6857142857142857,0.02857142857142857,0.0,0.0,-0.18,0.0,Human_Astro::conversation_2850603_1238.csv::s5,182.46666666666667,55,0.04416666666666667,1,baseline_returned
0.26666666666666666,0.0,0.2,0.7333333333333333,0.26666666666666666,0.0,0.2,0.0875,1.0,Human_Astro::conversation_2850603_1238.csv::s6,4.6,23,3.84,1,baseline_returned
0.05,0.0,0.025,0.6,0.075,0.05,0.0,0.016666666666666666,0.0,Human_Astro::conversation_2850603_1238.csv::s7,83.83333333333333,64,23.426388888888887,1,baseline_returned
0.02702702702702703,0.0,0.05405405405405406,0.7297297297297297,0.1891891891891892,0.0,0.2702702702702703,-0.09999999999999999,0.0,Human_Astro::conversation_2850603_1238.csv::s8,15.9,60,0.006666666666666667,1,baseline_returned
0.02040816326530612,0.0,0.10204081632653061,0.6530612244897959,0.12244897959183673,0.0,0.20408163265306123,0.07857142857142856,0.0,Human_Astro::conversation_2850603_1238.csv::s9,24.733333333333334,77,0.08166666666666667,1,baseline_returned
0.0,0.0,0.0,0.75,0.25,0.0,0.0,-0.06,0.0,Human_Astro::conversation_2850603_1238.csv::s10,1.2833333333333334,9,280.81194444444446,1,baseline_returned
0.0,0.05555555555555555,0.1111111111111111,0.16666666666666666,0.1111111111111111,0.0,0.1111111111111111,-0.01764705882352941,0.0,Human_Astro::conversation_2850603_1238.csv::s11,11.566666666666666,53,6.841666666666667,1,baseline_returned
0.04854368932038835,0.019417475728155338,0.06796116504854369,0.009708737864077669,0.05825242718446602,0.009708737864077669,0.009708737864077669,-0.019047619047619053,0.0,Human_Astro::conversation_2850603_1238.csv::s12,67.95,145,19.9675,1,baseline_returned
0.0,0.018518518518518517,0.0,0.5925925925925926,0.018518518518518517,0.0,0.0,-0.18,0.0,Human_Astro::conversation_2850603_1238.csv::s13,16.733333333333334,84,19.465833333333332,1,baseline_returned
0.04918032786885246,0.01639344262295082,0.08196721311475409,0.6065573770491803,0.03278688524590164,0.01639344262295082,0.0,-0.014285714285714287,0.0,Human_Astro::conversation_2850603_1238.csv::s14,22.833333333333332,103,45.63944444444444,1,baseline_returned
0.014084507042253521,0.0,0.014084507042253521,0.28169014084507044,0.04225352112676056,0.0,0.056338028169014086,-0.08709677419354836,0.0,Human_Astro::conversation_2850603_1238.csv::s15,46.85,102,0.14222222222222222,1,baseline_returned
0.0,0.0,0.034482758620689655,0.13793103448275862,0.0,0.034482758620689655,0.0,0.08333333333333333,0.0,Human_Astro::conversation_2850603_1238.csv::s16,9.916666666666666,41,121.01222222222222,1,baseline_returned
0.0,0.0,0.0,0.7464788732394366,0.028169014084507043,0.0,0.0,0.12380952380952381,0.0,Human_Astro::conversation_2850603_1238.csv::s17,48.71666666666667,113,0.029166666666666667,1,baseline_returned
0.08,0.0,0.04,0.56,0.24,0.0,0.0,-0.075,0.3,Human_Astro::conversation_2850603_1238.csv::s18,21.783333333333335,37,3.8516666666666666,1,baseline_returned
0.0,0.0,0.0,0.2727272727272727,0.09090909090909091,0.0,0.0,0.0875,0.0,Human_Astro::conversation_2850603_1238.csv::s19,4.283333333333333,19,0.395,1,baseline_returned
0.05263157894736842,0.0,0.0,0.6842105263157895,0.05263157894736842,0.0,0.0,0.15384615384615383,1.0,Human_Astro::conversation_2850603_1238.csv::s20,50.86666666666667,32,0.8338888888888889,1,baseline_returned
0.0,0.0,0.0,0.9166666666666666,0.3333333333333333,0.0,0.08333333333333333,0.10909090909090909,0.7,Human_Astro::conversation_2850603_1238.csv::s21,4.916666666666667,23,123.66833333333334,1,baseline_returned
0.06818181818181818,0.007575757575757576,0.09848484848484848,0.3939393939393939,0.06060606060606061,0.0,0.07575757575757576,-0.08688524590163935,0.0,Human_Astro::conversation_2850603_1238.csv::s22,66.76666666666667,193,,0,baseline_returned
0.014705882352941176,0.0,0.0,0.11764705882352941,0.014705882352941176,0.0,0.08823529411764706,-0.03695652173913044,0.0,Human_Astro::conversation_2946836_3183.csv::s1,39.7,114,0.025833333333333333,1,baseline_returned
0.06451612903225806,0.03225806451612903,0.16129032258064516,0.5483870967741935,0.0967741935483871,0.0,0.1935483870967742,0.057692307692307696,1.0,Human_Astro::conversation_2946836_3183.csv::s2,44.93333333333333,57,3.1844444444444444,1,baseline_returned
0.1875,0.0,0.0625,0.4375,0.0625,0.0,0.3125,0.0818181818181818,1.0,Human_Astro::conversation_2946836_3183.csv::s3,8.466666666666667,27,11.113055555555556,1,baseline_returned
0.16666666666666666,0.0,0.5,0.8333333333333334,0.3333333333333333,0.0,0.16666666666666666,0.028571428571428564,0.0,Human_Astro::conversation_2946836_3183.csv::s4,3.1166666666666667,13,0.31194444444444447,1,baseline_returned
0.038461538461538464,0.038461538461538464,0.07692307692307693,0.6153846153846154,0.038461538461538464,0.0,0.2692307692307692,-0.036000000000000004,0.0,Human_Astro::conversation_2946836_3183.csv::s5,15.516666666666667,51,30.700833333333332,1,baseline_returned
0.09523809523809523,0.0,0.047619047619047616,0.5714285714285714,0.2857142857142857,0.0,0.3333333333333333,-0.044,0.0,Human_Astro::conversation_2946836_3183.csv::s6,19.15,46,223.65083333333334,1,baseline_returned
0.0,0.0,0.0,0.0,0.0,0.0,0.0,-0.19999999999999998,-0.3,Human_Astro::conversation_2946836_3183.csv::s7,0.9666666666666667,4,0.6019444444444444,1,baseline_returned
0.08064516129032258,0.016129032258064516,0.03225806451612903,0.7580645161290323,0.11290322580645161,0.016129032258064516,0.0967741935483871,-0.125,0.0,Human_Astro::conversation_2946836_3183.csv::s8,25.75,90,0.15805555555555556,1,baseline_returned
0.03225806451612903,0.0,0.0,0.7741935483870968,0.06451612903225806,0.06451612903225806,0.0967741935483871,-0.06571428571428571,0.0,Human_Astro::conversation_2946836_3183.csv::s9,78.01666666666667,66,,0,baseline_returned
0.11764705882352941,0.0,0.0,0.7058823529411765,0.17647058823529413,0.0,0.17647058823529413,0.33999999999999997,1.0,Human_Astro::conversation_3064704_1747.csv::s1,5.066666666666666,22,0.4766666666666667,1,baseline_returned
0.03125,0.0,0.0,0.015625,0.015625,0.0,0.0,-0.0375,0.0,Human_Astro::conversation_3064704_1747.csv::s2,110.98333333333333,168,0.016666666666666666,1,baseline_returned
0.0,0.5555555555555556,0.0,0.5555555555555556,0.0,0.1111111111111111,0.0,-0.16666666666666666,1.0,Human_Astro::conversation_3064704_1747.csv::s3,3.8666666666666667,15,4.295555555555556,1,baseline_returned
0.18181818181818182,0.0,0.0,0.5454545454545454,0.09090909090909091,0.0,0.0,0.5,0.0,Human_Astro::conversation_3064704_1747.csv::s4,4.766666666666667,15,22.94527777777778,1,baseline_returned
0.0,0.0,0.0,0.6065573770491803,0.16393442622950818,0.0,0.06557377049180328,0.16086956521739132,0.0,Human_Astro::conversation_3064704_1747.csv::s5,48.516666666666666,84,14.3675,1,baseline_returned
0.13793103448275862,0.0,0.0,0.8275862068965517,0.13793103448275862,0.0,0.034482758620689655,0.3666666666666667,0.7,Human_Astro::conversation_3064704_1747.csv::s6,6.0,35,0.13361111111111112,1,baseline_returned
0.0,0.0,0.03125,0.78125,0.03125,0.0,0.0,-0.0375,0.0,Human_Astro::conversation_3064704_1747.csv::s7,58.53333333333333,40,0.04416666666666667,1,baseline_returned
0.0,0.125,0.375,0.625,0.0,0.0,0.125,-0.09999999999999999,0.0,Human_Astro::conversation_3064704_1747.csv::s8,14.616666666666667,14,0.19944444444444445,1,baseline_returned
0.08,0.08,0.56,0.92,0.04,0.0,0.0,-0.15555555555555556,0.0,Human_Astro::conversation_3064704_1747.csv::s9,4.966666666666667,34,17.260833333333334,1,baseline_returned
0.2,0.0,0.6666666666666666,0.5333333333333333,0.0,0.0,0.13333333333333333,0.0,0.0,Human_Astro::conversation_3064704_1747.csv::s10,4.75,23,,0,baseline_returned
0.0,0.0,0.0,0.5,0.05555555555555555,0.0,0.0,-0.09,0.0,Human_Astro::conversation_3079187_926.csv::s1,5.083333333333333,28,0.08944444444444444,1,baseline_returned
0.03669724770642202,0.009174311926605505,0.0,0.8348623853211009,0.07339449541284404,0.0,0.2018348623853211,0.00454545454545453,0.0,Human_Astro::conversation_3079187_926.csv::s2,131.43333333333334,153,7.588611111111111,1,baseline_returned
0.08571428571428572,0.0,0.17142857142857143,0.2,0.05714285714285714,0.0,0.17142857142857143,0.0,0.0,Human_Astro::conversation_3079187_926.csv::s3,11.516666666666667,48,8.581111111111111,1,baseline_returned
0.0,0.0,0.3,0.0,0.0,0.0,0.2,0.20555555555555557,0.0,Human_Astro::conversation_3079187_926.csv::s4,5.966666666666667,28,82.36888888888889,1,baseline_returned
0.0,0.0,0.02666666666666667,0.12,0.04,0.0,0.08,0.05333333333333333,0.0,Human_Astro::conversation_3079187_926.csv::s5,151.38333333333333,120,0.32555555555555554,1,baseline_returned
0.017857142857142856,0.0,0.008928571428571428,0.26785714285714285,0.13392857142857142,0.008928571428571428,0.08035714285714286,0.00588235294117647,0.0,Human_Astro::conversation_3079187_926.csv::s6,2339.383333333333,180,41.01722222222222,1,baseline_returned
0.05426356589147287,0.0,0.12403100775193798,0.5193798449612403,0.046511627906976744,0.0,0.015503875968992248,0.13676470588235295,0.0,Human_Astro::conversation_3079187_926.csv::s7,1140.2666666666667,197,0.03888888888888889,1,baseline_returned
0.03333333333333333,0.03333333333333333,0.13333333333333333,0.03333333333333333,0.0,0.0,0.2,-0.125,0.0,Human_Astro::conversation_3079187_926.csv::s8,9.716666666666667,46,12.032222222222222,1,baseline_returned
0.0,0.0,0.1,0.3,0.15,0.0,0.1,0.07142857142857142,0.0,Human_Astro::conversation_3079187_926.csv::s9,9.733333333333333,34,0.0175,1,baseline_returned
0.08695652173913043,0.043478260869565216,0.08695652173913043,0.34782608695652173,0.17391304347826086,0.0,0.13043478260869565,0.017391304347826087,0.0,Human_Astro::conversation_3079187_926.csv::s10,11.266666666666667,46,56.00333333333333,1,baseline_returned
0.0,0.0,0.32142857142857145,0.2857142857142857,0.07142857142857142,0.0,0.03571428571428571,-0.12777777777777777,0.0,Human_Astro::conversation_3079187_926.csv::s11,9.966666666666667,46,0.015,1,baseline_returned
0.0,0.0,0.29411764705882354,0.29411764705882354,0.11764705882352941,0.0,0.0,-0.016666666666666666,0.0,Human_Astro::conversation_3079187_926.csv::s12,99.2,35,27.095277777777778,1,baseline_returned
0.04938271604938271,0.12345679012345678,0.0,0.25925925925925924,0.20987654320987653,0.0,0.14814814814814814,-0.045454545454545456,0.0,Human_Astro::conversation_3079187_926.csv::s13,5512.1,136,,0,baseline_returned
0.05263157894736842,0.05263157894736842,0.0,0.18421052631578946,0.07894736842105263,0.0,0.02631578947368421,0.03333333333333333,0.0,Human_Astro::conversation_3084324_3727.csv::s1,17.283333333333335,62,0.11888888888888889,1,baseline_returned
0.0,0.0,0.1111111111111111,0.0,0.1111111111111111,0.0,0.2222222222222222,-0.11249999999999999,0.0,Human_Astro::conversation_3084324_3727.csv::s2,9.866666666666667,17,0.04777777777777778,1,baseline_returned
0.0,0.08333333333333333,0.16666666666666666,0.0,0.3333333333333333,0.0,0.16666666666666666,-0.3066666666666666,-0.3,Human_Astro::conversation_3084324_3727.csv::s3,10.0,27,0.1661111111111111,1,baseline_returned
0.0625,0.0625,0.25,0.0,0.0625,0.0,0.0,-0.14545454545454548,0.0,Human_Astro::conversation_3084324_3727.csv::s4,9.166666666666666,27,0.11638888888888889,1,baseline_returned
0.022556390977443608,0.022556390977443608,0.03759398496240601,0.2932330827067669,0.12781954887218044,0.015037593984962405,0.18045112781954886,-0.1972222222222222,-0.3,Human_Astro::conversation_3084324_3727.csv::s5,2818.2166666666667,169,0.09944444444444445,1,baseline_returned
0.0,0.0,0.05,0.2,0.1,0.0,0.15,0.03333333333333333,-0.3,Human_Astro::conversation_3084324_3727.csv::s6,4.833333333333333,32,0.25055555555555553,1,baseline_returned
0.11764705882352941,0.0,0.058823529411764705,0.23529411764705882,0.0,0.0,0.11764705882352941,-0.08888888888888889,0.0,Human_Astro::conversation_3084324_3727.csv::s7,4.666666666666667,26,0.021666666666666667,1,baseline_returned
0.08,0.0,0.16,0.28,0.16,0.0,0.44,-0.13529411764705881,0.0,Human_Astro::conversation_3084324_3727.csv::s8,9.95,42,48.83083333333333,1,baseline_returned
0.0,0.0,0.08333333333333333,0.25,0.0,0.0,0.0,-0.01875,0.0,Human_Astro::conversation_3084324_3727.csv::s9,6.95,28,0.022222222222222223,1,baseline_returned
0.0,0.0,0.0,0.1935483870967742,0.16129032258064516,0.0,0.2903225806451613,-0.16111111111111112,-0.8,Human_Astro::conversation_3084324_3727.csv::s10,9.733333333333333,49,0.11027777777777778,1,baseline_returned
0.0,0.0,0.0,0.76,0.08,0.0,0.16,-0.18250000000000002,-0.3,Human_Astro::conversation_3084324_3727.csv::s11,20.983333333333334,65,0.03916666666666667,1,baseline_returned
0.013333333333333334,0.0,0.0,0.9333333333333333,0.18666666666666668,0.02666666666666667,0.28,-0.0811764705882353,0.0,Human_Astro::conversation_3084324_3727.csv::s12,50.0,160,26.19388888888889,1,baseline_returned
0.0,0.0,0.09523809523809523,0.0,0.09523809523809523,0.0,0.42857142857142855,-0.1857142857142857,-0.3,Human_Astro::conversation_3084324_3727.csv::s13,9.45,35,45.40777777777778,1,baseline_returned
0.08823529411764706,0.0,0.0,0.08823529411764706,0.058823529411764705,0.058823529411764705,0.23529411764705882,0.0,0.0,Human_Astro::conversation_3084324_3727.csv::s14,26.333333333333332,64,68.80194444444444,1,baseline_returned
0.0,0.0,0.008547008547008548,0.017094017094017096,0.08547008547008547,0.0,0.0,0.008108108108108109,0.7,Human_Astro::conversation_3084324_3727.csv::s15,24.916666666666668,154,262.80055555555555,1,baseline_returned
0.0,0.0,0.0,0.1,0.15,0.0,0.3,-0.3666666666666666,-0.3,Human_Astro::conversation_3084324_3727.csv::s16,12.133333333333333,35,,0,baseline_returned
0.12121212121212122,0.030303030303030304,0.0,0.21212121212121213,0.09090909090909091,0.0,0.21212121212121213,-0.004545454545454544,0.0,Human_Astro::conversation_3089486_1765.csv::s1,15.116666666666667,55,0.06722222222222222,1,baseline_returned
0.038461538461538464,0.0,0.2692307692307692,0.46153846153846156,0.038461538461538464,0.0,0.23076923076923078,-0.11304347826086955,0.0,Human_Astro::conversation_3089486_1765.csv::s2,14.933333333333334,49,0.40805555555555556,1,baseline_returned
0.09523809523809523,0.0,0.015873015873015872,0.6349206349206349,0.06349206349206349,0.0,0.047619047619047616,-0.038636363636363635,0.0,Human_Astro::conversation_3089486_1765.csv::s3,268.6666666666667,107,0.022222222222222223,1,baseline_returned
0.3333333333333333,0.0,0.0,0.7222222222222222,0.1111111111111111,0.05555555555555555,0.0,0.0,0.0,Human_Astro::conversation_3089486_1765.csv::s4,20.0,34,0.018055555555555554,1,baseline_returned
0.0,0.1,0.0,0.8,0.3,0.0,0.3,-0.06923076923076922,0.0,Human_Astro::conversation_3089486_1765.csv::s5,9.4,23,0.023333333333333334,1,baseline_returned
0.2,0.2,0.1,0.6,0.1,0.0,0.6,-0.18181818181818182,0.0,Human_Astro::conversation_3089486_1765.csv::s6,4.966666666666667,21,16.078611111111112,1,baseline_returned
0.0,0.0,0.10344827586206896,0.8620689655172413,0.3103448275862069,0.0,0.27586206896551724,-0.3939393939393939,0.0,Human_Astro::conversation_3089486_1765.csv::s7,12.983333333333333,62,0.26861111111111113,1,baseline_returned
0.16666666666666666,0.05128205128205128,0.0,0.9487179487179487,0.2564102564102564,0.0,0.02564102564102564,-0.16987951807228918,-0.8,Human_Astro::conversation_3089486_1765.csv::s8,131.86666666666667,161,23.679444444444446,1,baseline_returned
0.0,0.0,0.0,0.0,0.2,0.0,0.13333333333333333,-0.10714285714285714,-0.3,Human_Astro::conversation_3089486_1765.csv::s9,9.0,29,1.5916666666666666,1,baseline_returned
0.0,0.0,0.1,0.1,0.1,0.0,0.0,-0.08571428571428572,0.0,Human_Astro::conversation_3089486_1765.csv::s10,4.833333333333333,17,0.11861111111111111,1,baseline_returned
0.0,0.0,0.0,0.0,0.3333333333333333,0.0,0.0,-0.049999999999999996,0.0,Human_Astro::conversation_3089486_1765.csv::s11,24.416666666666668,15,0.2644444444444444,1,baseline_returned
0.2962962962962963,0.07407407407407407,0.037037037037037035,0.3333333333333333,0.2222222222222222,0.07407407407407407,0.07407407407407407,-0.055555555555555566,0.0,Human_Astro::conversation_3089486_1765.csv::s12,14.933333333333334,54,,0,baseline_returned
0.0,0.0,0.0,0.0,0.0,0.0,0.0,0.0,0.0,Human_Astro::conversation_3100018_2041.csv::s1,0.0,1,48.135555555555555,1,baseline_returned
0.16666666666666666,0.0,0.0,0.16666666666666666,0.0,0.0,0.0,0.0,0.0,Human_Astro::conversation_3100018_2041.csv::s2,6.2,17,0.3605555555555556,1,baseline_returned
0.0,0.0,0.4,0.0,0.0,0.0,0.0,0.0,0.0,Human_Astro::conversation_3100018_2041.csv::s3,26.716666666666665,9,0.31527777777777777,1,baseline_returned
0.14285714285714285,0.0,0.0,0.2857142857142857,0.0,0.0,0.0,0.08333333333333333,1.0,Human_Astro::conversation_3100018_2041.csv::s4,7.5,13,0.11861111111111111,1,baseline_returned
0.0,0.0,0.0,0.42857142857142855,0.0,0.0,0.0,0.8,1.0,Human_Astro::conversation_3100018_2041.csv::s5,4.866666666666666,12,0.21,1,baseline_returned
0.0,0.0,0.1111111111111111,0.6666666666666666,0.0,0.0,0.0,0.16666666666666666,-1.0,Human_Astro::conversation_3100018_2041.csv::s6,4.166666666666667,15,0.21555555555555556,1,baseline_returned
0.0,0.0,0.05,0.75,0.0,0.0,0.0,0.0,0.0,Human_Astro::conversation_3100018_2041.csv::s7,16.983333333333334,28,0.05416666666666667,1,baseline_returned
0.0,0.0,0.038461538461538464,0.6153846153846154,0.0,0.0,0.0,-0.08333333333333333,-0.5,Human_Astro::conversation_3100018_2041.csv::s8,22.616666666666667,32,0.5205555555555555,1,baseline_returned
0.0,0.0,0.0,0.45714285714285713,0.05714285714285714,0.0,0.0,-0.09411764705882353,0.0,Human_Astro::conversation_3100018_2041.csv::s9,1428.4833333333333,52,0.3547222222222222,1,baseline_returned
0.06666666666666667,0.016666666666666666,0.016666666666666666,0.6,0.016666666666666666,0.0,0.0,0.04285714285714286,0.0,Human_Astro::conversation_3100018_2041.csv::s10,139.88333333333333,88,13.478333333333333,1,baseline_returned
0.02,0.02,0.0,0.64,0.02,0.0,0.0,-0.1125,-0.3,Human_Astro::conversation_3100018_2041.csv::s11,183.66666666666666,66,5.093055555555556,1,baseline_returned
0.03636363636363636,0.03636363636363636,0.0,0.6363636363636364,0.12727272727272726,0.01818181818181818,0.03636363636363636,-0.11538461538461539,0.0,Human_Astro::conversation_3100018_2041.csv::s12,151.16666666666666,81,12.923333333333334,1,baseline_returned
0.020833333333333332,0.041666666666666664,0.020833333333333332,0.5833333333333334,0.14583333333333334,0.0,0.0625,-0.1576923076923077,0.0,Human_Astro::conversation_3100018_2041.csv::s13,160.56666666666666,74,6.028888888888889,1,baseline_returned
0.125,0.125,0.041666666666666664,0.5833333333333334,0.125,0.0,0.041666666666666664,-0.06428571428571428,0.0,Human_Astro::conversation_3100018_2041.csv::s14,116.53333333333333,38,14.075833333333334,1,baseline_returned
0.0,0.0,0.0,0.4,0.2,0.0,0.2,-0.23333333333333334,-1.0,Human_Astro::conversation_3100018_2041.csv::s15,93.13333333333334,14,,0,baseline_returned
0.08333333333333333,0.0,0.0,0.3333333333333333,0.16666666666666666,0.0,0.0,-0.13124999999999998,0.0,Human_Astro::conversation_3129759_3821.csv::s1,4.866666666666666,28,0.0275,1,baseline_returned
0.0,0.0,0.0,0.8888888888888888,0.0,0.0,0.0,0.12352941176470589,0.0,Human_Astro::conversation_3129759_3821.csv::s2,4.966666666666667,26,0.022222222222222223,1,baseline_returned
0.0,0.0,0.08333333333333333,0.8333333333333334,0.08333333333333333,0.0,0.08333333333333333,-0.05294117647058823,0.0,Human_Astro::conversation_3129759_3821.csv::s3,4.566666666666666,29,2.4297222222222223,1,baseline_returned
0.0,0.0,0.0,0.6666666666666666,0.0,0.0,0.0,-0.012499999999999999,0.0,Human_Astro::conversation_3129759_3821.csv::s4,16.483333333333334,42,20.41861111111111,1,baseline_returned
0.0,0.0,0.07142857142857142,0.14285714285714285,0.14285714285714285,0.0,0.21428571428571427,-0.10454545454545454,0.0,Human_Astro::conversation_3129759_3821.csv::s5,5.0,36,0.0175,1,baseline_returned
0.08333333333333333,0.0,0.041666666666666664,0.0,0.125,0.0,0.20833333333333334,-0.03529411764705882,0.0,Human_Astro::conversation_3129759_3821.csv::s6,16.233333333333334,58,0.4113888888888889,1,baseline_returned
0.0,0.0,0.0,0.125,0.1875,0.0,0.375,-0.049999999999999996,0.0,Human_Astro::conversation_3129759_3821.csv::s7,4.783333333333333,28,0.014722222222222222,1,baseline_returned
0.0,0.0,0.3,0.1,0.1,0.0,0.4,-0.12666666666666668,0.0,Human_Astro::conversation_3129759_3821.csv::s8,4.883333333333334,25,9.754444444444445,1,baseline_returned
0.25,0.0,0.125,0.5,0.125,0.0,0.125,-0.11249999999999999,-0.3,Human_Astro::conversation_3129759_3821.csv::s9,4.65,16,0.05555555555555555,1,baseline_returned
0.0,0.0,0.0,0.6666666666666666,0.5833333333333334,0.0,0.0,-0.24499999999999997,-1.0,Human_Astro::conversation_3129759_3821.csv::s10,4.916666666666667,32,0.03666666666666667,1,baseline_returned
0.09090909090909091,0.0,0.0,0.9090909090909091,0.36363636363636365,0.0,0.2727272727272727,-0.1692307692307692,-0.3,Human_Astro::conversation_3129759_3821.csv::s11,4.966666666666667,24,16.399444444444445,1,baseline_returned
0.08333333333333333,0.0,0.125,0.5,0.25,0.0,0.08333333333333333,-0.18928571428571428,0.0,Human_Astro::conversation_3129759_3821.csv::s12,11.016666666666667,52,7.618888888888889,1,baseline_returned
0.0,0.0,0.0,0.7,0.0,0.0,0.0,-0.047058823529411764,0.0,Human_Astro::conversation_3129759_3821.csv::s13,4.783333333333333,27,38.259166666666665,1,baseline_returned
0.0,0.0,0.0,0.8461538461538461,0.3076923076923077,0.0,0.15384615384615385,0.005882352941176476,0.0,Human_Astro::conversation_3129759_3821.csv::s14,4.883333333333334,30,0.8111111111111111,1,baseline_returned
0.0,0.0,0.05555555555555555,0.7777777777777778,0.1111111111111111,0.0,0.1111111111111111,-0.29411764705882354,-0.8,Human_Astro::conversation_3129759_3821.csv::s15,4.916666666666667,35,50.97527777777778,1,baseline_returned
0.0,0.0,0.037037037037037035,0.5555555555555556,0.037037037037037035,0.0,0.07407407407407407,0.08888888888888889,0.0,Human_Astro::conversation_3129759_3821.csv::s16,10.566666666666666,54,0.029444444444444443,1,baseline_returned
0.0,0.0,0.0,0.6666666666666666,0.0,0.0,0.25,-0.07058823529411766,0.0,Human_Astro::conversation_3129759_3821.csv::s17,4.866666666666666,29,165.065,1,baseline_returned
0.0,0.0,0.08333333333333333,0.6666666666666666,0.0,0.0,0.0,-0.23888888888888887,-0.3,Human_Astro::conversation_3129759_3821.csv::s18,4.9,30,0.11194444444444444,1,baseline_returned
0.0,0.0,0.375,0.375,0.125,0.0,0.0,-0.3684210526315789,-0.3,Human_Astro::conversation_3129759_3821.csv::s19,4.983333333333333,27,69.24944444444445,1,baseline_returned
0.0,0.0,0.06896551724137931,0.8275862068965517,0.20689655172413793,0.0,0.0,-0.1818181818181818,0.0,Human_Astro::conversation_3129759_3821.csv::s20,9.7,51,0.8225,1,baseline_returned
0.10344827586206896,0.0,0.0,0.5172413793103449,0.034482758620689655,0.034482758620689655,0.0,-0.12222222222222222,0.0,Human_Astro::conversation_3129759_3821.csv::s21,3005.0333333333333,56,,0,baseline_returned
0.0,0.0,0.0,0.25,0.0,0.0,0.0,-0.25,-1.0,Human_Astro::conversation_3137279_2041.csv::s1,5.066666666666666,28,0.135,1,baseline_returned
0.0,0.0,0.0,0.42857142857142855,0.07142857142857142,0.0,0.14285714285714285,-0.03157894736842106,0.0,Human_Astro::conversation_3137279_2041.csv::s2,3.8,8,0.19416666666666665,1,baseline_returned
0.0,0.0,0.0,0.0,0.0,0.0,0.0,0.0,0.0,Human_Astro::conversation_3137279_2041.csv::s3,9.4,33,1.1205555555555555,1,baseline_returned
0.13793103448275862,0.0,0.0,0.5862068965517241,0.10344827586206896,0.0,0.13793103448275862,-0.09361702127659573,0.0,Human_Astro::conversation_3137279_2041.csv::s4,0.0,1,2.814722222222222,1,baseline_returned
0.2,0.0,0.6,0.7,0.2,0.0,0.1,-0.1,-0.3,Human_Astro::conversation_3137279_2041.csv::s5,28.666666666666668,76,0.025833333333333333,1,baseline_returned
0.0,0.0,0.037037037037037035,0.0,0.0,0.0,0.037037037037037035,0.017241379310344827,0.0,Human_Astro::conversation_3137279_2041.csv::s6,4.633333333333334,28,232.8113888888889,1,baseline_returned
0.07692307692307693,0.38461538461538464,0.07692307692307693,0.3076923076923077,0.0,0.07692307692307693,0.0,-0.25,-1.0,Human_Astro::conversation_3137279_2041.csv::s7,10.35,56,0.09388888888888888,1,baseline_returned
0.0,0.0,0.019230769230769232,0.5,0.057692307692307696,0.0,0.057692307692307696,-0.6311475409836066,0.0,Human_Astro::conversation_3137279_2041.csv::s8,11.0,33,56.46666666666667,1,baseline_returned
0.0,0.0,0.1,0.8,0.2,0.0,0.0,-0.09999999999999999,-0.3,Human_Astro::conversation_3137279_2041.csv::s9,65.98333333333333,113,0.01888888888888889,1,baseline_returned
0.0,0.0,0.0,0.6,0.1,0.0,0.0,-0.09999999999999999,-0.3,Human_Astro::conversation_3137279_2041.csv::s10,19.4,16,,0,baseline_returned
0.16666666666666666,0.0,0.0,0.5833333333333334,0.08333333333333333,0.0,0.25,-0.075,0.0,Human_Astro::conversation_3141140_670.csv::s1,5.083333333333333,20,0.9602777777777778,1,baseline_returned
0.0,0.0,0.09090909090909091,0.0,0.09090909090909091,0.0,0.2727272727272727,-0.12,-0.3,Human_Astro::conversation_3141140_670.csv::s2,5.0,16,114.80694444444444,1,baseline_returned
0.1111111111111111,0.0,0.1111111111111111,0.2222222222222222,0.1111111111111111,0.0,0.3333333333333333,-0.1,0.0,Human_Astro::conversation_3141140_670.csv::s3,4.583333333333333,14,0.04972222222222222,1,baseline_returned
0.0,0.0,0.08333333333333333,0.16666666666666666,0.16666666666666666,0.0,0.16666666666666666,-0.2,-0.8,Human_Astro::conversation_3141140_670.csv::s4,4.833333333333333,16,0.10583333333333333,1,baseline_returned
0.13333333333333333,0.0,0.06666666666666667,0.4,0.0,0.0,0.13333333333333333,0.3076923076923077,0.0,Human_Astro::conversation_3141140_670.csv::s5,4.45,28,0.04055555555555555,1,baseline_returned
0.0,0.0,0.2,0.2,0.0,0.0,0.0,0.3333333333333333,1.0,Human_Astro::conversation_3141140_670.csv::s6,4.85,8,0.025,1,baseline_returned
0.0,0.0,0.25,0.25,0.0,0.0,0.0,0.0,0.0,Human_Astro::conversation_3141140_670.csv::s7,10.683333333333334,7,0.0030555555555555557,1,baseline_returned
0.18181818181818182,0.0,0.09090909090909091,0.2727272727272727,0.0,0.0,0.0,-0.03333333333333333,0.3,Human_Astro::conversation_3141140_670.csv::s8,14.583333333333334,20,0.09416666666666666,1,baseline_returned
0.14285714285714285,0.0,0.14285714285714285,0.42857142857142855,0.0,0.0,0.0,-0.26,-0.5,Human_Astro::conversation_3141140_670.csv::s9,7.883333333333334,12,0.03666666666666667,1,baseline_returned
0.14285714285714285,0.14285714285714285,0.07142857142857142,0.2857142857142857,0.0,0.0,0.0,-0.325,-0.8,Human_Astro::conversation_3141140_670.csv::s10,4.95,22,0.04111111111111111,1,baseline_returned
0.0,0.07692307692307693,0.0,0.6153846153846154,0.0,0.0,0.07692307692307693,0.09999999999999999,1.0,Human_Astro::conversation_3141140_670.csv::s11,5.0,20,166.25833333333333,1,baseline_returned
0.05128205128205128,0.0,0.07692307692307693,0.7692307692307693,0.07692307692307693,0.0,0.1282051282051282,0.01904761904761905,0.0,Human_Astro::conversation_3141140_670.csv::s12,108.45,60,1.273611111111111,1,baseline_returned
0.07692307692307693,0.0,0.07692307692307693,0.8461538461538461,0.07692307692307693,0.0,0.15384615384615385,0.27,1.0,Human_Astro::conversation_3141140_670.csv::s13,7.416666666666667,23,0.465,1,baseline_returned
0.14285714285714285,0.0,0.14285714285714285,1.0,0.42857142857142855,0.0,0.2857142857142857,-0.06666666666666667,0.0,Human_Astro::conversation_3141140_670.csv::s14,14.416666666666666,16,,0,baseline_returned
0.018518518518518517,0.0,0.0,0.3888888888888889,0.037037037037037035,0.018518518518518517,0.09259259259259259,0.09687500000000002,1.0,Human_Astro::conversation_3165061_2487.csv::s1,20.083333333333332,86,11.6575,1,baseline_returned
0.0,0.006711409395973154,0.013422818791946308,0.040268456375838924,0.10067114093959731,0.006711409395973154,0.0,-0.018584070796460173,0.0,Human_Astro::conversation_3165061_2487.csv::s2,98.53333333333333,262,111.65222222222222,1,baseline_returned
0.018518518518518517,0.018518518518518517,0.05555555555555555,0.46296296296296297,0.037037037037037035,0.018518518518518517,0.07407407407407407,-0.016666666666666666,0.0,Human_Astro::conversation_3165061_2487.csv::s3,32.11666666666667,84,0.8958333333333334,1,baseline_returned
0.02262443438914027,0.01809954751131222,0.0,0.6289592760180995,0.22624434389140272,0.03167420814479638,0.06787330316742081,-0.10846153846153846,-1.0,Human_Astro::conversation_3165061_2487.csv::s4,100.11666666666666,351,2.0533333333333332,1,baseline_returned
0.0196078431372549,0.0,0.0196078431372549,0.13725490196078433,0.09803921568627451,0.0196078431372549,0.0196078431372549,0.012195121951219513,-0.3,Human_Astro::conversation_3165061_2487.csv::s5,31.216666666666665,92,0.14527777777777778,1,baseline_returned
0.0,0.0,0.0,0.29333333333333333,0.2,0.02666666666666667,0.17333333333333334,-0.2116666666666667,-0.8,Human_Astro::conversation_3165061_2487.csv::s6,43.36666666666667,135,5.336388888888889,1,baseline_returned
0.013333333333333334,0.03333333333333333,0.0,0.10666666666666667,0.14666666666666667,0.006666666666666667,0.0,-0.27190082644628105,-1.0,Human_Astro::conversation_3165061_2487.csv::s7,64.18333333333334,271,10.786666666666667,1,baseline_returned
0.0,0.0,0.0,0.4918032786885246,0.11475409836065574,0.01639344262295082,0.0,-0.06326530612244899,0.0,Human_Astro::conversation_3165061_2487.csv::s8,49.1,110,26.00138888888889,1,baseline_returned
0.004,0.0,0.0,0.372,0.208,0.004,0.032,-0.14728260869565216,0.7,Human_Astro::conversation_3165061_2487.csv::s9,131.95,434,0.5833333333333334,1,baseline_returned
0.0,0.0,0.018691588785046728,0.514018691588785,0.24299065420560748,0.018691588785046728,0.009345794392523364,-0.19662921348314608,-1.0,Human_Astro::conversation_3165061_2487.csv::s10,49.93333333333333,196,89.02444444444444,1,baseline_returned
0.03103448275862069,0.006896551724137931,0.0,0.27241379310344827,0.18275862068965518,0.027586206896551724,0.05862068965517241,-0.11038961038961038,0.0,Human_Astro::conversation_3165061_2487.csv::s11,117.0,521,78.45777777777778,1,baseline_returned
0.05747126436781609,0.022988505747126436,0.04597701149425287,0.011494252873563218,0.11494252873563218,0.011494252873563218,0.0,-0.12083333333333332,0.0,Human_Astro::conversation_3165061_2487.csv::s12,48.983333333333334,159,,0,baseline_returned
0.08823529411764706,0.0,0.0,0.47058823529411764,0.0,0.0,0.0,0.0,0.0,Human_Astro::conversation_3217935_1737.csv::s1,14.883333333333333,51,128.3047222222222,1,baseline_returned
0.029411764705882353,0.0,0.029411764705882353,0.5588235294117647,0.029411764705882353,0.0,0.0,-0.06666666666666667,0.0,Human_Astro::conversation_3217935_1737.csv::s2,19.95,52,0.2644444444444444,1,baseline_returned
0.0,0.0,0.18181818181818182,0.45454545454545453,0.0,0.0,0.09090909090909091,-0.09999999999999999,0.0,Human_Astro::conversation_3217935_1737.csv::s3,4.916666666666667,17,99.44472222222223,1,baseline_returned
0.0,0.05263157894736842,0.0,0.15789473684210525,0.05263157894736842,0.0,0.05263157894736842,-0.24705882352941178,0.0,Human_Astro::conversation_3217935_1737.csv::s4,15.966666666666667,36,0.3488888888888889,1,baseline_returned
0.0,0.010416666666666666,0.0,0.13541666666666666,0.0,0.0,0.0,-0.023636363636363636,0.0,Human_Astro::conversation_3217935_1737.csv::s5,5942.35,151,0.5994444444444444,1,baseline_returned
0.125,0.25,0.0,0.0,0.0,0.0,0.0,0.0,0.0,Human_Astro::conversation_3217935_1737.csv::s6,4.966666666666667,14,5.304444444444444,1,baseline_returned
0.0,0.0625,0.0,0.4375,0.0625,0.0,0.0625,-0.07741935483870968,-0.3,Human_Astro::conversation_3217935_1737.csv::s7,816.8833333333333,63,0.26361111111111113,1,baseline_returned
0.14285714285714285,0.14285714285714285,0.0,0.5714285714285714,0.0,0.0,0.2857142857142857,-0.2857142857142857,-1.0,Human_Astro::conversation_3217935_1737.csv::s8,4.966666666666667,14,,0,baseline_returned
0.0,0.038461538461538464,0.0,0.8076923076923077,0.23076923076923078,0.0,0.3076923076923077,0.045454545454545456,0.0,Human_Astro::conversation_3233283_1873.csv::s1,18.266666666666666,48,0.02638888888888889,1,baseline_returned
0.0,0.0,0.14285714285714285,0.14285714285714285,0.2857142857142857,0.0,0.2857142857142857,-0.09999999999999999,0.0,Human_Astro::conversation_3233283_1873.csv::s2,4.383333333333334,13,0.034166666666666665,1,baseline_returned
0.42857142857142855,0.0,0.0,0.0,0.2857142857142857,0.0,0.2857142857142857,0.175,1.0,Human_Astro::conversation_3233283_1873.csv::s3,4.766666666666667,11,144.8502777777778,1,baseline_returned
0.2857142857142857,0.09523809523809523,0.0,0.19047619047619047,0.09523809523809523,0.0,0.19047619047619047,0.22142857142857145,0.0,Human_Astro::conversation_3233283_1873.csv::s4,9.583333333333334,35,0.029166666666666667,1,baseline_returned
0.0,0.0,0.0,0.4,0.4,0.0,0.6,0.0,0.0,Human_Astro::conversation_3233283_1873.csv::s5,4.833333333333333,12,0.03,1,baseline_returned
0.09090909090909091,0.0,0.0,0.18181818181818182,0.36363636363636365,0.0,0.18181818181818182,0.0,0.0,Human_Astro::conversation_3233283_1873.csv::s6,9.983333333333333,15,0.05305555555555556,1,baseline_returned
0.14285714285714285,0.0,0.0,0.5714285714285714,0.2857142857142857,0.0,0.2857142857142857,-0.08888888888888889,0.0,Human_Astro::conversation_3233283_1873.csv::s7,6.583333333333333,16,0.0030555555555555557,1,baseline_returned
0.5,0.0,0.0,0.5,0.25,0.0,0.5,0.0,0.0,Human_Astro::conversation_3233283_1873.csv::s8,4.333333333333333,8,0.03722222222222222,1,baseline_returned
0.2,0.1,0.0,0.5,0.2,0.0,0.4,0.16999999999999998,1.0,Human_Astro::conversation_3233283_1873.csv::s9,9.733333333333333,20,44.70166666666667,1,baseline_returned
0.23684210526315788,0.0,0.13157894736842105,0.7368421052631579,0.21052631578947367,0.0,0.15789473684210525,-0.0902439024390244,1.0,Human_Astro::conversation_3233283_1873.csv::s10,42.983333333333334,79,,0,baseline_returned
0.0,0.0,0.0,0.7142857142857143,0.17857142857142858,0.0,0.03571428571428571,-0.1111111111111111,0.0,Human_Astro::conversation_3258729_2041.csv::s1,9.916666666666666,46,0.10777777777777778,1,baseline_returned
0.0,0.0,0.0,0.0,0.0,0.0,0.0,-0.12666666666666665,0.0,Human_Astro::conversation_3258729_2041.csv::s2,9.783333333333333,28,48.20805555555555,1,baseline_returned
0.0625,0.0,0.0,0.6145833333333334,0.052083333333333336,0.0,0.07291666666666667,-0.004761904761904768,0.0,Human_Astro::conversation_3258729_2041.csv::s3,106.23333333333333,180,11.489166666666666,1,baseline_returned
0.04477611940298507,0.0,0.0,0.04477611940298507,0.05970149253731343,0.0,0.04477611940298507,-0.023333333333333327,0.0,Human_Astro::conversation_3258729_2041.csv::s4,166.95,127,3.9644444444444447,1,baseline_returned
0.1276595744680851,0.0425531914893617,0.0,0.0,0.02127659574468085,0.0,0.0425531914893617,-0.045161290322580656,1.0,Human_Astro::conversation_3258729_2041.csv::s5,181.45,78,12.918888888888889,1,baseline_returned
0.0,0.0,0.0,0.0,0.0,0.0,0.0,0.0,0.0,Human_Astro::conversation_3258729_2041.csv::s6,109.4,18,0.14972222222222223,1,baseline_returned
0.1,0.1,0.0,0.0,0.0,0.0,0.0,-0.020000000000000018,-0.8,Human_Astro::conversation_3258729_2041.csv::s7,62.81666666666667,15,4.979444444444445,1,baseline_returned
0.0,0.0,0.0,0.0,0.1111111111111111,0.0,0.1111111111111111,-0.2777777777777778,-0.5,Human_Astro::conversation_3258729_2041.csv::s8,5.233333333333333,18,0.09722222222222222,1,baseline_returned
0.0,0.0,0.0,0.0,0.0,0.0,0.0,0.0,0.0,Human_Astro::conversation_3258729_2041.csv::s9,46.516666666666666,9,0.2758333333333333,1,baseline_returned
0.15,0.0,0.0,0.35,0.0,0.0,0.0,-0.21428571428571427,0.0,Human_Astro::conversation_3258729_2041.csv::s10,72.25,27,13.554444444444444,1,baseline_returned
0.0,0.0,0.0,0.23809523809523808,0.0,0.0,0.0,0.25,0.0,Human_Astro::conversation_3258729_2041.csv::s11,59.96666666666667,29,0.4886111111111111,1,baseline_returned
0.0,0.0,0.05,0.65,0.05,0.0,0.0,-0.35714285714285715,-0.5,Human_Astro::conversation_3258729_2041.csv::s12,125.0,27,0.10611111111111111,1,baseline_returned
0.3333333333333333,0.16666666666666666,0.0,0.16666666666666666,0.16666666666666666,0.0,0.0,-0.1,0.0,Human_Astro::conversation_3258729_2041.csv::s13,19.9,11,3.9930555555555554,1,baseline_returned
0.0,0.031746031746031744,0.0,0.3333333333333333,0.015873015873015872,0.015873015873015872,0.0,-0.0075,0.0,Human_Astro::conversation_3258729_2041.csv::s14,223.46666666666667,103,12.383611111111112,1,baseline_returned
0.0,0.0,0.1,0.2,0.1,0.0,0.0,0.0,0.0,Human_Astro::conversation_3258729_2041.csv::s15,60.9,17,0.765,1,baseline_returned
0.18181818181818182,0.18181818181818182,0.09090909090909091,0.6363636363636364,0.0,0.0,0.0,-0.5,-1.0,Human_Astro::conversation_3258729_2041.csv::s16,112.86666666666666,15,4.294444444444444,1,baseline_returned
0.0,0.0,0.0,0.0,0.0,0.0,0.0,-0.08333333333333333,0.0,Human_Astro::conversation_3258729_2041.csv::s17,203.58333333333334,30,0.4002777777777778,1,baseline_returned
0.10869565217391304,0.0,0.021739130434782608,0.4782608695652174,0.13043478260869565,0.0,0.13043478260869565,-0.025806451612903226,0.0,Human_Astro::conversation_3258729_2041.csv::s18,65.73333333333333,77,1.1572222222222222,1,baseline_returned
0.047619047619047616,0.0,0.047619047619047616,0.3333333333333333,0.0,0.0,0.0,-0.045454545454545456,-0.5,Human_Astro::conversation_3258729_2041.csv::s19,108.46666666666667,32,,0,baseline_returned
0.1388888888888889,0.0,0.0,0.19444444444444445,0.1111111111111111,0.0,0.05555555555555555,-0.13333333333333333,0.0,Human_Astro::conversation_3274321_3667.csv::s1,19.983333333333334,78,70.19916666666667,1,baseline_returned
0.057692307692307696,0.0,0.019230769230769232,0.5576923076923077,0.17307692307692307,0.0,0.07692307692307693,-0.17307692307692307,0.0,Human_Astro::conversation_3274321_3667.csv::s2,19.933333333333334,104,1.7625,1,baseline_returned
0.0,0.0,0.047619047619047616,0.5238095238095238,0.047619047619047616,0.0,0.0,-0.075,-0.3,Human_Astro::conversation_3274321_3667.csv::s3,9.916666666666666,45,0.017222222222222222,1,baseline_returned
0.0,0.0,0.0,0.1,0.0,0.0,0.1,-0.11578947368421054,0.0,Human_Astro::conversation_3274321_3667.csv::s4,4.366666666666666,29,0.023055555555555555,1,baseline_returned
0.0,0.0,0.0,0.0,0.0,0.1,0.0,-0.3,-0.2,Human_Astro::conversation_3274321_3667.csv::s5,4.65,21,20.785833333333333,1,baseline_returned
0.0,0.0,0.038461538461538464,0.07692307692307693,0.038461538461538464,0.0,0.0,-0.25833333333333336,-0.5,Human_Astro::conversation_3274321_3667.csv::s6,9.866666666666667,50,25.801111111111112,1,baseline_returned
0.0,0.0,0.0,0.037037037037037035,0.1111111111111111,0.0,0.037037037037037035,-0.24128440366972478,0.0,Human_Astro::conversation_3274321_3667.csv::s7,3755.3,190,79.82416666666667,1,baseline_returned
0.10204081632653061,0.0,0.02040816326530612,0.02040816326530612,0.2653061224489796,0.0,0.46938775510204084,0.015584415584415586,0.7,Human_Astro::conversation_3274321_3667.csv::s8,32.833333333333336,126,,0,baseline_returned
0.14285714285714285,0.0,0.0,0.07142857142857142,0.14285714285714285,0.0,0.0,-0.19166666666666665,0.0,Human_Astro::conversation_3283278_321.csv::s1,6.833333333333333,26,0.006111111111111111,1,baseline_returned
0.06666666666666667,0.0,0.2,0.3333333333333333,0.13333333333333333,0.0,0.0,-0.3833333333333333,1.0,Human_Astro::conversation_3283278_321.csv::s2,4.6,21,0.03638888888888889,1,baseline_returned
0.21428571428571427,0.0,0.21428571428571427,0.5714285714285714,0.21428571428571427,0.0,0.21428571428571427,-0.33999999999999997,-0.3,Human_Astro::conversation_3283278_321.csv::s3,4.9,24,20.703055555555554,1,baseline_returned
0.038461538461538464,0.0,0.19230769230769232,0.3076923076923077,0.11538461538461539,0.0,0.15384615384615385,-0.18,0.0,Human_Astro::conversation_3283278_321.csv::s4,15.733333333333333,46,0.09472222222222222,1,baseline_returned
0.36363636363636365,0.0,0.2727272727272727,0.6363636363636364,0.09090909090909091,0.09090909090909091,0.09090909090909091,-0.3125,0.0,Human_Astro::conversation_3283278_321.csv::s5,11.466666666666667,19,0.0022222222222222222,1,baseline_returned
0.047619047619047616,0.0,0.047619047619047616,0.47619047619047616,0.14285714285714285,0.0,0.0,-0.32307692307692304,1.0,Human_Astro::conversation_3283278_321.csv::s6,16.883333333333333,34,0.036944444444444446,1,baseline_returned
0.02857142857142857,0.02857142857142857,0.11428571428571428,0.3142857142857143,0.11428571428571428,0.0,0.02857142857142857,-0.13999999999999999,-0.8,Human_Astro::conversation_3283278_321.csv::s7,15.666666666666666,45,17.50722222222222,1,baseline_returned
0.10204081632653061,0.0,0.08163265306122448,0.5306122448979592,0.16326530612244897,0.0,0.14285714285714285,-0.2157894736842105,0.0,Human_Astro::conversation_3283278_321.csv::s8,33.95,68,0.14527777777777778,1,baseline_returned
0.25,0.0,0.0,0.0,0.75,0.0,0.5,-0.11249999999999999,0.0,Human_Astro::conversation_3283278_321.csv::s9,283.96666666666664,12,0.0022222222222222222,1,baseline_returned
0.0,0.0,0.07692307692307693,0.0,0.23076923076923078,0.0,0.46153846153846156,-0.45,-0.8,Human_Astro::conversation_3283278_321.csv::s10,4.866666666666666,19,42.386944444444445,1,baseline_returned
0.0,0.0,0.2,0.0,0.6,0.0,0.4,-0.39999999999999997,-1.0,Human_Astro::conversation_3283278_321.csv::s11,4.916666666666667,17,0.0375,1,baseline_returned
0.2727272727272727,0.0,0.0,0.18181818181818182,0.45454545454545453,0.09090909090909091,0.2727272727272727,-0.2416666666666666,-0.3,Human_Astro::conversation_3283278_321.csv::s12,9.933333333333334,23,75.87194444444444,1,baseline_returned
0.0,0.0,0.0,0.25,0.25,0.0,0.0,-0.26875000000000004,-1.0,Human_Astro::conversation_3283278_321.csv::s13,4.983333333333333,24,,0,baseline_returned
0.0,0.0,0.0,0.23076923076923078,0.0,0.0,0.23076923076923078,0.03333333333333333,0.0,Human_Astro::conversation_3289400_670.csv::s1,14.85,25,263.1063888888889,1,baseline_returned
0.10526315789473684,0.0,0.10526315789473684,0.0,0.15789473684210525,0.0,0.3157894736842105,-0.12666666666666665,-0.5,Human_Astro::conversation_3289400_670.csv::s2,8.0,34,0.02666666666666667,1,baseline_returned
0.05555555555555555,0.027777777777777776,0.027777777777777776,0.0,0.1111111111111111,0.0,0.08333333333333333,0.16086956521739132,-0.5,Human_Astro::conversation_3289400_670.csv::s3,54.86666666666667,59,10.364722222222222,1,baseline_returned
0.17543859649122806,0.07017543859649122,0.05263157894736842,0.5263157894736842,0.12280701754385964,0.017543859649122806,0.14035087719298245,0.028124999999999997,1.0,Human_Astro::conversation_3289400_670.csv::s4,27.416666666666668,89,12.358333333333333,1,baseline_returned
0.2,0.08,0.32,0.44,0.08,0.0,0.16,0.14666666666666667,0.0,Human_Astro::conversation_3289400_670.csv::s5,18.033333333333335,40,0.3352777777777778,1,baseline_returned
0.0,0.0,0.0,0.0,0.16666666666666666,0.0,0.2222222222222222,-0.056249999999999994,0.3,Human_Astro::conversation_3289400_670.csv::s6,70.31666666666666,34,0.20527777777777778,1,baseline_returned
0.2222222222222222,0.1111111111111111,0.2222222222222222,0.2222222222222222,0.1111111111111111,0.1111111111111111,0.1111111111111111,0.1375,0.0,Human_Astro::conversation_3289400_670.csv::s7,4.266666666666667,17,1.0630555555555556,1,baseline_returned
0.0,0.0,0.23809523809523808,0.047619047619047616,0.047619047619047616,0.0,0.11904761904761904,0.012903225806451611,-0.3,Human_Astro::conversation_3289400_670.csv::s8,1252.85,73,0.0030555555555555557,1,baseline_returned
0.045454545454545456,0.045454545454545456,0.0,0.22727272727272727,0.0,0.0,0.3181818181818182,-0.09473684210526316,-0.3,Human_Astro::conversation_3289400_670.csv::s9,12.9,41,,0,baseline_returned
0.0,0.23529411764705882,0.0,0.47058823529411764,0.17647058823529413,0.0,0.0,-0.06,0.0,Human_Astro::conversation_3292393_4042.csv::s1,12.083333333333334,27,0.003611111111111111,1,baseline_returned
0.027777777777777776,0.027777777777777776,0.16666666666666666,0.3888888888888889,0.1388888888888889,0.0,0.1111111111111111,-0.22105263157894733,-0.3,Human_Astro::conversation_3292393_4042.csv::s2,9.8,55,0.2602777777777778,1,baseline_returned
0.0,0.0,0.1,0.43333333333333335,0.23333333333333334,0.0,0.06666666666666667,0.08823529411764706,0.7,Human_Astro::conversation_3292393_4042.csv::s3,14.983333333333333,47,0.10916666666666666,1,baseline_returned
0.0,0.030303030303030304,0.06060606060606061,0.9393939393939394,0.2727272727272727,0.030303030303030304,0.42424242424242425,-0.1925925925925926,-0.8,Human_Astro::conversation_3292393_4042.csv::s4,10.0,60,23.022222222222222,1,baseline_returned
0.010526315789473684,0.031578947368421054,0.08421052631578947,0.010526315789473684,0.09473684210526316,0.010526315789473684,0.18947368421052632,0.020481927710843364,-1.0,Human_Astro::conversation_3292393_4042.csv::s5,2881.8333333333335,178,0.01638888888888889,1,baseline_returned
0.0,0.0,0.0,0.6,0.5,0.0,0.7,0.10000000000000002,1.0,Human_Astro::conversation_3292393_4042.csv::s6,4.933333333333334,22,103.76472222222222,1,baseline_returned
0.0,0.02857142857142857,0.02857142857142857,0.6,0.05714285714285714,0.0,0.37142857142857144,0.00749999999999999,1.0,Human_Astro::conversation_3292393_4042.csv::s7,22.816666666666666,75,8.793888888888889,1,baseline_returned
0.0,0.0,0.02127659574468085,0.06382978723404255,0.0851063829787234,0.0,0.40425531914893614,-0.05555555555555555,0.0,Human_Astro::conversation_3292393_4042.csv::s8,27.333333333333332,92,,0,baseline_returned
0.07692307692307693,0.0,0.0,0.0,0.0,0.0,0.0,-0.13124999999999998,0.0,Human_Astro::conversation_3308505_2019.csv::s1,550.25,29,0.0016666666666666668,1,baseline_returned
0.07017543859649122,0.017543859649122806,0.05263157894736842,0.22807017543859648,0.07017543859649122,0.0,0.21052631578947367,-0.05238095238095238,0.0,Human_Astro::conversation_3308505_2019.csv::s2,49.55,99,2.145,1,baseline_returned
0.1282051282051282,0.0,0.0,0.5897435897435898,0.0,0.02564102564102564,0.02564102564102564,0.22571428571428573,1.0,Human_Astro::conversation_3308505_2019.csv::s3,24.983333333333334,74,0.2761111111111111,1,baseline_returned
0.23529411764705882,0.0,0.17647058823529413,0.7058823529411765,0.0,0.0,0.11764705882352941,0.5444444444444445,0.0,Human_Astro::conversation_3308505_2019.csv::s4,9.966666666666667,35,11.893611111111111,1,baseline_returned
0.0,0.0,0.10526315789473684,0.42105263157894735,0.05263157894736842,0.0,0.0,0.12352941176470589,1.0,Human_Astro::conversation_3308505_2019.csv::s5,4.933333333333334,36,0.8561111111111112,1,baseline_returned
0.04081632653061224,0.0,0.0,0.40816326530612246,0.04081632653061224,0.0,0.0,-0.02307692307692308,0.0,Human_Astro::conversation_3308505_2019.csv::s6,54.93333333333333,75,3.076388888888889,1,baseline_returned
0.0625,0.03125,0.21875,0.71875,0.1875,0.0,0.125,-0.05,0.0,Human_Astro::conversation_3308505_2019.csv::s7,19.633333333333333,62,5.450555555555556,1,baseline_returned
0.0967741935483871,0.03225806451612903,0.0,0.03225806451612903,0.03225806451612903,0.0,0.03225806451612903,-0.16190476190476188,0.0,Human_Astro::conversation_3308505_2019.csv::s8,9.55,52,0.0275,1,baseline_returned
0.05,0.0,0.05,0.25,0.1,0.0,0.0,-0.075,0.0,Human_Astro::conversation_3308505_2019.csv::s9,9.633333333333333,40,0.025833333333333333,1,baseline_returned
0.25,0.0,0.08333333333333333,0.08333333333333333,0.0,0.0,0.0,-0.16,0.0,Human_Astro::conversation_3308505_2019.csv::s10,4.783333333333333,22,15.0925,1,baseline_returned
0.13333333333333333,0.0,0.0,0.3333333333333333,0.0,0.0,0.0,-0.23125,0.0,Human_Astro::conversation_3308505_2019.csv::s11,9.9,31,3.5244444444444443,1,baseline_returned
0.041666666666666664,0.0,0.125,0.2916666666666667,0.0,0.0,0.0,0.007692307692307691,0.0,Human_Astro::conversation_3308505_2019.csv::s12,9.983333333333333,50,0.03833333333333333,1,baseline_returned
0.0,0.0,0.0,0.0,0.0,0.0,0.0,0.0,0.0,Human_Astro::conversation_3308505_2019.csv::s13,0.9,2,3.9325,1,baseline_returned
0.0,0.0,0.2631578947368421,0.21052631578947367,0.0,0.05263157894736842,0.10526315789473684,-0.1,-0.3,Human_Astro::conversation_3308505_2019.csv::s14,8.716666666666667,36,25.893055555555556,1,baseline_returned
0.045454545454545456,0.0,0.22727272727272727,0.3181818181818182,0.045454545454545456,0.0,0.13636363636363635,-0.036,-0.3,Human_Astro::conversation_3308505_2019.csv::s15,9.683333333333334,47,11.973055555555556,1,baseline_returned
0.0784313725490196,0.0,0.0,0.5882352941176471,0.0,0.0,0.09803921568627451,-0.011904761904761904,0.0,Human_Astro::conversation_3308505_2019.csv::s16,160.66666666666666,93,0.004722222222222222,1,baseline_returned
0.0,0.0,0.29411764705882354,0.5882352941176471,0.058823529411764705,0.0,0.17647058823529413,0.021052631578947368,0.0,Human_Astro::conversation_3308505_2019.csv::s17,66.0,36,5.673333333333333,1,baseline_returned
0.047619047619047616,0.0,0.0,0.23809523809523808,0.0,0.0,0.0,-0.12,0.0,Human_Astro::conversation_3308505_2019.csv::s18,17.0,41,0.08166666666666667,1,baseline_returned
0.0,0.0,0.045454545454545456,0.5454545454545454,0.0,0.0,0.0,-0.09999999999999999,0.0,Human_Astro::conversation_3308505_2019.csv::s19,18.05,45,0.09277777777777778,1,baseline_returned
0.0,0.0,0.0,0.3333333333333333,0.0,0.027777777777777776,0.027777777777777776,-0.10333333333333332,-0.3,Human_Astro::conversation_3308505_2019.csv::s20,16.9,66,0.7677777777777778,1,baseline_returned
0.25,0.0,0.3125,0.5625,0.25,0.0,0.25,-0.03333333333333333,0.0,Human_Astro::conversation_3308505_2019.csv::s21,9.783333333333333,40,,0,baseline_returned
0.0,0.0,0.0,0.04,0.08,0.0,0.0,-0.075,0.0,Human_Astro::conversation_3308505_4010.csv::s1,9.733333333333333,41,83.85277777777777,1,baseline_returned
0.05555555555555555,0.0,0.0,0.7222222222222222,0.05555555555555555,0.0,0.1111111111111111,-0.06999999999999999,1.0,Human_Astro::conversation_3308505_4010.csv::s2,19.816666666666666,76,1.0130555555555556,1,baseline_returned
0.06666666666666667,0.0,0.3333333333333333,0.7333333333333333,0.2,0.0,0.26666666666666666,-0.17368421052631577,0.0,Human_Astro::conversation_3308505_4010.csv::s3,9.916666666666666,34,14.575555555555555,1,baseline_returned
0.11764705882352941,0.0,0.17647058823529413,0.11764705882352941,0.058823529411764705,0.0,0.0,-0.012,0.0,Human_Astro::conversation_3308505_4010.csv::s4,9.483333333333333,42,0.02722222222222222,1,baseline_returned
0.13333333333333333,0.0,0.06666666666666667,0.2,0.13333333333333333,0.06666666666666667,0.0,0.0,0.0,Human_Astro::conversation_3308505_4010.csv::s5,10.0,35,0.4738888888888889,1,baseline_returned
0.0,0.0,0.07142857142857142,0.5714285714285714,0.0,0.0,0.0,-0.18181818181818177,-0.3,Human_Astro::conversation_3308505_4010.csv::s6,10.016666666666667,36,7.219166666666666,1,baseline_returned
0.10344827586206896,0.0,0.0,0.06896551724137931,0.0,0.0,0.06896551724137931,-0.1333333333333333,0.0,Human_Astro::conversation_3308505_4010.csv::s7,20.816666666666666,68,36.31027777777778,1,baseline_returned
0.13333333333333333,0.0,0.0,0.0,0.0,0.0,0.0,-0.075,0.0,Human_Astro::conversation_3308505_4010.csv::s8,9.95,31,9.562777777777777,1,baseline_returned
0.0,0.0,0.0,0.043478260869565216,0.17391304347826086,0.0,0.08695652173913043,-0.18499999999999997,-0.3,Human_Astro::conversation_3308505_4010.csv::s9,9.916666666666666,43,0.11361111111111111,1,baseline_returned
0.0,0.045454545454545456,0.0,0.7272727272727273,0.09090909090909091,0.0,0.045454545454545456,-0.0736842105263158,-1.0,Human_Astro::conversation_3308505_4010.csv::s10,9.983333333333333,41,116.84416666666667,1,baseline_returned
0.0,0.0,0.0,0.26666666666666666,0.06666666666666667,0.0,0.13333333333333333,0.09999999999999999,0.0,Human_Astro::conversation_3308505_4010.csv::s11,31.666666666666668,32,0.005,1,baseline_returned
0.18181818181818182,0.0,0.45454545454545453,0.5454545454545454,0.0,0.0,0.09090909090909091,0.38095238095238093,1.0,Human_Astro::conversation_3308505_4010.csv::s12,4.716666666666667,32,101.12555555555555,1,baseline_returned
0.25,0.0,0.0,0.1,0.1,0.0,0.1,-0.11666666666666667,0.0,Human_Astro::conversation_3308505_4010.csv::s13,9.95,50,,0,baseline_returned
0.0,0.05,0.0,0.15,0.2,0.0,0.15,-0.225,-1.0,Human_Astro::conversation_3355731_1117.csv::s1,20.066666666666666,44,0.024166666666666666,1,baseline_returned
0.06818181818181818,0.0,0.045454545454545456,0.06818181818181818,0.20454545454545456,0.011363636363636364,0.20454545454545456,-0.15517241379310345,-0.3,Human_Astro::conversation_3355731_1117.csv::s2,6196.383333333333,204,0.09055555555555556,1,baseline_returned
0.0,0.0,0.3333333333333333,0.0,0.0,0.0,0.0,-0.24545454545454543,0.0,Human_Astro::conversation_3355731_1117.csv::s3,77.68333333333334,14,0.11027777777777778,1,baseline_returned
0.2,0.0,0.0,0.0,0.2,0.0,0.0,-0.17500000000000002,0.0,Human_Astro::conversation_3355731_1117.csv::s4,21.8,17,0.8172222222222222,1,baseline_returned
0.0,0.0,0.14285714285714285,0.14285714285714285,0.0,0.0,0.0,-0.2083333333333333,0.0,Human_Astro::conversation_3355731_1117.csv::s5,5.233333333333333,19,8.426666666666666,1,baseline_returned
0.0,0.0,0.0,0.0,0.0,0.0,0.0,-0.25,0.0,Human_Astro::conversation_3355731_1117.csv::s6,3.533333333333333,4,1.1975,1,baseline_returned
0.07692307692307693,0.0,0.0,0.038461538461538464,0.038461538461538464,0.0,0.15384615384615385,-0.1878787878787879,0.7,Human_Astro::conversation_3355731_1117.csv::s7,58.416666666666664,59,0.5916666666666667,1,baseline_returned
0.2,0.0,0.0,0.06666666666666667,0.13333333333333333,0.0,0.3333333333333333,-0.03846153846153846,-0.3,Human_Astro::conversation_3355731_1117.csv::s8,9.483333333333333,28,130.41333333333333,1,baseline_returned
0.04,0.0,0.12,0.84,0.28,0.0,0.08,-0.15901639344262297,0.0,Human_Astro::conversation_3355731_1117.csv::s9,29.866666666666667,86,13.397222222222222,1,baseline_returned
0.0,0.0,0.3333333333333333,0.8888888888888888,0.2222222222222222,0.0,0.0,-0.13333333333333333,0.0,Human_Astro::conversation_3355731_1117.csv::s10,7.5,24,0.051944444444444446,1,baseline_returned
0.0,0.0,0.8888888888888888,1.0,0.3333333333333333,0.0,0.0,0.15263157894736845,1.0,Human_Astro::conversation_3355731_1117.csv::s11,29.9,28,,0,baseline_returned
0.23076923076923078,0.0,0.0,0.15384615384615385,0.38461538461538464,0.0,0.3076923076923077,0.14285714285714285,0.0,Human_Astro::conversation_3371122_1117.csv::s1,5.05,27,0.019444444444444445,1,baseline_returned
0.0,0.0,0.16666666666666666,0.0,0.0,0.0,0.16666666666666666,-0.15294117647058822,-0.3,Human_Astro::conversation_3371122_1117.csv::s2,4.983333333333333,23,92.11583333333333,1,baseline_returned
0.05555555555555555,0.0,0.05555555555555555,0.05555555555555555,0.05555555555555555,0.0,0.05555555555555555,-0.1611111111111111,-1.0,Human_Astro::conversation_3371122_1117.csv::s3,48.016666666666666,54,3.3841666666666668,1,baseline_returned
0.1111111111111111,0.0,0.0,0.7222222222222222,0.05555555555555555,0.0,0.16666666666666666,-0.03235294117647059,0.0,Human_Astro::conversation_3371122_1117.csv::s4,1107.05,52,80.40944444444445,1,baseline_returned
0.0,0.0,0.0,0.8888888888888888,0.3333333333333333,0.0,0.3333333333333333,-0.11538461538461539,0.0,Human_Astro::conversation_3371122_1117.csv::s5,5.0,22,0.04722222222222222,1,baseline_returned
0.047619047619047616,0.0,0.11904761904761904,0.3333333333333333,0.16666666666666666,0.023809523809523808,0.2619047619047619,-0.06666666666666667,1.0,Human_Astro::conversation_3371122_1117.csv::s6,32.96666666666667,120,0.6894444444444444,1,baseline_returned
0.0,0.0,0.3333333333333333,0.0,0.3333333333333333,0.0,0.5,-0.4325,-0.3,Human_Astro::conversation_3371122_1117.csv::s7,26.7,46,0.014722222222222222,1,baseline_returned
1.0,0.0,0.0,0.0,0.0,0.0,1.0,-0.38656716417910447,-0.3,Human_Astro::conversation_3371122_1117.csv::s8,23.0,68,0.1761111111111111,1,baseline_returned
0.0,0.0,0.0,0.0,0.0,0.0,0.0,-0.36666666666666664,0.0,Human_Astro::conversation_3371122_1117.csv::s9,4.85,13,92.98916666666666,1,baseline_returned
0.09523809523809523,0.0,0.07142857142857142,0.8333333333333334,0.19047619047619047,0.0,0.19047619047619047,-0.05217391304347827,0.0,Human_Astro::conversation_3371122_1117.csv::s10,33.833333333333336,111,106.99805555555555,1,baseline_returned
0.0,0.0,0.0,0.6363636363636364,0.0,0.09090909090909091,0.0,-0.05294117647058823,0.0,Human_Astro::conversation_3371122_1117.csv::s11,358.05,28,2.1158333333333332,1,baseline_returned
0.2,0.0,0.0,0.6181818181818182,0.18181818181818182,0.0,0.23636363636363636,-0.18404255319148938,-0.3,Human_Astro::conversation_3371122_1117.csv::s12,76.51666666666667,149,,0,baseline_returned
0.0,0.0,0.0,0.07692307692307693,0.10576923076923077,0.0,0.057692307692307696,-0.14342105263157898,0.0,Human_Astro::conversation_3385183_546.csv::s1,21.883333333333333,180,0.014444444444444444,1,baseline_returned
0.021052631578947368,0.0,0.0,0.3368421052631579,0.18947368421052632,0.010526315789473684,0.23157894736842105,6.436075505073371e-18,0.0,Human_Astro::conversation_3385183_546.csv::s2,24.95,164,0.02361111111111111,1,baseline_returned
0.02631578947368421,0.0,0.02631578947368421,0.7368421052631579,0.21052631578947367,0.0,0.2631578947368421,-0.0793103448275862,0.0,Human_Astro::conversation_3385183_546.csv::s3,72.0,67,37.704166666666666,1,baseline_returned
0.01639344262295082,0.01639344262295082,0.09836065573770492,0.45901639344262296,0.06557377049180328,0.01639344262295082,0.01639344262295082,-0.03773584905660377,-1.0,Human_Astro::conversation_3385183_546.csv::s4,12.516666666666667,114,0.3377777777777778,1,baseline_returned
0.0,0.0,0.0,0.5416666666666666,0.2916666666666667,0.0,0.041666666666666664,-0.09473684210526316,0.0,Human_Astro::conversation_3385183_546.csv::s5,3.55,43,0.019166666666666665,1,baseline_returned
0.0,0.0,0.08333333333333333,0.625,0.0,0.0,0.0,0.0,0.0,Human_Astro::conversation_3385183_546.csv::s6,128.86666666666667,44,1.7047222222222222,1,baseline_returned
0.0,0.0,0.0,0.7352941176470589,0.2647058823529412,0.0,0.058823529411764705,-0.06562499999999999,0.0,Human_Astro::conversation_3385183_546.csv::s7,6.9,66,3.4672222222222224,1,baseline_returned
0.08333333333333333,0.08333333333333333,0.0,0.75,0.08333333333333333,0.0,0.0,-0.2222222222222222,-0.5,Human_Astro::conversation_3385183_546.csv::s9,2.8333333333333335,21,0.005833333333333334,1,baseline_returned
0.05263157894736842,0.05263157894736842,0.15789473684210525,0.5263157894736842,0.15789473684210525,0.0,0.05263157894736842,0.005555555555555554,0.0,Human_Astro::conversation_3385183_546.csv::s10,609.5666666666667,37,0.058611111111111114,1,baseline_returned
0.0,0.0,0.07462686567164178,0.746268656716418,0.07462686567164178,0.0,0.11940298507462686,0.1892857142857143,1.0,Human_Astro::conversation_3385183_546.csv::s11,14.816666666666666,123,,0,baseline_returned
0.25,0.0,0.0,0.0,0.0,0.0,0.0,0.049999999999999996,0.0,Human_Astro::conversation_3395760_1031.csv::s1,30.05,38,0.041666666666666664,1,baseline_returned
0.1111111111111111,0.0,0.1111111111111111,0.0,0.0,0.0,0.0,0.06666666666666667,0.0,Human_Astro::conversation_3395760_1031.csv::s2,131.75,21,2.274722222222222,1,baseline_returned
0.09090909090909091,0.0,0.18181818181818182,0.0,0.0,0.0,0.0,0.16666666666666666,1.0,Human_Astro::conversation_3395760_1031.csv::s3,170.63333333333333,20,0.7533333333333333,1,baseline_returned
0.1111111111111111,0.0,0.0,0.0,0.0,0.0,0.0,-0.125,1.0,Human_Astro::conversation_3395760_1031.csv::s4,3.9166666666666665,21,1.0425,1,baseline_returned
0.09090909090909091,0.0,0.0,0.045454545454545456,0.0,0.0,0.0,-0.022727272727272728,0.0,Human_Astro::conversation_3395760_1031.csv::s5,385.4166666666667,44,6.059444444444445,1,baseline_returned
0.2,0.0,0.0,0.4,0.0,0.0,0.1,0.125,1.0,Human_Astro::conversation_3395760_1031.csv::s6,80.73333333333333,18,2.077777777777778,1,baseline_returned
0.0,0.0,0.25,0.5,0.0,0.0,0.0,-0.375,-0.5,Human_Astro::conversation_3395760_1031.csv::s7,246.41666666666666,8,0.32083333333333336,1,baseline_returned
0.0,0.0,0.3333333333333333,0.6666666666666666,0.0,0.0,0.0,0.0,0.0,Human_Astro::conversation_3395760_1031.csv::s8,151.85,9,1.55,1,baseline_returned
0.125,0.0,0.25,0.625,0.0,0.0,0.125,-0.06,0.0,Human_Astro::conversation_3395760_1031.csv::s9,124.56666666666666,13,19.214166666666667,1,baseline_returned
0.4,0.0,0.4,0.6,0.0,0.0,0.0,0.06363636363636363,1.0,Human_Astro::conversation_3395760_1031.csv::s10,409.4,16,9.007777777777777,1,baseline_returned
0.375,0.0,0.125,0.5,0.0,0.0,0.125,-0.05555555555555555,0.0,Human_Astro::conversation_3395760_1031.csv::s11,7.15,17,4.883055555555556,1,baseline_returned
0.16666666666666666,0.0,0.05555555555555555,0.7222222222222222,0.16666666666666666,0.0,0.16666666666666666,-0.038888888888888896,-0.3,Human_Astro::conversation_3395760_1031.csv::s12,734.3666666666667,36,5.955555555555556,1,baseline_returned
0.2727272727272727,0.0,0.18181818181818182,0.8181818181818182,0.0,0.0,0.0,-0.0375,0.0,Human_Astro::conversation_3395760_1031.csv::s13,369.6,19,1.3994444444444445,1,baseline_returned
0.0,0.0,0.0,0.5,0.0,0.0,0.0,-0.1875,0.0,Human_Astro::conversation_3395760_1031.csv::s14,136.11666666666667,12,2.381388888888889,1,baseline_returned
0.26666666666666666,0.13333333333333333,0.0,0.8666666666666667,0.06666666666666667,0.0,0.2,0.10526315789473684,0.0,Human_Astro::conversation_3395760_1031.csv::s15,257.05,34,190.4425,1,baseline_returned
0.030303030303030304,0.0,0.0,0.696969696969697,0.030303030303030304,0.0,0.18181818181818182,0.11739130434782609,0.0,Human_Astro::conversation_3395760_1031.csv::s16,187.6,56,6.700833333333334,1,baseline_returned
0.0,0.0,0.0,0.6428571428571429,0.0,0.0,0.21428571428571427,0.08947368421052632,0.0,Human_Astro::conversation_3395760_1031.csv::s17,791.45,33,3.205277777777778,1,baseline_returned
0.5,0.0,0.0,0.6666666666666666,0.16666666666666666,0.0,0.5,0.0,0.0,Human_Astro::conversation_3395760_1031.csv::s18,3.3,13,6.468055555555556,1,baseline_returned
0.125,0.0,0.0,0.125,0.0,0.0,0.0,0.0,0.0,Human_Astro::conversation_3395760_1031.csv::s19,939.55,20,7.818611111111111,1,baseline_returned
0.25,0.0,0.041666666666666664,0.625,0.0,0.0,0.08333333333333333,-0.010256410256410256,0.0,Human_Astro::conversation_3395760_1031.csv::s20,1004.8166666666667,63,,0,baseline_returned
0.0,0.07692307692307693,0.0,0.5384615384615384,0.07692307692307693,0.0,0.23076923076923078,-0.06,-0.3,Human_Astro::conversation_3428129_1844.csv::s1,5.066666666666666,23,0.08916666666666667,1,baseline_returned
0.0,0.0,0.08333333333333333,0.25,0.08333333333333333,0.0,0.16666666666666666,0.028571428571428574,0.0,Human_Astro::conversation_3428129_1844.csv::s2,9.75,26,0.09722222222222222,1,baseline_returned
0.0,0.0,0.0,0.15384615384615385,0.07692307692307693,0.0,0.07692307692307693,-0.04285714285714286,0.0,Human_Astro::conversation_3428129_1844.csv::s3,9.2,27,8.463611111111112,1,baseline_returned
0.0,0.0,0.0,0.78125,0.09375,0.0,0.0,-0.3063829787234042,-0.5,Human_Astro::conversation_3428129_1844.csv::s4,88.08333333333333,79,0.03166666666666667,1,baseline_returned
0.11627906976744186,0.0,0.0,0.4418604651162791,0.18604651162790697,0.0,0.11627906976744186,-0.08387096774193548,-0.3,Human_Astro::conversation_3428129_1844.csv::s5,11.85,74,3.105,1,baseline_returned
0.09523809523809523,0.0,0.047619047619047616,0.3333333333333333,0.19047619047619047,0.0,0.09523809523809523,-0.10909090909090909,-0.3,Human_Astro::conversation_3428129_1844.csv::s6,7.983333333333333,43,0.08416666666666667,1,baseline_returned
0.14285714285714285,0.0,0.2857142857142857,0.5,0.21428571428571427,0.07142857142857142,0.21428571428571427,-0.22,0.7,Human_Astro::conversation_3428129_1844.csv::s7,4.916666666666667,29,17.608888888888888,1,baseline_returned
0.1111111111111111,0.0,0.1111111111111111,0.3333333333333333,0.2222222222222222,0.0,0.2222222222222222,-0.11666666666666665,0.0,Human_Astro::conversation_3428129_1844.csv::s8,7.133333333333334,21,0.004722222222222222,1,baseline_returned
0.0,0.0,0.25,0.25,0.25,0.0,0.25,1.708035422500241e-17,-1.0,Human_Astro::conversation_3428129_1844.csv::s9,4.65,21,0.035,1,baseline_returned
0.0,0.0,0.1875,0.0625,0.0,0.0,0.0,0.13124999999999998,-1.0,Human_Astro::conversation_3428129_1844.csv::s10,4.716666666666667,32,49.3425,1,baseline_returned
0.07142857142857142,0.0,0.6428571428571429,0.0,0.07142857142857142,0.0,0.07142857142857142,-0.06666666666666668,0.0,Human_Astro::conversation_3428129_1844.csv::s11,6.0,32,0.004722222222222222,1,baseline_returned
0.2,0.0,0.3,0.0,0.3,0.0,0.1,-0.39,0.30000000000000004,Human_Astro::conversation_3428129_1844.csv::s12,4.65,20,0.019444444444444445,1,baseline_returned
0.10714285714285714,0.0,0.2857142857142857,0.5714285714285714,0.14285714285714285,0.0,0.07142857142857142,-0.19148936170212774,0.0,Human_Astro::conversation_3428129_1844.csv::s13,3388.9333333333334,75,0.021111111111111112,1,baseline_returned
0.0,0.0,0.4,0.0,0.1,0.0,0.1,0.0,0.0,Human_Astro::conversation_3428129_1844.csv::s14,4.95,16,62.78666666666667,1,baseline_returned
0.0,0.0,0.5714285714285714,0.5714285714285714,0.42857142857142855,0.0,0.0,-0.30625,0.0,Human_Astro::conversation_3428129_1844.csv::s15,4.966666666666667,23,0.015277777777777777,1,baseline_returned
0.125,0.0,0.5,0.25,0.0,0.0,0.0,-0.11818181818181818,0.0,Human_Astro::conversation_3428129_1844.csv::s16,4.9,19,158.17472222222221,1,baseline_returned
0.06666666666666667,0.0,0.0,0.13333333333333333,0.06666666666666667,0.0,0.2,-0.10000000000000002,-0.3,Human_Astro::conversation_3428129_1844.csv::s17,4.983333333333333,31,0.019166666666666665,1,baseline_returned
0.125,0.25,0.25,0.625,0.0,0.125,0.25,0.18333333333333335,1.0,Human_Astro::conversation_3428129_1844.csv::s18,4.816666666666666,20,0.02638888888888889,1,baseline_returned
0.0,0.07692307692307693,0.07692307692307693,0.9230769230769231,0.23076923076923078,0.0,0.46153846153846156,0.1222222222222222,0.7,Human_Astro::conversation_3428129_1844.csv::s19,4.966666666666667,31,13.450833333333334,1,baseline_returned
0.07142857142857142,0.21428571428571427,0.07142857142857142,0.6428571428571429,0.2857142857142857,0.0,0.2857142857142857,-0.058823529411764705,0.7,Human_Astro::conversation_3428129_1844.csv::s20,4.983333333333333,31,24.348333333333333,1,baseline_returned
0.08333333333333333,0.08333333333333333,0.08333333333333333,0.5,0.16666666666666666,0.0,0.3333333333333333,-0.16666666666666666,0.0,Human_Astro::conversation_3428129_1844.csv::s21,4.15,21,0.11222222222222222,1,baseline_returned
0.0,0.0,0.0,0.13333333333333333,0.06666666666666667,0.0,0.06666666666666667,-0.25,-0.3,Human_Astro::conversation_3428129_1844.csv::s22,4.983333333333333,31,0.26611111111111113,1,baseline_returned
0.0,0.0,0.08333333333333333,0.5833333333333334,0.0,0.0,0.08333333333333333,-0.08333333333333333,0.0,Human_Astro::conversation_3428129_1844.csv::s23,4.95,24,0.10944444444444444,1,baseline_returned
0.17857142857142858,0.0,0.10714285714285714,0.5,0.03571428571428571,0.0,0.21428571428571427,-0.04054054054054055,0.0,Human_Astro::conversation_3428129_1844.csv::s24,100.81666666666666,65,18.328611111111112,1,baseline_returned
0.0,0.1111111111111111,0.0,0.3333333333333333,0.0,0.0,0.0,-0.41428571428571426,-0.3,Human_Astro::conversation_3428129_1844.csv::s25,4.85,23,,0,baseline_returned
0.0,0.0,0.0,0.06666666666666667,0.06666666666666667,0.0,0.0,-0.014285714285714285,0.0,Human_Astro::conversation_3428988_546.csv::s1,5.066666666666666,36,84.85027777777778,1,baseline_returned
0.08333333333333333,0.0,0.0,0.0,0.0,0.08333333333333333,0.08333333333333333,-0.1111111111111111,0.0,Human_Astro::conversation_3428988_546.csv::s2,4.9,33,0.03888888888888889,1,baseline_returned
0.03636363636363636,0.0,0.0,0.7272727272727273,0.03636363636363636,0.0,0.07272727272727272,-0.05483870967741936,0.0,Human_Astro::conversation_3428988_546.csv::s3,10.0,86,3.515833333333333,1,baseline_returned
0.05660377358490566,0.018867924528301886,0.0,0.1320754716981132,0.07547169811320754,0.0,0.0,-0.1464285714285714,0.0,Human_Astro::conversation_3428988_546.csv::s4,271.9166666666667,81,0.0019444444444444444,1,baseline_returned
0.0,0.0,0.0,0.0,0.0,0.0,0.0,-0.375,-1.0,Human_Astro::conversation_3428988_546.csv::s5,1.55,10,0.0125,1,baseline_returned
0.015873015873015872,0.0,0.23809523809523808,0.2857142857142857,0.14285714285714285,0.0,0.1746031746031746,0.005633802816901405,0.0,Human_Astro::conversation_3428988_546.csv::s6,6504.783333333334,134,16.07111111111111,1,baseline_returned
0.0,0.0,0.0,0.25,0.125,0.0,0.03125,-0.07368421052631578,0.0,Human_Astro::conversation_3428988_546.csv::s7,7.866666666666666,70,86.04194444444444,1,baseline_returned
0.08108108108108109,0.0,0.0,0.7297297297297297,0.02702702702702703,0.0,0.0,-0.07111111111111111,0.0,Human_Astro::conversation_3428988_546.csv::s8,12.466666666666667,82,6.752777777777778,1,baseline_returned
0.030303030303030304,0.030303030303030304,0.09090909090909091,0.6060606060606061,0.06060606060606061,0.0,0.09090909090909091,-0.1346153846153846,0.0,Human_Astro::conversation_3428988_546.csv::s9,167.21666666666667,59,19.936944444444446,1,baseline_returned
0.0,0.0,0.11764705882352941,0.0,0.0,0.0,0.11764705882352941,0.1323529411764706,0.0,Human_Astro::conversation_3428988_546.csv::s10,6.416666666666667,51,2.085277777777778,1,baseline_returned
0.0,0.0,0.25,0.0,0.0,0.0,0.08333333333333333,-0.3384615384615385,-1.0,Human_Astro::conversation_3428988_546.csv::s11,5.1,38,0.5763888888888888,1,baseline_returned
0.0,0.0,0.0,0.2,0.2,0.06666666666666667,0.0,-0.24117647058823527,-1.0,Human_Astro::conversation_3428988_546.csv::s12,3.533333333333333,32,0.6669444444444445,1,baseline_returned
0.021739130434782608,0.0,0.0,0.5434782608695652,0.08695652173913043,0.0,0.15217391304347827,-0.31973684210526315,-1.0,Human_Astro::conversation_3428988_546.csv::s13,17.933333333333334,122,,0,baseline_returned
0.05,0.025,0.0,0.175,0.05,0.075,0.025,0.013793103448275851,0.0,Human_Astro::conversation_3460845_3788.csv::s1,24.816666666666666,69,19.531666666666666,1,baseline_returned
0.19642857142857142,0.0,0.0,0.6964285714285714,0.0,0.0,0.03571428571428571,-0.03541666666666667,0.0,Human_Astro::conversation_3460845_3788.csv::s2,39.85,104,51.84722222222222,1,baseline_returned
0.125,0.0,0.125,0.75,0.125,0.0,0.0,-0.3,-1.0,Human_Astro::conversation_3460845_3788.csv::s3,8.416666666666666,15,39.17166666666667,1,baseline_returned
0.0,0.0,0.09090909090909091,0.6818181818181818,0.0,0.0,0.09090909090909091,-0.034782608695652174,0.0,Human_Astro::conversation_3460845_3788.csv::s4,27.7,45,31.31972222222222,1,baseline_returned
0.375,0.125,0.375,0.625,0.0,0.0,0.0,-0.15833333333333335,0.0,Human_Astro::conversation_3460845_3788.csv::s5,2460.0,20,11.680277777777778,1,baseline_returned
0.15,0.05,0.1,0.75,0.25,0.0,0.0,-0.30000000000000004,0.0,Human_Astro::conversation_3460845_3788.csv::s6,15.05,37,12.191666666666666,1,baseline_returned
0.25806451612903225,0.0967741935483871,0.0,0.25806451612903225,0.16129032258064516,0.03225806451612903,0.0967741935483871,-0.23448275862068968,0.0,Human_Astro::conversation_3460845_3788.csv::s7,368.1666666666667,60,0.005277777777777778,1,baseline_returned
0.42857142857142855,0.14285714285714285,0.14285714285714285,0.0,0.0,0.0,0.0,-0.1625,0.5,Human_Astro::conversation_3460845_3788.csv::s8,6.783333333333333,15,3.5619444444444444,1,baseline_returned
0.14285714285714285,0.0,0.047619047619047616,0.19047619047619047,0.0,0.09523809523809523,0.0,0.02142857142857142,0.0,Human_Astro::conversation_3460845_3788.csv::s9,11.883333333333333,35,13.851666666666667,1,baseline_returned
0.022222222222222223,0.0,0.0,0.24444444444444444,0.08888888888888889,0.0,0.08888888888888889,-0.0394736842105263,0.0,Human_Astro::conversation_3460845_3788.csv::s10,46.21666666666667,83,28.633055555555554,1,baseline_returned
0.0,0.0,0.0,0.375,0.125,0.0,0.0,-0.1,-1.0,Human_Astro::conversation_3460845_3788.csv::s11,34.15,55,18.665555555555557,1,baseline_returned
0.0,0.0,0.0,0.15789473684210525,0.0,0.0,0.05263157894736842,-0.031578947368421054,0.0,Human_Astro::conversation_3460845_3788.csv::s12,38.11666666666667,38,23.535555555555554,1,baseline_returned
0.03571428571428571,0.0,0.0,0.25,0.0,0.0,0.0,-0.009375,0.0,Human_Astro::conversation_3460845_3788.csv::s13,35.61666666666667,60,24.995833333333334,1,baseline_returned
0.0,0.0,0.09090909090909091,0.36363636363636365,0.09090909090909091,0.0,0.09090909090909091,-0.042857142857142864,-1.0,Human_Astro::conversation_3460845_3788.csv::s14,29.583333333333332,25,0.04694444444444444,1,baseline_returned
0.0,0.0,0.0,0.75,0.25,0.0,0.0,-0.14285714285714285,0.0,Human_Astro::conversation_3460845_3788.csv::s15,3.7333333333333334,11,0.0225,1,baseline_returned
0.07692307692307693,0.07692307692307693,0.0,0.6153846153846154,0.0,0.0,0.0,-0.07142857142857142,0.0,Human_Astro::conversation_3460845_3788.csv::s16,11.35,27,23.72972222222222,1,baseline_returned
0.0,0.0,0.0,0.0,0.0,0.0,0.0,-0.049999999999999996,0.0,Human_Astro::conversation_3460845_3788.csv::s17,3.2,7,0.009722222222222222,1,baseline_returned
0.0,0.0,0.0,0.6,0.08571428571428572,0.02857142857142857,0.08571428571428572,-0.06296296296296296,0.0,Human_Astro::conversation_3460845_3788.csv::s18,40.483333333333334,62,22.24861111111111,1,baseline_returned
0.09523809523809523,0.07142857142857142,0.0,0.5714285714285714,0.023809523809523808,0.0,0.047619047619047616,-0.016279069767441864,0.0,Human_Astro::conversation_3460845_3788.csv::s19,291.93333333333334,85,19.369722222222222,1,baseline_returned
0.0,0.1,0.0,0.7,0.4,0.0,0.3,-0.09999999999999999,-0.3,Human_Astro::conversation_3460845_3788.csv::s21,12.666666666666666,23,0.03666666666666667,1,baseline_returned
0.08333333333333333,0.08333333333333333,0.0,0.5833333333333334,0.08333333333333333,0.0,0.08333333333333333,0.04375,0.0,Human_Astro::conversation_3460845_3788.csv::s22,13.366666666666667,28,,0,baseline_returned
0.039603960396039604,0.0,0.0,0.15841584158415842,0.06930693069306931,0.0,0.04950495049504951,0.033962264150943396,0.0,Human_Astro::conversation_3475164_2462.csv::s1,46.083333333333336,154,43.420833333333334,1,baseline_returned
0.0,0.0,0.0,0.4482758620689655,0.1724137931034483,0.0,0.3103448275862069,-0.19499999999999998,0.0,Human_Astro::conversation_3475164_2462.csv::s2,11.7,49,40.88611111111111,1,baseline_returned
0.0,0.0,0.375,0.041666666666666664,0.2916666666666667,0.0,0.125,-0.22666666666666663,0.0,Human_Astro::conversation_3475164_2462.csv::s3,8.383333333333333,39,28.836111111111112,1,baseline_returned
0.01639344262295082,0.0,0.0,0.0,0.09836065573770492,0.0,0.06557377049180328,-0.14400000000000002,0.0,Human_Astro::conversation_3475164_2462.csv::s4,24.683333333333334,86,42.32694444444444,1,baseline_returned
0.0,0.0,0.0,0.0,0.0,0.0,0.0,-0.18,-0.3,Human_Astro::conversation_3475164_2462.csv::s5,1.4333333333333333,6,2.108888888888889,1,baseline_returned
0.0,0.0,0.15,0.0,0.1,0.0,0.0,-0.16153846153846155,0.0,Human_Astro::conversation_3475164_2462.csv::s6,12.4,46,0.7997222222222222,1,baseline_returned
0.043478260869565216,0.0,0.0,0.13043478260869565,0.13043478260869565,0.0,0.13043478260869565,-0.03846153846153848,0.7,Human_Astro::conversation_3475164_2462.csv::s7,9.466666666666667,36,3.9186111111111113,1,baseline_returned
0.02564102564102564,0.02564102564102564,0.02564102564102564,0.02564102564102564,0.1282051282051282,0.0,0.1282051282051282,-0.24999999999999997,0.0,Human_Astro::conversation_3475164_2462.csv::s8,21.2,61,19.338055555555556,1,baseline_returned
0.02531645569620253,0.0,0.0379746835443038,0.31645569620253167,0.10126582278481013,0.0,0.25316455696202533,-0.18194444444444444,-0.3,Human_Astro::conversation_3475164_2462.csv::s9,501.0,151,0.01138888888888889,1,baseline_returned
0.0,0.0,0.0,0.8461538461538461,0.07692307692307693,0.0,0.5384615384615384,-0.32,0.0,Human_Astro::conversation_3475164_2462.csv::s10,8.3,28,16.726666666666667,1,baseline_returned
0.09090909090909091,0.0,0.09090909090909091,0.3939393939393939,0.06060606060606061,0.0,0.2727272727272727,-0.17222222222222222,0.0,Human_Astro::conversation_3475164_2462.csv::s11,12.333333333333334,51,17.524444444444445,1,baseline_returned
0.0,0.0,0.25,0.6666666666666666,0.0,0.0,0.6666666666666666,-0.1375,0.7,Human_Astro::conversation_3475164_2462.csv::s12,4.15,20,23.345,1,baseline_returned
0.039473684210526314,0.013157894736842105,0.06578947368421052,0.07894736842105263,0.09210526315789473,0.0,0.21052631578947367,-0.03409090909090911,0.0,Human_Astro::conversation_3475164_2462.csv::s13,28.85,120,72.6425,1,baseline_returned
0.0,0.0,0.5,0.0,0.0,0.0,0.0,-0.16666666666666666,-0.3,Human_Astro::conversation_3475164_2462.csv::s14,3.4,15,1.6436111111111111,1,baseline_returned
0.0,0.0,0.058823529411764705,0.11764705882352941,0.14705882352941177,0.0,0.3235294117647059,-0.29565217391304344,-0.3,Human_Astro::conversation_3475164_2462.csv::s15,13.983333333333333,57,,0,baseline_returned
0.052083333333333336,0.0,0.0,0.78125,0.09375,0.0,0.125,0.011428571428571427,0.0,Human_Astro::conversation_3540611_1747.csv::s1,14.866666666666667,131,0.4388888888888889,1,baseline_returned
0.0,0.0,0.10526315789473684,0.13157894736842105,0.02631578947368421,0.0,0.0,0.0,0.0,Human_Astro::conversation_3540611_1747.csv::s2,35.983333333333334,55,3.4719444444444445,1,baseline_returned
0.09523809523809523,0.0,0.2857142857142857,0.0,0.047619047619047616,0.0,0.0,-0.08333333333333333,0.0,Human_Astro::conversation_3540611_1747.csv::s3,853.7,33,0.15138888888888888,1,baseline_returned
0.13333333333333333,0.0,0.1,0.0,0.0,0.03333333333333333,0.03333333333333333,0.0,0.0,Human_Astro::conversation_3540611_1747.csv::s4,49.666666666666664,47,0.1025,1,baseline_returned
0.14285714285714285,0.14285714285714285,0.0,0.14285714285714285,0.0,0.0,0.0,0.0,0.0,Human_Astro::conversation_3540611_1747.csv::s5,4.4,10,0.10444444444444445,1,baseline_returned
0.03225806451612903,0.06451612903225806,0.06451612903225806,0.1935483870967742,0.0,0.0,0.0,-0.02,0.0,Human_Astro::conversation_3540611_1747.csv::s6,4.966666666666667,46,11.140555555555556,1,baseline_returned
0.0,0.18181818181818182,0.09090909090909091,0.18181818181818182,0.0,0.0,0.0,0.0,0.0,Human_Astro::conversation_3540611_1747.csv::s7,4.983333333333333,21,18.37361111111111,1,baseline_returned
0.0,0.02564102564102564,0.10256410256410256,0.38461538461538464,0.0,0.0,0.0,0.0,0.0,Human_Astro::conversation_3540611_1747.csv::s8,31.666666666666668,55,0.6419444444444444,1,baseline_returned
0.0,0.09090909090909091,0.2727272727272727,0.45454545454545453,0.0,0.0,0.0,0.0,0.0,Human_Astro::conversation_3540611_1747.csv::s9,347.48333333333335,21,0.09444444444444444,1,baseline_returned
0.13333333333333333,0.0,0.3333333333333333,0.0,0.06666666666666667,0.06666666666666667,0.2,0.0,1.0,Human_Astro::conversation_3540611_1747.csv::s10,10.0,22,18.45111111111111,1,baseline_returned
0.0,0.0,0.02857142857142857,0.2,0.05714285714285714,0.0,0.17142857142857143,0.13043478260869565,0.0,Human_Astro::conversation_3540611_1747.csv::s11,9.883333333333333,58,41.969166666666666,1,baseline_returned
0.0,0.0,0.0,0.2222222222222222,0.0,0.0,0.2222222222222222,0.25,0.0,Human_Astro::conversation_3540611_1747.csv::s12,4.833333333333333,17,0.09722222222222222,1,baseline_returned
0.2,0.06666666666666667,0.13333333333333333,0.06666666666666667,0.0,0.0,0.3333333333333333,0.14285714285714285,0.0,Human_Astro::conversation_3540611_1747.csv::s13,4.983333333333333,22,0.18416666666666667,1,baseline_returned
0.25,0.0,0.08333333333333333,0.25,0.16666666666666666,0.0,0.0,0.0,0.0,Human_Astro::conversation_3540611_1747.csv::s14,1961.2166666666667,15,0.4097222222222222,1,baseline_returned
0.1111111111111111,0.1111111111111111,0.0,0.0,0.1111111111111111,0.0,0.0,0.0,0.0,Human_Astro::conversation_3540611_1747.csv::s15,12.766666666666667,13,,0,baseline_returned
0.0,0.0,0.0,0.0,0.0,0.0,0.0,-0.08571428571428572,0.0,Human_Astro::conversation_3547075_658.csv::s1,4.833333333333333,18,0.12027777777777778,1,baseline_returned
0.0,0.0,0.037037037037037035,0.18518518518518517,0.0,0.0,0.1111111111111111,-0.1565217391304348,0.0,Human_Astro::conversation_3547075_658.csv::s2,22.366666666666667,50,0.030555555555555555,1,baseline_returned
0.125,0.0,0.0,0.75,0.75,0.0,0.25,-0.3181818181818181,-0.3,Human_Astro::conversation_3547075_658.csv::s3,4.666666666666667,19,268.3147222222222,1,baseline_returned
0.0,0.0,0.0,1.0,0.25,0.0,0.25,-0.1857142857142857,0.0,Human_Astro::conversation_3547075_658.csv::s4,5.866666666666666,18,0.6805555555555556,1,baseline_returned
0.1,0.05,0.0,0.35,0.1,0.0,0.2,-0.037037037037037035,0.0,Human_Astro::conversation_3547075_658.csv::s5,13.9,47,41.75944444444445,1,baseline_returned
0.0,0.0,0.0,0.625,0.0625,0.0,0.0,-0.17391304347826084,-0.3,Human_Astro::conversation_3547075_658.csv::s6,9.983333333333333,39,0.11194444444444444,1,baseline_returned
0.07692307692307693,0.0,0.0,0.6923076923076923,0.07692307692307693,0.0,0.07692307692307693,-0.1,-0.5,Human_Astro::conversation_3547075_658.csv::s7,5.016666666666667,21,0.0077777777777777776,1,baseline_returned
0.0,0.0,0.0,0.4444444444444444,0.0,0.1111111111111111,0.0,-0.06,0.0,Human_Astro::conversation_3547075_658.csv::s8,4.85,14,0.08277777777777778,1,baseline_returned
0.0,0.0,0.0,0.5,0.0,0.0,0.0,-0.08571428571428572,-0.3,Human_Astro::conversation_3547075_658.csv::s9,33.0,49,,0,baseline_returned
0.0,0.0,0.0,0.09090909090909091,0.0,0.0,0.0,-0.17142857142857143,-0.3,Human_Astro::conversation_3552969_680.csv::s1,5.666666666666667,18,0.009722222222222222,1,baseline_returned
0.0,0.0,0.047619047619047616,0.5714285714285714,0.09523809523809523,0.0,0.23809523809523808,0.18333333333333335,0.0,Human_Astro::conversation_3552969_680.csv::s2,15.15,33,0.010277777777777778,1,baseline_returned
0.0,0.0,0.0,0.6,0.0,0.0,0.1,-0.1,0.0,Human_Astro::conversation_3552969_680.csv::s3,47.65,15,0.008055555555555555,1,baseline_returned
0.0,0.0,0.0,0.7142857142857143,0.0,0.0,0.14285714285714285,0.0,0.0,Human_Astro::conversation_3552969_680.csv::s4,32.9,14,0.05333333333333334,1,baseline_returned
0.0,0.3333333333333333,0.0,0.3333333333333333,0.0,0.0,0.0,-0.25,0.0,Human_Astro::conversation_3552969_680.csv::s5,16.216666666666665,9,0.0022222222222222222,1,baseline_returned
0.23529411764705882,0.17647058823529413,0.11764705882352941,0.23529411764705882,0.0,0.0,0.11764705882352941,0.4,1.0,Human_Astro::conversation_3552969_680.csv::s6,9.683333333333334,27,14.356388888888889,1,baseline_returned
0.14285714285714285,0.0,0.14285714285714285,0.14285714285714285,0.0,0.0,0.14285714285714285,0.25,-1.0,Human_Astro::conversation_3552969_680.csv::s7,6.366666666666666,15,10.811666666666667,1,baseline_returned
0.045454545454545456,0.0,0.09090909090909091,0.2727272727272727,0.0,0.0,0.2727272727272727,0.5333333333333333,0.0,Human_Astro::conversation_3552969_680.csv::s8,19.133333333333333,37,0.05527777777777778,1,baseline_returned
0.0,0.0,0.0,0.14285714285714285,0.0,0.0,0.0,0.6666666666666666,1.0,Human_Astro::conversation_3552969_680.csv::s9,61.6,13,0.04972222222222222,1,baseline_returned
0.0,0.0,0.0,0.3333333333333333,0.0,0.0,0.0,0.0,0.0,Human_Astro::conversation_3552969_680.csv::s10,9.9,5,11.392222222222221,1,baseline_returned
0.0,0.0,0.3333333333333333,0.3333333333333333,0.0,0.0,0.0,0.75,1.0,Human_Astro::conversation_3552969_680.csv::s11,9.616666666666667,10,,0,baseline_returned
0.04,0.0,0.0,0.48,0.04,0.0,0.24,0.07857142857142858,1.0,Human_Astro::conversation_3568670_1747.csv::s1,5.066666666666666,39,4.994722222222222,1,baseline_returned
0.07894736842105263,0.0,0.0,0.2631578947368421,0.05263157894736842,0.0,0.07894736842105263,0.03870967741935484,0.0,Human_Astro::conversation_3568670_1747.csv::s2,9.983333333333333,69,86.13861111111112,1,baseline_returned
0.01694915254237288,0.03389830508474576,0.0,0.3728813559322034,0.13559322033898305,0.01694915254237288,0.03389830508474576,-0.022448979591836737,0.0,Human_Astro::conversation_3568670_1747.csv::s3,52.666666666666664,108,0.07138888888888889,1,baseline_returned
0.08148148148148149,0.044444444444444446,0.0,0.1111111111111111,0.07407407407407407,0.007407407407407408,0.044444444444444446,0.021951219512195117,1.0,Human_Astro::conversation_3568670_1747.csv::s4,138.33333333333334,217,6.700555555555556,1,baseline_returned
0.1320754716981132,0.018867924528301886,0.03773584905660377,0.6886792452830188,0.11320754716981132,0.0,0.2169811320754717,0.06382978723404255,1.0,Human_Astro::conversation_3568670_1747.csv::s5,16.983333333333334,153,25.181944444444444,1,baseline_returned
0.2631578947368421,0.0,0.3157894736842105,0.3157894736842105,0.10526315789473684,0.0,0.0,-0.024999999999999998,0.0,Human_Astro::conversation_3568670_1747.csv::s6,5.0,31,14.328333333333333,1,baseline_returned
0.0625,0.0,0.125,0.0625,0.0625,0.0,0.0625,-0.075,0.0,Human_Astro::conversation_3568670_1747.csv::s7,4.816666666666666,40,0.7563888888888889,1,baseline_returned
0.0,0.0,0.0,0.125,0.3125,0.0,0.0,-0.09,0.0,Human_Astro::conversation_3568670_1747.csv::s8,4.0,26,1.1308333333333334,1,baseline_returned
0.125,0.0,0.0625,0.125,0.25,0.0,0.0,-0.049999999999999996,0.3,Human_Astro::conversation_3568670_1747.csv::s9,42.4,28,0.004722222222222222,1,baseline_returned
0.18181818181818182,0.2727272727272727,0.0,0.18181818181818182,0.0,0.0,0.18181818181818182,0.07777777777777778,1.0,Human_Astro::conversation_3568670_1747.csv::s10,41.733333333333334,20,4.4286111111111115,1,baseline_returned
0.0,0.0,0.0,0.06666666666666667,0.06666666666666667,0.0,0.0,-0.2,0.0,Human_Astro::conversation_3568670_1747.csv::s11,4.983333333333333,25,0.13527777777777777,1,baseline_returned
0.1935483870967742,0.03225806451612903,0.06451612903225806,0.1935483870967742,0.0,0.0,0.1935483870967742,-0.01875,0.0,Human_Astro::conversation_3568670_1747.csv::s12,4.966666666666667,47,24.428055555555556,1,baseline_returned
0.11764705882352941,0.058823529411764705,0.35294117647058826,0.058823529411764705,0.11764705882352941,0.0,0.29411764705882354,-1.3061447348531253e-17,0.0,Human_Astro::conversation_3568670_1747.csv::s13,1464.3,34,0.002777777777777778,1,baseline_returned
0.2777777777777778,0.1111111111111111,0.5,0.3333333333333333,0.05555555555555555,0.0,0.2222222222222222,0.11333333333333333,0.0,Human_Astro::conversation_3568670_1747.csv::s14,4.816666666666666,33,11.648055555555555,1,baseline_returned
0.06666666666666667,0.0,0.06666666666666667,0.5333333333333333,0.06666666666666667,0.0,0.06666666666666667,-0.21250000000000002,0.0,Human_Astro::conversation_3568670_1747.csv::s15,4.966666666666667,23,0.35555555555555557,1,baseline_returned
0.10526315789473684,0.05263157894736842,0.0,0.42105263157894735,0.10526315789473684,0.0,0.0,-0.12105263157894736,0.5,Human_Astro::conversation_3568670_1747.csv::s16,49.61666666666667,38,11.499444444444444,1,baseline_returned
0.058823529411764705,0.0,0.0,0.6470588235294118,0.23529411764705882,0.0,0.23529411764705882,0.06315789473684211,1.0,Human_Astro::conversation_3568670_1747.csv::s17,4.966666666666667,36,,0,baseline_returned
0.0,0.0,0.0,0.5714285714285714,0.07142857142857142,0.0,0.0,0.04666666666666666,0.0,Human_Astro::conversation_3596060_2005.csv::s1,7.083333333333333,29,0.04666666666666667,1,baseline_returned
0.13043478260869565,0.0,0.043478260869565216,0.4782608695652174,0.08695652173913043,0.0,0.30434782608695654,0.17916666666666667,0.0,Human_Astro::conversation_3596060_2005.csv::s2,9.95,47,0.04972222222222222,1,baseline_returned
0.1111111111111111,0.0,0.5555555555555556,0.4444444444444444,0.0,0.0,0.1111111111111111,0.3333333333333333,1.0,Human_Astro::conversation_3596060_2005.csv::s3,5.0,15,0.065,1,baseline_returned
0.15384615384615385,0.0,0.6153846153846154,0.6153846153846154,0.07692307692307693,0.0,0.46153846153846156,-0.26666666666666666,0.0,Human_Astro::conversation_3596060_2005.csv::s4,4.75,19,0.09111111111111111,1,baseline_returned
0.14285714285714285,0.0,0.7142857142857143,0.7142857142857143,0.14285714285714285,0.0,0.2857142857142857,-0.11000000000000001,0.0,Human_Astro::conversation_3596060_2005.csv::s5,4.883333333333334,17,0.06916666666666667,1,baseline_returned
0.0,0.0,0.5454545454545454,0.5454545454545454,0.0,0.0,0.0,0.2222222222222222,0.0,Human_Astro::conversation_3596060_2005.csv::s6,3.466666666666667,20,0.08805555555555555,1,baseline_returned
0.1,0.0,0.05,0.75,0.05,0.0,0.0,0.0,0.0,Human_Astro::conversation_3596060_2005.csv::s7,90.15,38,11.571111111111112,1,baseline_returned
0.13043478260869565,0.0,0.30434782608695654,0.6086956521739131,0.13043478260869565,0.0,0.0,-0.13125,0.0,Human_Astro::conversation_3596060_2005.csv::s8,8.866666666666667,39,0.2886111111111111,1,baseline_returned
0.13793103448275862,0.06896551724137931,0.034482758620689655,0.7931034482758621,0.1724137931034483,0.0,0.2413793103448276,-0.1789473684210526,-0.3,Human_Astro::conversation_3596060_2005.csv::s9,64.18333333333334,48,0.19944444444444445,1,baseline_returned
0.5714285714285714,0.14285714285714285,0.0,0.2857142857142857,0.0,0.0,0.2857142857142857,0.0,0.0,Human_Astro::conversation_3596060_2005.csv::s10,26.683333333333334,9,0.08055555555555556,1,baseline_returned
0.0,0.0,0.2,0.9,0.3,0.0,0.4,-0.2833333333333334,-0.3,Human_Astro::conversation_3596060_2005.csv::s11,10.55,16,0.12333333333333334,1,baseline_returned
0.15384615384615385,0.0,0.07692307692307693,0.15384615384615385,0.23076923076923078,0.0,0.23076923076923078,-0.325,-0.3,Human_Astro::conversation_3596060_2005.csv::s12,9.616666666666667,21,10.205277777777777,1,baseline_returned
0.07692307692307693,0.0,0.11538461538461539,0.11538461538461539,0.07692307692307693,0.0,0.11538461538461539,-0.27307692307692305,-1.0,Human_Astro::conversation_3596060_2005.csv::s13,10.0,52,,0,baseline_returned
0.08333333333333333,0.027777777777777776,0.0,0.5555555555555556,0.08333333333333333,0.0,0.05555555555555555,0.020588235294117647,0.0,Human_Astro::conversation_3607008_1041.csv::s1,15.233333333333333,70,4.553888888888889,1,baseline_returned
0.05555555555555555,0.0,0.2777777777777778,0.4444444444444444,0.05555555555555555,0.0,0.0,-0.04583333333333334,1.0,Human_Astro::conversation_3607008_1041.csv::s2,9.933333333333334,42,0.023333333333333334,1,baseline_returned
0.2222222222222222,0.0,0.0,0.5555555555555556,0.0,0.0,0.0,0.375,0.0,Human_Astro::conversation_3607008_1041.csv::s3,248.23333333333332,17,0.0011111111111111111,1,baseline_returned
0.42857142857142855,0.0,0.14285714285714285,0.7142857142857143,0.0,0.0,0.14285714285714285,-0.11000000000000001,-0.5,Human_Astro::conversation_3607008_1041.csv::s4,4.55,17,0.5352777777777777,1,baseline_returned
0.05555555555555555,0.0,0.05555555555555555,0.6666666666666666,0.05555555555555555,0.0,0.0,-0.11612903225806451,0.0,Human_Astro::conversation_3607008_1041.csv::s5,9.866666666666667,49,17.287777777777777,1,baseline_returned
0.0,0.0,0.0625,0.1875,0.1875,0.0,0.125,0.018518518518518514,0.7,Human_Astro::conversation_3607008_1041.csv::s6,13.833333333333334,43,0.03916666666666667,1,baseline_returned
0.041666666666666664,0.0,0.0,0.4583333333333333,0.041666666666666664,0.0,0.0,-0.07500000000000001,0.0,Human_Astro::conversation_3607008_1041.csv::s7,52.28333333333333,56,31.474722222222223,1,baseline_returned
0.13636363636363635,0.045454545454545456,0.0,0.22727272727272727,0.0,0.0,0.09090909090909091,0.4039999999999999,0.0,Human_Astro::conversation_3607008_1041.csv::s8,2822.35,47,0.0025,1,baseline_returned
0.16666666666666666,0.0,0.0,0.08333333333333333,0.08333333333333333,0.0,0.0,0.0,0.0,Human_Astro::conversation_3607008_1041.csv::s9,9.566666666666666,29,0.05361111111111111,1,baseline_returned
0.0,0.0,0.0,0.0,0.0,0.0,0.0,0.0,0.0,Human_Astro::conversation_3607008_1041.csv::s10,4.733333333333333,16,34.95777777777778,1,baseline_returned
0.14285714285714285,0.0,0.0,0.14285714285714285,0.0,0.0,0.0,0.0,0.0,Human_Astro::conversation_3607008_1041.csv::s11,4.6,15,,0,baseline_returned
0.14285714285714285,0.047619047619047616,0.0,0.047619047619047616,0.0,0.0,0.0,-0.1272727272727273,0.0,Human_Astro::conversation_3630862_1330.csv::s1,15.066666666666666,32,0.12166666666666667,1,baseline_returned
0.0,0.0,0.0,0.0,0.0,0.0,0.0,0.0,0.0,Human_Astro::conversation_3630862_1330.csv::s2,4.416666666666667,12,0.013055555555555556,1,baseline_returned
0.0,0.0,0.0,0.6,0.0,0.0,0.0,-0.16666666666666666,0.0,Human_Astro::conversation_3630862_1330.csv::s3,21.65,22,0.06027777777777778,1,baseline_returned
0.0,0.0,0.0,0.0,0.0,0.0,0.0,-0.049999999999999996,-0.3,Human_Astro::conversation_3630862_1330.csv::s4,9.833333333333334,14,0.006111111111111111,1,baseline_returned
0.0,0.0,0.0,0.75,0.0,0.0,0.0,-0.10833333333333334,0.0,Human_Astro::conversation_3630862_1330.csv::s5,9.166666666666666,24,0.01638888888888889,1,baseline_returned
0.0,0.2,0.06666666666666667,0.6666666666666666,0.0,0.0,0.13333333333333333,-0.05833333333333333,0.0,Human_Astro::conversation_3630862_1330.csv::s6,9.816666666666666,27,0.006111111111111111,1,baseline_returned
0.0,0.0,0.15384615384615385,0.8461538461538461,0.07692307692307693,0.0,0.15384615384615385,0.3368421052631579,1.0,Human_Astro::conversation_3630862_1330.csv::s7,8.866666666666667,32,0.021388888888888888,1,baseline_returned
0.0,0.4,0.6,0.2,0.0,0.0,0.1,0.0,0.0,Human_Astro::conversation_3630862_1330.csv::s8,5.0,14,0.11194444444444444,1,baseline_returned
0.0,0.0,0.26666666666666666,0.7333333333333333,0.0,0.0,0.0,-0.17727272727272725,0.0,Human_Astro::conversation_3630862_1330.csv::s9,34.68333333333333,37,0.011666666666666667,1,baseline_returned
0.0625,0.0,0.0,0.25,0.0,0.0,0.0625,0.3333333333333333,1.0,Human_Astro::conversation_3630862_1330.csv::s10,9.216666666666667,25,,0,baseline_returned
0.0,0.16666666666666666,0.0,0.0,0.0,0.0,0.0,0.6666666666666666,0.0,Human_Astro::conversation_3684647_765.csv::s1,4.316666666666666,12,0.12333333333333334,1,baseline_returned
0.0,0.0,0.1111111111111111,0.2222222222222222,0.0,0.0,0.0,0.6666666666666666,-1.0,Human_Astro::conversation_3684647_765.csv::s2,9.533333333333333,18,0.051666666666666666,1,baseline_returned
0.0,0.0,0.25,0.0,0.0,0.0,0.0,0.0,0.0,Human_Astro::conversation_3684647_765.csv::s3,3.6,6,0.21027777777777779,1,baseline_returned
0.0,0.046511627906976744,0.0,0.046511627906976744,0.06976744186046512,0.0,0.046511627906976744,0.01904761904761905,0.0,Human_Astro::conversation_3684647_765.csv::s4,104.43333333333334,85,0.025555555555555557,1,baseline_returned
0.25,0.0,0.0,0.75,0.0,0.0,0.0,0.0,0.0,Human_Astro::conversation_3684647_765.csv::s5,32.833333333333336,10,0.07194444444444445,1,baseline_returned
0.0,0.0,0.125,0.5,0.0,0.0,0.0,-0.06,0.0,Human_Astro::conversation_3684647_765.csv::s6,23.0,13,0.2388888888888889,1,baseline_returned
0.0,0.0,0.16666666666666666,0.3333333333333333,0.0,0.0,0.16666666666666666,0.0,0.0,Human_Astro::conversation_3684647_765.csv::s7,3.35,8,0.06388888888888888,1,baseline_returned
0.3,0.1,0.2,0.8,0.0,0.0,0.1,0.15833333333333333,1.0,Human_Astro::conversation_3684647_765.csv::s8,9.583333333333334,22,0.035277777777777776,1,baseline_returned
0.16666666666666666,0.0,0.3333333333333333,0.6666666666666666,0.0,0.0,0.0,1.0,0.0,Human_Astro::conversation_3684647_765.csv::s9,8.516666666666667,14,0.03944444444444444,1,baseline_returned
0.16666666666666666,0.0,0.3333333333333333,0.4166666666666667,0.0,0.0,0.0,-0.05,0.0,Human_Astro::conversation_3684647_765.csv::s10,13.566666666666666,22,0.10166666666666667,1,baseline_returned
0.0,0.0,0.3333333333333333,0.3333333333333333,0.0,0.0,0.0,0.25,0.0,Human_Astro::conversation_3684647_765.csv::s11,4.616666666666666,7,0.10111111111111111,1,baseline_returned
0.0,0.0,0.2222222222222222,0.6666666666666666,0.0,0.0,0.1111111111111111,0.25,0.0,Human_Astro::conversation_3684647_765.csv::s12,12.433333333333334,21,,0,baseline_returned
0.0,0.0,0.0,0.15384615384615385,0.0,0.0,0.0,-0.17142857142857143,0.0,Human_Astro::conversation_3712530_4320.csv::s1,4.983333333333333,20,0.17222222222222222,1,baseline_returned
0.0,0.0,0.0,0.0,0.0,0.0,0.0,-0.875,-1.0,Human_Astro::conversation_3712530_4320.csv::s2,8.316666666666666,16,0.06916666666666667,1,baseline_returned
0.0,0.0,0.0,0.18181818181818182,0.0,0.0,0.0,-0.5,0.0,Human_Astro::conversation_3712530_4320.csv::s3,8.3,19,0.0075,1,baseline_returned
0.0,0.0,0.0,0.0,0.0,0.0,0.0,0.0,0.0,Human_Astro::conversation_3712530_4320.csv::s4,0.0,1,0.09527777777777778,1,baseline_returned
0.0,0.058823529411764705,0.0,0.5294117647058824,0.17647058823529413,0.0,0.058823529411764705,0.06999999999999999,0.0,Human_Astro::conversation_3712530_4320.csv::s5,7.783333333333333,27,4.733888888888889,1,baseline_returned
0.0,0.0,0.0,0.25,0.0,0.0,0.0,0.0,0.0,Human_Astro::conversation_3712530_4320.csv::s6,7.35,17,0.3402777777777778,1,baseline_returned
0.05,0.0,0.0,0.5,0.2,0.0,0.05,-0.020000000000000004,1.0,Human_Astro::conversation_3712530_4320.csv::s7,11.066666666666666,35,13.979166666666666,1,baseline_returned
0.0,0.0,0.0,0.1111111111111111,0.0,0.0,0.0,-0.25555555555555554,-1.0,Human_Astro::conversation_3712530_4320.csv::s8,13.75,27,0.32861111111111113,1,baseline_returned
0.0,0.0,0.0,0.6666666666666666,0.0,0.0,0.0,0.0,0.0,Human_Astro::conversation_3712530_4320.csv::s9,2.2666666666666666,6,1.1675,1,baseline_returned
0.0,0.0,0.0,0.1,0.0,0.0,0.0,0.09090909090909091,0.0,Human_Astro::conversation_3712530_4320.csv::s10,6.9,21,52.72222222222222,1,baseline_returned
0.1,0.0,0.0,0.55,0.15,0.0,0.25,-0.049999999999999996,0.3,Human_Astro::conversation_3712530_4320.csv::s11,162.03333333333333,26,50.38333333333333,1,baseline_returned
0.0,0.0,0.0,0.0,0.0,0.0,0.0,-0.525,-1.0,Human_Astro::conversation_3712530_4320.csv::s12,5.416666666666667,10,24.12,1,baseline_returned
0.14285714285714285,0.0,0.0,0.14285714285714285,0.14285714285714285,0.0,0.14285714285714285,-0.1909090909090909,1.0,Human_Astro::conversation_3712530_4320.csv::s13,8.883333333333333,18,,0,baseline_returned
0.0,0.008064516129032258,0.0,0.12903225806451613,0.056451612903225805,0.0,0.04838709677419355,0.17222222222222222,1.0,Human_Astro::conversation_3753418_2788.csv::s1,66.85,160,2.1633333333333336,1,baseline_returned
0.016666666666666666,0.0,0.08333333333333333,0.5166666666666667,0.016666666666666666,0.0,0.016666666666666666,0.10588235294117646,0.0,Human_Astro::conversation_3753418_2788.csv::s2,42.833333333333336,94,20.409444444444443,1,baseline_returned
0.05,0.025,0.0,0.6666666666666666,0.041666666666666664,0.0,0.19166666666666668,0.05753424657534246,0.7,Human_Astro::conversation_3753418_2788.csv::s3,101.21666666666667,193,17.033055555555556,1,baseline_returned
0.0,0.04477611940298507,0.0,0.7089552238805971,0.13432835820895522,0.007462686567164179,0.23880597014925373,0.11264367816091955,1.0,Human_Astro::conversation_3753418_2788.csv::s4,83.25,221,2.4941666666666666,1,baseline_returned
0.03361344537815126,0.025210084033613446,0.0,0.4957983193277311,0.11764705882352941,0.0,0.25210084033613445,0.14791666666666667,0.0,Human_Astro::conversation_3753418_2788.csv::s5,50.583333333333336,167,70.7713888888889,1,baseline_returned
0.01818181818181818,0.01818181818181818,0.0,0.5636363636363636,0.1,0.02727272727272727,0.06363636363636363,-0.024242424242424242,1.0,Human_Astro::conversation_3753418_2788.csv::s6,62.46666666666667,176,1.0944444444444446,1,baseline_returned
0.0,0.0,0.0,0.0,0.1,0.0,0.55,-0.03,0.0,Human_Astro::conversation_3753418_2788.csv::s7,19.5,30,0.023333333333333334,1,baseline_returned
0.041666666666666664,0.0,0.20833333333333334,0.041666666666666664,0.08333333333333333,0.0,0.5833333333333334,0.05882352941176469,0.0,Human_Astro::conversation_3753418_2788.csv::s8,11.35,41,27.475,1,baseline_returned
0.0,0.16666666666666666,0.0,0.2,0.16666666666666666,0.0,0.13333333333333333,0.009677419354838705,0.0,Human_Astro::conversation_3753418_2788.csv::s9,21.866666666666667,68,16.251666666666665,1,baseline_returned
0.0273972602739726,0.0,0.0273972602739726,0.363013698630137,0.1095890410958904,0.0,0.15753424657534246,-0.06375,0.0,Human_Astro::conversation_3753418_2788.csv::s10,272.55,226,,0,baseline_returned
0.04225352112676056,0.014084507042253521,0.0,0.18309859154929578,0.11267605633802817,0.028169014084507043,0.07042253521126761,0.30166666666666664,1.0,Human_Astro::conversation_3761643_2353.csv::s1,0.0,1,0.0033333333333333335,1,baseline_returned
0.07692307692307693,0.0,0.07692307692307693,0.6153846153846154,0.07692307692307693,0.0,0.07692307692307693,-0.023809523809523808,0.0,Human_Astro::conversation_3761643_2353.csv::s2,70.76666666666667,131,0.014722222222222222,1,baseline_returned
0.0,0.0,0.0,0.7142857142857143,0.2857142857142857,0.0,0.2857142857142857,-0.15,0.0,Human_Astro::conversation_3761643_2353.csv::s3,19.966666666666665,47,0.115,1,baseline_returned
0.11764705882352941,0.0,0.0,0.47058823529411764,0.0,0.058823529411764705,0.11764705882352941,-0.1375,0.0,Human_Astro::conversation_3761643_2353.csv::s4,4.733333333333333,11,0.03805555555555556,1,baseline_returned
0.020202020202020204,0.0,0.0,0.5252525252525253,0.030303030303030304,0.020202020202020204,0.10101010101010101,0.03773584905660377,-0.3,Human_Astro::conversation_3761643_2353.csv::s5,10.05,25,0.2763888888888889,1,baseline_returned
0.0,0.0,0.0,0.21818181818181817,0.01818181818181818,0.0,0.0,0.1868421052631579,1.0,Human_Astro::conversation_3761643_2353.csv::s6,61.03333333333333,152,0.32,1,baseline_returned
0.058823529411764705,0.0,0.0,0.3333333333333333,0.13725490196078433,0.0,0.13725490196078433,0.03793103448275861,0.0,Human_Astro::conversation_3761643_2353.csv::s7,32.56666666666667,93,0.035,1,baseline_returned
0.011111111111111112,0.0,0.0,0.1,0.03333333333333333,0.0,0.022222222222222223,-0.05714285714285715,0.0,Human_Astro::conversation_3761643_2353.csv::s8,38.166666666666664,80,0.04555555555555556,1,baseline_returned
0.0,0.011111111111111112,0.03333333333333333,0.07777777777777778,0.044444444444444446,0.0,0.03333333333333333,-0.05357142857142857,0.0,Human_Astro::conversation_3761643_2353.csv::s9,1237.9,146,1.136388888888889,1,baseline_returned
0.020618556701030927,0.0,0.0,0.14432989690721648,0.08247422680412371,0.0,0.17525773195876287,-0.11774193548387096,0.0,Human_Astro::conversation_3761643_2353.csv::s10,277.73333333333335,207,0.03111111111111111,1,baseline_returned
0.0,0.0,0.023255813953488372,0.11627906976744186,0.0,0.0,0.0,-0.09534883720930233,0.0,Human_Astro::conversation_3761643_2353.csv::s11,793.15,159,6.054444444444444,1,baseline_returned
0.0,0.0,0.2,0.0,0.0,0.0,0.0,-0.10625,0.0,Human_Astro::conversation_3761643_2353.csv::s12,58.45,86,0.018055555555555554,1,baseline_returned
0.03508771929824561,0.03508771929824561,0.0,0.7017543859649122,0.07017543859649122,0.0,0.10526315789473684,-0.016129032258064516,0.0,Human_Astro::conversation_3761643_2353.csv::s13,29.8,26,0.008055555555555555,1,baseline_returned
0.16,0.0,0.0,0.76,0.2,0.0,0.16,-0.05833333333333333,0.0,Human_Astro::conversation_3761643_2353.csv::s14,190.61666666666667,212,14.48,1,baseline_returned
0.0,0.0,0.0,0.0,0.0,0.0,0.0,0.0,0.0,Human_Astro::conversation_3761643_2353.csv::s15,21.766666666666666,49,0.011666666666666667,1,baseline_returned
0.2727272727272727,0.0,0.45454545454545453,0.9090909090909091,0.2727272727272727,0.09090909090909091,0.09090909090909091,-0.1,0.0,Human_Astro::conversation_3761643_2353.csv::s16,0.0,1,0.07555555555555556,1,baseline_returned
0.0,0.0,0.0,0.3888888888888889,0.12222222222222222,0.0,0.06666666666666667,-0.021794871794871797,1.0,Human_Astro::conversation_3761643_2353.csv::s17,12.833333333333334,24,3.4563888888888887,1,baseline_returned
0.02127659574468085,0.0,0.0425531914893617,0.6382978723404256,0.1702127659574468,0.0,0.23404255319148937,-0.09999999999999999,0.0,Human_Astro::conversation_3761643_2353.csv::s18,289.8,168,9.170833333333333,1,baseline_returned
0.0425531914893617,0.02127659574468085,0.02127659574468085,0.0851063829787234,0.10638297872340426,0.0,0.06382978723404255,-0.08333333333333331,0.0,Human_Astro::conversation_3761643_2353.csv::s19,53.46666666666667,101,6.71,1,baseline_returned
0.10576923076923077,0.009615384615384616,0.0,0.8269230769230769,0.16346153846153846,0.009615384615384616,0.27884615384615385,-0.0692982456140351,0.0,Human_Astro::conversation_3761643_2353.csv::s20,1442.35,218,3.1766666666666667,1,baseline_returned
0.15625,0.0,0.0,0.8125,0.0625,0.0,0.28125,-0.07272727272727272,0.0,Human_Astro::conversation_3761643_2353.csv::s21,228.75,702,34.12638888888889,1,baseline_returned
0.15625,0.0,0.03125,0.5625,0.125,0.0,0.21875,-0.2636363636363636,-1.0,Human_Astro::conversation_3761643_2353.csv::s22,37.983333333333334,65,,0,baseline_returned
0.0,0.0,0.0,0.18181818181818182,0.0,0.0,0.0,-0.27,-0.8,Human_Astro::conversation_3775635_1691.csv::s1,6.983333333333333,21,50.795,1,baseline_returned
0.11023622047244094,0.007874015748031496,0.015748031496062992,0.023622047244094488,0.06299212598425197,0.0,0.0,0.019607843137254895,1.0,Human_Astro::conversation_3775635_1691.csv::s2,56.333333333333336,178,0.1975,1,baseline_returned
0.18823529411764706,0.0,0.0,0.4117647058823529,0.15294117647058825,0.0,0.11764705882352941,0.02666666666666667,0.0,Human_Astro::conversation_3775635_1691.csv::s3,1231.45,115,0.25583333333333336,1,baseline_returned
0.04477611940298507,0.014925373134328358,0.0,0.7014925373134329,0.07462686567164178,0.014925373134328358,0.11940298507462686,-0.12000000000000001,-1.0,Human_Astro::conversation_3775635_1691.csv::s4,47.45,102,23.118055555555557,1,baseline_returned
0.03389830508474576,0.0,0.1016949152542373,0.11864406779661017,0.05084745762711865,0.0,0.0847457627118644,-0.12424242424242424,0.0,Human_Astro::conversation_3775635_1691.csv::s5,82.95,92,0.010833333333333334,1,baseline_returned
0.05555555555555555,0.0,0.0,0.2222222222222222,0.3333333333333333,0.0,0.2222222222222222,-0.5538461538461538,0.0,Human_Astro::conversation_3775635_1691.csv::s6,33.96666666666667,31,0.17222222222222222,1,baseline_returned
0.0,0.0,0.0,0.06060606060606061,0.06060606060606061,0.0,0.12121212121212122,-0.4250000000000001,-1.0,Human_Astro::conversation_3775635_1691.csv::s7,24.966666666666665,61,0.09472222222222222,1,baseline_returned
0.031746031746031744,0.0,0.0,0.4444444444444444,0.2698412698412698,0.0,0.07936507936507936,-0.4522727272727272,0.0,Human_Astro::conversation_3775635_1691.csv::s8,103.0,107,0.35138888888888886,1,baseline_returned
0.1875,0.020833333333333332,0.0,0.75,0.10416666666666667,0.0,0.020833333333333332,-0.31428571428571433,0.0,Human_Astro::conversation_3775635_1691.csv::s9,66.66666666666667,90,19.7925,1,baseline_returned
0.0975609756097561,0.0,0.024390243902439025,0.5853658536585366,0.17073170731707318,0.0,0.0,-0.07391304347826087,-0.3,Human_Astro::conversation_3775635_1691.csv::s10,51.483333333333334,64,0.8183333333333334,1,baseline_returned
0.05,0.0,0.05,0.75,0.05,0.05,0.0,-0.18181818181818182,-0.8,Human_Astro::conversation_3775635_1691.csv::s11,13.983333333333333,42,0.0913888888888889,1,baseline_returned
0.0,0.0,0.0,0.7857142857142857,0.42857142857142855,0.0,0.0,-0.38,-1.0,Human_Astro::conversation_3775635_1691.csv::s12,49.93333333333333,39,0.10944444444444444,1,baseline_returned
0.05,0.0,0.0,0.55,0.15,0.0,0.1,-0.5125,-1.0,Human_Astro::conversation_3775635_1691.csv::s13,9.866666666666667,28,0.10111111111111111,1,baseline_returned
0.16666666666666666,0.0,0.08333333333333333,0.75,0.5833333333333334,0.0,0.25,-0.6956521739130437,-0.8,Human_Astro::conversation_3775635_1691.csv::s14,15.133333333333333,35,,0,baseline_returned
0.1,0.0,0.0,0.85,0.05,0.0,0.05,0.05384615384615384,1.0,Human_Astro::conversation_418962_1436.csv::s1,11.933333333333334,33,0.10305555555555555,1,baseline_returned
0.0,0.0,0.35714285714285715,0.7142857142857143,0.07142857142857142,0.0,0.2857142857142857,0.033333333333333326,0.0,Human_Astro::conversation_418962_1436.csv::s2,10.0,20,4.534722222222222,1,baseline_returned
0.14285714285714285,0.0,0.0,0.75,0.21428571428571427,0.0,0.32142857142857145,-0.19444444444444445,0.0,Human_Astro::conversation_418962_1436.csv::s3,5282.683333333333,46,0.0038888888888888888,1,baseline_returned
0.047619047619047616,0.0,0.14285714285714285,0.9047619047619048,0.047619047619047616,0.0,0.19047619047619047,-0.16470588235294117,0.0,Human_Astro::conversation_418962_1436.csv::s4,16.766666666666666,38,49.592777777777776,1,baseline_returned
0.08695652173913043,0.0,0.3695652173913043,0.08695652173913043,0.17391304347826086,0.043478260869565216,0.10869565217391304,-0.14705882352941177,-0.3,Human_Astro::conversation_418962_1436.csv::s5,29.45,80,51.75055555555556,1,baseline_returned
0.0,0.0,0.3333333333333333,0.0,0.1111111111111111,0.0,0.2222222222222222,-0.1142857142857143,0.0,Human_Astro::conversation_418962_1436.csv::s6,6.983333333333333,23,100.48472222222222,1,baseline_returned
0.5,0.0,0.0,0.0,0.0,0.0,0.0,0.0,0.0,Human_Astro::conversation_418962_1436.csv::s7,1.05,4,1.3002777777777779,1,baseline_returned
0.02702702702702703,0.0,0.1891891891891892,0.7297297297297297,0.16216216216216217,0.0,0.02702702702702703,-0.12,-1.0,Human_Astro::conversation_418962_1436.csv::s8,21.933333333333334,62,21.556944444444444,1,baseline_returned
0.09523809523809523,0.0,0.09523809523809523,0.9285714285714286,0.07142857142857142,0.0,0.07142857142857142,-0.007500000000000004,0.0,Human_Astro::conversation_418962_1436.csv::s9,2211.7833333333333,82,10.12,1,baseline_returned
0.18181818181818182,0.0,0.09090909090909091,0.0,0.2727272727272727,0.0,0.45454545454545453,-0.2222222222222222,-0.3,Human_Astro::conversation_418962_1436.csv::s10,9.616666666666667,29,26.828333333333333,1,baseline_returned
0.0,0.0,0.0,0.09090909090909091,0.0,0.0,0.36363636363636365,-0.05454545454545454,0.0,Human_Astro::conversation_418962_1436.csv::s11,5.016666666666667,22,35.751666666666665,1,baseline_returned
0.13793103448275862,0.0,0.20689655172413793,0.034482758620689655,0.1724137931034483,0.0,0.1724137931034483,-0.18823529411764706,0.0,Human_Astro::conversation_418962_1436.csv::s12,20.8,46,12.497222222222222,1,baseline_returned
0.0,0.0,0.0,0.13333333333333333,0.2,0.0,0.4,-0.2,-1.0,Human_Astro::conversation_418962_1436.csv::s13,11.983333333333333,26,17.00861111111111,1,baseline_returned
0.07692307692307693,0.0,0.07692307692307693,0.0,0.0,0.038461538461538464,0.19230769230769232,-0.03870967741935484,-0.3,Human_Astro::conversation_418962_1436.csv::s14,23.15,57,26.48472222222222,1,baseline_returned
0.058823529411764705,0.0,0.058823529411764705,0.11764705882352941,0.0,0.0,0.11764705882352941,-0.09473684210526317,0.0,Human_Astro::conversation_418962_1436.csv::s15,10.0,36,113.09027777777777,1,baseline_returned
0.058823529411764705,0.0,0.11764705882352941,0.058823529411764705,0.17647058823529413,0.0,0.0,-0.14090909090909087,-0.3,Human_Astro::conversation_418962_1436.csv::s16,12.716666666666667,39,4.075,1,baseline_returned
0.043478260869565216,0.0,0.08695652173913043,0.782608695652174,0.17391304347826086,0.0,0.30434782608695654,-0.1125,0.0,Human_Astro::conversation_418962_1436.csv::s17,19.933333333333334,47,,0,baseline_returned
0.10526315789473684,0.0,0.0,0.10526315789473684,0.05263157894736842,0.0,0.05263157894736842,-0.09444444444444446,-0.3,Human_Single::conversation_915999_60.csv::s1,10.866666666666667,37,84.36111111111111,1,baseline_returned
0.0,0.0,0.0,0.0,0.0,0.0,0.0,-0.12,0.0,Human_Single::conversation_915999_60.csv::s2,0.5666666666666667,9,3.245833333333333,1,baseline_returned
0.0,0.0,0.0,0.0,0.0,0.0,0.0,0.0,0.0,Human_Single::conversation_915999_60.csv::s3,0.0,1,,0,baseline_returned
0.0,0.0,0.0,0.17391304347826086,0.0,0.0,0.0,-0.016666666666666666,0.3,Human_Single::conversation_922772_1004.csv::s1,5.416666666666667,35,0.02666666666666667,1,baseline_returned
0.0,0.0,1.0,0.0,0.0,0.0,0.0,-0.3,-0.8,Human_Single::conversation_922772_1004.csv::s2,4.483333333333333,12,0.06444444444444444,1,baseline_returned
0.0,0.0,0.0,0.0,0.0,0.0,0.0,0.0,0.0,Human_Single::conversation_922772_1004.csv::s3,0.0,1,0.4666666666666667,1,baseline_returned
0.0,0.0,0.0,0.0,0.0,0.0,0.0,0.0,0.0,Human_Single::conversation_922772_1004.csv::s4,0.0,1,,0,baseline_returned
0.0,0.0,0.0,0.0,0.0,0.0,0.0,0.0,0.0,Human_Single::conversation_924306_1947.csv::s1,4.733333333333333,19,0.03666666666666667,1,baseline_returned
0.0,0.0,0.2,0.2,0.0,0.0,0.1,0.0,0.0,Human_Single::conversation_924306_1947.csv::s2,1625.5333333333333,17,0.034166666666666665,1,baseline_returned
0.0,0.0,0.125,0.25,0.0,0.0,0.125,0.125,1.0,Human_Single::conversation_924306_1947.csv::s3,5.016666666666667,16,,0,baseline_returned
0.0,0.0,0.0,0.46153846153846156,0.23076923076923078,0.0,0.07692307692307693,-0.509090909090909,0.0,Human_Single::conversation_924427_1283.csv::s1,8.716666666666667,24,0.004722222222222222,1,baseline_returned
0.0,0.0,0.0,0.0,0.0,0.0,0.0,-0.06,0.0,Human_Single::conversation_924427_1283.csv::s2,2884.1,8,0.17527777777777778,1,baseline_returned
0.0,0.0,0.0,0.0,0.0,0.0,0.0,0.0,0.0,Human_Single::conversation_924427_1283.csv::s3,0.0,1,,0,baseline_returned
0.0,0.0,0.0,0.625,0.0,0.0,0.125,-0.22000000000000003,-0.3,Human_Single::conversation_971120_1297.csv::s1,4.766666666666667,18,0.06055555555555556,1,baseline_returned
0.0,0.0,0.0,0.5714285714285714,0.0,0.0,0.0,-0.25,-0.5,Human_Single::conversation_971120_1297.csv::s2,1.6333333333333333,11,0.006666666666666667,1,baseline_returned
0.0,0.0,0.0,0.0,0.0,0.0,0.0,0.0,0.0,Human_Single::conversation_971120_1297.csv::s3,0.0,1,,0,baseline_returned
0.08333333333333333,0.08333333333333333,0.0,0.0,0.0,0.0,0.08333333333333333,-0.024999999999999998,0.0,Human_Single::conversation_1014545_1300.csv::s1,5.933333333333334,24,,0,baseline_not_returned
0.058823529411764705,0.0,0.0,0.17647058823529413,0.11764705882352941,0.0,0.0,-0.16296296296296295,-0.3,Human_Single::conversation_1028497_4.csv::s1,13.95,44,,0,baseline_not_returned
0.0,0.0,0.0,0.0,0.0,0.0,0.0,0.0,0.0,Human_Single::conversation_1058261_2236.csv::s1,0.0,1,,0,baseline_not_returned
0.10526315789473684,0.0,0.0,0.05263157894736842,0.0,0.0,0.0,0.038461538461538464,0.0,Human_Single::conversation_1279776_4.csv::s1,61.5,32,,0,baseline_not_returned
0.0,0.0,0.0,0.0,0.0,0.0,0.0,0.0,0.0,Human_Single::conversation_1348732_1411.csv::s1,0.0,1,,0,baseline_not_returned
0.0,0.0,0.0,0.0,0.0,0.0,0.0,0.0,0.0,Human_Single::conversation_1389813_2387.csv::s1,0.0,1,,0,baseline_not_returned
0.034482758620689655,0.0,0.0,0.20689655172413793,0.0,0.0,0.034482758620689655,-0.024999999999999998,0.0,Human_Single::conversation_1393970_340.csv::s1,13.65,41,,0,baseline_not_returned
0.0,0.0,0.0,0.0,0.0,0.0,0.0,0.0,0.0,Human_Single::conversation_1444546_752.csv::s1,0.0,1,,0,baseline_not_returned
0.0,0.0,0.0,0.0,0.0,0.0,0.0,0.0,0.0,Human_Single::conversation_1489500_2569.csv::s1,0.0,1,,0,baseline_not_returned
0.0,0.0,0.0,0.0,0.0,0.0,0.25,0.0,0.0,Human_Single::conversation_1496235_2530.csv::s1,2020.3,22,,0,baseline_not_returned
0.0,0.0,0.0,0.0,0.0,0.0,0.0,0.0,0.0,Human_Single::conversation_174849_732.csv::s1,0.0,1,,0,baseline_not_returned
0.0,0.058823529411764705,0.0,0.4117647058823529,0.0,0.0,0.0,-0.012000000000000002,-1.0,Human_Single::conversation_244875_4.csv::s1,2071.3166666666666,42,,0,baseline_not_returned
0.0,0.0,0.0,0.0,0.0,0.0,0.0,0.0,0.0,Human_Single::conversation_438355_752.csv::s1,0.0,1,,0,baseline_not_returned
0.0,0.0,0.0,0.0,0.0,0.0,0.0,0.0,0.0,Human_Single::conversation_484081_723.csv::s1,0.0,1,,0,baseline_not_returned
0.0,0.0,0.0,0.0,0.0,0.0,0.0,0.0,0.0,Human_Single::conversation_656390_1004.csv::s1,0.0,1,,0,baseline_not_returned
0.0,0.0,0.0,0.0,0.0,0.0,0.0,0.0,0.0,Human_Single::conversation_695474_168.csv::s1,0.0,1,,0,baseline_not_returned
0.0,0.0,0.0,0.0,0.0,0.0,0.0,0.0,0.0,Human_Single::conversation_711508_1960.csv::s1,0.0,1,,0,baseline_not_returned
1.0,0.0,0.0,0.0,0.0,0.0,0.0,0.0,0.0,Human_Single::conversation_722590_2387.csv::s1,8.55,2,,0,baseline_not_returned
0.0,0.0,0.0,0.6875,0.0,0.0,0.0,0.0,0.0,Human_Single::conversation_742410_1961.csv::s1,5.316666666666666,44,,0,baseline_not_returned
0.0,0.0,0.0,0.8048780487804879,0.12195121951219512,0.0,0.04878048780487805,-0.10571428571428572,0.0,Human_Single::conversation_807936_1947.csv::s1,17.966666666666665,76,,0,baseline_not_returned
0.0,0.0,0.0,0.0,0.0,0.0,0.0,0.0,0.0,Human_Single::conversation_814390_2129.csv::s1,0.0,1,,0,baseline_not_returned
0.0,0.0,0.0,0.0,0.0,0.0,0.0,0.0,0.0,Human_Single::conversation_821993_752.csv::s1,0.0,1,,0,baseline_not_returned
0.1,0.0,0.0,0.7,0.1,0.0,0.4,-0.125,0.0,Human_Single::conversation_824271_2078.csv::s1,10.766666666666667,14,,0,baseline_not_returned
0.0,0.0,0.0,0.3125,0.0,0.0,0.0,-0.058823529411764705,-1.0,Human_Single::conversation_833669_4.csv::s1,23456.566666666666,33,,0,baseline_not_returned
0.0,0.0,0.0,0.0,0.0,0.0,0.0,0.0,0.0,Human_Single::conversation_878151_821.csv::s1,0.0,1,,0,baseline_not_returned
0.058823529411764705,0.20588235294117646,0.0,0.7352941176470589,0.14705882352941177,0.0,0.29411764705882354,0.1285714285714286,1.0,Sitara-1::conversation_1253527_4336.csv::s1,9.766666666666667,62,103.74722222222222,1,Sitara-1
0.0,0.16666666666666666,0.8333333333333334,0.6666666666666666,0.0,0.0,0.0,0.0,0.0,Sitara-1::conversation_1253527_4336.csv::s2,1.2166666666666666,12,,0,Sitara-1
0.06382978723404255,0.0425531914893617,0.0,0.5319148936170213,0.06382978723404255,0.0,0.2127659574468085,-0.09090909090909091,0.0,Sitara-1::conversation_135007_4336.csv::s1,14.983333333333333,91,,0,Sitara-1
0.16666666666666666,0.0,0.0,0.4444444444444444,0.05555555555555555,0.0,0.2777777777777778,-0.05999999999999999,0.0,Sitara-1::conversation_1802400_4336.csv::s1,6.65,33,0.015555555555555555,1,Sitara-1
0.05555555555555555,0.05555555555555555,0.0,0.0,0.16666666666666666,0.0,0.3333333333333333,-0.1,0.0,Sitara-1::conversation_1802400_4336.csv::s2,5.1,36,,0,Sitara-1
0.140625,0.0,0.0,0.09375,0.0,0.015625,0.09375,-0.015999999999999997,1.0,Sitara-1::conversation_182120_4336.csv::s1,24.783333333333335,114,7.255,1,Sitara-1
0.10526315789473684,0.0,0.0,0.15789473684210525,0.10526315789473684,0.0,0.21052631578947367,-0.08125,0.0,Sitara-1::conversation_182120_4336.csv::s2,4.833333333333333,35,0.01861111111111111,1,Sitara-1
0.08333333333333333,0.25,0.08333333333333333,0.4166666666666667,0.0,0.0,0.0,-0.19166666666666665,-1.0,Sitara-1::conversation_182120_4336.csv::s3,4.766666666666667,24,27.53527777777778,1,Sitara-1
0.2,0.0,0.2,0.5,0.0,0.0,0.0,-0.14444444444444446,-1.0,Sitara-1::conversation_182120_4336.csv::s4,3.25,19,,0,Sitara-1
0.07608695652173914,0.043478260869565216,0.0,0.9130434782608695,0.18478260869565216,0.0,0.5543478260869565,-0.09318181818181817,0.0,Sitara-1::conversation_2139311_4336.csv::s1,0.0,1,,0,Sitara-1
0.1,0.0,0.0,0.8,0.05,0.0,0.15,0.39285714285714285,0.0,Sitara-1::conversation_2586574_4336.csv::s1,5.116666666666666,34,0.03777777777777778,1,Sitara-1
0.0,0.0625,0.125,0.75,0.375,0.0625,0.1875,0.21333333333333335,0.0,Sitara-1::conversation_2586574_4336.csv::s2,4.933333333333334,31,,0,Sitara-1
0.2,0.0,0.0,0.8666666666666667,0.26666666666666666,0.0,0.26666666666666666,0.23333333333333334,1.0,Sitara-1::conversation_2682414_4336.csv::s1,5.066666666666666,30,0.036944444444444446,1,Sitara-1
0.15384615384615385,0.0,0.15384615384615385,0.8461538461538461,0.15384615384615385,0.0,0.23076923076923078,-0.009090909090909089,0.0,Sitara-1::conversation_2682414_4336.csv::s2,5.0,24,12.5925,1,Sitara-1
0.13636363636363635,0.045454545454545456,0.0,0.5454545454545454,0.13636363636363635,0.0,0.13636363636363635,0.40454545454545454,1.0,Sitara-1::conversation_2682414_4336.csv::s3,10.15,44,,0,Sitara-1
0.15217391304347827,0.0,0.0,0.8260869565217391,0.15217391304347827,0.021739130434782608,0.2826086956521739,0.3022727272727273,0.0,Sitara-1::conversation_2912362_4336.csv::s1,20.983333333333334,90,,0,Sitara-1
0.0,0.0,0.0,0.96875,0.40625,0.0,0.40625,-0.26666666666666666,-0.3,Sitara-1::conversation_3026913_4336.csv::s1,5.766666666666667,62,,0,Sitara-1
0.08,0.06,0.0,0.84,0.04,0.0,0.18,-0.10600000000000001,0.0,Sitara-1::conversation_3027647_4336.csv::s1,23.166666666666668,100,,0,Sitara-1
0.024390243902439025,0.07317073170731707,0.0,0.9512195121951219,0.36585365853658536,0.024390243902439025,0.07317073170731707,-0.05365853658536584,0.7,Sitara-1::conversation_3078083_4336.csv::s1,14.533333333333333,82,0.009166666666666667,1,Sitara-1
0.0,0.25,0.4166666666666667,0.5833333333333334,0.25,0.0,0.0,-0.15,-0.5,Sitara-1::conversation_3078083_4336.csv::s2,3.45,22,,0,Sitara-1
0.25,0.0,0.0,0.9375,0.1875,0.0,0.125,-0.03571428571428571,0.7,Sitara-1::conversation_3123002_4336.csv::s1,4.983333333333333,30,0.049444444444444444,1,Sitara-1
0.25,0.0,0.0,0.8125,0.125,0.0,0.25,0.24374999999999997,1.0,Sitara-1::conversation_3123002_4336.csv::s2,5.183333333333334,32,,0,Sitara-1
0.10344827586206896,0.034482758620689655,0.0,0.896551724137931,0.20689655172413793,0.0,0.13793103448275862,0.35,1.0,Sitara-1::conversation_3126894_4336.csv::s1,5.066666666666666,55,,0,Sitara-1
0.1111111111111111,0.05555555555555555,0.0,0.6111111111111112,0.1111111111111111,0.0,0.16666666666666666,0.09166666666666666,0.0,Sitara-1::conversation_3143252_4336.csv::s1,4.916666666666667,30,0.03361111111111111,1,Sitara-1
0.027777777777777776,0.16666666666666666,0.0,0.4722222222222222,0.0,0.0,0.027777777777777776,0.13666666666666666,0.0,Sitara-1::conversation_3143252_4336.csv::s2,10.0,66,,0,Sitara-1
0.034482758620689655,0.06896551724137931,0.0,0.5862068965517241,0.10344827586206896,0.0,0.27586206896551724,-0.11904761904761904,0.0,Sitara-1::conversation_3146919_4336.csv::s1,8.95,50,0.015833333333333335,1,Sitara-1
0.0,0.175,0.0,0.825,0.075,0.0,0.1,0.08965517241379312,-1.0,Sitara-1::conversation_3146919_4336.csv::s2,10.083333333333334,69,,0,Sitara-1
0.15384615384615385,0.07692307692307693,0.0,1.0,0.0,0.0,0.0,0.3333333333333333,1.0,Sitara-1::conversation_3151823_4336.csv::s1,0.7333333333333333,4,0.017222222222222222,1,Sitara-1
0.0625,0.0,0.375,0.875,0.0625,0.0,0.125,0.2533333333333333,-0.3,Sitara-1::conversation_3151823_4336.csv::s2,5.733333333333333,28,0.02361111111111111,1,Sitara-1
0.0625,0.0,0.0,0.0,0.0625,0.0,0.0,0.4,0.0,Sitara-1::conversation_3151823_4336.csv::s3,5.283333333333333,31,,0,Sitara-1
0.0,0.0,0.0,0.5833333333333334,0.16666666666666666,0.0,0.16666666666666666,0.21818181818181817,1.0,Sitara-1::conversation_3152344_4336.csv::s1,4.683333333333334,23,0.075,1,Sitara-1
0.058823529411764705,0.11764705882352941,0.23529411764705882,0.5882352941176471,0.029411764705882353,0.0,0.14705882352941177,0.5378378378378378,1.0,Sitara-1::conversation_3152344_4336.csv::s2,15.166666666666666,71,,0,Sitara-1
0.0,0.0,0.0,0.75,0.375,0.5,0.0,-0.2,-0.8,Sitara-1::conversation_3188492_4336.csv::s1,4.816666666666666,39,,0,Sitara-1
0.041666666666666664,0.08333333333333333,0.0,0.75,0.125,0.0,0.20833333333333334,0.09565217391304348,0.0,Sitara-1::conversation_3238192_4336.csv::s1,9.9,47,,0,Sitara-1
0.0625,0.0625,0.0,0.625,0.1875,0.0,0.0,0.024999999999999998,1.0,Sitara-1::conversation_3264411_4336.csv::s1,5.05,32,0.021666666666666667,1,Sitara-1
0.0625,0.0,0.1875,0.5,0.125,0.0,0.25,0.26666666666666666,0.0,Sitara-1::conversation_3264411_4336.csv::s2,5.016666666666667,31,,0,Sitara-1
0.1,0.03333333333333333,0.0,0.9,0.1,0.0,0.0,0.14193548387096774,-0.3,Sitara-1::conversation_3271307_4336.csv::s1,15.0,61,0.26666666666666666,1,Sitara-1
0.08333333333333333,0.0,0.5833333333333334,0.9166666666666666,0.08333333333333333,0.08333333333333333,0.0,0.06363636363636363,1.0,Sitara-1::conversation_3271307_4336.csv::s2,5.05,23,,0,Sitara-1
0.11764705882352941,0.058823529411764705,0.0,0.7647058823529411,0.23529411764705882,0.0,0.11764705882352941,0.16,1.0,Sitara-1::conversation_3305426_4336.csv::s1,5.183333333333334,32,,0,Sitara-1
0.07142857142857142,0.17857142857142858,0.0,0.6071428571428571,0.03571428571428571,0.0,0.07142857142857142,0.07916666666666666,0.0,Sitara-1::conversation_3323468_4336.csv::s1,8.8,52,47.778055555555554,1,Sitara-1
0.02857142857142857,0.15714285714285714,0.014285714285714285,0.7142857142857143,0.12857142857142856,0.014285714285714285,0.2,0.325,0.0,Sitara-1::conversation_3323468_4336.csv::s2,22.2,134,20.496944444444445,1,Sitara-1
0.0,0.0,0.3333333333333333,0.6666666666666666,0.3333333333333333,0.16666666666666666,0.0,-0.875,0.0,Sitara-1::conversation_3323468_4336.csv::s3,4.833333333333333,10,0.006388888888888889,1,Sitara-1
0.14285714285714285,0.0,0.07142857142857142,0.6428571428571429,0.14285714285714285,0.0,0.21428571428571427,-0.5071428571428571,-1.0,Sitara-1::conversation_3323468_4336.csv::s4,8.583333333333334,28,,0,Sitara-1
0.04054054054054054,0.0,0.0,0.8243243243243243,0.0945945945945946,0.013513513513513514,0.12162162162162163,0.1552238805970149,0.0,Sitara-1::conversation_3355847_4336.csv::s1,25.05,141,,0,Sitara-1
0.07142857142857142,0.023809523809523808,0.0,0.8333333333333334,0.11904761904761904,0.0,0.21428571428571427,-0.043589743589743594,1.0,Sitara-1::conversation_3355943_4336.csv::s1,14.85,81,,0,Sitara-1
0.08333333333333333,0.0,0.0,0.8333333333333334,0.027777777777777776,0.0,0.3333333333333333,0.05199999999999999,0.0,Sitara-1::conversation_3370211_4336.csv::s1,5.916666666666667,61,,0,Sitara-1
0.15,0.1,0.0,0.55,0.05,0.0,0.0,0.10526315789473684,0.0,Sitara-1::conversation_3400356_4336.csv::s1,6.983333333333333,39,0.003611111111111111,1,Sitara-1
0.15,0.05,0.35,0.725,0.15,0.0,0.2,0.2473684210526316,0.0,Sitara-1::conversation_3400356_4336.csv::s2,14.85,78,,0,Sitara-1
0.03225806451612903,0.03225806451612903,0.0,0.0,0.22580645161290322,0.0,0.1935483870967742,-0.18484848484848485,0.0,Sitara-1::conversation_3411029_4336.csv::s1,14.5,64,,0,Sitara-1
0.0,0.0,0.0,0.375,0.125,0.0,0.0,-0.075,0.0,Sitara-1::conversation_3429656_4336.csv::s1,4.8,28,0.03138888888888889,1,Sitara-1
0.05555555555555555,0.1111111111111111,0.2222222222222222,0.16666666666666666,0.0,0.0,0.1111111111111111,0.13076923076923078,-0.3,Sitara-1::conversation_3429656_4336.csv::s2,5.1,31,,0,Sitara-1
0.1111111111111111,0.1111111111111111,0.0,0.8888888888888888,0.0,0.0,0.0,-0.03333333333333333,-0.5,Sitara-1::conversation_3436054_4336.csv::s1,46.45,69,,0,Sitara-1
0.14705882352941177,0.0,0.0,0.8235294117647058,0.058823529411764705,0.029411764705882353,0.08823529411764706,0.04827586206896552,0.0,Sitara-1::conversation_3458672_4336.csv::s1,10.116666666666667,63,,0,Sitara-1
0.06451612903225806,0.0,0.0,0.6129032258064516,0.1935483870967742,0.0,0.16129032258064516,-0.14285714285714285,-0.8,Sitara-1::conversation_3460955_4336.csv::s1,4.966666666666667,45,,0,Sitara-1
0.16,0.04,0.0,0.88,0.08,0.0,0.08,0.3090909090909091,-0.5,Sitara-1::conversation_3465322_4336.csv::s1,4.9,47,,0,Sitara-1
0.09090909090909091,0.21212121212121213,0.0,0.48484848484848486,0.12121212121212122,0.030303030303030304,0.2727272727272727,0.27931034482758627,0.0,Sitara-1::conversation_3470700_4336.csv::s1,12.366666666666667,62,21.12638888888889,1,Sitara-1
0.14285714285714285,0.014285714285714285,0.04285714285714286,0.9857142857142858,0.11428571428571428,0.04285714285714286,0.35714285714285715,-0.20416666666666666,-0.5,Sitara-1::conversation_3470700_4336.csv::s2,37.68333333333333,142,,0,Sitara-1
0.2,0.04,0.0,0.8,0.2,0.0,0.12,-0.08333333333333333,-0.3,Sitara-1::conversation_3473359_4336.csv::s1,4.95,43,,0,Sitara-1
0.03125,0.09375,0.0,0.875,0.0,0.0,0.0,0.0625,-0.5,Sitara-1::conversation_3481489_4336.csv::s1,4.833333333333333,56,,0,Sitara-1
0.11764705882352941,0.0,0.0,0.7058823529411765,0.4117647058823529,0.0,0.058823529411764705,-0.05999999999999999,0.0,Sitara-1::conversation_3485899_4336.csv::s1,4.983333333333333,32,0.23472222222222222,1,Sitara-1
0.21428571428571427,0.0,0.0,0.14285714285714285,0.14285714285714285,0.0,0.0,0.18666666666666665,0.0,Sitara-1::conversation_3485899_4336.csv::s2,6.966666666666667,29,,0,Sitara-1
0.08888888888888889,0.044444444444444446,0.0,0.17777777777777778,0.3111111111111111,0.022222222222222223,0.13333333333333333,0.14615384615384616,1.0,Sitara-1::conversation_3499907_4336.csv::s1,14.2,84,,0,Sitara-1
0.23809523809523808,0.047619047619047616,0.0,0.047619047619047616,0.19047619047619047,0.0,0.19047619047619047,0.36315789473684207,-0.3,Sitara-1::conversation_3539097_4336.csv::s1,4.733333333333333,40,3.068611111111111,1,Sitara-1
0.3,0.3,0.3,0.0,0.0,0.0,0.1,0.36363636363636365,-1.0,Sitara-1::conversation_3539097_4336.csv::s2,2.6166666666666667,21,91.31666666666666,1,Sitara-1
0.08695652173913043,0.043478260869565216,0.08695652173913043,0.21739130434782608,0.0,0.0,0.21739130434782608,0.5772727272727273,-0.3,Sitara-1::conversation_3539097_4336.csv::s3,7.3,45,,0,Sitara-1
0.08333333333333333,0.041666666666666664,0.0,0.4583333333333333,0.16666666666666666,0.0,0.25,-0.2,-1.0,Sitara-1::conversation_3541968_4336.csv::s1,9.95,43,0.03111111111111111,1,Sitara-1
0.1,0.0,0.0,0.7333333333333333,0.13333333333333333,0.0,0.4,-0.264,-0.3,Sitara-1::conversation_3541968_4336.csv::s2,9.983333333333333,55,,0,Sitara-1
0.07272727272727272,0.21818181818181817,0.0,0.6545454545454545,0.14545454545454545,0.0,0.14545454545454545,0.01875,0.0,Sitara-1::conversation_3542954_4336.csv::s1,19.516666666666666,103,5.275277777777778,1,Sitara-1
0.05128205128205128,0.02564102564102564,0.05128205128205128,0.07692307692307693,0.1794871794871795,0.02564102564102564,0.41025641025641024,0.1625,1.0,Sitara-1::conversation_3542954_4336.csv::s2,10.083333333333334,71,9.294444444444444,1,Sitara-1
0.0,0.15384615384615385,0.11538461538461539,0.0,0.038461538461538464,0.0,0.15384615384615385,-0.03793103448275863,-0.8,Sitara-1::conversation_3542954_4336.csv::s3,9.433333333333334,55,,0,Sitara-1
0.0,0.0,0.0,0.8,0.04,0.0,0.16,-0.11599999999999999,0.0,Sitara-1::conversation_3543871_4336.csv::s1,5.133333333333334,50,,0,Sitara-1
0.09090909090909091,0.0,0.0,0.6818181818181818,0.0,0.0,0.09090909090909091,0.07333333333333332,1.0,Sitara-1::conversation_3546001_4336.csv::s1,4.766666666666667,37,0.41333333333333333,1,Sitara-1
0.0,0.0,0.0,0.6,0.0,0.0,0.0,-0.16666666666666666,-0.5,Sitara-1::conversation_3546001_4336.csv::s2,1.2333333333333334,8,,0,Sitara-1
0.0,0.0,0.0,0.8333333333333334,0.125,0.0,0.25,0.06842105263157895,0.0,Sitara-1::conversation_3547345_4336.csv::s1,5.416666666666667,43,0.09444444444444444,1,Sitara-1
0.0,0.0,0.0,0.8421052631578947,0.0,0.0,0.15789473684210525,0.0875,0.0,Sitara-1::conversation_3547345_4336.csv::s2,5.166666666666667,35,0.09972222222222223,1,Sitara-1
0.0,0.0,0.25,0.5833333333333334,0.0,0.0,0.0,-0.03,-0.3,Sitara-1::conversation_3547345_4336.csv::s3,3.95,22,,0,Sitara-1
0.14285714285714285,0.0,0.0,0.6428571428571429,0.14285714285714285,0.0,0.0,-0.049999999999999996,-0.3,Sitara-1::conversation_3552080_4336.csv::s1,5.016666666666667,26,0.03638888888888889,1,Sitara-1
0.21428571428571427,0.0,0.5714285714285714,0.6428571428571429,0.0,0.0,0.07142857142857142,0.018181818181818177,0.0,Sitara-1::conversation_3552080_4336.csv::s2,5.233333333333333,25,,0,Sitara-1
0.0,0.0,0.0,0.7894736842105263,0.10526315789473684,0.0,0.0,0.10526315789473684,1.0,Sitara-1::conversation_3555463_4336.csv::s1,4.9,38,0.01861111111111111,1,Sitara-1
0.043478260869565216,0.043478260869565216,0.043478260869565216,0.6521739130434783,0.0,0.0,0.043478260869565216,-0.05909090909090909,-0.3,Sitara-1::conversation_3555463_4336.csv::s2,4.933333333333334,45,,0,Sitara-1
0.1,0.0,0.0,0.8,0.15,0.0,0.0,-0.03,0.0,Sitara-1::conversation_3556062_4336.csv::s1,4.6,40,0.034722222222222224,1,Sitara-1
0.05555555555555555,0.0,0.3888888888888889,0.6111111111111112,0.0,0.0,0.1111111111111111,-0.045,0.0,Sitara-1::conversation_3556062_4336.csv::s2,4.933333333333334,38,,0,Sitara-1
0.14754098360655737,0.21311475409836064,0.0,0.5737704918032787,0.11475409836065574,0.0,0.16393442622950818,0.19531249999999997,0.0,Sitara-1::conversation_3557997_4336.csv::s1,20.733333333333334,125,0.0016666666666666668,1,Sitara-1
0.14102564102564102,0.1794871794871795,0.0,0.6794871794871795,0.05128205128205128,0.0,0.20512820512820512,0.06142857142857142,-0.3,Sitara-1::conversation_3557997_4336.csv::s2,16.883333333333333,148,,0,Sitara-1
0.05263157894736842,0.05263157894736842,0.0,0.7894736842105263,0.10526315789473684,0.0,0.3157894736842105,0.038461538461538464,-1.0,Sitara-1::conversation_3561703_4336.csv::s1,5.2,32,0.02277777777777778,1,Sitara-1
0.0,0.07692307692307693,0.0,0.7692307692307693,0.07692307692307693,0.0,0.3076923076923077,0.4625,1.0,Sitara-1::conversation_3561703_4336.csv::s2,5.0,29,,0,Sitara-1
0.0,0.0,0.0,0.9583333333333334,0.08333333333333333,0.041666666666666664,0.20833333333333334,-0.04285714285714285,1.0,Sitara-1::conversation_3565128_4336.csv::s1,4.95,45,0.015833333333333335,1,Sitara-1
0.05128205128205128,0.0,0.0,0.358974358974359,0.1282051282051282,0.0,0.23076923076923078,0.15,1.0,Sitara-1::conversation_3565128_4336.csv::s2,9.95,69,,0,Sitara-1
0.04,0.0,0.0,0.72,0.28,0.0,0.32,-0.05294117647058824,0.0,Sitara-1::conversation_3567422_4336.csv::s1,18.65,42,0.005555555555555556,1,Sitara-1
0.06666666666666667,0.0,0.26666666666666666,0.6666666666666666,0.26666666666666666,0.06666666666666667,0.13333333333333333,0.06666666666666667,0.0,Sitara-1::conversation_3567422_4336.csv::s2,8.4,27,,0,Sitara-1
0.125,0.0,0.0,0.75,0.125,0.0,0.0625,0.045454545454545456,1.0,Sitara-1::conversation_3569286_4336.csv::s1,4.833333333333333,27,,0,Sitara-1
0.1111111111111111,0.07407407407407407,0.0,0.6666666666666666,0.18518518518518517,0.0,0.18518518518518517,0.19166666666666665,1.0,Sitara-1::conversation_3573213_4336.csv::s1,9.016666666666667,51,,0,Sitara-1
0.012987012987012988,0.025974025974025976,0.0,0.8051948051948052,0.22077922077922077,0.0,0.3116883116883117,-0.001492537313432833,-0.3,Sitara-1::conversation_3574193_4336.csv::s1,10.116666666666667,144,,0,Sitara-1
0.024390243902439025,0.0,0.0,0.7317073170731707,0.17073170731707318,0.0,0.24390243902439024,-0.12258064516129032,1.0,Sitara-1::conversation_3576263_4336.csv::s1,10.033333333333333,72,,0,Sitara-1
0.08695652173913043,0.0,0.0,0.9130434782608695,0.13043478260869565,0.0,0.043478260869565216,0.09259259259259257,1.0,Sitara-1::conversation_3577422_4336.csv::s1,5.083333333333333,50,,0,Sitara-1
0.0,0.0,0.0,0.75,0.5,0.0,0.0,-0.09999999999999999,0.0,Sitara-1::conversation_3577598_4336.csv::s1,3.066666666666667,7,19.973333333333333,1,Sitara-1
0.0,0.0,0.0,0.0,0.3684210526315789,0.0,0.05263157894736842,0.2117647058823529,-0.3,Sitara-1::conversation_3577598_4336.csv::s2,5.95,36,,0,Sitara-1
0.10526315789473684,0.0,0.0,0.05263157894736842,0.10526315789473684,0.0,0.0,-0.12352941176470589,-0.3,Sitara-1::conversation_3577798_4336.csv::s1,4.683333333333334,36,0.035277777777777776,1,Sitara-1
0.04878048780487805,0.17073170731707318,0.04878048780487805,0.0,0.04878048780487805,0.0,0.0,-0.02121212121212121,0.0,Sitara-1::conversation_3577798_4336.csv::s2,10.133333333333333,74,,0,Sitara-1
0.06349206349206349,0.031746031746031744,0.0,0.7619047619047619,0.09523809523809523,0.0,0.20634920634920634,0.1738095238095238,1.0,Sitara-1::conversation_3577987_4336.csv::s1,20.15,105,,0,Sitara-1
0.14634146341463414,0.0,0.0,0.9512195121951219,0.12195121951219512,0.0,0.07317073170731707,-0.09285714285714285,-1.0,Sitara-1::conversation_3580611_4336.csv::s1,15.0,83,,0,Sitara-1
0.058823529411764705,0.0,0.0,0.9215686274509803,0.45098039215686275,0.0,0.19607843137254902,-0.24600000000000002,0.0,Sitara-1::conversation_3582827_4336.csv::s1,19.983333333333334,101,,0,Sitara-1
0.09523809523809523,0.0,0.0,0.9047619047619048,0.2857142857142857,0.0,0.14285714285714285,0.021739130434782608,0.0,Sitara-1::conversation_3583157_4336.csv::s1,6.016666666666667,44,0.016944444444444446,1,Sitara-1
0.03225806451612903,0.0,0.0,0.7096774193548387,0.0967741935483871,0.0,0.16129032258064516,0.4789473684210526,1.0,Sitara-1::conversation_3583157_4336.csv::s2,10.15,69,,0,Sitara-1
0.0,0.0,0.0,0.9,0.1,0.0,0.2,0.2125,1.0,Sitara-1::conversation_3583564_4336.csv::s1,4.75,18,0.005833333333333334,1,Sitara-1
0.07142857142857142,0.03571428571428571,0.14285714285714285,0.6785714285714286,0.0,0.0,0.17857142857142858,0.2733333333333333,0.5,Sitara-1::conversation_3583564_4336.csv::s2,10.0,58,,0,Sitara-1
0.0967741935483871,0.06451612903225806,0.0,0.41935483870967744,0.12903225806451613,0.0,0.22580645161290322,0.303125,1.0,Sitara-1::conversation_3592610_4336.csv::s1,18.9,63,,0,Sitara-1
0.0,0.0,0.0,0.4666666666666667,0.13333333333333333,0.0,0.13333333333333333,0.2,-0.3,Sitara-1::conversation_3597138_4336.csv::s1,5.233333333333333,29,0.47805555555555557,1,Sitara-1
0.06666666666666667,0.0,0.2,0.9333333333333333,0.13333333333333333,0.0,0.4,0.3,1.0,Sitara-1::conversation_3597138_4336.csv::s2,5.133333333333334,30,,0,Sitara-1
0.11764705882352941,0.0,0.0,0.17647058823529413,0.5882352941176471,0.0,0.058823529411764705,-0.1857142857142857,-0.3,Sitara-1::conversation_3600598_4336.csv::s1,5.483333333333333,31,0.08,1,Sitara-1
0.03125,0.0625,0.03125,0.03125,0.25,0.0,0.15625,-0.09999999999999998,1.0,Sitara-1::conversation_3600598_4336.csv::s2,10.066666666666666,61,,0,Sitara-1
0.14285714285714285,0.07142857142857142,0.0,0.14285714285714285,0.2857142857142857,0.0,0.07142857142857142,-0.13333333333333333,0.0,Sitara-1::conversation_3600765_4336.csv::s1,5.8,26,0.01638888888888889,1,Sitara-1
0.125,0.125,0.25,0.0625,0.125,0.0625,0.0625,0.09375,0.0,Sitara-1::conversation_3600765_4336.csv::s2,5.333333333333333,32,0.013888888888888888,1,Sitara-1
0.17647058823529413,0.0,0.0,0.058823529411764705,0.058823529411764705,0.0,0.058823529411764705,-0.4466666666666666,-0.8,Sitara-1::conversation_3600765_4336.csv::s3,7.616666666666666,32,,0,Sitara-1
0.08163265306122448,0.04081632653061224,0.0,0.32653061224489793,0.1836734693877551,0.0,0.3673469387755102,-0.11071428571428572,-0.3,Sitara-1::conversation_3607679_4336.csv::s1,15.133333333333333,105,,0,Sitara-1
0.08333333333333333,0.0,0.0,0.16666666666666666,0.16666666666666666,0.0,0.08333333333333333,-0.08888888888888889,-0.5,Sitara-1::conversation_3608753_4336.csv::s1,5.066666666666666,21,0.001388888888888889,1,Sitara-1
0.047619047619047616,0.0,0.047619047619047616,0.47619047619047616,0.047619047619047616,0.0,0.0,0.05833333333333333,0.0,Sitara-1::conversation_3608753_4336.csv::s2,9.066666666666666,45,,0,Sitara-1
0.04,0.0,0.0,0.64,0.0,0.0,0.0,-0.016000000000000004,0.0,Sitara-1::conversation_3609689_4336.csv::s1,10.033333333333333,50,,0,Sitara-1
0.14285714285714285,0.07142857142857142,0.0,0.6428571428571429,0.0,0.0,0.07142857142857142,0.0,0.0,Sitara-1::conversation_3609751_4336.csv::s1,4.633333333333334,27,0.035,1,Sitara-1
0.0,0.0,1.0,0.0,0.0,0.0,0.0,0.0,0.0,Sitara-1::conversation_3609751_4336.csv::s2,0.11666666666666667,2,0.11027777777777778,1,Sitara-1
0.08,0.08,0.0,0.4,0.08,0.0,0.12,-0.024000000000000004,0.0,Sitara-1::conversation_3609751_4336.csv::s3,10.016666666666667,50,,0,Sitara-1
0.1875,0.0,0.0,0.8125,0.125,0.0,0.0,0.1176470588235294,1.0,Sitara-1::conversation_3611235_4336.csv::s1,4.733333333333333,33,0.03611111111111111,1,Sitara-1
0.041666666666666664,0.020833333333333332,0.041666666666666664,0.8541666666666666,0.16666666666666666,0.0,0.25,0.30196078431372547,0.0,Sitara-1::conversation_3611235_4336.csv::s2,15.2,99,,0,Sitara-1
0.05263157894736842,0.07894736842105263,0.0,0.4473684210526316,0.07894736842105263,0.0,0.02631578947368421,-0.0763157894736842,0.0,Sitara-1::conversation_3612597_4336.csv::s1,19.25,76,,0,Sitara-1
0.14285714285714285,0.0,0.0,0.7142857142857143,0.047619047619047616,0.0,0.0,0.18571428571428572,0.0,Sitara-1::conversation_3615408_4336.csv::s1,11.466666666666667,42,,0,Sitara-1
0.07142857142857142,0.0,0.0,0.5714285714285714,0.07142857142857142,0.0,0.07142857142857142,0.2125,1.0,Sitara-1::conversation_3621169_4336.csv::s1,5.6,26,,0,Sitara-1
0.09523809523809523,0.0,0.0,0.11904761904761904,0.07142857142857142,0.0,0.11904761904761904,0.135,0.0,Sitara-1::conversation_3622058_4336.csv::s1,15.066666666666666,82,,0,Sitara-1
0.13333333333333333,0.0,0.0,0.2,0.2,0.0,0.2,-0.10909090909090909,0.0,Sitara-1::conversation_3626523_4336.csv::s1,0.0,1,0.0016666666666666668,1,Sitara-1
0.0,0.0,0.0,0.375,0.0,0.0,0.0625,-0.0375,0.0,Sitara-1::conversation_3626523_4336.csv::s2,4.733333333333333,26,6.631666666666667,1,Sitara-1
0.125,0.0,0.0,0.0625,0.0,0.0,0.0,-0.031249999999999997,-0.3,Sitara-1::conversation_3626523_4336.csv::s3,4.933333333333334,32,,0,Sitara-1
0.1111111111111111,0.037037037037037035,0.0,0.0,0.14814814814814814,0.0,0.2222222222222222,-0.03928571428571428,-0.3,Sitara-1::conversation_3627551_4336.csv::s1,9.9,55,,0,Sitara-1
0.0,0.0,0.0,0.0,0.15384615384615385,0.15384615384615385,0.0,-0.16428571428571428,-1.0,Sitara-1::conversation_3628759_4336.csv::s1,4.666666666666667,26,,0,Sitara-1
0.06818181818181818,0.0,0.0,0.09090909090909091,0.045454545454545456,0.0,0.13636363636363635,0.2595238095238095,1.0,Sitara-1::conversation_3628786_4336.csv::s1,10.066666666666666,86,0.025277777777777777,1,Sitara-1
0.045454545454545456,0.0,0.2727272727272727,0.3181818181818182,0.045454545454545456,0.0,0.3181818181818182,0.46842105263157896,1.0,Sitara-1::conversation_3628786_4336.csv::s2,5.016666666666667,41,,0,Sitara-1
0.0,0.0,0.0,0.7647058823529411,0.11764705882352941,0.0,0.17647058823529413,0.14,-0.3,Sitara-1::conversation_3629097_4336.csv::s1,5.0,32,0.07583333333333334,1,Sitara-1
0.06451612903225806,0.06451612903225806,0.06451612903225806,0.8387096774193549,0.12903225806451613,0.0,0.16129032258064516,0.490625,1.0,Sitara-1::conversation_3629097_4336.csv::s2,10.033333333333333,63,,0,Sitara-1
0.1111111111111111,0.05555555555555555,0.0,0.5555555555555556,0.1388888888888889,0.0,0.19444444444444445,-0.1,1.0,Sitara-1::conversation_3630142_4336.csv::s1,915.6,70,,0,Sitara-1
0.11764705882352941,0.17647058823529413,0.0,0.5882352941176471,0.17647058823529413,0.0,0.11764705882352941,-0.0062500000000000056,0.0,Sitara-1::conversation_3630452_4336.csv::s1,4.866666666666666,33,0.03944444444444444,1,Sitara-1
0.03571428571428571,0.0,0.0,0.5357142857142857,0.0,0.03571428571428571,0.03571428571428571,-0.06206896551724138,-0.5,Sitara-1::conversation_3630452_4336.csv::s2,7.766666666666667,57,,0,Sitara-1
0.10714285714285714,0.0,0.0,0.7142857142857143,0.10714285714285714,0.0,0.03571428571428571,0.06296296296296296,0.0,Sitara-1::conversation_3633289_4336.csv::s1,4.916666666666667,55,,0,Sitara-1
0.06451612903225806,0.0,0.0,0.5806451612903226,0.25806451612903225,0.03225806451612903,0.0,-0.20344827586206898,-0.5,Sitara-1::conversation_3635399_4336.csv::s1,9.05,60,,0,Sitara-1
0.10344827586206896,0.0,0.0,0.8620689655172413,0.10344827586206896,0.0,0.1724137931034483,-0.021428571428571436,0.0,Sitara-1::conversation_3638627_4336.csv::s1,10.783333333333333,57,,0,Sitara-1
0.06666666666666667,0.06666666666666667,0.0,0.6,0.2,0.0,0.0,0.15384615384615385,1.0,Sitara-1::conversation_3638635_4336.csv::s1,4.3,28,0.014444444444444444,1,Sitara-1
0.05,0.05,0.1,0.6,0.05,0.0,0.0,0.391304347826087,0.0,Sitara-1::conversation_3638635_4336.csv::s2,8.0,43,,0,Sitara-1
0.02040816326530612,0.0,0.0,0.9387755102040817,0.30612244897959184,0.0,0.22448979591836735,0.21428571428571425,0.7,Sitara-1::conversation_3641432_4336.csv::s1,10.766666666666667,98,,0,Sitara-1
0.037037037037037035,0.0,0.0,0.8148148148148148,0.2962962962962963,0.037037037037037035,0.1111111111111111,0.014814814814814812,0.0,Sitara-1::conversation_3645304_4336.csv::s1,10.066666666666666,54,,0,Sitara-1
0.14285714285714285,0.0,0.0,0.9285714285714286,0.2857142857142857,0.0,0.2857142857142857,-0.07692307692307693,0.0,Sitara-1::conversation_3650268_4336.csv::s1,5.15,19,,0,Sitara-1
0.0,0.0,0.0,0.9166666666666666,0.16666666666666666,0.0,0.0,-0.15833333333333335,0.0,Sitara-1::conversation_3650536_4336.csv::s1,5.5,24,0.06472222222222222,1,Sitara-1
0.1,0.0,0.4,0.9,0.2,0.0,0.2,-0.1,0.0,Sitara-1::conversation_3650536_4336.csv::s2,4.65,21,,0,Sitara-1
0.0,0.0,0.0,0.0,0.6666666666666666,0.0,0.09523809523809523,-0.17368421052631575,-0.3,Sitara-1::conversation_3662855_4336.csv::s1,14.766666666666667,40,,0,Sitara-1
0.0,0.0,0.0,0.07407407407407407,0.48148148148148145,0.0,0.14814814814814814,-0.075,0.0,Sitara-1::conversation_3663533_4336.csv::s1,5.283333333333333,51,,0,Sitara-1
0.0,0.06896551724137931,0.0,0.10344827586206896,0.3448275862068966,0.0,0.0,-0.13846153846153847,0.0,Sitara-1::conversation_3663916_4336.csv::s1,0.0,1,,0,Sitara-1
0.2,0.02857142857142857,0.0,0.6571428571428571,0.11428571428571428,0.02857142857142857,0.08571428571428572,0.23055555555555557,1.0,Sitara-1::conversation_723109_4336.csv::s1,19.95,71,,0,Sitara-1
0.0851063829787234,0.10638297872340426,0.0,0.40425531914893614,0.06382978723404255,0.0,0.1276595744680851,0.3891891891891892,1.0,Sitara-1::conversation_806869_4336.csv::s1,15.15,84,,0,Sitara-1
0.16666666666666666,0.1388888888888889,0.0,0.6111111111111112,0.027777777777777776,0.0,0.08333333333333333,0.052000000000000005,-0.5,Sitara-1::conversation_888636_4336.csv::s1,8.133333333333333,61,,0,Sitara-1
0.09090909090909091,0.0,0.0,0.7272727272727273,0.045454545454545456,0.0,0.045454545454545456,0.55,1.0,Sitara-1::conversation_905636_4336.csv::s1,5.033333333333333,36,0.11833333333333333,1,Sitara-1
0.07575757575757576,0.030303030303030304,0.16666666666666666,0.7575757575757576,0.09090909090909091,0.015151515151515152,0.07575757575757576,0.06976744186046512,1.0,Sitara-1::conversation_905636_4336.csv::s2,15.016666666666667,109,,0,Sitara-1
0.07142857142857142,0.0,0.0,0.4642857142857143,0.03571428571428571,0.0,0.07142857142857142,0.1,-0.3,Sitara-1::conversation_959130_4336.csv::s1,4.9,49,0.016666666666666666,1,Sitara-1
0.125,0.08333333333333333,0.125,0.625,0.041666666666666664,0.0,0.125,-0.02857142857142857,0.0,Sitara-1::conversation_959130_4336.csv::s2,4.85,45,,0,Sitara-1
0.045454545454545456,0.0,0.0,0.8636363636363636,0.09090909090909091,0.0,0.045454545454545456,0.08181818181818182,1.0,Sitara-1::conversation_972065_4336.csv::s1,5.016666666666667,44,,0,Sitara-1
0.04878048780487805,0.0,0.0,0.5853658536585366,0.0975609756097561,0.0,0.2926829268292683,-0.1941176470588235,-0.3,Sitara-2::conversation_1147079_4336.csv::s1,5.083333333333333,58,,0,Sitara-2
0.16666666666666666,0.3333333333333333,0.0,0.7777777777777778,0.05555555555555555,0.0,0.16666666666666666,0.21818181818181817,-1.0,Sitara-2::conversation_1396719_4336.csv::s1,4.783333333333333,22,,0,Sitara-2
0.0,0.0,0.0,0.6363636363636364,0.045454545454545456,0.0,0.3181818181818182,-0.04285714285714286,0.0,Sitara-2::conversation_1860417_4336.csv::s1,5.083333333333333,36,,0,Sitara-2
0.2222222222222222,0.3333333333333333,0.0,0.14814814814814814,0.0,0.0,0.0,-0.07692307692307693,0.0,Sitara-2::conversation_1879424_4336.csv::s1,4.8,40,,0,Sitara-2
0.24,0.08,0.0,0.24,0.08,0.08,0.0,-0.1769230769230769,-0.5,Sitara-2::conversation_1898618_4336.csv::s1,5.016666666666667,38,,0,Sitara-2
0.0,0.08,0.0,0.24,0.12,0.0,0.04,-0.16363636363636364,0.3,Sitara-2::conversation_2092151_4336.csv::s1,0.0,1,,0,Sitara-2
0.045454545454545456,0.0,0.0,0.9090909090909091,0.09090909090909091,0.0,0.045454545454545456,0.5625,1.0,Sitara-2::conversation_2397152_4336.csv::s1,4.866666666666666,38,,0,Sitara-2
0.13043478260869565,0.0,0.0,0.9565217391304348,0.21739130434782608,0.0,0.5652173913043478,0.06363636363636363,-0.3,Sitara-2::conversation_3157764_4336.csv::s1,4.9,45,0.015555555555555555,1,Sitara-2
0.037037037037037035,0.037037037037037035,0.2222222222222222,0.6666666666666666,0.07407407407407407,0.0,0.2962962962962963,0.14,0.7,Sitara-2::conversation_3157764_4336.csv::s2,4.933333333333334,52,,0,Sitara-2
0.21739130434782608,0.08695652173913043,0.0,0.6086956521739131,0.0,0.0,0.08695652173913043,0.5133333333333333,0.0,Sitara-2::conversation_3160815_4336.csv::s1,4.85,38,,0,Sitara-2
0.0625,0.125,0.0,0.6875,0.0625,0.0,0.3125,0.49090909090909096,1.0,Sitara-2::conversation_3400476_4336.csv::s1,4.683333333333334,27,0.07583333333333334,1,Sitara-2
0.04,0.08,0.04,0.76,0.0,0.0,0.16,0.5388888888888889,0.0,Sitara-2::conversation_3400476_4336.csv::s2,10.183333333333334,43,,0,Sitara-2
0.0,0.06666666666666667,0.0,0.8,0.13333333333333333,0.0,0.06666666666666667,-0.02307692307692308,1.0,Sitara-2::conversation_3413532_4336.csv::s1,5.416666666666667,28,940.2813888888888,1,Sitara-2
0.1111111111111111,0.0,0.0,0.28888888888888886,0.022222222222222223,0.022222222222222223,0.08888888888888889,0.7749999999999999,1.0,Sitara-2::conversation_3413532_4336.csv::s2,9.916666666666666,81,,0,Sitara-2
0.021739130434782608,0.021739130434782608,0.0,0.5217391304347826,0.06521739130434782,0.043478260869565216,0.30434782608695654,0.39999999999999997,0.0,Sitara-2::conversation_3600087_4336.csv::s1,2431.0333333333333,80,0.001388888888888889,1,Sitara-2
0.01282051282051282,0.5384615384615384,0.0,0.7948717948717948,0.08974358974358974,0.0,0.10256410256410256,0.3484375,-1.0,Sitara-2::conversation_3600087_4336.csv::s2,24.816666666666666,142,,0,Sitara-2
0.09523809523809523,0.0,0.0,0.14285714285714285,0.0,0.0,0.0,0.5909090909090909,-1.0,Sitara-2::conversation_360686_4336.csv::s1,4.65,32,,0,Sitara-2
0.12121212121212122,0.0,0.0,0.21212121212121213,0.0,0.0,0.06060606060606061,0.06470588235294118,1.0,Sitara-2::conversation_3846434_4336.csv::s1,3.5,50,,0,Sitara-2
0.043478260869565216,0.043478260869565216,0.0,0.13043478260869565,0.0,0.0,0.043478260869565216,0.4428571428571429,1.0,Sitara-2::conversation_3922798_4336.csv::s1,3.9166666666666665,37,,0,Sitara-2
0.26666666666666666,0.0,0.0,0.13333333333333333,0.3111111111111111,0.0,0.13333333333333333,-0.05,0.0,Sitara-2::conversation_4027814_4336.csv::s1,9.4,77,,0,Sitara-2
0.11764705882352941,0.20588235294117646,0.0,0.11764705882352941,0.0,0.0,0.0,0.06,1.0,Sitara-2::conversation_4031241_4336.csv::s1,13.216666666666667,59,,0,Sitara-2
0.05555555555555555,0.05555555555555555,0.0,0.5555555555555556,0.05555555555555555,0.0,0.5,0.11333333333333333,0.0,Sitara-2::conversation_4048877_4336.csv::s1,0.08333333333333333,2,,0,Sitara-2
0.12,0.0,0.0,0.72,0.0,0.0,0.56,0.26521739130434785,1.0,Sitara-2::conversation_4185968_4336.csv::s1,4.916666666666667,48,,0,Sitara-2
0.0,0.03333333333333333,0.0,0.6,0.0,0.03333333333333333,0.1,0.17647058823529413,1.0,Sitara-2::conversation_4318987_4336.csv::s1,4.8,47,,0,Sitara-2
0.21875,0.125,0.0,0.6875,0.03125,0.0,0.0625,0.08695652173913043,-0.5,Sitara-2::conversation_4403950_4336.csv::s1,12.75,55,16.944166666666668,1,Sitara-2
0.1875,0.0,0.25,0.6875,0.0625,0.0,0.0,-0.05,0.0,Sitara-2::conversation_4403950_4336.csv::s2,6.983333333333333,26,,0,Sitara-2
0.0,0.08,0.0,0.6,0.12,0.04,0.16,-0.41538461538461535,0.0,Sitara-2::conversation_4613992_4336.csv::s1,4.95,38,,0,Sitara-2
0.15384615384615385,0.07692307692307693,0.0,0.46153846153846156,0.038461538461538464,0.0,0.038461538461538464,0.10526315789473684,0.0,Sitara-2::conversation_4676678_4336.csv::s1,4.983333333333333,45,,0,Sitara-2
0.043478260869565216,0.34782608695652173,0.0,0.6956521739130435,0.0,0.0,0.17391304347826086,0.2285714285714286,0.0,Sitara-2::conversation_4692098_4336.csv::s1,4.916666666666667,37,,0,Sitara-2
0.03571428571428571,0.5,0.0,0.6785714285714286,0.03571428571428571,0.0,0.03571428571428571,0.2777777777777778,1.0,Sitara-2::conversation_4802466_4336.csv::s1,5.883333333333334,46,,0,Sitara-2
0.125,0.041666666666666664,0.0,0.20833333333333334,0.0,0.0,0.08333333333333333,-0.1,1.0,Sitara-2::conversation_5133396_4336.csv::s1,4.85,34,,0,Sitara-2
0.0,0.0,0.0,0.6363636363636364,0.13636363636363635,0.0,0.5909090909090909,-0.17777777777777778,-1.0,Sitara-2::conversation_5152309_4336.csv::s1,4.316666666666666,40,,0,Sitara-2
0.08333333333333333,0.0,0.0,0.4166666666666667,0.0,0.0,0.125,0.10625,-1.0,Sitara-2::conversation_5156256_4336.csv::s1,5.016666666666667,40,,0,Sitara-2
0.0,0.1,0.0,0.15,0.05,0.0,0.0,0.07058823529411765,1.0,Sitara-2::conversation_5156703_4336.csv::s1,6.983333333333333,37,,0,Sitara-2
0.04,0.24,0.0,0.12,0.08,0.0,0.12,0.09166666666666667,1.0,Sitara-2::conversation_5156709_4336.csv::s1,4.166666666666667,37,,0,Sitara-2
0.0,0.34285714285714286,0.0,0.2,0.0,0.0,0.0,0.3,1.0,Sitara-2::conversation_5158599_4336.csv::s1,15.8,54,,0,Sitara-2
0.06451612903225806,0.25806451612903225,0.0,0.41935483870967744,0.22580645161290322,0.0,0.0967741935483871,-0.09999999999999999,-0.3,Sitara-2::conversation_5160856_4336.csv::s1,4.933333333333334,48,,0,Sitara-2
0.10256410256410256,0.05128205128205128,0.0,0.6153846153846154,0.02564102564102564,0.0,0.02564102564102564,-0.109375,0.0,Sitara-2::conversation_5161092_4336.csv::s1,5.0,71,,0,Sitara-2
0.041666666666666664,0.041666666666666664,0.0,0.2916666666666667,0.041666666666666664,0.0,0.0,-0.12142857142857144,1.0,Sitara-2::conversation_5161202_4336.csv::s1,4.883333333333334,38,,0,Sitara-2
0.0625,0.0,0.0,0.5,0.0625,0.0625,0.0,-0.030000000000000006,0.0,Sitara-2::conversation_5162157_4336.csv::s1,4.583333333333333,26,,0,Sitara-2
0.03571428571428571,0.35714285714285715,0.0,0.42857142857142855,0.0,0.0,0.0,0.05555555555555555,1.0,Sitara-2::conversation_5166849_4336.csv::s1,5.033333333333333,46,,0,Sitara-2
0.045454545454545456,0.13636363636363635,0.0,0.5454545454545454,0.045454545454545456,0.045454545454545456,0.0,-0.58,-0.8,Sitara-2::conversation_5167954_4336.csv::s1,5.116666666666666,37,,0,Sitara-2
0.1111111111111111,0.07407407407407407,0.0,0.7407407407407407,0.07407407407407407,0.0,0.3333333333333333,0.004166666666666666,1.0,Sitara-2::conversation_5168464_4336.csv::s1,4.883333333333334,51,,0,Sitara-2
0.047619047619047616,0.047619047619047616,0.0,0.9047619047619048,0.047619047619047616,0.0,0.19047619047619047,-0.16923076923076924,0.0,Sitara-2::conversation_5169327_4336.csv::s1,4.783333333333333,34,,0,Sitara-2
0.10344827586206896,0.06896551724137931,0.0,0.6896551724137931,0.0,0.034482758620689655,0.1724137931034483,0.03333333333333333,0.0,Sitara-2::conversation_5178039_4336.csv::s1,5.133333333333334,44,,0,Sitara-2
0.0,0.30434782608695654,0.0,0.13043478260869565,0.0,0.0,0.043478260869565216,0.5647058823529413,1.0,Sitara-2::conversation_5179243_4336.csv::s1,4.716666666666667,40,,0,Sitara-2
0.07142857142857142,0.07142857142857142,0.0,0.07142857142857142,0.42857142857142855,0.0,0.42857142857142855,-0.009090909090909089,-0.3,Sitara-2::conversation_5181346_4336.csv::s1,4.9,25,0.16083333333333333,1,Sitara-2
0.15,0.125,0.125,0.5,0.3,0.025,0.275,0.020833333333333332,-1.0,Sitara-2::conversation_5181346_4336.csv::s2,10.033333333333333,64,,0,Sitara-2
0.07142857142857142,0.07142857142857142,0.0,0.2857142857142857,0.21428571428571427,0.0,0.07142857142857142,-0.11249999999999999,0.0,Sitara-2::conversation_5182178_4336.csv::s1,4.866666666666666,22,0.04138888888888889,1,Sitara-2
0.16666666666666666,0.16666666666666666,0.5555555555555556,0.2777777777777778,0.3333333333333333,0.0,0.3333333333333333,-0.03529411764705883,1.0,Sitara-2::conversation_5182178_4336.csv::s2,4.783333333333333,35,,0,Sitara-2
0.3333333333333333,0.08333333333333333,0.0,0.3333333333333333,0.0,0.0,0.08333333333333333,0.22000000000000003,-1.0,Sitara-2::conversation_5191664_4336.csv::s1,5.05,22,0.01611111111111111,1,Sitara-2
0.23529411764705882,0.23529411764705882,0.4117647058823529,0.17647058823529413,0.0,0.0,0.23529411764705882,0.6333333333333333,1.0,Sitara-2::conversation_5191664_4336.csv::s2,4.7,32,,0,Sitara-2
0.125,0.21875,0.0,0.34375,0.03125,0.0,0.0,-0.25263157894736843,-2.0,Sitara-2::conversation_5192014_4336.csv::s1,5.05,51,,0,Sitara-2
0.034482758620689655,0.4482758620689655,0.0,0.5172413793103449,0.0,0.0,0.0,0.875,0.0,Sitara-2::conversation_5192076_4336.csv::s1,6.966666666666667,45,,0,Sitara-2
0.04,0.0,0.0,0.12,0.08,0.04,0.2,0.16153846153846152,1.0,Sitara-2::conversation_5192596_4336.csv::s1,4.966666666666667,38,,0,Sitara-2
0.0,0.0,0.0,0.3333333333333333,0.0,0.13333333333333333,0.13333333333333333,-0.1875,-0.5,Sitara-2::conversation_5193850_4336.csv::s1,4.033333333333333,23,0.034166666666666665,1,Sitara-2
0.061224489795918366,0.08163265306122448,0.20408163265306123,0.7551020408163265,0.14285714285714285,0.04081632653061224,0.22448979591836735,0.005555555555555548,1.0,Sitara-2::conversation_5193850_4336.csv::s2,14.95,85,,0,Sitara-2
0.0,0.16216216216216217,0.0,0.40540540540540543,0.08108108108108109,0.0,0.10810810810810811,0.2555555555555556,-0.3,Sitara-2::conversation_5196863_4336.csv::s1,4.983333333333333,55,,0,Sitara-2
0.04,0.28,0.0,0.76,0.04,0.0,0.12,0.3,0.0,Sitara-2::conversation_5198046_4336.csv::s1,5.016666666666667,42,,0,Sitara-2
0.07692307692307693,0.23076923076923078,0.0,0.6538461538461539,0.038461538461538464,0.0,0.11538461538461539,0.3733333333333333,1.0,Sitara-2::conversation_5200278_4336.csv::s1,4.916666666666667,41,,0,Sitara-2
0.07692307692307693,0.0,0.0,0.0,0.0,0.0,0.0,0.2222222222222222,0.0,Sitara-2::conversation_5200655_4336.csv::s1,2.8,22,0.3055555555555556,1,Sitara-2
0.1276595744680851,0.0,0.0,0.0,0.10638297872340426,0.0,0.0425531914893617,-0.04333333333333333,-0.5,Sitara-2::conversation_5200655_4336.csv::s2,8.683333333333334,77,,0,Sitara-2
0.12903225806451613,0.03225806451612903,0.0,0.6451612903225806,0.0,0.03225806451612903,0.06451612903225806,-0.18846153846153843,-0.8,Sitara-2::conversation_5200660_4336.csv::s1,8.733333333333333,57,,0,Sitara-2
0.041666666666666664,0.08333333333333333,0.0,0.7083333333333334,0.20833333333333334,0.0,0.3333333333333333,-0.22666666666666666,-1.0,Sitara-2::conversation_5201522_4336.csv::s1,4.883333333333334,39,,0,Sitara-2
0.06451612903225806,0.0,0.0,0.2903225806451613,0.12903225806451613,0.0,0.0967741935483871,0.08148148148148149,0.0,Sitara-2::conversation_5203512_4336.csv::s1,5.05,58,,0,Sitara-2
0.15384615384615385,0.15384615384615385,0.0,0.11538461538461539,0.11538461538461539,0.0,0.4230769230769231,-0.07916666666666668,-0.3,Sitara-2::conversation_5205817_4336.csv::s1,4.533333333333333,50,,0,Sitara-2
0.043478260869565216,0.17391304347826086,0.0,0.17391304347826086,0.0,0.0,0.043478260869565216,0.0625,0.0,Sitara-2::conversation_5208311_4336.csv::s1,5.016666666666667,39,,0,Sitara-2
0.4090909090909091,0.0,0.0,0.7272727272727273,0.13636363636363635,0.0,0.36363636363636365,-0.05789473684210527,0.0,Sitara-2::conversation_5210027_4336.csv::s1,4.883333333333334,41,,0,Sitara-2
0.05714285714285714,0.42857142857142855,0.0,0.6857142857142857,0.08571428571428572,0.0,0.14285714285714285,0.32,0.0,Sitara-2::conversation_5210404_4336.csv::s1,4.933333333333334,55,,0,Sitara-2
0.04,0.08,0.0,0.68,0.08,0.04,0.12,-0.09375,-0.5,Sitara-2::conversation_5211190_4336.csv::s1,4.716666666666667,41,,0,Sitara-2
0.07142857142857142,0.17857142857142858,0.0,0.8214285714285714,0.03571428571428571,0.0,0.03571428571428571,0.2894736842105263,-1.0,Sitara-2::conversation_5212476_4336.csv::s1,5.033333333333333,47,,0,Sitara-2
0.08,0.04,0.0,0.92,0.2,0.0,0.24,-0.09583333333333333,1.0,Sitara-2::conversation_5213900_4336.csv::s1,10.0,49,,0,Sitara-2
0.1,0.15,0.0,0.9,0.05,0.0,0.25,0.10625,1.0,Sitara-2::conversation_5214285_4336.csv::s1,5.166666666666667,36,,0,Sitara-2
0.2,0.0,0.0,0.6,0.0,0.0,0.2,-0.075,0.0,Sitara-2::conversation_5218413_4336.csv::s1,5.066666666666666,9,0.2538888888888889,1,Sitara-2
0.21875,0.03125,0.0,0.46875,0.0625,0.0,0.5,0.1625,1.0,Sitara-2::conversation_5218413_4336.csv::s2,13.466666666666667,56,,0,Sitara-2
0.21052631578947367,0.0,0.0,0.3157894736842105,0.15789473684210525,0.05263157894736842,0.3157894736842105,-0.11538461538461539,0.0,Sitara-2::conversation_5226060_4336.csv::s1,5.0,32,0.0225,1,Sitara-2
0.1111111111111111,0.027777777777777776,0.0,0.8333333333333334,0.2222222222222222,0.0,0.3055555555555556,0.07666666666666666,1.0,Sitara-2::conversation_5226060_4336.csv::s2,10.0,66,,0,Sitara-2
0.13636363636363635,0.09090909090909091,0.0,0.8636363636363636,0.0,0.0,0.045454545454545456,0.07727272727272727,0.0,Sitara-2::conversation_5227466_4336.csv::s1,4.566666666666666,44,,0,Sitara-2
0.08695652173913043,0.043478260869565216,0.0,0.8260869565217391,0.13043478260869565,0.0,0.2608695652173913,-0.021428571428571436,0.0,Sitara-2::conversation_5227780_4336.csv::s1,5.016666666666667,37,,0,Sitara-2
0.034482758620689655,0.06896551724137931,0.0,0.0,0.2413793103448276,0.0,0.4482758620689655,-0.18260869565217389,-0.3,Sitara-2::conversation_5229089_4336.csv::s1,9.85,52,,0,Sitara-2
0.0,0.0,0.0,0.1,0.1,0.0,0.2,-0.075,0.0,Sitara-2::conversation_5229616_4336.csv::s1,3.1666666666666665,18,0.065,1,Sitara-2
0.21052631578947367,0.0,0.21052631578947367,0.10526315789473684,0.05263157894736842,0.0,0.3684210526315789,-0.10714285714285714,-0.3,Sitara-2::conversation_5229616_4336.csv::s2,5.033333333333333,33,0.12305555555555556,1,Sitara-2
0.43478260869565216,0.043478260869565216,0.6086956521739131,0.43478260869565216,0.08695652173913043,0.0,0.4782608695652174,-0.1733333333333333,-0.3,Sitara-2::conversation_5229616_4336.csv::s3,5.083333333333333,38,,0,Sitara-2
0.0,0.2,0.0,0.72,0.12,0.0,0.16,0.075,-0.3,Sitara-2::conversation_5229679_4336.csv::s1,4.566666666666666,45,,0,Sitara-2
0.015384615384615385,0.2923076923076923,0.0,0.5230769230769231,0.0,0.015384615384615385,0.046153846153846156,0.44565217391304346,1.0,Sitara-2::conversation_5229880_4336.csv::s1,14.283333333333333,111,,0,Sitara-2
0.0,0.0,0.0,0.5,0.0,0.0,0.16666666666666666,0.2076923076923077,1.0,Sitara-2::conversation_5230182_4336.csv::s1,4.983333333333333,25,0.1175,1,Sitara-2
0.0,0.0,0.16666666666666666,0.0,0.0,0.0,0.0,0.4,-1.0,Sitara-2::conversation_5230182_4336.csv::s2,2.9833333333333334,11,,0,Sitara-2
0.07407407407407407,0.037037037037037035,0.0,0.6666666666666666,0.037037037037037035,0.037037037037037035,0.14814814814814814,-0.10952380952380951,0.0,Sitara-2::conversation_5232430_4336.csv::s1,0.0,1,,0,Sitara-2
0.09523809523809523,0.047619047619047616,0.0,0.7142857142857143,0.23809523809523808,0.0,0.3333333333333333,-0.30625,-0.8,Sitara-2::conversation_5233496_4336.csv::s1,4.983333333333333,37,,0,Sitara-2
0.125,0.041666666666666664,0.0,0.625,0.0,0.0,0.0,0.02631578947368421,0.0,Sitara-2::conversation_5235104_4336.csv::s1,4.966666666666667,43,,0,Sitara-2
0.2,0.0,0.0,0.0,0.1,0.0,0.25,0.5058823529411764,1.0,Sitara-2::conversation_5236467_4336.csv::s1,4.816666666666666,37,,0,Sitara-2
0.03571428571428571,0.17857142857142858,0.0,0.39285714285714285,0.03571428571428571,0.03571428571428571,0.03571428571428571,0.38947368421052636,1.0,Sitara-2::conversation_5241672_4336.csv::s1,5.0,47,,0,Sitara-2
0.041666666666666664,0.041666666666666664,0.0,0.16666666666666666,0.08333333333333333,0.0,0.0,0.12307692307692307,-0.3,Sitara-2::conversation_5244133_4336.csv::s1,4.8,37,,0,Sitara-2
0.09090909090909091,0.30303030303030304,0.0,0.5757575757575758,0.09090909090909091,0.0,0.12121212121212122,-0.0068965517241379275,0.0,Sitara-2::conversation_5246045_4336.csv::s1,4.833333333333333,62,,0,Sitara-2
0.029411764705882353,0.17647058823529413,0.0,0.6176470588235294,0.08823529411764706,0.0,0.11764705882352941,-0.12121212121212122,0.0,Sitara-2::conversation_5251163_4336.csv::s1,12.533333333333333,67,,0,Sitara-2
0.0,0.0,0.0,0.3333333333333333,0.0,0.0,0.0,0.0,0.0,Sitara-2::conversation_5255303_4336.csv::s1,3.183333333333333,6,0.06944444444444445,1,Sitara-2
0.037037037037037035,0.37037037037037035,0.0,0.2962962962962963,0.0,0.0,0.0,0.42608695652173917,1.0,Sitara-2::conversation_5255303_4336.csv::s2,9.25,50,,0,Sitara-2
0.041666666666666664,0.20833333333333334,0.0,0.125,0.16666666666666666,0.0,0.08333333333333333,-0.0625,-1.0,Sitara-2::conversation_5255752_4336.csv::s1,4.95,40,,0,Sitara-2
0.0,0.19047619047619047,0.0,0.38095238095238093,0.047619047619047616,0.0,0.09523809523809523,-0.047058823529411764,0.0,Sitara-2::conversation_5256384_4336.csv::s1,5.016666666666667,38,,0,Sitara-2
0.1,0.1,0.0,0.05,0.0,0.0,0.1,-0.16666666666666666,0.0,Sitara-2::conversation_5258219_4336.csv::s1,4.9,32,,0,Sitara-2
0.1,0.16666666666666666,0.0,0.03333333333333333,0.1,0.03333333333333333,0.1,-0.15000000000000002,0.0,Sitara-2::conversation_5259595_4336.csv::s1,4.816666666666666,48,0.03777777777777778,1,Sitara-2
0.14285714285714285,0.14285714285714285,0.6071428571428571,0.21428571428571427,0.14285714285714285,0.0,0.17857142857142858,-0.12222222222222223,-0.8,Sitara-2::conversation_5259595_4336.csv::s2,5.033333333333333,46,,0,Sitara-2
0.09090909090909091,0.09090909090909091,0.0,0.6818181818181818,0.18181818181818182,0.0,0.22727272727272727,-0.16875,-0.3,Sitara-2::conversation_5259865_4336.csv::s1,5.2,38,,0,Sitara-2
0.08333333333333333,0.08333333333333333,0.0,0.75,0.041666666666666664,0.0,0.041666666666666664,0.08235294117647059,0.0,Sitara-2::conversation_5261285_4336.csv::s1,5.133333333333334,41,,0,Sitara-2
0.058823529411764705,0.0,0.0,0.9117647058823529,0.23529411764705882,0.0,0.38235294117647056,-0.09310344827586206,-0.3,Sitara-2::conversation_5261384_4336.csv::s1,9.75,63,,0,Sitara-2
0.04,0.04,0.0,0.76,0.04,0.0,0.28,0.05714285714285713,0.0,Sitara-2::conversation_5262094_4336.csv::s1,5.1,39,,0,Sitara-2
0.047619047619047616,0.047619047619047616,0.0,0.7380952380952381,0.11904761904761904,0.0,0.40476190476190477,-0.030303030303030325,0.0,Sitara-2::conversation_5262692_4336.csv::s1,9.866666666666667,75,,0,Sitara-2
0.16666666666666666,0.16666666666666666,0.0,0.8888888888888888,0.0,0.0,0.0,0.25,-0.5,Sitara-2::conversation_5263693_4336.csv::s1,4.883333333333334,30,0.35555555555555557,1,Sitara-2
0.08108108108108109,0.08108108108108109,0.0,0.6216216216216216,0.0,0.0,0.0,-0.07894736842105263,0.0,Sitara-2::conversation_5263693_4336.csv::s2,5.0,56,,0,Sitara-2
0.04819277108433735,0.012048192771084338,0.0,0.5542168674698795,0.3253012048192771,0.0,0.3132530120481928,-0.4754385964912281,-1.0,Sitara-2::conversation_5263918_4336.csv::s1,4.933333333333334,37,,0,Sitara-2
0.043478260869565216,0.0,0.0,0.8260869565217391,0.0,0.0,0.043478260869565216,0.6047619047619047,1.0,Sitara-2::conversation_5267920_4336.csv::s1,4.816666666666666,44,,0,Sitara-2
0.0,0.0,0.0,0.76,0.08,0.0,0.04,0.7294117647058824,1.0,Sitara-2::conversation_5268908_4336.csv::s1,4.933333333333334,42,,0,Sitara-2
0.15625,0.03125,0.0,0.71875,0.0625,0.0,0.5625,0.16153846153846155,0.0,Sitara-2::conversation_5270185_4336.csv::s1,9.183333333333334,58,,0,Sitara-2
0.11538461538461539,0.07692307692307693,0.0,0.23076923076923078,0.038461538461538464,0.0,0.19230769230769232,-0.11904761904761904,0.0,Sitara-2::conversation_5272159_4336.csv::s1,5.0,47,0.2833333333333333,1,Sitara-2
0.07692307692307693,0.038461538461538464,0.34615384615384615,0.5384615384615384,0.0,0.0,0.4230769230769231,-0.009090909090909092,-0.3,Sitara-2::conversation_5272159_4336.csv::s2,4.95,48,,0,Sitara-2
0.0,0.16129032258064516,0.0,0.41935483870967744,0.03225806451612903,0.0,0.25806451612903225,-0.15652173913043477,1.0,Sitara-2::conversation_5274718_4336.csv::s1,5.033333333333333,54,,0,Sitara-2
0.16666666666666666,0.041666666666666664,0.0,0.5833333333333334,0.041666666666666664,0.041666666666666664,0.08333333333333333,-0.14444444444444446,0.0,Sitara-2::conversation_646444_4336.csv::s1,4.8,42,,0,Sitara-2
0.09615384615384616,0.019230769230769232,0.0,0.75,0.3076923076923077,0.019230769230769232,0.09615384615384616,0.38333333333333336,1.0,Sitara-2::conversation_958699_4336.csv::s1,11.1,88,,0,Sitara-2
0.09375,0.375,0.0,0.375,0.09375,0.0,0.125,-0.58,-1.0,Sitara-2::conversation_974494_4336.csv::s1,9.0,62,,0,Sitara-2
