case:concept:name,concept:name,time:timestamp
Sitara-1::conversation_1253527_4336.csv::s1,user_neutral,2026-07-16 08:33:53.000
Sitara-1::conversation_1253527_4336.csv::s1,astro_other,2026-07-16 08:33:58.001
Sitara-1::conversation_1253527_4336.csv::s1,user_neutral_factual,2026-07-16 08:34:00.002
Sitara-1::conversation_1253527_4336.csv::s1,astro_other,2026-07-16 08:34:05.003
Sitara-1::conversation_1253527_4336.csv::s1,user_neutral_factual,2026-07-16 08:34:08.004
Sitara-1::conversation_1253527_4336.csv::s1,astro_other,2026-07-16 08:34:13.005
Sitara-1::conversation_1253527_4336.csv::s1,user_emotional_disclosure,2026-07-16 08:34:30.006
Sitara-1::conversation_1253527_4336.csv::s1,astro_validation,2026-07-16 08:34:37.007
Sitara-1::conversation_1253527_4336.csv::s1,user_emotional_disclosure,2026-07-16 08:34:50.008
Sitara-1::conversation_1253527_4336.csv::s1,astro_other,2026-07-16 08:34:57.009
Sitara-1::conversation_1253527_4336.csv::s1,astro_other,2026-07-16 08:34:59.010
Sitara-1::conversation_1253527_4336.csv::s1,user_neutral_factual,2026-07-16 08:35:16.011
Sitara-1::conversation_1253527_4336.csv::s1,astro_callback_within,2026-07-16 08:35:21.012
Sitara-1::conversation_1253527_4336.csv::s1,astro_callback_within,2026-07-16 08:35:23.013
Sitara-1::conversation_1253527_4336.csv::s1,user_neutral_factual,2026-07-16 08:36:04.014
Sitara-1::conversation_1253527_4336.csv::s1,astro_callback_within,2026-07-16 08:36:09.015
Sitara-1::conversation_1253527_4336.csv::s1,astro_callback_within,2026-07-16 08:36:11.016
Sitara-1::conversation_1253527_4336.csv::s1,user_neutral_factual,2026-07-16 08:36:32.017
Sitara-1::conversation_1253527_4336.csv::s1,astro_callback_within,2026-07-16 08:36:37.018
Sitara-1::conversation_1253527_4336.csv::s1,user_emotional_disclosure,2026-07-16 08:36:46.019
Sitara-1::conversation_1253527_4336.csv::s1,astro_callback_within,2026-07-16 08:36:51.020
Sitara-1::conversation_1253527_4336.csv::s1,user_enthusiastic,2026-07-16 08:37:00.021
Sitara-1::conversation_1253527_4336.csv::s1,astro_callback_within,2026-07-16 08:37:05.022
Sitara-1::conversation_1253527_4336.csv::s1,user_neutral_factual,2026-07-16 08:37:09.023
Sitara-1::conversation_1253527_4336.csv::s1,astro_other,2026-07-16 08:37:14.024
Sitara-1::conversation_1253527_4336.csv::s1,user_enthusiastic,2026-07-16 08:37:20.025
Sitara-1::conversation_1253527_4336.csv::s1,astro_callback_within,2026-07-16 08:37:25.026
Sitara-1::conversation_1253527_4336.csv::s1,user_enthusiastic,2026-07-16 08:37:34.027
Sitara-1::conversation_1253527_4336.csv::s1,astro_callback_within,2026-07-16 08:37:39.028
Sitara-1::conversation_1253527_4336.csv::s1,user_neutral_factual,2026-07-16 08:37:48.029
Sitara-1::conversation_1253527_4336.csv::s1,user_neutral_factual,2026-07-16 08:38:09.030
Sitara-1::conversation_1253527_4336.csv::s1,astro_callback_within,2026-07-16 08:38:13.031
Sitara-1::conversation_1253527_4336.csv::s1,user_emotional_disclosure,2026-07-16 08:38:26.032
Sitara-1::conversation_1253527_4336.csv::s1,astro_callback_within,2026-07-16 08:38:31.033
Sitara-1::conversation_1253527_4336.csv::s1,user_emotional_disclosure,2026-07-16 08:38:48.034
Sitara-1::conversation_1253527_4336.csv::s1,astro_callback_within,2026-07-16 08:38:53.035
Sitara-1::conversation_1253527_4336.csv::s1,astro_callback_within,2026-07-16 08:38:55.036
Sitara-1::conversation_1253527_4336.csv::s1,user_enthusiastic,2026-07-16 08:39:20.037
Sitara-1::conversation_1253527_4336.csv::s1,astro_callback_within,2026-07-16 08:39:25.038
Sitara-1::conversation_1253527_4336.csv::s1,user_neutral_factual,2026-07-16 08:39:35.039
Sitara-1::conversation_1253527_4336.csv::s1,astro_callback_within,2026-07-16 08:39:40.040
Sitara-1::conversation_1253527_4336.csv::s1,user_enthusiastic,2026-07-16 08:39:41.041
Sitara-1::conversation_1253527_4336.csv::s1,astro_callback_within,2026-07-16 08:39:46.042
Sitara-1::conversation_1253527_4336.csv::s1,user_neutral_factual,2026-07-16 08:39:58.043
Sitara-1::conversation_1253527_4336.csv::s1,astro_callback_within,2026-07-16 08:40:03.044
Sitara-1::conversation_1253527_4336.csv::s1,user_emotional_disclosure,2026-07-16 08:40:25.045
Sitara-1::conversation_1253527_4336.csv::s1,astro_callback_within,2026-07-16 08:40:30.046
Sitara-1::conversation_1253527_4336.csv::s1,user_neutral_factual,2026-07-16 08:40:43.047
Sitara-1::conversation_1253527_4336.csv::s1,astro_callback_within,2026-07-16 08:40:48.048
Sitara-1::conversation_1253527_4336.csv::s1,astro_callback_within,2026-07-16 08:41:07.049
Sitara-1::conversation_1253527_4336.csv::s1,user_neutral,2026-07-16 08:41:20.050
Sitara-1::conversation_1253527_4336.csv::s1,astro_open_thread,2026-07-16 08:41:27.051
Sitara-1::conversation_1253527_4336.csv::s1,user_emotional_disclosure,2026-07-16 08:41:46.052
Sitara-1::conversation_1253527_4336.csv::s1,astro_callback_within,2026-07-16 08:41:53.053
Sitara-1::conversation_1253527_4336.csv::s1,user_neutral_factual,2026-07-16 08:42:04.054
Sitara-1::conversation_1253527_4336.csv::s1,astro_callback_within,2026-07-16 08:42:09.055
Sitara-1::conversation_1253527_4336.csv::s1,astro_callback_within,2026-07-16 08:42:11.056
Sitara-1::conversation_1253527_4336.csv::s1,astro_dated_prediction,2026-07-16 08:42:32.057
Sitara-1::conversation_1253527_4336.csv::s1,user_emotional_disclosure,2026-07-16 08:43:07.058
Sitara-1::conversation_1253527_4336.csv::s1,astro_dated_prediction,2026-07-16 08:43:11.059
Sitara-1::conversation_1253527_4336.csv::s1,user_enthusiastic,2026-07-16 08:43:30.060
Sitara-1::conversation_1253527_4336.csv::s1,astro_reframe,2026-07-16 08:43:39.061
Sitara-1::conversation_1253527_4336.csv::s2,user_neutral,2026-07-20 16:28:29.000
Sitara-1::conversation_1253527_4336.csv::s2,user_neutral_factual,2026-07-20 16:28:35.001
Sitara-1::conversation_1253527_4336.csv::s2,astro_callback_prior,2026-07-20 16:28:41.002
Sitara-1::conversation_1253527_4336.csv::s2,user_neutral,2026-07-20 16:28:47.003
Sitara-1::conversation_1253527_4336.csv::s2,astro_callback_prior,2026-07-20 16:28:48.004
Sitara-1::conversation_1253527_4336.csv::s2,astro_callback_prior,2026-07-20 16:28:56.005
Sitara-1::conversation_1253527_4336.csv::s2,user_neutral_factual,2026-07-20 16:29:03.006
Sitara-1::conversation_1253527_4336.csv::s2,astro_callback_within,2026-07-20 16:29:13.007
Sitara-1::conversation_1253527_4336.csv::s2,user_neutral_factual,2026-07-20 16:29:23.008
Sitara-1::conversation_1253527_4336.csv::s2,astro_callback_prior,2026-07-20 16:29:32.009
Sitara-1::conversation_1253527_4336.csv::s2,user_neutral,2026-07-20 16:29:33.010
Sitara-1::conversation_1253527_4336.csv::s2,astro_callback_prior,2026-07-20 16:29:42.011
Sitara-1::conversation_135007_4336.csv::s1,user_neutral,2026-07-19 09:56:03.000
Sitara-1::conversation_135007_4336.csv::s1,astro_other,2026-07-19 09:56:12.001
Sitara-1::conversation_135007_4336.csv::s1,user_neutral_factual,2026-07-19 09:56:20.002
Sitara-1::conversation_135007_4336.csv::s1,astro_other,2026-07-19 09:56:26.003
Sitara-1::conversation_135007_4336.csv::s1,user_neutral_factual,2026-07-19 09:56:37.004
Sitara-1::conversation_135007_4336.csv::s1,astro_other,2026-07-19 09:56:45.005
Sitara-1::conversation_135007_4336.csv::s1,user_neutral_factual,2026-07-19 09:56:53.006
Sitara-1::conversation_135007_4336.csv::s1,astro_other,2026-07-19 09:57:02.007
Sitara-1::conversation_135007_4336.csv::s1,astro_other,2026-07-19 09:57:57.008
Sitara-1::conversation_135007_4336.csv::s1,user_neutral_factual,2026-07-19 09:58:07.009
Sitara-1::conversation_135007_4336.csv::s1,astro_other,2026-07-19 09:58:14.010
Sitara-1::conversation_135007_4336.csv::s1,user_emotional_disclosure,2026-07-19 09:59:22.011
Sitara-1::conversation_135007_4336.csv::s1,astro_callback_within,2026-07-19 09:59:32.012
Sitara-1::conversation_135007_4336.csv::s1,astro_reframe,2026-07-19 09:59:48.013
Sitara-1::conversation_135007_4336.csv::s1,user_pushback,2026-07-19 10:00:00.014
Sitara-1::conversation_135007_4336.csv::s1,astro_callback_within,2026-07-19 10:00:10.015
Sitara-1::conversation_135007_4336.csv::s1,user_pushback,2026-07-19 10:00:29.016
Sitara-1::conversation_135007_4336.csv::s1,user_disengaging,2026-07-19 10:00:49.017
Sitara-1::conversation_135007_4336.csv::s1,astro_other,2026-07-19 10:00:59.018
Sitara-1::conversation_135007_4336.csv::s1,user_neutral_factual,2026-07-19 10:01:09.019
Sitara-1::conversation_135007_4336.csv::s1,astro_other,2026-07-19 10:01:17.020
Sitara-1::conversation_135007_4336.csv::s1,user_pushback,2026-07-19 10:01:33.021
Sitara-1::conversation_135007_4336.csv::s1,astro_callback_within,2026-07-19 10:01:40.022
Sitara-1::conversation_135007_4336.csv::s1,user_neutral_factual,2026-07-19 10:01:58.023
Sitara-1::conversation_135007_4336.csv::s1,astro_dated_prediction,2026-07-19 10:02:05.024
Sitara-1::conversation_135007_4336.csv::s1,user_neutral_factual,2026-07-19 10:02:13.025
Sitara-1::conversation_135007_4336.csv::s1,astro_callback_within,2026-07-19 10:02:21.026
Sitara-1::conversation_135007_4336.csv::s1,user_emotional_disclosure,2026-07-19 10:02:30.027
Sitara-1::conversation_135007_4336.csv::s1,astro_callback_within,2026-07-19 10:02:38.028
Sitara-1::conversation_135007_4336.csv::s1,user_neutral_factual,2026-07-19 10:02:49.029
Sitara-1::conversation_135007_4336.csv::s1,user_neutral_factual,2026-07-19 10:02:55.030
Sitara-1::conversation_135007_4336.csv::s1,astro_other,2026-07-19 10:03:04.031
Sitara-1::conversation_135007_4336.csv::s1,user_emotional_disclosure,2026-07-19 10:03:43.032
Sitara-1::conversation_135007_4336.csv::s1,astro_callback_within,2026-07-19 10:03:51.033
Sitara-1::conversation_135007_4336.csv::s1,user_neutral_factual,2026-07-19 10:04:09.034
Sitara-1::conversation_135007_4336.csv::s1,astro_callback_within,2026-07-19 10:04:16.035
Sitara-1::conversation_135007_4336.csv::s1,astro_callback_within,2026-07-19 10:04:25.036
Sitara-1::conversation_135007_4336.csv::s1,user_neutral_factual,2026-07-19 10:04:29.037
Sitara-1::conversation_135007_4336.csv::s1,astro_callback_within,2026-07-19 10:04:37.038
Sitara-1::conversation_135007_4336.csv::s1,user_neutral_factual,2026-07-19 10:04:50.039
Sitara-1::conversation_135007_4336.csv::s1,astro_callback_within,2026-07-19 10:04:55.040
Sitara-1::conversation_135007_4336.csv::s1,astro_callback_within,2026-07-19 10:05:03.041
Sitara-1::conversation_135007_4336.csv::s1,user_neutral_factual,2026-07-19 10:05:20.042
Sitara-1::conversation_135007_4336.csv::s1,astro_reframe,2026-07-19 10:05:20.043
Sitara-1::conversation_135007_4336.csv::s1,astro_dated_prediction,2026-07-19 10:05:27.044
Sitara-1::conversation_135007_4336.csv::s1,user_neutral_factual,2026-07-19 10:05:39.045
Sitara-1::conversation_135007_4336.csv::s1,astro_callback_within,2026-07-19 10:05:48.046
Sitara-1::conversation_135007_4336.csv::s1,user_neutral_factual,2026-07-19 10:05:56.047
Sitara-1::conversation_135007_4336.csv::s1,astro_callback_within,2026-07-19 10:06:04.048
Sitara-1::conversation_135007_4336.csv::s1,user_neutral_factual,2026-07-19 10:06:15.049
Sitara-1::conversation_135007_4336.csv::s1,user_neutral_factual,2026-07-19 10:06:19.050
Sitara-1::conversation_135007_4336.csv::s1,astro_reframe,2026-07-19 10:06:22.051
Sitara-1::conversation_135007_4336.csv::s1,astro_callback_within,2026-07-19 10:06:31.052
Sitara-1::conversation_135007_4336.csv::s1,user_neutral_factual,2026-07-19 10:06:37.053
Sitara-1::conversation_135007_4336.csv::s1,astro_other,2026-07-19 10:06:43.054
Sitara-1::conversation_135007_4336.csv::s1,user_neutral_factual,2026-07-19 10:06:56.055
Sitara-1::conversation_135007_4336.csv::s1,astro_callback_within,2026-07-19 10:07:03.056
Sitara-1::conversation_135007_4336.csv::s1,user_neutral_factual,2026-07-19 10:07:11.057
Sitara-1::conversation_135007_4336.csv::s1,user_neutral_factual,2026-07-19 10:07:15.058
Sitara-1::conversation_135007_4336.csv::s1,astro_callback_within,2026-07-19 10:07:19.059
Sitara-1::conversation_135007_4336.csv::s1,user_neutral_factual,2026-07-19 10:07:21.060
Sitara-1::conversation_135007_4336.csv::s1,astro_callback_within,2026-07-19 10:07:27.061
Sitara-1::conversation_135007_4336.csv::s1,astro_callback_within,2026-07-19 10:07:33.062
Sitara-1::conversation_135007_4336.csv::s1,user_neutral_factual,2026-07-19 10:07:42.063
Sitara-1::conversation_135007_4336.csv::s1,user_neutral_factual,2026-07-19 10:07:45.064
Sitara-1::conversation_135007_4336.csv::s1,astro_reframe,2026-07-19 10:07:52.065
Sitara-1::conversation_135007_4336.csv::s1,astro_other,2026-07-19 10:07:59.066
Sitara-1::conversation_135007_4336.csv::s1,user_emotional_disclosure,2026-07-19 10:08:02.067
Sitara-1::conversation_135007_4336.csv::s1,astro_callback_within,2026-07-19 10:08:09.068
Sitara-1::conversation_135007_4336.csv::s1,user_neutral_factual,2026-07-19 10:08:22.069
Sitara-1::conversation_135007_4336.csv::s1,user_neutral_factual,2026-07-19 10:08:28.070
Sitara-1::conversation_135007_4336.csv::s1,astro_callback_within,2026-07-19 10:08:30.071
Sitara-1::conversation_135007_4336.csv::s1,astro_callback_within,2026-07-19 10:08:37.072
Sitara-1::conversation_135007_4336.csv::s1,user_neutral_factual,2026-07-19 10:08:57.073
Sitara-1::conversation_135007_4336.csv::s1,astro_callback_within,2026-07-19 10:09:06.074
Sitara-1::conversation_135007_4336.csv::s1,user_neutral_factual,2026-07-19 10:09:12.075
Sitara-1::conversation_135007_4336.csv::s1,astro_callback_within,2026-07-19 10:09:19.076
Sitara-1::conversation_135007_4336.csv::s1,user_neutral_factual,2026-07-19 10:09:34.077
Sitara-1::conversation_135007_4336.csv::s1,astro_reframe,2026-07-19 10:09:42.078
Sitara-1::conversation_135007_4336.csv::s1,user_neutral_factual,2026-07-19 10:09:48.079
Sitara-1::conversation_135007_4336.csv::s1,astro_other,2026-07-19 10:09:54.080
Sitara-1::conversation_135007_4336.csv::s1,user_neutral_factual,2026-07-19 10:10:00.081
Sitara-1::conversation_135007_4336.csv::s1,astro_other,2026-07-19 10:10:06.082
Sitara-1::conversation_135007_4336.csv::s1,user_neutral_factual,2026-07-19 10:10:13.083
Sitara-1::conversation_135007_4336.csv::s1,astro_reframe,2026-07-19 10:10:22.084
Sitara-1::conversation_135007_4336.csv::s1,user_neutral_factual,2026-07-19 10:10:31.085
Sitara-1::conversation_135007_4336.csv::s1,astro_dated_prediction,2026-07-19 10:10:39.086
Sitara-1::conversation_135007_4336.csv::s1,user_neutral_factual,2026-07-19 10:10:46.087
Sitara-1::conversation_135007_4336.csv::s1,user_neutral_factual,2026-07-19 10:10:53.088
Sitara-1::conversation_135007_4336.csv::s1,astro_other,2026-07-19 10:10:53.089
Sitara-1::conversation_135007_4336.csv::s1,astro_other,2026-07-19 10:11:02.090
Sitara-1::conversation_1802400_4336.csv::s1,astro_other,2026-07-19 11:09:09.000
Sitara-1::conversation_1802400_4336.csv::s1,user_neutral_factual,2026-07-19 11:09:27.001
Sitara-1::conversation_1802400_4336.csv::s1,astro_other,2026-07-19 11:09:35.002
Sitara-1::conversation_1802400_4336.csv::s1,user_neutral_factual,2026-07-19 11:09:40.003
Sitara-1::conversation_1802400_4336.csv::s1,astro_reframe,2026-07-19 11:09:43.004
Sitara-1::conversation_1802400_4336.csv::s1,astro_other,2026-07-19 11:09:51.005
Sitara-1::conversation_1802400_4336.csv::s1,user_neutral_factual,2026-07-19 11:10:06.006
Sitara-1::conversation_1802400_4336.csv::s1,astro_other,2026-07-19 11:10:13.007
Sitara-1::conversation_1802400_4336.csv::s1,user_neutral_factual,2026-07-19 11:10:23.008
Sitara-1::conversation_1802400_4336.csv::s1,user_neutral_factual,2026-07-19 11:10:29.009
Sitara-1::conversation_1802400_4336.csv::s1,astro_other,2026-07-19 11:10:39.010
Sitara-1::conversation_1802400_4336.csv::s1,user_neutral_factual,2026-07-19 11:10:46.011
Sitara-1::conversation_1802400_4336.csv::s1,astro_other,2026-07-19 11:10:47.012
Sitara-1::conversation_1802400_4336.csv::s1,astro_dated_prediction,2026-07-19 11:10:54.013
Sitara-1::conversation_1802400_4336.csv::s1,user_neutral_factual,2026-07-19 11:11:49.014
Sitara-1::conversation_1802400_4336.csv::s1,astro_dated_prediction,2026-07-19 11:11:57.015
Sitara-1::conversation_1802400_4336.csv::s1,user_emotional_disclosure,2026-07-19 11:12:17.016
Sitara-1::conversation_1802400_4336.csv::s1,astro_callback_within,2026-07-19 11:12:25.017
Sitara-1::conversation_1802400_4336.csv::s1,astro_reframe,2026-07-19 11:12:47.018
Sitara-1::conversation_1802400_4336.csv::s1,user_neutral_factual,2026-07-19 11:12:58.019
Sitara-1::conversation_1802400_4336.csv::s1,astro_callback_within,2026-07-19 11:13:06.020
Sitara-1::conversation_1802400_4336.csv::s1,user_neutral_factual,2026-07-19 11:13:15.021
Sitara-1::conversation_1802400_4336.csv::s1,astro_other,2026-07-19 11:13:22.022
Sitara-1::conversation_1802400_4336.csv::s1,user_emotional_disclosure,2026-07-19 11:14:04.023
Sitara-1::conversation_1802400_4336.csv::s1,astro_callback_within,2026-07-19 11:14:21.024
Sitara-1::conversation_1802400_4336.csv::s1,user_emotional_disclosure,2026-07-19 11:14:58.025
Sitara-1::conversation_1802400_4336.csv::s1,astro_callback_within,2026-07-19 11:15:09.026
Sitara-1::conversation_1802400_4336.csv::s1,user_neutral_factual,2026-07-19 11:15:20.027
Sitara-1::conversation_1802400_4336.csv::s1,astro_callback_within,2026-07-19 11:15:29.028
Sitara-1::conversation_1802400_4336.csv::s1,user_neutral_factual,2026-07-19 11:15:30.029
Sitara-1::conversation_1802400_4336.csv::s1,astro_callback_within,2026-07-19 11:15:36.030
Sitara-1::conversation_1802400_4336.csv::s1,user_neutral_factual,2026-07-19 11:15:40.031
Sitara-1::conversation_1802400_4336.csv::s1,astro_dated_prediction,2026-07-19 11:15:48.032
Sitara-1::conversation_1802400_4336.csv::s2,user_neutral,2026-07-19 11:16:44.000
Sitara-1::conversation_1802400_4336.csv::s2,user_neutral,2026-07-19 11:16:58.001
Sitara-1::conversation_1802400_4336.csv::s2,astro_other,2026-07-19 11:17:06.002
Sitara-1::conversation_1802400_4336.csv::s2,user_neutral_factual,2026-07-19 11:17:10.003
Sitara-1::conversation_1802400_4336.csv::s2,user_neutral_factual,2026-07-19 11:17:14.004
Sitara-1::conversation_1802400_4336.csv::s2,astro_other,2026-07-19 11:17:18.005
Sitara-1::conversation_1802400_4336.csv::s2,astro_other,2026-07-19 11:17:24.006
Sitara-1::conversation_1802400_4336.csv::s2,user_neutral_factual,2026-07-19 11:17:33.007
Sitara-1::conversation_1802400_4336.csv::s2,astro_other,2026-07-19 11:17:40.008
Sitara-1::conversation_1802400_4336.csv::s2,user_emotional_disclosure,2026-07-19 11:17:45.009
Sitara-1::conversation_1802400_4336.csv::s2,astro_validation,2026-07-19 11:17:47.010
Sitara-1::conversation_1802400_4336.csv::s2,astro_validation,2026-07-19 11:17:55.011
Sitara-1::conversation_1802400_4336.csv::s2,astro_reframe,2026-07-19 11:18:33.012
Sitara-1::conversation_1802400_4336.csv::s2,user_emotional_disclosure,2026-07-19 11:18:49.013
Sitara-1::conversation_1802400_4336.csv::s2,astro_reframe,2026-07-19 11:18:58.014
Sitara-1::conversation_1802400_4336.csv::s2,user_neutral,2026-07-19 11:18:59.015
Sitara-1::conversation_1802400_4336.csv::s2,astro_dated_prediction,2026-07-19 11:19:09.016
Sitara-1::conversation_1802400_4336.csv::s2,user_neutral,2026-07-19 11:19:17.017
Sitara-1::conversation_1802400_4336.csv::s2,astro_open_thread,2026-07-19 11:19:25.018
Sitara-1::conversation_1802400_4336.csv::s2,user_emotional_disclosure,2026-07-19 11:19:31.019
Sitara-1::conversation_1802400_4336.csv::s2,astro_reframe,2026-07-19 11:19:40.020
Sitara-1::conversation_1802400_4336.csv::s2,user_neutral_factual,2026-07-19 11:19:53.021
Sitara-1::conversation_1802400_4336.csv::s2,astro_other,2026-07-19 11:20:00.022
Sitara-1::conversation_1802400_4336.csv::s2,user_neutral_factual,2026-07-19 11:20:15.023
Sitara-1::conversation_1802400_4336.csv::s2,astro_other,2026-07-19 11:20:23.024
Sitara-1::conversation_1802400_4336.csv::s2,user_neutral,2026-07-19 11:20:26.025
Sitara-1::conversation_1802400_4336.csv::s2,user_emotional_disclosure,2026-07-19 11:20:46.026
Sitara-1::conversation_1802400_4336.csv::s2,astro_reframe,2026-07-19 11:20:53.027
Sitara-1::conversation_1802400_4336.csv::s2,user_emotional_disclosure,2026-07-19 11:21:00.028
Sitara-1::conversation_1802400_4336.csv::s2,astro_reframe,2026-07-19 11:21:09.029
Sitara-1::conversation_1802400_4336.csv::s2,user_emotional_disclosure,2026-07-19 11:21:09.030
Sitara-1::conversation_1802400_4336.csv::s2,astro_reframe,2026-07-19 11:21:17.031
Sitara-1::conversation_1802400_4336.csv::s2,user_neutral,2026-07-19 11:21:20.032
Sitara-1::conversation_1802400_4336.csv::s2,astro_other,2026-07-19 11:21:28.033
Sitara-1::conversation_1802400_4336.csv::s2,user_neutral_factual,2026-07-19 11:21:42.034
Sitara-1::conversation_1802400_4336.csv::s2,astro_other,2026-07-19 11:21:50.035
Sitara-1::conversation_182120_4336.csv::s1,user_neutral,2026-07-17 10:15:05.000
Sitara-1::conversation_182120_4336.csv::s1,user_neutral,2026-07-17 10:15:10.001
Sitara-1::conversation_182120_4336.csv::s1,astro_other,2026-07-17 10:15:14.002
Sitara-1::conversation_182120_4336.csv::s1,astro_other,2026-07-17 10:15:18.003
Sitara-1::conversation_182120_4336.csv::s1,user_neutral_factual,2026-07-17 10:15:28.004
Sitara-1::conversation_182120_4336.csv::s1,astro_other,2026-07-17 10:15:33.005
Sitara-1::conversation_182120_4336.csv::s1,user_neutral,2026-07-17 10:15:43.006
Sitara-1::conversation_182120_4336.csv::s1,astro_other,2026-07-17 10:15:49.007
Sitara-1::conversation_182120_4336.csv::s1,user_neutral_factual,2026-07-17 10:15:59.008
Sitara-1::conversation_182120_4336.csv::s1,astro_other,2026-07-17 10:16:20.009
Sitara-1::conversation_182120_4336.csv::s1,user_neutral_factual,2026-07-17 10:16:29.010
Sitara-1::conversation_182120_4336.csv::s1,astro_other,2026-07-17 10:16:50.011
Sitara-1::conversation_182120_4336.csv::s1,user_neutral,2026-07-17 10:16:54.012
Sitara-1::conversation_182120_4336.csv::s1,astro_dated_prediction,2026-07-17 10:17:02.013
Sitara-1::conversation_182120_4336.csv::s1,astro_other,2026-07-17 10:17:04.014
Sitara-1::conversation_182120_4336.csv::s1,user_neutral,2026-07-17 10:17:28.015
Sitara-1::conversation_182120_4336.csv::s1,astro_other,2026-07-17 10:17:49.016
Sitara-1::conversation_182120_4336.csv::s1,astro_dated_prediction,2026-07-17 10:17:51.017
Sitara-1::conversation_182120_4336.csv::s1,user_pushback,2026-07-17 10:18:11.018
Sitara-1::conversation_182120_4336.csv::s1,user_neutral,2026-07-17 10:18:34.019
Sitara-1::conversation_182120_4336.csv::s1,astro_dated_prediction,2026-07-17 10:18:49.020
Sitara-1::conversation_182120_4336.csv::s1,astro_other,2026-07-17 10:18:51.021
Sitara-1::conversation_182120_4336.csv::s1,user_neutral_factual,2026-07-17 10:18:59.022
Sitara-1::conversation_182120_4336.csv::s1,user_neutral_factual,2026-07-17 10:19:02.023
Sitara-1::conversation_182120_4336.csv::s1,astro_other,2026-07-17 10:19:17.024
Sitara-1::conversation_182120_4336.csv::s1,astro_other,2026-07-17 10:19:27.025
Sitara-1::conversation_182120_4336.csv::s1,user_neutral,2026-07-17 10:20:15.026
Sitara-1::conversation_182120_4336.csv::s1,astro_other,2026-07-17 10:20:20.027
Sitara-1::conversation_182120_4336.csv::s1,user_neutral_factual,2026-07-17 10:20:29.028
Sitara-1::conversation_182120_4336.csv::s1,user_pushback,2026-07-17 10:21:00.029
Sitara-1::conversation_182120_4336.csv::s1,astro_other,2026-07-17 10:21:06.030
Sitara-1::conversation_182120_4336.csv::s1,user_neutral_factual,2026-07-17 10:21:13.031
Sitara-1::conversation_182120_4336.csv::s1,astro_reframe,2026-07-17 10:21:33.032
Sitara-1::conversation_182120_4336.csv::s1,astro_other,2026-07-17 10:21:45.033
Sitara-1::conversation_182120_4336.csv::s1,user_neutral_factual,2026-07-17 10:21:51.034
Sitara-1::conversation_182120_4336.csv::s1,astro_other,2026-07-17 10:21:57.035
Sitara-1::conversation_182120_4336.csv::s1,user_pushback,2026-07-17 10:22:18.036
Sitara-1::conversation_182120_4336.csv::s1,astro_dated_prediction,2026-07-17 10:22:31.037
Sitara-1::conversation_182120_4336.csv::s1,user_pushback,2026-07-17 10:22:46.038
Sitara-1::conversation_182120_4336.csv::s1,user_pushback,2026-07-17 10:22:52.039
Sitara-1::conversation_182120_4336.csv::s1,astro_dated_prediction,2026-07-17 10:23:01.040
Sitara-1::conversation_182120_4336.csv::s1,astro_dated_prediction,2026-07-17 10:23:06.041
Sitara-1::conversation_182120_4336.csv::s1,user_neutral_factual,2026-07-17 10:23:16.042
Sitara-1::conversation_182120_4336.csv::s1,astro_other,2026-07-17 10:23:22.043
Sitara-1::conversation_182120_4336.csv::s1,user_pushback,2026-07-17 10:24:27.044
Sitara-1::conversation_182120_4336.csv::s1,astro_dated_prediction,2026-07-17 10:24:32.045
Sitara-1::conversation_182120_4336.csv::s1,astro_other,2026-07-17 10:24:34.046
Sitara-1::conversation_182120_4336.csv::s1,user_neutral_factual,2026-07-17 10:24:44.047
Sitara-1::conversation_182120_4336.csv::s1,astro_other,2026-07-17 10:24:58.048
Sitara-1::conversation_182120_4336.csv::s1,astro_other,2026-07-17 10:25:00.049
Sitara-1::conversation_182120_4336.csv::s1,user_neutral_factual,2026-07-17 10:25:13.050
Sitara-1::conversation_182120_4336.csv::s1,astro_reframe,2026-07-17 10:25:19.051
Sitara-1::conversation_182120_4336.csv::s1,astro_other,2026-07-17 10:25:21.052
Sitara-1::conversation_182120_4336.csv::s1,user_neutral,2026-07-17 10:25:37.053
Sitara-1::conversation_182120_4336.csv::s1,astro_other,2026-07-17 10:25:49.054
Sitara-1::conversation_182120_4336.csv::s1,astro_callback_within,2026-07-17 10:25:51.055
Sitara-1::conversation_182120_4336.csv::s1,user_neutral_factual,2026-07-17 10:26:02.056
Sitara-1::conversation_182120_4336.csv::s1,astro_other,2026-07-17 10:26:07.057
Sitara-1::conversation_182120_4336.csv::s1,user_neutral,2026-07-17 10:26:35.058
Sitara-1::conversation_182120_4336.csv::s1,astro_other,2026-07-17 10:26:44.059
Sitara-1::conversation_182120_4336.csv::s1,astro_other,2026-07-17 10:26:46.060
Sitara-1::conversation_182120_4336.csv::s1,user_neutral,2026-07-17 10:26:47.061
Sitara-1::conversation_182120_4336.csv::s1,astro_other,2026-07-17 10:26:54.062
Sitara-1::conversation_182120_4336.csv::s1,user_neutral,2026-07-17 10:27:05.063
Sitara-1::conversation_182120_4336.csv::s1,astro_callback_within,2026-07-17 10:27:17.064
Sitara-1::conversation_182120_4336.csv::s1,user_pushback,2026-07-17 10:27:38.065
Sitara-1::conversation_182120_4336.csv::s1,astro_callback_within,2026-07-17 10:27:48.066
Sitara-1::conversation_182120_4336.csv::s1,user_neutral,2026-07-17 10:28:03.067
Sitara-1::conversation_182120_4336.csv::s1,astro_other,2026-07-17 10:28:15.068
Sitara-1::conversation_182120_4336.csv::s1,astro_other,2026-07-17 10:28:17.069
Sitara-1::conversation_182120_4336.csv::s1,astro_other,2026-07-17 10:28:49.070
Sitara-1::conversation_182120_4336.csv::s1,astro_other,2026-07-17 10:29:11.071
Sitara-1::conversation_182120_4336.csv::s1,astro_other,2026-07-17 10:29:24.072
Sitara-1::conversation_182120_4336.csv::s1,user_neutral_factual,2026-07-17 10:30:16.073
Sitara-1::conversation_182120_4336.csv::s1,astro_other,2026-07-17 10:30:24.074
Sitara-1::conversation_182120_4336.csv::s1,astro_other,2026-07-17 10:30:26.075
Sitara-1::conversation_182120_4336.csv::s1,user_neutral_factual,2026-07-17 10:30:37.076
Sitara-1::conversation_182120_4336.csv::s1,astro_other,2026-07-17 10:30:51.077
Sitara-1::conversation_182120_4336.csv::s1,user_neutral,2026-07-17 10:31:11.078
Sitara-1::conversation_182120_4336.csv::s1,astro_dated_prediction,2026-07-17 10:31:16.079
Sitara-1::conversation_182120_4336.csv::s1,astro_other,2026-07-17 10:31:18.080
Sitara-1::conversation_182120_4336.csv::s1,user_neutral_factual,2026-07-17 10:31:25.081
Sitara-1::conversation_182120_4336.csv::s1,astro_other,2026-07-17 10:31:34.082
Sitara-1::conversation_182120_4336.csv::s1,astro_other,2026-07-17 10:31:36.083
Sitara-1::conversation_182120_4336.csv::s1,user_neutral_factual,2026-07-17 10:31:45.084
Sitara-1::conversation_182120_4336.csv::s1,user_neutral,2026-07-17 10:32:05.085
Sitara-1::conversation_182120_4336.csv::s1,user_enthusiastic,2026-07-17 10:32:49.086
Sitara-1::conversation_182120_4336.csv::s1,user_neutral_factual,2026-07-17 10:33:05.087
Sitara-1::conversation_182120_4336.csv::s1,astro_other,2026-07-17 10:33:14.088
Sitara-1::conversation_182120_4336.csv::s1,user_enthusiastic,2026-07-17 10:33:30.089
Sitara-1::conversation_182120_4336.csv::s1,astro_other,2026-07-17 10:33:37.090
Sitara-1::conversation_182120_4336.csv::s1,user_neutral,2026-07-17 10:34:40.091
Sitara-1::conversation_182120_4336.csv::s1,astro_other,2026-07-17 10:34:46.092
Sitara-1::conversation_182120_4336.csv::s1,user_emotional_disclosure,2026-07-17 10:35:02.093
Sitara-1::conversation_182120_4336.csv::s1,astro_reframe,2026-07-17 10:35:12.094
Sitara-1::conversation_182120_4336.csv::s1,user_neutral,2026-07-17 10:35:29.095
Sitara-1::conversation_182120_4336.csv::s1,astro_other,2026-07-17 10:35:43.096
Sitara-1::conversation_182120_4336.csv::s1,user_neutral,2026-07-17 10:36:10.097
Sitara-1::conversation_182120_4336.csv::s1,astro_dated_prediction,2026-07-17 10:36:27.098
Sitara-1::conversation_182120_4336.csv::s1,user_neutral,2026-07-17 10:36:49.099
Sitara-1::conversation_182120_4336.csv::s1,astro_other,2026-07-17 10:36:55.100
Sitara-1::conversation_182120_4336.csv::s1,user_neutral,2026-07-17 10:37:26.101
Sitara-1::conversation_182120_4336.csv::s1,astro_other,2026-07-17 10:37:34.102
Sitara-1::conversation_182120_4336.csv::s1,user_neutral,2026-07-17 10:37:51.103
Sitara-1::conversation_182120_4336.csv::s1,astro_other,2026-07-17 10:37:56.104
Sitara-1::conversation_182120_4336.csv::s1,user_neutral,2026-07-17 10:38:16.105
Sitara-1::conversation_182120_4336.csv::s1,astro_reframe,2026-07-17 10:38:22.106
Sitara-1::conversation_182120_4336.csv::s1,astro_other,2026-07-17 10:38:39.107
Sitara-1::conversation_182120_4336.csv::s1,user_neutral,2026-07-17 10:39:08.108
Sitara-1::conversation_182120_4336.csv::s1,astro_callback_within,2026-07-17 10:39:18.109
Sitara-1::conversation_182120_4336.csv::s1,astro_other,2026-07-17 10:39:20.110
Sitara-1::conversation_182120_4336.csv::s1,astro_reframe,2026-07-17 10:39:37.111
Sitara-1::conversation_182120_4336.csv::s1,user_enthusiastic,2026-07-17 10:39:45.112
Sitara-1::conversation_182120_4336.csv::s1,astro_reframe,2026-07-17 10:39:52.113
Sitara-1::conversation_182120_4336.csv::s2,user_neutral,2026-07-17 17:55:10.000
Sitara-1::conversation_182120_4336.csv::s2,user_neutral_factual,2026-07-17 17:55:16.001
Sitara-1::conversation_182120_4336.csv::s2,astro_other,2026-07-17 17:55:17.002
Sitara-1::conversation_182120_4336.csv::s2,astro_other,2026-07-17 17:55:27.003
Sitara-1::conversation_182120_4336.csv::s2,user_neutral,2026-07-17 17:55:35.004
Sitara-1::conversation_182120_4336.csv::s2,astro_callback_within,2026-07-17 17:55:41.005
Sitara-1::conversation_182120_4336.csv::s2,user_neutral_factual,2026-07-17 17:55:48.006
Sitara-1::conversation_182120_4336.csv::s2,astro_other,2026-07-17 17:56:03.007
Sitara-1::conversation_182120_4336.csv::s2,user_neutral,2026-07-17 17:56:17.008
Sitara-1::conversation_182120_4336.csv::s2,user_neutral,2026-07-17 17:56:24.009
Sitara-1::conversation_182120_4336.csv::s2,astro_other,2026-07-17 17:56:34.010
Sitara-1::conversation_182120_4336.csv::s2,astro_other,2026-07-17 17:56:40.011
Sitara-1::conversation_182120_4336.csv::s2,user_neutral_factual,2026-07-17 17:56:54.012
Sitara-1::conversation_182120_4336.csv::s2,astro_dated_prediction,2026-07-17 17:57:02.013
Sitara-1::conversation_182120_4336.csv::s2,user_disengaging,2026-07-17 17:57:28.014
Sitara-1::conversation_182120_4336.csv::s2,astro_other,2026-07-17 17:57:35.015
Sitara-1::conversation_182120_4336.csv::s2,astro_other,2026-07-17 17:57:37.016
Sitara-1::conversation_182120_4336.csv::s2,user_neutral_factual,2026-07-17 17:57:50.017
Sitara-1::conversation_182120_4336.csv::s2,astro_other,2026-07-17 17:57:58.018
Sitara-1::conversation_182120_4336.csv::s2,user_neutral,2026-07-17 17:58:06.019
Sitara-1::conversation_182120_4336.csv::s2,astro_other,2026-07-17 17:58:18.020
Sitara-1::conversation_182120_4336.csv::s2,astro_reframe,2026-07-17 17:58:20.021
Sitara-1::conversation_182120_4336.csv::s2,user_neutral_factual,2026-07-17 17:58:28.022
Sitara-1::conversation_182120_4336.csv::s2,astro_other,2026-07-17 17:58:41.023
Sitara-1::conversation_182120_4336.csv::s2,astro_other,2026-07-17 17:58:43.024
Sitara-1::conversation_182120_4336.csv::s2,user_emotional_disclosure,2026-07-17 17:58:48.025
Sitara-1::conversation_182120_4336.csv::s2,astro_callback_within,2026-07-17 17:58:59.026
Sitara-1::conversation_182120_4336.csv::s2,user_neutral_factual,2026-07-17 17:59:09.027
Sitara-1::conversation_182120_4336.csv::s2,astro_reframe,2026-07-17 17:59:14.028
Sitara-1::conversation_182120_4336.csv::s2,user_neutral_factual,2026-07-17 17:59:23.029
Sitara-1::conversation_182120_4336.csv::s2,astro_reframe,2026-07-17 17:59:28.030
Sitara-1::conversation_182120_4336.csv::s2,user_neutral,2026-07-17 17:59:35.031
Sitara-1::conversation_182120_4336.csv::s2,astro_dated_prediction,2026-07-17 17:59:41.032
Sitara-1::conversation_182120_4336.csv::s2,user_neutral,2026-07-17 17:59:54.033
Sitara-1::conversation_182120_4336.csv::s2,astro_callback_within,2026-07-17 18:00:00.034
Sitara-1::conversation_182120_4336.csv::s3,astro_callback_prior,2026-07-17 18:01:07.000
Sitara-1::conversation_182120_4336.csv::s3,user_neutral,2026-07-17 18:01:14.001
Sitara-1::conversation_182120_4336.csv::s3,astro_callback_within,2026-07-17 18:01:29.002
Sitara-1::conversation_182120_4336.csv::s3,astro_dated_prediction,2026-07-17 18:01:52.003
Sitara-1::conversation_182120_4336.csv::s3,astro_other,2026-07-17 18:01:54.004
Sitara-1::conversation_182120_4336.csv::s3,user_neutral,2026-07-17 18:01:58.005
Sitara-1::conversation_182120_4336.csv::s3,astro_callback_within,2026-07-17 18:02:04.006
Sitara-1::conversation_182120_4336.csv::s3,user_disengaging,2026-07-17 18:02:28.007
Sitara-1::conversation_182120_4336.csv::s3,astro_open_thread,2026-07-17 18:02:36.008
Sitara-1::conversation_182120_4336.csv::s3,user_neutral,2026-07-17 18:02:47.009
Sitara-1::conversation_182120_4336.csv::s3,user_neutral,2026-07-17 18:02:59.010
Sitara-1::conversation_182120_4336.csv::s3,user_neutral,2026-07-17 18:03:30.011
Sitara-1::conversation_182120_4336.csv::s3,astro_callback_within,2026-07-17 18:03:36.012
Sitara-1::conversation_182120_4336.csv::s3,user_neutral,2026-07-17 18:03:45.013
Sitara-1::conversation_182120_4336.csv::s3,astro_callback_within,2026-07-17 18:03:52.014
Sitara-1::conversation_182120_4336.csv::s3,user_neutral,2026-07-17 18:04:04.015
Sitara-1::conversation_182120_4336.csv::s3,user_emotional_disclosure,2026-07-17 18:04:27.016
Sitara-1::conversation_182120_4336.csv::s3,user_neutral,2026-07-17 18:04:41.017
Sitara-1::conversation_182120_4336.csv::s3,astro_callback_within,2026-07-17 18:04:46.018
Sitara-1::conversation_182120_4336.csv::s3,user_neutral,2026-07-17 18:04:55.019
Sitara-1::conversation_182120_4336.csv::s3,astro_open_thread,2026-07-17 18:05:04.020
Sitara-1::conversation_182120_4336.csv::s3,astro_other,2026-07-17 18:05:32.021
Sitara-1::conversation_182120_4336.csv::s3,user_disengaging,2026-07-17 18:05:48.022
Sitara-1::conversation_182120_4336.csv::s3,astro_open_thread,2026-07-17 18:05:53.023
Sitara-1::conversation_182120_4336.csv::s4,user_neutral,2026-07-18 21:38:00.000
Sitara-1::conversation_182120_4336.csv::s4,user_neutral_factual,2026-07-18 21:38:05.001
Sitara-1::conversation_182120_4336.csv::s4,astro_other,2026-07-18 21:38:09.002
Sitara-1::conversation_182120_4336.csv::s4,astro_other,2026-07-18 21:38:16.003
Sitara-1::conversation_182120_4336.csv::s4,astro_dated_prediction,2026-07-18 21:38:36.004
Sitara-1::conversation_182120_4336.csv::s4,user_neutral,2026-07-18 21:38:49.005
Sitara-1::conversation_182120_4336.csv::s4,astro_dated_prediction,2026-07-18 21:38:57.006
Sitara-1::conversation_182120_4336.csv::s4,user_neutral,2026-07-18 21:39:09.007
Sitara-1::conversation_182120_4336.csv::s4,astro_callback_within,2026-07-18 21:39:16.008
Sitara-1::conversation_182120_4336.csv::s4,user_neutral,2026-07-18 21:39:30.009
Sitara-1::conversation_182120_4336.csv::s4,astro_callback_within,2026-07-18 21:39:38.010
Sitara-1::conversation_182120_4336.csv::s4,user_emotional_disclosure,2026-07-18 21:40:00.011
Sitara-1::conversation_182120_4336.csv::s4,astro_callback_within,2026-07-18 21:40:07.012
Sitara-1::conversation_182120_4336.csv::s4,user_neutral,2026-07-18 21:40:26.013
Sitara-1::conversation_182120_4336.csv::s4,astro_other,2026-07-18 21:40:33.014
Sitara-1::conversation_182120_4336.csv::s4,user_neutral_factual,2026-07-18 21:40:44.015
Sitara-1::conversation_182120_4336.csv::s4,astro_callback_within,2026-07-18 21:40:51.016
Sitara-1::conversation_182120_4336.csv::s4,user_disengaging,2026-07-18 21:41:07.017
Sitara-1::conversation_182120_4336.csv::s4,astro_callback_prior,2026-07-18 21:41:15.018
Sitara-1::conversation_2139311_4336.csv::s1,user_neutral,2026-07-18 19:14:42.000
Sitara-1::conversation_2139311_4336.csv::s1,astro_other,2026-07-18 19:14:45.001
Sitara-1::conversation_2139311_4336.csv::s1,astro_other,2026-07-18 19:14:50.002
Sitara-1::conversation_2139311_4336.csv::s1,user_emotional_disclosure,2026-07-18 19:14:52.003
Sitara-1::conversation_2139311_4336.csv::s1,user_neutral_factual,2026-07-18 19:15:00.004
Sitara-1::conversation_2139311_4336.csv::s1,astro_callback_within,2026-07-18 19:15:01.005
Sitara-1::conversation_2139311_4336.csv::s1,astro_callback_within,2026-07-18 19:15:07.006
Sitara-1::conversation_2139311_4336.csv::s1,user_neutral_factual,2026-07-18 19:15:08.007
Sitara-1::conversation_2139311_4336.csv::s1,user_emotional_disclosure,2026-07-18 19:15:26.008
Sitara-1::conversation_2139311_4336.csv::s1,astro_callback_within,2026-07-18 19:15:33.009
Sitara-1::conversation_2139311_4336.csv::s1,user_emotional_disclosure,2026-07-18 19:15:49.010
Sitara-1::conversation_2139311_4336.csv::s1,astro_callback_within,2026-07-18 19:15:57.011
Sitara-1::conversation_2139311_4336.csv::s1,user_emotional_disclosure,2026-07-18 19:16:03.012
Sitara-1::conversation_2139311_4336.csv::s1,astro_callback_within,2026-07-18 19:16:09.013
Sitara-1::conversation_2139311_4336.csv::s1,user_emotional_disclosure,2026-07-18 19:16:15.014
Sitara-1::conversation_2139311_4336.csv::s1,astro_callback_within,2026-07-18 19:16:23.015
Sitara-1::conversation_2139311_4336.csv::s1,user_emotional_disclosure,2026-07-18 19:16:31.016
Sitara-1::conversation_2139311_4336.csv::s1,astro_callback_within,2026-07-18 19:16:40.017
Sitara-1::conversation_2139311_4336.csv::s1,astro_other,2026-07-18 19:16:49.018
Sitara-1::conversation_2139311_4336.csv::s1,user_emotional_disclosure,2026-07-18 19:16:50.019
Sitara-1::conversation_2139311_4336.csv::s1,astro_callback_within,2026-07-18 19:16:58.020
Sitara-1::conversation_2139311_4336.csv::s1,user_emotional_disclosure,2026-07-18 19:17:28.021
Sitara-1::conversation_2139311_4336.csv::s1,astro_callback_within,2026-07-18 19:17:36.022
Sitara-1::conversation_2139311_4336.csv::s1,user_emotional_disclosure,2026-07-18 19:17:46.023
Sitara-1::conversation_2139311_4336.csv::s1,astro_callback_within,2026-07-18 19:17:53.024
Sitara-1::conversation_2139311_4336.csv::s1,user_emotional_disclosure,2026-07-18 19:17:59.025
Sitara-1::conversation_2139311_4336.csv::s1,astro_callback_within,2026-07-18 19:18:07.026
Sitara-1::conversation_2139311_4336.csv::s1,user_emotional_disclosure,2026-07-18 19:18:20.027
Sitara-1::conversation_2139311_4336.csv::s1,astro_callback_within,2026-07-18 19:18:27.028
Sitara-1::conversation_2139311_4336.csv::s1,user_emotional_disclosure,2026-07-18 19:18:30.029
Sitara-1::conversation_2139311_4336.csv::s1,astro_callback_within,2026-07-18 19:18:38.030
Sitara-1::conversation_2139311_4336.csv::s1,user_emotional_disclosure,2026-07-18 19:18:38.031
Sitara-1::conversation_2139311_4336.csv::s1,astro_callback_within,2026-07-18 19:18:46.032
Sitara-1::conversation_2139311_4336.csv::s1,astro_other,2026-07-18 19:19:15.033
Sitara-1::conversation_2139311_4336.csv::s1,user_neutral,2026-07-18 19:19:33.034
Sitara-1::conversation_2139311_4336.csv::s1,astro_callback_within,2026-07-18 19:19:37.035
Sitara-1::conversation_2139311_4336.csv::s1,astro_callback_within,2026-07-18 19:19:45.036
Sitara-1::conversation_2139311_4336.csv::s1,user_pushback,2026-07-18 19:19:49.037
Sitara-1::conversation_2139311_4336.csv::s1,user_pushback,2026-07-18 19:19:52.038
Sitara-1::conversation_2139311_4336.csv::s1,astro_callback_within,2026-07-18 19:19:56.039
Sitara-1::conversation_2139311_4336.csv::s1,astro_validation,2026-07-18 19:20:05.040
Sitara-1::conversation_2139311_4336.csv::s1,user_neutral_factual,2026-07-18 19:20:06.041
Sitara-1::conversation_2139311_4336.csv::s1,user_emotional_disclosure,2026-07-18 19:20:25.042
Sitara-1::conversation_2139311_4336.csv::s1,astro_callback_within,2026-07-18 19:20:35.043
Sitara-1::conversation_2139311_4336.csv::s1,user_emotional_disclosure,2026-07-18 19:20:44.044
Sitara-1::conversation_2139311_4336.csv::s1,astro_callback_within,2026-07-18 19:20:52.045
Sitara-1::conversation_2139311_4336.csv::s1,user_emotional_disclosure,2026-07-18 19:21:08.046
Sitara-1::conversation_2139311_4336.csv::s1,astro_callback_within,2026-07-18 19:21:16.047
Sitara-1::conversation_2139311_4336.csv::s1,user_emotional_disclosure,2026-07-18 19:21:19.048
Sitara-1::conversation_2139311_4336.csv::s1,user_emotional_disclosure,2026-07-18 19:21:42.049
Sitara-1::conversation_2139311_4336.csv::s1,astro_callback_within,2026-07-18 19:21:50.050
Sitara-1::conversation_2139311_4336.csv::s1,user_emotional_disclosure,2026-07-18 19:21:50.051
Sitara-1::conversation_2139311_4336.csv::s1,astro_callback_within,2026-07-18 19:21:59.052
Sitara-1::conversation_2139311_4336.csv::s1,user_neutral_factual,2026-07-18 19:22:03.053
Sitara-1::conversation_2139311_4336.csv::s1,astro_callback_within,2026-07-18 19:22:11.054
Sitara-1::conversation_2139311_4336.csv::s1,user_emotional_disclosure,2026-07-18 19:22:21.055
Sitara-1::conversation_2139311_4336.csv::s1,astro_callback_within,2026-07-18 19:22:29.056
Sitara-1::conversation_2139311_4336.csv::s1,user_emotional_disclosure,2026-07-18 19:22:45.057
Sitara-1::conversation_2139311_4336.csv::s1,astro_callback_within,2026-07-18 19:22:53.058
Sitara-1::conversation_2139311_4336.csv::s1,user_emotional_disclosure,2026-07-18 19:22:54.059
Sitara-1::conversation_2139311_4336.csv::s1,astro_callback_within,2026-07-18 19:23:02.060
Sitara-1::conversation_2139311_4336.csv::s1,astro_callback_within,2026-07-18 19:23:29.061
Sitara-1::conversation_2139311_4336.csv::s1,user_neutral_factual,2026-07-18 19:23:37.062
Sitara-1::conversation_2139311_4336.csv::s1,user_neutral_factual,2026-07-18 19:23:40.063
Sitara-1::conversation_2139311_4336.csv::s1,astro_callback_within,2026-07-18 19:23:44.064
Sitara-1::conversation_2139311_4336.csv::s1,astro_dated_prediction,2026-07-18 19:23:52.065
Sitara-1::conversation_2139311_4336.csv::s1,user_emotional_disclosure,2026-07-18 19:24:02.066
Sitara-1::conversation_2139311_4336.csv::s1,user_emotional_disclosure,2026-07-18 19:24:14.067
Sitara-1::conversation_2139311_4336.csv::s1,astro_callback_within,2026-07-18 19:24:23.068
Sitara-1::conversation_2139311_4336.csv::s1,user_emotional_disclosure,2026-07-18 19:24:48.069
Sitara-1::conversation_2139311_4336.csv::s1,astro_callback_within,2026-07-18 19:24:55.070
Sitara-1::conversation_2139311_4336.csv::s1,astro_callback_within,2026-07-18 19:25:26.071
Sitara-1::conversation_2139311_4336.csv::s1,astro_callback_within,2026-07-18 19:25:45.072
Sitara-1::conversation_2139311_4336.csv::s1,user_emotional_disclosure,2026-07-18 19:25:59.073
Sitara-1::conversation_2139311_4336.csv::s1,user_emotional_disclosure,2026-07-18 19:26:03.074
Sitara-1::conversation_2139311_4336.csv::s1,astro_callback_within,2026-07-18 19:26:07.075
Sitara-1::conversation_2139311_4336.csv::s1,astro_callback_within,2026-07-18 19:26:14.076
Sitara-1::conversation_2139311_4336.csv::s1,user_emotional_disclosure,2026-07-18 19:26:33.077
Sitara-1::conversation_2139311_4336.csv::s1,astro_callback_within,2026-07-18 19:26:41.078
Sitara-1::conversation_2139311_4336.csv::s1,user_emotional_disclosure,2026-07-18 19:26:59.079
Sitara-1::conversation_2139311_4336.csv::s1,astro_callback_within,2026-07-18 19:27:08.080
Sitara-1::conversation_2139311_4336.csv::s1,user_emotional_disclosure,2026-07-18 19:27:25.081
Sitara-1::conversation_2139311_4336.csv::s1,astro_callback_within,2026-07-18 19:27:34.082
Sitara-1::conversation_2139311_4336.csv::s1,user_emotional_disclosure,2026-07-18 19:27:57.083
Sitara-1::conversation_2139311_4336.csv::s1,astro_callback_within,2026-07-18 19:27:57.084
Sitara-1::conversation_2139311_4336.csv::s1,astro_callback_within,2026-07-18 19:28:05.085
Sitara-1::conversation_2139311_4336.csv::s1,user_neutral_factual,2026-07-18 19:28:22.086
Sitara-1::conversation_2139311_4336.csv::s1,astro_callback_within,2026-07-18 19:28:29.087
Sitara-1::conversation_2139311_4336.csv::s1,user_pushback,2026-07-18 19:28:41.088
Sitara-1::conversation_2139311_4336.csv::s1,user_pushback,2026-07-18 19:28:43.089
Sitara-1::conversation_2139311_4336.csv::s1,astro_callback_within,2026-07-18 19:28:47.090
Sitara-1::conversation_2139311_4336.csv::s1,astro_callback_within,2026-07-18 19:28:54.091
Sitara-1::conversation_2139311_4336.csv::s1,user_neutral_factual,2026-07-18 19:28:55.092
Sitara-1::conversation_2139311_4336.csv::s1,user_neutral_factual,2026-07-18 19:29:01.093
Sitara-1::conversation_2139311_4336.csv::s1,user_neutral_factual,2026-07-18 19:29:11.094
Sitara-1::conversation_2139311_4336.csv::s1,astro_callback_within,2026-07-18 19:29:12.095
Sitara-1::conversation_2139311_4336.csv::s1,astro_callback_within,2026-07-18 19:29:20.096
Sitara-1::conversation_2139311_4336.csv::s1,user_emotional_disclosure,2026-07-18 19:29:33.097
Sitara-1::conversation_2139311_4336.csv::s1,astro_dated_prediction,2026-07-18 19:29:41.098
Sitara-1::conversation_2139311_4336.csv::s1,astro_callback_within,2026-07-18 19:30:09.099
Sitara-1::conversation_2139311_4336.csv::s1,user_neutral_factual,2026-07-18 19:30:28.100
Sitara-1::conversation_2139311_4336.csv::s1,astro_dated_prediction,2026-07-18 19:30:35.101
Sitara-1::conversation_2139311_4336.csv::s1,user_neutral_factual,2026-07-18 19:30:42.102
Sitara-1::conversation_2139311_4336.csv::s1,astro_callback_within,2026-07-18 19:30:50.103
Sitara-1::conversation_2139311_4336.csv::s1,user_emotional_disclosure,2026-07-18 19:31:04.104
Sitara-1::conversation_2139311_4336.csv::s1,user_emotional_disclosure,2026-07-18 19:31:11.105
Sitara-1::conversation_2139311_4336.csv::s1,astro_callback_within,2026-07-18 19:31:12.106
Sitara-1::conversation_2139311_4336.csv::s1,astro_callback_within,2026-07-18 19:31:19.107
Sitara-1::conversation_2139311_4336.csv::s1,user_emotional_disclosure,2026-07-18 19:31:39.108
Sitara-1::conversation_2139311_4336.csv::s1,astro_callback_within,2026-07-18 19:31:46.109
Sitara-1::conversation_2139311_4336.csv::s1,user_emotional_disclosure,2026-07-18 19:31:46.110
Sitara-1::conversation_2139311_4336.csv::s1,astro_callback_within,2026-07-18 19:31:54.111
Sitara-1::conversation_2139311_4336.csv::s1,user_emotional_disclosure,2026-07-18 19:32:19.112
Sitara-1::conversation_2139311_4336.csv::s1,astro_callback_within,2026-07-18 19:32:25.113
Sitara-1::conversation_2139311_4336.csv::s1,astro_callback_within,2026-07-18 19:32:41.114
Sitara-1::conversation_2139311_4336.csv::s1,user_neutral_factual,2026-07-18 19:32:56.115
Sitara-1::conversation_2139311_4336.csv::s1,astro_callback_within,2026-07-18 19:33:03.116
Sitara-1::conversation_2139311_4336.csv::s1,user_neutral_factual,2026-07-18 19:33:27.117
Sitara-1::conversation_2139311_4336.csv::s1,astro_callback_within,2026-07-18 19:33:34.118
Sitara-1::conversation_2139311_4336.csv::s1,user_neutral_factual,2026-07-18 19:33:42.119
Sitara-1::conversation_2139311_4336.csv::s1,user_neutral_factual,2026-07-18 19:33:48.120
Sitara-1::conversation_2139311_4336.csv::s1,astro_callback_within,2026-07-18 19:33:50.121
Sitara-1::conversation_2139311_4336.csv::s1,astro_callback_within,2026-07-18 19:33:58.122
Sitara-1::conversation_2139311_4336.csv::s1,user_neutral_factual,2026-07-18 19:33:59.123
Sitara-1::conversation_2139311_4336.csv::s1,user_enthusiastic,2026-07-18 19:34:05.124
Sitara-1::conversation_2139311_4336.csv::s1,astro_dated_prediction,2026-07-18 19:34:07.125
Sitara-1::conversation_2139311_4336.csv::s1,user_enthusiastic,2026-07-18 19:34:08.126
Sitara-1::conversation_2139311_4336.csv::s1,astro_callback_within,2026-07-18 19:34:17.127
Sitara-1::conversation_2139311_4336.csv::s1,astro_callback_within,2026-07-18 19:34:22.128
Sitara-1::conversation_2139311_4336.csv::s1,user_neutral_factual,2026-07-18 19:34:32.129
Sitara-1::conversation_2139311_4336.csv::s1,astro_reframe,2026-07-18 19:34:39.130
Sitara-1::conversation_2139311_4336.csv::s1,user_emotional_disclosure,2026-07-18 19:34:52.131
Sitara-1::conversation_2139311_4336.csv::s1,user_emotional_disclosure,2026-07-18 19:35:21.132
Sitara-1::conversation_2139311_4336.csv::s1,user_emotional_disclosure,2026-07-18 19:35:56.133
Sitara-1::conversation_2139311_4336.csv::s1,user_neutral_factual,2026-07-18 19:36:00.134
Sitara-1::conversation_2139311_4336.csv::s1,astro_callback_within,2026-07-18 19:36:03.135
Sitara-1::conversation_2139311_4336.csv::s1,astro_callback_within,2026-07-18 19:36:10.136
Sitara-1::conversation_2139311_4336.csv::s1,user_emotional_disclosure,2026-07-18 19:36:16.137
Sitara-1::conversation_2139311_4336.csv::s1,user_neutral_factual,2026-07-18 19:36:29.138
Sitara-1::conversation_2139311_4336.csv::s1,user_neutral_factual,2026-07-18 19:36:34.139
Sitara-1::conversation_2139311_4336.csv::s1,astro_other,2026-07-18 19:36:37.140
Sitara-1::conversation_2139311_4336.csv::s1,user_enthusiastic,2026-07-18 19:36:43.141
Sitara-1::conversation_2139311_4336.csv::s1,astro_callback_within,2026-07-18 19:36:46.142
Sitara-1::conversation_2139311_4336.csv::s1,user_enthusiastic,2026-07-18 19:36:47.143
Sitara-1::conversation_2139311_4336.csv::s1,astro_callback_within,2026-07-18 19:36:55.144
Sitara-1::conversation_2139311_4336.csv::s1,user_neutral_factual,2026-07-18 19:37:01.145
Sitara-1::conversation_2139311_4336.csv::s1,astro_dated_prediction,2026-07-18 19:37:01.146
Sitara-1::conversation_2139311_4336.csv::s1,astro_callback_within,2026-07-18 19:37:09.147
Sitara-1::conversation_2139311_4336.csv::s1,user_disengaging,2026-07-18 19:37:16.148
Sitara-1::conversation_2139311_4336.csv::s1,user_disengaging,2026-07-18 19:37:19.149
Sitara-1::conversation_2139311_4336.csv::s1,astro_callback_within,2026-07-18 19:37:25.150
Sitara-1::conversation_2139311_4336.csv::s1,astro_callback_within,2026-07-18 19:37:33.151
Sitara-1::conversation_2139311_4336.csv::s1,user_disengaging,2026-07-18 19:37:38.152
Sitara-1::conversation_2139311_4336.csv::s1,astro_callback_within,2026-07-18 19:37:45.153
Sitara-1::conversation_2139311_4336.csv::s1,user_enthusiastic,2026-07-18 19:37:47.154
Sitara-1::conversation_2139311_4336.csv::s1,user_enthusiastic,2026-07-18 19:37:54.155
Sitara-1::conversation_2139311_4336.csv::s1,astro_callback_within,2026-07-18 19:37:56.156
Sitara-1::conversation_2139311_4336.csv::s1,user_neutral_factual,2026-07-18 19:37:58.157
Sitara-1::conversation_2139311_4336.csv::s1,astro_callback_within,2026-07-18 19:38:03.158
Sitara-1::conversation_2139311_4336.csv::s1,astro_callback_within,2026-07-18 19:38:11.159
Sitara-1::conversation_2139311_4336.csv::s1,user_pushback,2026-07-18 19:38:13.160
Sitara-1::conversation_2139311_4336.csv::s1,astro_callback_within,2026-07-18 19:38:20.161
Sitara-1::conversation_2139311_4336.csv::s1,user_neutral_factual,2026-07-18 19:38:28.162
Sitara-1::conversation_2139311_4336.csv::s1,astro_callback_within,2026-07-18 19:38:37.163
Sitara-1::conversation_2139311_4336.csv::s1,user_enthusiastic,2026-07-18 19:38:44.164
Sitara-1::conversation_2139311_4336.csv::s1,user_enthusiastic,2026-07-18 19:38:48.165
Sitara-1::conversation_2139311_4336.csv::s1,user_enthusiastic,2026-07-18 19:38:50.166
Sitara-1::conversation_2139311_4336.csv::s1,astro_callback_within,2026-07-18 19:38:52.167
Sitara-1::conversation_2139311_4336.csv::s1,astro_callback_within,2026-07-18 19:39:00.168
Sitara-1::conversation_2139311_4336.csv::s1,astro_callback_within,2026-07-18 19:39:05.169
Sitara-1::conversation_2139311_4336.csv::s1,astro_callback_within,2026-07-18 19:39:13.170
Sitara-1::conversation_2139311_4336.csv::s1,user_pushback,2026-07-18 19:39:14.171
Sitara-1::conversation_2139311_4336.csv::s1,astro_callback_within,2026-07-18 19:39:21.172
Sitara-1::conversation_2139311_4336.csv::s1,astro_dated_prediction,2026-07-18 19:39:35.173
Sitara-1::conversation_2139311_4336.csv::s1,user_enthusiastic,2026-07-18 19:39:41.174
Sitara-1::conversation_2139311_4336.csv::s1,user_enthusiastic,2026-07-18 19:39:45.175
Sitara-1::conversation_2139311_4336.csv::s1,astro_dated_prediction,2026-07-18 19:39:49.176
Sitara-1::conversation_2139311_4336.csv::s1,user_neutral_factual,2026-07-18 19:39:55.177
Sitara-1::conversation_2139311_4336.csv::s1,astro_callback_within,2026-07-18 19:39:56.178
Sitara-1::conversation_2139311_4336.csv::s1,astro_reframe,2026-07-18 19:40:03.179
Sitara-1::conversation_2586574_4336.csv::s1,user_neutral,2026-07-17 12:15:25.000
Sitara-1::conversation_2586574_4336.csv::s1,astro_other,2026-07-17 12:15:30.001
Sitara-1::conversation_2586574_4336.csv::s1,astro_other,2026-07-17 12:15:32.002
Sitara-1::conversation_2586574_4336.csv::s1,user_neutral,2026-07-17 12:16:04.003
Sitara-1::conversation_2586574_4336.csv::s1,astro_callback_within,2026-07-17 12:16:09.004
Sitara-1::conversation_2586574_4336.csv::s1,astro_callback_within,2026-07-17 12:16:26.005
Sitara-1::conversation_2586574_4336.csv::s1,user_neutral_factual,2026-07-17 12:16:34.006
Sitara-1::conversation_2586574_4336.csv::s1,astro_callback_within,2026-07-17 12:16:39.007
Sitara-1::conversation_2586574_4336.csv::s1,user_pushback,2026-07-17 12:16:40.008
Sitara-1::conversation_2586574_4336.csv::s1,astro_callback_within,2026-07-17 12:16:45.009
Sitara-1::conversation_2586574_4336.csv::s1,user_enthusiastic,2026-07-17 12:16:59.010
Sitara-1::conversation_2586574_4336.csv::s1,astro_callback_within,2026-07-17 12:17:00.011
Sitara-1::conversation_2586574_4336.csv::s1,astro_callback_within,2026-07-17 12:17:11.012
Sitara-1::conversation_2586574_4336.csv::s1,astro_callback_within,2026-07-17 12:17:13.013
Sitara-1::conversation_2586574_4336.csv::s1,user_enthusiastic,2026-07-17 12:17:45.014
Sitara-1::conversation_2586574_4336.csv::s1,astro_dated_prediction,2026-07-17 12:17:53.015
Sitara-1::conversation_2586574_4336.csv::s1,user_neutral,2026-07-17 12:18:22.016
Sitara-1::conversation_2586574_4336.csv::s1,astro_callback_within,2026-07-17 12:18:27.017
Sitara-1::conversation_2586574_4336.csv::s1,user_enthusiastic,2026-07-17 12:18:35.018
Sitara-1::conversation_2586574_4336.csv::s1,astro_callback_within,2026-07-17 12:18:43.019
Sitara-1::conversation_2586574_4336.csv::s1,user_enthusiastic,2026-07-17 12:18:55.020
Sitara-1::conversation_2586574_4336.csv::s1,user_enthusiastic,2026-07-17 12:19:07.021
Sitara-1::conversation_2586574_4336.csv::s1,astro_callback_within,2026-07-17 12:19:11.022
Sitara-1::conversation_2586574_4336.csv::s1,astro_callback_within,2026-07-17 12:19:19.023
Sitara-1::conversation_2586574_4336.csv::s1,user_enthusiastic,2026-07-17 12:19:20.024
Sitara-1::conversation_2586574_4336.csv::s1,astro_callback_within,2026-07-17 12:19:26.025
Sitara-1::conversation_2586574_4336.csv::s1,user_neutral_factual,2026-07-17 12:19:33.026
Sitara-1::conversation_2586574_4336.csv::s1,user_neutral_factual,2026-07-17 12:19:35.027
Sitara-1::conversation_2586574_4336.csv::s1,astro_callback_within,2026-07-17 12:19:38.028
Sitara-1::conversation_2586574_4336.csv::s1,astro_callback_within,2026-07-17 12:19:43.029
Sitara-1::conversation_2586574_4336.csv::s1,user_neutral,2026-07-17 12:19:49.030
Sitara-1::conversation_2586574_4336.csv::s1,astro_dated_prediction,2026-07-17 12:19:59.031
Sitara-1::conversation_2586574_4336.csv::s1,astro_other,2026-07-17 12:20:06.032
Sitara-1::conversation_2586574_4336.csv::s1,astro_other,2026-07-17 12:20:32.033
Sitara-1::conversation_2586574_4336.csv::s2,user_neutral,2026-07-17 12:22:48.000
Sitara-1::conversation_2586574_4336.csv::s2,astro_other,2026-07-17 12:22:54.001
Sitara-1::conversation_2586574_4336.csv::s2,user_neutral_factual,2026-07-17 12:23:03.002
Sitara-1::conversation_2586574_4336.csv::s2,user_enthusiastic,2026-07-17 12:23:17.003
Sitara-1::conversation_2586574_4336.csv::s2,astro_callback_prior,2026-07-17 12:23:27.004
Sitara-1::conversation_2586574_4336.csv::s2,user_pushback,2026-07-17 12:23:41.005
Sitara-1::conversation_2586574_4336.csv::s2,astro_callback_within,2026-07-17 12:23:46.006
Sitara-1::conversation_2586574_4336.csv::s2,user_neutral_factual,2026-07-17 12:24:02.007
Sitara-1::conversation_2586574_4336.csv::s2,astro_callback_within,2026-07-17 12:24:09.008
Sitara-1::conversation_2586574_4336.csv::s2,astro_other,2026-07-17 12:24:11.009
Sitara-1::conversation_2586574_4336.csv::s2,user_enthusiastic,2026-07-17 12:24:20.010
Sitara-1::conversation_2586574_4336.csv::s2,user_neutral_factual,2026-07-17 12:24:26.011
Sitara-1::conversation_2586574_4336.csv::s2,astro_callback_within,2026-07-17 12:24:33.012
Sitara-1::conversation_2586574_4336.csv::s2,astro_callback_within,2026-07-17 12:24:41.013
Sitara-1::conversation_2586574_4336.csv::s2,user_neutral_factual,2026-07-17 12:24:53.014
Sitara-1::conversation_2586574_4336.csv::s2,astro_callback_within,2026-07-17 12:25:02.015
Sitara-1::conversation_2586574_4336.csv::s2,user_emotional_disclosure,2026-07-17 12:25:03.016
Sitara-1::conversation_2586574_4336.csv::s2,astro_callback_within,2026-07-17 12:25:08.017
Sitara-1::conversation_2586574_4336.csv::s2,user_neutral_factual,2026-07-17 12:25:17.018
Sitara-1::conversation_2586574_4336.csv::s2,astro_other,2026-07-17 12:25:28.019
Sitara-1::conversation_2586574_4336.csv::s2,user_neutral_factual,2026-07-17 12:25:38.020
Sitara-1::conversation_2586574_4336.csv::s2,user_neutral_factual,2026-07-17 12:25:45.021
Sitara-1::conversation_2586574_4336.csv::s2,astro_callback_within,2026-07-17 12:25:46.022
Sitara-1::conversation_2586574_4336.csv::s2,astro_callback_within,2026-07-17 12:25:51.023
Sitara-1::conversation_2586574_4336.csv::s2,user_neutral_factual,2026-07-17 12:25:58.024
Sitara-1::conversation_2586574_4336.csv::s2,astro_callback_within,2026-07-17 12:26:06.025
Sitara-1::conversation_2586574_4336.csv::s2,astro_reframe,2026-07-17 12:26:08.026
Sitara-1::conversation_2586574_4336.csv::s2,user_enthusiastic,2026-07-17 12:26:44.027
Sitara-1::conversation_2586574_4336.csv::s2,astro_callback_within,2026-07-17 12:26:49.028
Sitara-1::conversation_2586574_4336.csv::s2,user_neutral,2026-07-17 12:27:36.029
Sitara-1::conversation_2586574_4336.csv::s2,astro_callback_prior,2026-07-17 12:27:44.030
Sitara-1::conversation_2682414_4336.csv::s1,user_neutral,2026-07-19 05:41:37.000
Sitara-1::conversation_2682414_4336.csv::s1,astro_other,2026-07-19 05:41:45.001
Sitara-1::conversation_2682414_4336.csv::s1,user_neutral_factual,2026-07-19 05:42:03.002
Sitara-1::conversation_2682414_4336.csv::s1,astro_callback_within,2026-07-19 05:42:10.003
Sitara-1::conversation_2682414_4336.csv::s1,user_neutral_factual,2026-07-19 05:42:16.004
Sitara-1::conversation_2682414_4336.csv::s1,user_emotional_disclosure,2026-07-19 05:42:52.005
Sitara-1::conversation_2682414_4336.csv::s1,astro_callback_within,2026-07-19 05:43:01.006
Sitara-1::conversation_2682414_4336.csv::s1,user_neutral_factual,2026-07-19 05:43:13.007
Sitara-1::conversation_2682414_4336.csv::s1,astro_validation,2026-07-19 05:43:20.008
Sitara-1::conversation_2682414_4336.csv::s1,user_emotional_disclosure,2026-07-19 05:43:27.009
Sitara-1::conversation_2682414_4336.csv::s1,astro_callback_within,2026-07-19 05:43:33.010
Sitara-1::conversation_2682414_4336.csv::s1,user_enthusiastic,2026-07-19 05:43:33.011
Sitara-1::conversation_2682414_4336.csv::s1,user_enthusiastic,2026-07-19 05:43:46.012
Sitara-1::conversation_2682414_4336.csv::s1,astro_callback_within,2026-07-19 05:43:55.013
Sitara-1::conversation_2682414_4336.csv::s1,user_emotional_disclosure,2026-07-19 05:44:02.014
Sitara-1::conversation_2682414_4336.csv::s1,astro_callback_within,2026-07-19 05:44:04.015
Sitara-1::conversation_2682414_4336.csv::s1,astro_callback_within,2026-07-19 05:44:12.016
Sitara-1::conversation_2682414_4336.csv::s1,astro_dated_prediction,2026-07-19 05:44:19.017
Sitara-1::conversation_2682414_4336.csv::s1,user_enthusiastic,2026-07-19 05:44:38.018
Sitara-1::conversation_2682414_4336.csv::s1,astro_callback_within,2026-07-19 05:44:55.019
Sitara-1::conversation_2682414_4336.csv::s1,user_emotional_disclosure,2026-07-19 05:45:07.020
Sitara-1::conversation_2682414_4336.csv::s1,user_enthusiastic,2026-07-19 05:45:11.021
Sitara-1::conversation_2682414_4336.csv::s1,astro_callback_within,2026-07-19 05:45:19.022
Sitara-1::conversation_2682414_4336.csv::s1,astro_dated_prediction,2026-07-19 05:45:30.023
Sitara-1::conversation_2682414_4336.csv::s1,user_emotional_disclosure,2026-07-19 05:45:47.024
Sitara-1::conversation_2682414_4336.csv::s1,astro_callback_within,2026-07-19 05:45:57.025
Sitara-1::conversation_2682414_4336.csv::s1,user_neutral,2026-07-19 05:46:17.026
Sitara-1::conversation_2682414_4336.csv::s1,user_enthusiastic,2026-07-19 05:46:26.027
Sitara-1::conversation_2682414_4336.csv::s1,astro_callback_within,2026-07-19 05:46:27.028
Sitara-1::conversation_2682414_4336.csv::s1,astro_dated_prediction,2026-07-19 05:46:41.029
Sitara-1::conversation_2682414_4336.csv::s2,user_neutral,2026-07-19 05:48:54.000
Sitara-1::conversation_2682414_4336.csv::s2,astro_callback_prior,2026-07-19 05:49:12.001
Sitara-1::conversation_2682414_4336.csv::s2,user_disengaging,2026-07-19 05:49:31.002
Sitara-1::conversation_2682414_4336.csv::s2,astro_other,2026-07-19 05:49:49.003
Sitara-1::conversation_2682414_4336.csv::s2,user_enthusiastic,2026-07-19 05:49:52.004
Sitara-1::conversation_2682414_4336.csv::s2,user_pushback,2026-07-19 05:50:00.005
Sitara-1::conversation_2682414_4336.csv::s2,astro_callback_within,2026-07-19 05:50:04.006
Sitara-1::conversation_2682414_4336.csv::s2,astro_callback_prior,2026-07-19 05:50:13.007
Sitara-1::conversation_2682414_4336.csv::s2,user_neutral_factual,2026-07-19 05:50:20.008
Sitara-1::conversation_2682414_4336.csv::s2,astro_dated_prediction,2026-07-19 05:50:29.009
Sitara-1::conversation_2682414_4336.csv::s2,user_neutral_factual,2026-07-19 05:50:45.010
Sitara-1::conversation_2682414_4336.csv::s2,astro_callback_within,2026-07-19 05:50:57.011
Sitara-1::conversation_2682414_4336.csv::s2,user_neutral_factual,2026-07-19 05:51:12.012
Sitara-1::conversation_2682414_4336.csv::s2,astro_callback_within,2026-07-19 05:51:22.013
Sitara-1::conversation_2682414_4336.csv::s2,user_enthusiastic,2026-07-19 05:51:50.014
Sitara-1::conversation_2682414_4336.csv::s2,astro_callback_within,2026-07-19 05:52:01.015
Sitara-1::conversation_2682414_4336.csv::s2,astro_dated_prediction,2026-07-19 05:52:14.016
Sitara-1::conversation_2682414_4336.csv::s2,user_emotional_disclosure,2026-07-19 05:52:40.017
Sitara-1::conversation_2682414_4336.csv::s2,astro_callback_within,2026-07-19 05:52:52.018
Sitara-1::conversation_2682414_4336.csv::s2,user_emotional_disclosure,2026-07-19 05:53:15.019
Sitara-1::conversation_2682414_4336.csv::s2,astro_callback_within,2026-07-19 05:53:27.020
Sitara-1::conversation_2682414_4336.csv::s2,user_neutral,2026-07-19 05:53:29.021
Sitara-1::conversation_2682414_4336.csv::s2,astro_callback_within,2026-07-19 05:53:39.022
Sitara-1::conversation_2682414_4336.csv::s2,astro_callback_within,2026-07-19 05:53:54.023
Sitara-1::conversation_2682414_4336.csv::s3,user_neutral,2026-07-19 18:29:27.000
Sitara-1::conversation_2682414_4336.csv::s3,astro_other,2026-07-19 18:29:34.001
Sitara-1::conversation_2682414_4336.csv::s3,user_neutral,2026-07-19 18:29:52.002
Sitara-1::conversation_2682414_4336.csv::s3,user_neutral,2026-07-19 18:30:18.003
Sitara-1::conversation_2682414_4336.csv::s3,astro_callback_within,2026-07-19 18:30:26.004
Sitara-1::conversation_2682414_4336.csv::s3,user_neutral,2026-07-19 18:30:43.005
Sitara-1::conversation_2682414_4336.csv::s3,astro_other,2026-07-19 18:30:52.006
Sitara-1::conversation_2682414_4336.csv::s3,user_neutral,2026-07-19 18:31:03.007
Sitara-1::conversation_2682414_4336.csv::s3,astro_dated_prediction,2026-07-19 18:31:29.008
Sitara-1::conversation_2682414_4336.csv::s3,user_pushback,2026-07-19 18:32:02.009
Sitara-1::conversation_2682414_4336.csv::s3,astro_callback_within,2026-07-19 18:32:12.010
Sitara-1::conversation_2682414_4336.csv::s3,user_enthusiastic,2026-07-19 18:33:09.011
Sitara-1::conversation_2682414_4336.csv::s3,astro_callback_within,2026-07-19 18:33:17.012
Sitara-1::conversation_2682414_4336.csv::s3,user_enthusiastic,2026-07-19 18:33:34.013
Sitara-1::conversation_2682414_4336.csv::s3,astro_callback_within,2026-07-19 18:33:42.014
Sitara-1::conversation_2682414_4336.csv::s3,user_neutral_factual,2026-07-19 18:33:51.015
Sitara-1::conversation_2682414_4336.csv::s3,astro_dated_prediction,2026-07-19 18:34:00.016
Sitara-1::conversation_2682414_4336.csv::s3,user_neutral,2026-07-19 18:34:07.017
Sitara-1::conversation_2682414_4336.csv::s3,astro_callback_within,2026-07-19 18:34:15.018
Sitara-1::conversation_2682414_4336.csv::s3,astro_reframe,2026-07-19 18:34:45.019
Sitara-1::conversation_2682414_4336.csv::s3,user_enthusiastic,2026-07-19 18:34:53.020
Sitara-1::conversation_2682414_4336.csv::s3,astro_other,2026-07-19 18:35:01.021
Sitara-1::conversation_2682414_4336.csv::s3,user_enthusiastic,2026-07-19 18:35:11.022
Sitara-1::conversation_2682414_4336.csv::s3,astro_dated_prediction,2026-07-19 18:35:20.023
Sitara-1::conversation_2682414_4336.csv::s3,user_enthusiastic,2026-07-19 18:35:52.024
Sitara-1::conversation_2682414_4336.csv::s3,astro_callback_within,2026-07-19 18:36:01.025
Sitara-1::conversation_2682414_4336.csv::s3,user_pushback,2026-07-19 18:36:17.026
Sitara-1::conversation_2682414_4336.csv::s3,user_pushback,2026-07-19 18:36:22.027
Sitara-1::conversation_2682414_4336.csv::s3,astro_callback_within,2026-07-19 18:36:25.028
Sitara-1::conversation_2682414_4336.csv::s3,astro_callback_within,2026-07-19 18:36:34.029
Sitara-1::conversation_2682414_4336.csv::s3,user_neutral_factual,2026-07-19 18:36:39.030
Sitara-1::conversation_2682414_4336.csv::s3,astro_callback_within,2026-07-19 18:36:47.031
Sitara-1::conversation_2682414_4336.csv::s3,user_enthusiastic,2026-07-19 18:37:13.032
Sitara-1::conversation_2682414_4336.csv::s3,astro_callback_within,2026-07-19 18:37:24.033
Sitara-1::conversation_2682414_4336.csv::s3,user_emotional_disclosure,2026-07-19 18:37:57.034
Sitara-1::conversation_2682414_4336.csv::s3,user_enthusiastic,2026-07-19 18:38:05.035
Sitara-1::conversation_2682414_4336.csv::s3,astro_callback_within,2026-07-19 18:38:12.036
Sitara-1::conversation_2682414_4336.csv::s3,astro_callback_within,2026-07-19 18:38:20.037
Sitara-1::conversation_2682414_4336.csv::s3,user_enthusiastic,2026-07-19 18:38:35.038
Sitara-1::conversation_2682414_4336.csv::s3,astro_other,2026-07-19 18:38:43.039
Sitara-1::conversation_2682414_4336.csv::s3,user_enthusiastic,2026-07-19 18:39:07.040
Sitara-1::conversation_2682414_4336.csv::s3,astro_open_thread,2026-07-19 18:39:16.041
Sitara-1::conversation_2682414_4336.csv::s3,user_enthusiastic,2026-07-19 18:39:25.042
Sitara-1::conversation_2682414_4336.csv::s3,astro_other,2026-07-19 18:39:36.043
Sitara-1::conversation_2912362_4336.csv::s1,user_neutral,2026-07-17 12:19:25.000
Sitara-1::conversation_2912362_4336.csv::s1,astro_other,2026-07-17 12:19:31.001
Sitara-1::conversation_2912362_4336.csv::s1,user_emotional_disclosure,2026-07-17 12:19:42.002
Sitara-1::conversation_2912362_4336.csv::s1,astro_callback_within,2026-07-17 12:19:50.003
Sitara-1::conversation_2912362_4336.csv::s1,user_neutral_factual,2026-07-17 12:19:55.004
Sitara-1::conversation_2912362_4336.csv::s1,astro_callback_within,2026-07-17 12:20:09.005
Sitara-1::conversation_2912362_4336.csv::s1,user_neutral_factual,2026-07-17 12:20:21.006
Sitara-1::conversation_2912362_4336.csv::s1,astro_callback_within,2026-07-17 12:20:25.007
Sitara-1::conversation_2912362_4336.csv::s1,user_neutral_factual,2026-07-17 12:20:37.008
Sitara-1::conversation_2912362_4336.csv::s1,user_emotional_disclosure,2026-07-17 12:21:12.009
Sitara-1::conversation_2912362_4336.csv::s1,astro_dated_prediction,2026-07-17 12:21:23.010
Sitara-1::conversation_2912362_4336.csv::s1,user_pushback,2026-07-17 12:21:28.011
Sitara-1::conversation_2912362_4336.csv::s1,astro_dated_prediction,2026-07-17 12:21:36.012
Sitara-1::conversation_2912362_4336.csv::s1,user_neutral_factual,2026-07-17 12:21:55.013
Sitara-1::conversation_2912362_4336.csv::s1,astro_callback_within,2026-07-17 12:22:01.014
Sitara-1::conversation_2912362_4336.csv::s1,user_neutral_factual,2026-07-17 12:22:14.015
Sitara-1::conversation_2912362_4336.csv::s1,astro_callback_within,2026-07-17 12:22:19.016
Sitara-1::conversation_2912362_4336.csv::s1,user_pushback,2026-07-17 12:22:34.017
Sitara-1::conversation_2912362_4336.csv::s1,astro_callback_within,2026-07-17 12:22:39.018
Sitara-1::conversation_2912362_4336.csv::s1,user_enthusiastic,2026-07-17 12:22:53.019
Sitara-1::conversation_2912362_4336.csv::s1,astro_callback_within,2026-07-17 12:23:05.020
Sitara-1::conversation_2912362_4336.csv::s1,user_emotional_disclosure,2026-07-17 12:23:44.021
Sitara-1::conversation_2912362_4336.csv::s1,astro_callback_within,2026-07-17 12:23:51.022
Sitara-1::conversation_2912362_4336.csv::s1,user_emotional_disclosure,2026-07-17 12:23:59.023
Sitara-1::conversation_2912362_4336.csv::s1,astro_callback_within,2026-07-17 12:24:04.024
Sitara-1::conversation_2912362_4336.csv::s1,user_enthusiastic,2026-07-17 12:24:22.025
Sitara-1::conversation_2912362_4336.csv::s1,astro_callback_within,2026-07-17 12:24:36.026
Sitara-1::conversation_2912362_4336.csv::s1,astro_callback_within,2026-07-17 12:25:23.027
Sitara-1::conversation_2912362_4336.csv::s1,astro_other,2026-07-17 12:25:25.028
Sitara-1::conversation_2912362_4336.csv::s1,user_enthusiastic,2026-07-17 12:25:34.029
Sitara-1::conversation_2912362_4336.csv::s1,astro_dated_prediction,2026-07-17 12:25:42.030
Sitara-1::conversation_2912362_4336.csv::s1,user_enthusiastic,2026-07-17 12:25:52.031
Sitara-1::conversation_2912362_4336.csv::s1,astro_dated_prediction,2026-07-17 12:25:57.032
Sitara-1::conversation_2912362_4336.csv::s1,user_enthusiastic,2026-07-17 12:26:03.033
Sitara-1::conversation_2912362_4336.csv::s1,astro_callback_within,2026-07-17 12:26:12.034
Sitara-1::conversation_2912362_4336.csv::s1,user_enthusiastic,2026-07-17 12:26:33.035
Sitara-1::conversation_2912362_4336.csv::s1,astro_reframe,2026-07-17 12:26:39.036
Sitara-1::conversation_2912362_4336.csv::s1,user_enthusiastic,2026-07-17 12:27:17.037
Sitara-1::conversation_2912362_4336.csv::s1,astro_other,2026-07-17 12:27:22.038
Sitara-1::conversation_2912362_4336.csv::s1,user_enthusiastic,2026-07-17 12:27:31.039
Sitara-1::conversation_2912362_4336.csv::s1,astro_callback_within,2026-07-17 12:27:36.040
Sitara-1::conversation_2912362_4336.csv::s1,user_neutral_factual,2026-07-17 12:27:56.041
Sitara-1::conversation_2912362_4336.csv::s1,astro_other,2026-07-17 12:28:01.042
Sitara-1::conversation_2912362_4336.csv::s1,astro_callback_within,2026-07-17 12:28:03.043
Sitara-1::conversation_2912362_4336.csv::s1,astro_callback_within,2026-07-17 12:28:14.044
Sitara-1::conversation_2912362_4336.csv::s1,user_neutral_factual,2026-07-17 12:28:34.045
Sitara-1::conversation_2912362_4336.csv::s1,astro_callback_within,2026-07-17 12:28:39.046
Sitara-1::conversation_2912362_4336.csv::s1,astro_callback_within,2026-07-17 12:28:41.047
Sitara-1::conversation_2912362_4336.csv::s1,user_neutral_factual,2026-07-17 12:29:25.048
Sitara-1::conversation_2912362_4336.csv::s1,astro_callback_within,2026-07-17 12:29:30.049
Sitara-1::conversation_2912362_4336.csv::s1,user_neutral,2026-07-17 12:29:34.050
Sitara-1::conversation_2912362_4336.csv::s1,astro_callback_within,2026-07-17 12:29:38.051
Sitara-1::conversation_2912362_4336.csv::s1,user_pushback,2026-07-17 12:30:14.052
Sitara-1::conversation_2912362_4336.csv::s1,astro_callback_within,2026-07-17 12:30:18.053
Sitara-1::conversation_2912362_4336.csv::s1,user_pushback,2026-07-17 12:30:37.054
Sitara-1::conversation_2912362_4336.csv::s1,astro_callback_within,2026-07-17 12:30:47.055
Sitara-1::conversation_2912362_4336.csv::s1,user_enthusiastic,2026-07-17 12:31:01.056
Sitara-1::conversation_2912362_4336.csv::s1,astro_callback_within,2026-07-17 12:31:06.057
Sitara-1::conversation_2912362_4336.csv::s1,user_enthusiastic,2026-07-17 12:31:09.058
Sitara-1::conversation_2912362_4336.csv::s1,astro_dated_prediction,2026-07-17 12:31:14.059
Sitara-1::conversation_2912362_4336.csv::s1,astro_callback_within,2026-07-17 12:31:47.060
Sitara-1::conversation_2912362_4336.csv::s1,user_enthusiastic,2026-07-17 12:32:03.061
Sitara-1::conversation_2912362_4336.csv::s1,astro_callback_within,2026-07-17 12:32:08.062
Sitara-1::conversation_2912362_4336.csv::s1,user_enthusiastic,2026-07-17 12:32:29.063
Sitara-1::conversation_2912362_4336.csv::s1,user_enthusiastic,2026-07-17 12:32:47.064
Sitara-1::conversation_2912362_4336.csv::s1,astro_callback_within,2026-07-17 12:32:52.065
Sitara-1::conversation_2912362_4336.csv::s1,user_emotional_disclosure,2026-07-17 12:33:05.066
Sitara-1::conversation_2912362_4336.csv::s1,astro_callback_within,2026-07-17 12:33:10.067
Sitara-1::conversation_2912362_4336.csv::s1,user_emotional_disclosure,2026-07-17 12:33:17.068
Sitara-1::conversation_2912362_4336.csv::s1,astro_callback_within,2026-07-17 12:33:22.069
Sitara-1::conversation_2912362_4336.csv::s1,user_enthusiastic,2026-07-17 12:33:40.070
Sitara-1::conversation_2912362_4336.csv::s1,astro_dated_prediction,2026-07-17 12:33:45.071
Sitara-1::conversation_2912362_4336.csv::s1,user_enthusiastic,2026-07-17 12:34:34.072
Sitara-1::conversation_2912362_4336.csv::s1,astro_callback_within,2026-07-17 12:34:39.073
Sitara-1::conversation_2912362_4336.csv::s1,user_emotional_disclosure,2026-07-17 12:35:13.074
Sitara-1::conversation_2912362_4336.csv::s1,astro_callback_within,2026-07-17 12:35:19.075
Sitara-1::conversation_2912362_4336.csv::s1,user_emotional_disclosure,2026-07-17 12:36:06.076
Sitara-1::conversation_2912362_4336.csv::s1,astro_dated_prediction,2026-07-17 12:36:11.077
Sitara-1::conversation_2912362_4336.csv::s1,user_enthusiastic,2026-07-17 12:36:43.078
Sitara-1::conversation_2912362_4336.csv::s1,user_neutral,2026-07-17 12:37:09.079
Sitara-1::conversation_2912362_4336.csv::s1,user_emotional_disclosure,2026-07-17 12:37:55.080
Sitara-1::conversation_2912362_4336.csv::s1,astro_callback_within,2026-07-17 12:38:00.081
Sitara-1::conversation_2912362_4336.csv::s1,user_neutral,2026-07-17 12:38:32.082
Sitara-1::conversation_2912362_4336.csv::s1,astro_callback_within,2026-07-17 12:38:37.083
Sitara-1::conversation_2912362_4336.csv::s1,astro_other,2026-07-17 12:38:39.084
Sitara-1::conversation_2912362_4336.csv::s1,user_enthusiastic,2026-07-17 12:38:48.085
Sitara-1::conversation_2912362_4336.csv::s1,astro_callback_within,2026-07-17 12:38:52.086
Sitara-1::conversation_2912362_4336.csv::s1,user_enthusiastic,2026-07-17 12:39:41.087
Sitara-1::conversation_2912362_4336.csv::s1,user_neutral,2026-07-17 12:40:19.088
Sitara-1::conversation_2912362_4336.csv::s1,astro_callback_within,2026-07-17 12:40:24.089
Sitara-1::conversation_3026913_4336.csv::s1,user_neutral,2026-07-18 05:22:15.000
Sitara-1::conversation_3026913_4336.csv::s1,astro_other,2026-07-18 05:22:23.001
Sitara-1::conversation_3026913_4336.csv::s1,user_emotional_disclosure,2026-07-18 05:22:37.002
Sitara-1::conversation_3026913_4336.csv::s1,astro_callback_within,2026-07-18 05:22:50.003
Sitara-1::conversation_3026913_4336.csv::s1,user_neutral_factual,2026-07-18 05:22:53.004
Sitara-1::conversation_3026913_4336.csv::s1,user_emotional_disclosure,2026-07-18 05:23:32.005
Sitara-1::conversation_3026913_4336.csv::s1,astro_callback_within,2026-07-18 05:23:42.006
Sitara-1::conversation_3026913_4336.csv::s1,astro_callback_within,2026-07-18 05:23:42.007
Sitara-1::conversation_3026913_4336.csv::s1,user_emotional_disclosure,2026-07-18 05:23:46.008
Sitara-1::conversation_3026913_4336.csv::s1,astro_callback_within,2026-07-18 05:23:52.009
Sitara-1::conversation_3026913_4336.csv::s1,astro_callback_within,2026-07-18 05:23:58.010
Sitara-1::conversation_3026913_4336.csv::s1,user_emotional_disclosure,2026-07-18 05:23:59.011
Sitara-1::conversation_3026913_4336.csv::s1,user_neutral,2026-07-18 05:24:09.012
Sitara-1::conversation_3026913_4336.csv::s1,user_neutral,2026-07-18 05:24:14.013
Sitara-1::conversation_3026913_4336.csv::s1,astro_callback_within,2026-07-18 05:24:16.014
Sitara-1::conversation_3026913_4336.csv::s1,user_emotional_disclosure,2026-07-18 05:24:24.015
Sitara-1::conversation_3026913_4336.csv::s1,astro_callback_within,2026-07-18 05:24:28.016
Sitara-1::conversation_3026913_4336.csv::s1,user_emotional_disclosure,2026-07-18 05:24:37.017
Sitara-1::conversation_3026913_4336.csv::s1,user_emotional_disclosure,2026-07-18 05:24:39.018
Sitara-1::conversation_3026913_4336.csv::s1,astro_callback_within,2026-07-18 05:24:40.019
Sitara-1::conversation_3026913_4336.csv::s1,user_emotional_disclosure,2026-07-18 05:24:49.020
Sitara-1::conversation_3026913_4336.csv::s1,astro_callback_within,2026-07-18 05:25:00.021
Sitara-1::conversation_3026913_4336.csv::s1,user_emotional_disclosure,2026-07-18 05:25:03.022
Sitara-1::conversation_3026913_4336.csv::s1,astro_callback_within,2026-07-18 05:25:06.023
Sitara-1::conversation_3026913_4336.csv::s1,astro_callback_within,2026-07-18 05:25:13.024
Sitara-1::conversation_3026913_4336.csv::s1,user_neutral,2026-07-18 05:25:13.025
Sitara-1::conversation_3026913_4336.csv::s1,astro_callback_within,2026-07-18 05:25:19.026
Sitara-1::conversation_3026913_4336.csv::s1,astro_callback_within,2026-07-18 05:25:27.027
Sitara-1::conversation_3026913_4336.csv::s1,user_disengaging,2026-07-18 05:25:32.028
Sitara-1::conversation_3026913_4336.csv::s1,astro_callback_within,2026-07-18 05:25:38.029
Sitara-1::conversation_3026913_4336.csv::s1,user_emotional_disclosure,2026-07-18 05:25:41.030
Sitara-1::conversation_3026913_4336.csv::s1,astro_callback_within,2026-07-18 05:25:48.031
Sitara-1::conversation_3026913_4336.csv::s1,user_emotional_disclosure,2026-07-18 05:25:50.032
Sitara-1::conversation_3026913_4336.csv::s1,astro_callback_within,2026-07-18 05:25:56.033
Sitara-1::conversation_3026913_4336.csv::s1,user_neutral,2026-07-18 05:26:08.034
Sitara-1::conversation_3026913_4336.csv::s1,astro_callback_within,2026-07-18 05:26:08.035
Sitara-1::conversation_3026913_4336.csv::s1,user_emotional_disclosure,2026-07-18 05:26:10.036
Sitara-1::conversation_3026913_4336.csv::s1,astro_callback_within,2026-07-18 05:26:13.037
Sitara-1::conversation_3026913_4336.csv::s1,user_emotional_disclosure,2026-07-18 05:26:23.038
Sitara-1::conversation_3026913_4336.csv::s1,astro_callback_within,2026-07-18 05:26:25.039
Sitara-1::conversation_3026913_4336.csv::s1,user_emotional_disclosure,2026-07-18 05:26:27.040
Sitara-1::conversation_3026913_4336.csv::s1,astro_callback_within,2026-07-18 05:26:32.041
Sitara-1::conversation_3026913_4336.csv::s1,user_pushback,2026-07-18 05:26:35.042
Sitara-1::conversation_3026913_4336.csv::s1,user_emotional_disclosure,2026-07-18 05:26:40.043
Sitara-1::conversation_3026913_4336.csv::s1,user_neutral_factual,2026-07-18 05:26:44.044
Sitara-1::conversation_3026913_4336.csv::s1,user_neutral_factual,2026-07-18 05:26:47.045
Sitara-1::conversation_3026913_4336.csv::s1,user_neutral_factual,2026-07-18 05:26:48.046
Sitara-1::conversation_3026913_4336.csv::s1,astro_callback_within,2026-07-18 05:26:52.047
Sitara-1::conversation_3026913_4336.csv::s1,astro_callback_within,2026-07-18 05:26:57.048
Sitara-1::conversation_3026913_4336.csv::s1,user_pushback,2026-07-18 05:26:58.049
Sitara-1::conversation_3026913_4336.csv::s1,user_emotional_disclosure,2026-07-18 05:27:02.050
Sitara-1::conversation_3026913_4336.csv::s1,user_emotional_disclosure,2026-07-18 05:27:05.051
Sitara-1::conversation_3026913_4336.csv::s1,astro_callback_within,2026-07-18 05:27:05.052
Sitara-1::conversation_3026913_4336.csv::s1,user_emotional_disclosure,2026-07-18 05:27:07.053
Sitara-1::conversation_3026913_4336.csv::s1,astro_callback_within,2026-07-18 05:27:11.054
Sitara-1::conversation_3026913_4336.csv::s1,astro_callback_within,2026-07-18 05:27:19.055
Sitara-1::conversation_3026913_4336.csv::s1,astro_callback_within,2026-07-18 05:27:26.056
Sitara-1::conversation_3026913_4336.csv::s1,astro_callback_within,2026-07-18 05:27:32.057
Sitara-1::conversation_3026913_4336.csv::s1,astro_callback_within,2026-07-18 05:27:38.058
Sitara-1::conversation_3026913_4336.csv::s1,astro_callback_within,2026-07-18 05:27:46.059
Sitara-1::conversation_3026913_4336.csv::s1,astro_callback_within,2026-07-18 05:27:54.060
Sitara-1::conversation_3026913_4336.csv::s1,astro_callback_within,2026-07-18 05:28:01.061
Sitara-1::conversation_3027647_4336.csv::s1,user_neutral,2026-07-20 13:43:23.000
Sitara-1::conversation_3027647_4336.csv::s1,astro_other,2026-07-20 13:43:31.001
Sitara-1::conversation_3027647_4336.csv::s1,user_neutral_factual,2026-07-20 13:43:37.002
Sitara-1::conversation_3027647_4336.csv::s1,user_neutral,2026-07-20 13:44:00.003
Sitara-1::conversation_3027647_4336.csv::s1,user_neutral_factual,2026-07-20 13:44:06.004
Sitara-1::conversation_3027647_4336.csv::s1,user_neutral_factual,2026-07-20 13:44:22.005
Sitara-1::conversation_3027647_4336.csv::s1,astro_callback_within,2026-07-20 13:44:27.006
Sitara-1::conversation_3027647_4336.csv::s1,astro_other,2026-07-20 13:44:35.007
Sitara-1::conversation_3027647_4336.csv::s1,user_emotional_disclosure,2026-07-20 13:44:50.008
Sitara-1::conversation_3027647_4336.csv::s1,astro_callback_within,2026-07-20 13:44:58.009
Sitara-1::conversation_3027647_4336.csv::s1,user_emotional_disclosure,2026-07-20 13:45:24.010
Sitara-1::conversation_3027647_4336.csv::s1,astro_callback_within,2026-07-20 13:45:40.011
Sitara-1::conversation_3027647_4336.csv::s1,user_neutral_factual,2026-07-20 13:46:01.012
Sitara-1::conversation_3027647_4336.csv::s1,astro_callback_within,2026-07-20 13:46:11.013
Sitara-1::conversation_3027647_4336.csv::s1,astro_callback_within,2026-07-20 13:46:15.014
Sitara-1::conversation_3027647_4336.csv::s1,user_emotional_disclosure,2026-07-20 13:46:15.015
Sitara-1::conversation_3027647_4336.csv::s1,user_neutral_factual,2026-07-20 13:46:26.016
Sitara-1::conversation_3027647_4336.csv::s1,astro_dated_prediction,2026-07-20 13:46:37.017
Sitara-1::conversation_3027647_4336.csv::s1,user_neutral,2026-07-20 13:46:38.018
Sitara-1::conversation_3027647_4336.csv::s1,astro_other,2026-07-20 13:46:46.019
Sitara-1::conversation_3027647_4336.csv::s1,astro_dated_prediction,2026-07-20 13:47:01.020
Sitara-1::conversation_3027647_4336.csv::s1,user_pushback,2026-07-20 13:47:10.021
Sitara-1::conversation_3027647_4336.csv::s1,user_pushback,2026-07-20 13:47:31.022
Sitara-1::conversation_3027647_4336.csv::s1,astro_callback_within,2026-07-20 13:47:45.023
Sitara-1::conversation_3027647_4336.csv::s1,user_emotional_disclosure,2026-07-20 13:48:05.024
Sitara-1::conversation_3027647_4336.csv::s1,user_pushback,2026-07-20 13:48:14.025
Sitara-1::conversation_3027647_4336.csv::s1,astro_callback_within,2026-07-20 13:48:20.026
Sitara-1::conversation_3027647_4336.csv::s1,astro_callback_within,2026-07-20 13:48:29.027
Sitara-1::conversation_3027647_4336.csv::s1,astro_dated_prediction,2026-07-20 13:48:35.028
Sitara-1::conversation_3027647_4336.csv::s1,user_emotional_disclosure,2026-07-20 13:49:14.029
Sitara-1::conversation_3027647_4336.csv::s1,astro_callback_within,2026-07-20 13:49:27.030
Sitara-1::conversation_3027647_4336.csv::s1,astro_dated_prediction,2026-07-20 13:49:45.031
Sitara-1::conversation_3027647_4336.csv::s1,user_neutral,2026-07-20 13:50:07.032
Sitara-1::conversation_3027647_4336.csv::s1,astro_callback_within,2026-07-20 13:50:18.033
Sitara-1::conversation_3027647_4336.csv::s1,user_neutral,2026-07-20 13:50:46.034
Sitara-1::conversation_3027647_4336.csv::s1,astro_callback_within,2026-07-20 13:51:04.035
Sitara-1::conversation_3027647_4336.csv::s1,user_neutral,2026-07-20 13:51:09.036
Sitara-1::conversation_3027647_4336.csv::s1,astro_callback_within,2026-07-20 13:51:29.037
Sitara-1::conversation_3027647_4336.csv::s1,user_neutral,2026-07-20 13:52:31.038
Sitara-1::conversation_3027647_4336.csv::s1,astro_callback_within,2026-07-20 13:52:32.039
Sitara-1::conversation_3027647_4336.csv::s1,user_neutral,2026-07-20 13:52:47.040
Sitara-1::conversation_3027647_4336.csv::s1,astro_callback_within,2026-07-20 13:52:52.041
Sitara-1::conversation_3027647_4336.csv::s1,astro_callback_within,2026-07-20 13:53:05.042
Sitara-1::conversation_3027647_4336.csv::s1,user_neutral,2026-07-20 13:53:27.043
Sitara-1::conversation_3027647_4336.csv::s1,user_neutral,2026-07-20 13:53:45.044
Sitara-1::conversation_3027647_4336.csv::s1,astro_callback_within,2026-07-20 13:53:49.045
Sitara-1::conversation_3027647_4336.csv::s1,user_enthusiastic,2026-07-20 13:53:59.046
Sitara-1::conversation_3027647_4336.csv::s1,astro_callback_within,2026-07-20 13:54:14.047
Sitara-1::conversation_3027647_4336.csv::s1,user_neutral,2026-07-20 13:54:26.048
Sitara-1::conversation_3027647_4336.csv::s1,astro_callback_within,2026-07-20 13:54:30.049
Sitara-1::conversation_3027647_4336.csv::s1,user_neutral,2026-07-20 13:54:34.050
Sitara-1::conversation_3027647_4336.csv::s1,astro_callback_within,2026-07-20 13:55:02.051
Sitara-1::conversation_3027647_4336.csv::s1,user_neutral,2026-07-20 13:55:04.052
Sitara-1::conversation_3027647_4336.csv::s1,astro_callback_within,2026-07-20 13:55:50.053
Sitara-1::conversation_3027647_4336.csv::s1,user_neutral,2026-07-20 13:56:00.054
Sitara-1::conversation_3027647_4336.csv::s1,astro_callback_within,2026-07-20 13:56:08.055
Sitara-1::conversation_3027647_4336.csv::s1,astro_reframe,2026-07-20 13:56:32.056
Sitara-1::conversation_3027647_4336.csv::s1,user_neutral,2026-07-20 13:56:34.057
Sitara-1::conversation_3027647_4336.csv::s1,astro_callback_within,2026-07-20 13:56:56.058
Sitara-1::conversation_3027647_4336.csv::s1,user_neutral,2026-07-20 13:57:20.059
Sitara-1::conversation_3027647_4336.csv::s1,astro_callback_within,2026-07-20 13:57:46.060
Sitara-1::conversation_3027647_4336.csv::s1,user_neutral,2026-07-20 13:57:50.061
Sitara-1::conversation_3027647_4336.csv::s1,astro_open_thread,2026-07-20 13:57:55.062
Sitara-1::conversation_3027647_4336.csv::s1,astro_callback_within,2026-07-20 13:58:07.063
Sitara-1::conversation_3027647_4336.csv::s1,user_enthusiastic,2026-07-20 13:58:08.064
Sitara-1::conversation_3027647_4336.csv::s1,astro_reframe,2026-07-20 13:58:33.065
Sitara-1::conversation_3027647_4336.csv::s1,user_neutral,2026-07-20 13:58:34.066
Sitara-1::conversation_3027647_4336.csv::s1,astro_callback_within,2026-07-20 13:58:50.067
Sitara-1::conversation_3027647_4336.csv::s1,user_emotional_disclosure,2026-07-20 13:59:02.068
Sitara-1::conversation_3027647_4336.csv::s1,user_neutral,2026-07-20 13:59:48.069
Sitara-1::conversation_3027647_4336.csv::s1,astro_callback_within,2026-07-20 14:00:03.070
Sitara-1::conversation_3027647_4336.csv::s1,user_neutral,2026-07-20 14:00:03.071
Sitara-1::conversation_3027647_4336.csv::s1,user_neutral,2026-07-20 14:00:25.072
Sitara-1::conversation_3027647_4336.csv::s1,astro_callback_within,2026-07-20 14:00:31.073
Sitara-1::conversation_3027647_4336.csv::s1,astro_callback_within,2026-07-20 14:00:52.074
Sitara-1::conversation_3027647_4336.csv::s1,user_neutral_factual,2026-07-20 14:00:58.075
Sitara-1::conversation_3027647_4336.csv::s1,user_neutral,2026-07-20 14:01:10.076
Sitara-1::conversation_3027647_4336.csv::s1,astro_callback_within,2026-07-20 14:01:25.077
Sitara-1::conversation_3027647_4336.csv::s1,user_neutral,2026-07-20 14:01:29.078
Sitara-1::conversation_3027647_4336.csv::s1,astro_callback_within,2026-07-20 14:01:47.079
Sitara-1::conversation_3027647_4336.csv::s1,astro_callback_within,2026-07-20 14:02:00.080
Sitara-1::conversation_3027647_4336.csv::s1,astro_other,2026-07-20 14:02:12.081
Sitara-1::conversation_3027647_4336.csv::s1,astro_other,2026-07-20 14:02:23.082
Sitara-1::conversation_3027647_4336.csv::s1,user_neutral_factual,2026-07-20 14:02:31.083
Sitara-1::conversation_3027647_4336.csv::s1,user_neutral,2026-07-20 14:02:45.084
Sitara-1::conversation_3027647_4336.csv::s1,astro_callback_within,2026-07-20 14:02:45.085
Sitara-1::conversation_3027647_4336.csv::s1,user_neutral,2026-07-20 14:03:05.086
Sitara-1::conversation_3027647_4336.csv::s1,user_pushback,2026-07-20 14:03:37.087
Sitara-1::conversation_3027647_4336.csv::s1,astro_callback_within,2026-07-20 14:03:54.088
Sitara-1::conversation_3027647_4336.csv::s1,user_pushback,2026-07-20 14:04:09.089
Sitara-1::conversation_3027647_4336.csv::s1,astro_callback_within,2026-07-20 14:04:23.090
Sitara-1::conversation_3027647_4336.csv::s1,user_pushback,2026-07-20 14:04:27.091
Sitara-1::conversation_3027647_4336.csv::s1,astro_callback_within,2026-07-20 14:04:52.092
Sitara-1::conversation_3027647_4336.csv::s1,user_emotional_disclosure,2026-07-20 14:04:57.093
Sitara-1::conversation_3027647_4336.csv::s1,user_pushback,2026-07-20 14:05:16.094
Sitara-1::conversation_3027647_4336.csv::s1,user_pushback,2026-07-20 14:05:31.095
Sitara-1::conversation_3027647_4336.csv::s1,astro_callback_within,2026-07-20 14:05:59.096
Sitara-1::conversation_3027647_4336.csv::s1,astro_callback_within,2026-07-20 14:06:19.097
Sitara-1::conversation_3027647_4336.csv::s1,user_neutral,2026-07-20 14:06:24.098
Sitara-1::conversation_3027647_4336.csv::s1,astro_callback_within,2026-07-20 14:06:33.099
Sitara-1::conversation_3078083_4336.csv::s1,astro_other,2026-07-20 17:39:46.000
Sitara-1::conversation_3078083_4336.csv::s1,user_neutral_factual,2026-07-20 17:39:52.001
Sitara-1::conversation_3078083_4336.csv::s1,user_neutral_factual,2026-07-20 17:39:56.002
Sitara-1::conversation_3078083_4336.csv::s1,user_neutral,2026-07-20 17:40:14.003
Sitara-1::conversation_3078083_4336.csv::s1,astro_callback_within,2026-07-20 17:40:24.004
Sitara-1::conversation_3078083_4336.csv::s1,astro_callback_within,2026-07-20 17:40:30.005
Sitara-1::conversation_3078083_4336.csv::s1,user_neutral,2026-07-20 17:40:38.006
Sitara-1::conversation_3078083_4336.csv::s1,user_emotional_disclosure,2026-07-20 17:40:55.007
Sitara-1::conversation_3078083_4336.csv::s1,astro_other,2026-07-20 17:40:56.008
Sitara-1::conversation_3078083_4336.csv::s1,user_neutral_factual,2026-07-20 17:41:07.009
Sitara-1::conversation_3078083_4336.csv::s1,astro_callback_within,2026-07-20 17:41:08.010
Sitara-1::conversation_3078083_4336.csv::s1,astro_callback_within,2026-07-20 17:41:28.011
Sitara-1::conversation_3078083_4336.csv::s1,user_emotional_disclosure,2026-07-20 17:41:31.012
Sitara-1::conversation_3078083_4336.csv::s1,astro_callback_within,2026-07-20 17:41:45.013
Sitara-1::conversation_3078083_4336.csv::s1,user_emotional_disclosure,2026-07-20 17:42:01.014
Sitara-1::conversation_3078083_4336.csv::s1,astro_callback_within,2026-07-20 17:42:14.015
Sitara-1::conversation_3078083_4336.csv::s1,user_emotional_disclosure,2026-07-20 17:42:17.016
Sitara-1::conversation_3078083_4336.csv::s1,user_neutral_factual,2026-07-20 17:42:32.017
Sitara-1::conversation_3078083_4336.csv::s1,user_neutral_factual,2026-07-20 17:42:34.018
Sitara-1::conversation_3078083_4336.csv::s1,astro_callback_within,2026-07-20 17:42:40.019
Sitara-1::conversation_3078083_4336.csv::s1,astro_callback_within,2026-07-20 17:42:58.020
Sitara-1::conversation_3078083_4336.csv::s1,astro_callback_within,2026-07-20 17:43:08.021
Sitara-1::conversation_3078083_4336.csv::s1,user_emotional_disclosure,2026-07-20 17:43:11.022
Sitara-1::conversation_3078083_4336.csv::s1,user_neutral_factual,2026-07-20 17:43:20.023
Sitara-1::conversation_3078083_4336.csv::s1,astro_callback_within,2026-07-20 17:43:36.024
Sitara-1::conversation_3078083_4336.csv::s1,user_neutral,2026-07-20 17:43:37.025
Sitara-1::conversation_3078083_4336.csv::s1,astro_callback_within,2026-07-20 17:43:47.026
Sitara-1::conversation_3078083_4336.csv::s1,user_neutral_factual,2026-07-20 17:43:47.027
Sitara-1::conversation_3078083_4336.csv::s1,astro_callback_within,2026-07-20 17:44:05.028
Sitara-1::conversation_3078083_4336.csv::s1,astro_callback_within,2026-07-20 17:44:19.029
Sitara-1::conversation_3078083_4336.csv::s1,user_neutral_factual,2026-07-20 17:44:28.030
Sitara-1::conversation_3078083_4336.csv::s1,astro_callback_within,2026-07-20 17:44:29.031
Sitara-1::conversation_3078083_4336.csv::s1,user_neutral_factual,2026-07-20 17:44:37.032
Sitara-1::conversation_3078083_4336.csv::s1,astro_callback_within,2026-07-20 17:44:42.033
Sitara-1::conversation_3078083_4336.csv::s1,user_emotional_disclosure,2026-07-20 17:44:51.034
Sitara-1::conversation_3078083_4336.csv::s1,astro_callback_within,2026-07-20 17:44:56.035
Sitara-1::conversation_3078083_4336.csv::s1,astro_callback_within,2026-07-20 17:45:07.036
Sitara-1::conversation_3078083_4336.csv::s1,user_neutral,2026-07-20 17:45:17.037
Sitara-1::conversation_3078083_4336.csv::s1,user_neutral_factual,2026-07-20 17:45:40.038
Sitara-1::conversation_3078083_4336.csv::s1,user_neutral,2026-07-20 17:45:51.039
Sitara-1::conversation_3078083_4336.csv::s1,user_neutral_factual,2026-07-20 17:47:02.040
Sitara-1::conversation_3078083_4336.csv::s1,astro_callback_within,2026-07-20 17:47:09.041
Sitara-1::conversation_3078083_4336.csv::s1,astro_callback_within,2026-07-20 17:47:19.042
Sitara-1::conversation_3078083_4336.csv::s1,user_emotional_disclosure,2026-07-20 17:47:30.043
Sitara-1::conversation_3078083_4336.csv::s1,astro_callback_within,2026-07-20 17:47:31.044
Sitara-1::conversation_3078083_4336.csv::s1,astro_callback_within,2026-07-20 17:48:04.045
Sitara-1::conversation_3078083_4336.csv::s1,user_neutral,2026-07-20 17:48:09.046
Sitara-1::conversation_3078083_4336.csv::s1,astro_callback_within,2026-07-20 17:48:18.047
Sitara-1::conversation_3078083_4336.csv::s1,user_emotional_disclosure,2026-07-20 17:48:36.048
Sitara-1::conversation_3078083_4336.csv::s1,astro_callback_within,2026-07-20 17:48:46.049
Sitara-1::conversation_3078083_4336.csv::s1,user_neutral,2026-07-20 17:49:02.050
Sitara-1::conversation_3078083_4336.csv::s1,user_neutral,2026-07-20 17:49:07.051
Sitara-1::conversation_3078083_4336.csv::s1,astro_callback_within,2026-07-20 17:49:10.052
Sitara-1::conversation_3078083_4336.csv::s1,user_neutral,2026-07-20 17:49:28.053
Sitara-1::conversation_3078083_4336.csv::s1,astro_dated_prediction,2026-07-20 17:49:36.054
Sitara-1::conversation_3078083_4336.csv::s1,user_neutral,2026-07-20 17:50:02.055
Sitara-1::conversation_3078083_4336.csv::s1,user_neutral,2026-07-20 17:50:08.056
Sitara-1::conversation_3078083_4336.csv::s1,astro_callback_within,2026-07-20 17:50:12.057
Sitara-1::conversation_3078083_4336.csv::s1,astro_callback_within,2026-07-20 17:50:21.058
Sitara-1::conversation_3078083_4336.csv::s1,user_neutral,2026-07-20 17:50:50.059
Sitara-1::conversation_3078083_4336.csv::s1,astro_callback_within,2026-07-20 17:50:57.060
Sitara-1::conversation_3078083_4336.csv::s1,user_emotional_disclosure,2026-07-20 17:50:59.061
Sitara-1::conversation_3078083_4336.csv::s1,user_neutral_factual,2026-07-20 17:51:08.062
Sitara-1::conversation_3078083_4336.csv::s1,astro_callback_within,2026-07-20 17:51:11.063
Sitara-1::conversation_3078083_4336.csv::s1,user_emotional_disclosure,2026-07-20 17:51:23.064
Sitara-1::conversation_3078083_4336.csv::s1,astro_callback_within,2026-07-20 17:51:27.065
Sitara-1::conversation_3078083_4336.csv::s1,user_emotional_disclosure,2026-07-20 17:51:36.066
Sitara-1::conversation_3078083_4336.csv::s1,astro_callback_within,2026-07-20 17:51:47.067
Sitara-1::conversation_3078083_4336.csv::s1,astro_callback_within,2026-07-20 17:51:53.068
Sitara-1::conversation_3078083_4336.csv::s1,user_emotional_disclosure,2026-07-20 17:52:00.069
Sitara-1::conversation_3078083_4336.csv::s1,user_neutral_factual,2026-07-20 17:52:13.070
Sitara-1::conversation_3078083_4336.csv::s1,astro_callback_within,2026-07-20 17:52:17.071
Sitara-1::conversation_3078083_4336.csv::s1,user_neutral_factual,2026-07-20 17:52:22.072
Sitara-1::conversation_3078083_4336.csv::s1,astro_callback_within,2026-07-20 17:52:26.073
Sitara-1::conversation_3078083_4336.csv::s1,astro_callback_within,2026-07-20 17:52:33.074
Sitara-1::conversation_3078083_4336.csv::s1,user_emotional_disclosure,2026-07-20 17:52:40.075
Sitara-1::conversation_3078083_4336.csv::s1,astro_callback_within,2026-07-20 17:52:44.076
Sitara-1::conversation_3078083_4336.csv::s1,astro_callback_within,2026-07-20 17:53:00.077
Sitara-1::conversation_3078083_4336.csv::s1,user_enthusiastic,2026-07-20 17:53:47.078
Sitara-1::conversation_3078083_4336.csv::s1,user_emotional_disclosure,2026-07-20 17:53:53.079
Sitara-1::conversation_3078083_4336.csv::s1,astro_callback_within,2026-07-20 17:54:02.080
Sitara-1::conversation_3078083_4336.csv::s1,astro_callback_within,2026-07-20 17:54:18.081
Sitara-1::conversation_3078083_4336.csv::s2,user_neutral,2026-07-20 17:54:51.000
Sitara-1::conversation_3078083_4336.csv::s2,astro_callback_prior,2026-07-20 17:54:55.001
Sitara-1::conversation_3078083_4336.csv::s2,astro_callback_prior,2026-07-20 17:55:12.002
Sitara-1::conversation_3078083_4336.csv::s2,user_neutral_factual,2026-07-20 17:55:25.003
Sitara-1::conversation_3078083_4336.csv::s2,user_neutral_factual,2026-07-20 17:55:44.004
Sitara-1::conversation_3078083_4336.csv::s2,astro_callback_within,2026-07-20 17:55:47.005
Sitara-1::conversation_3078083_4336.csv::s2,astro_callback_prior,2026-07-20 17:56:05.006
Sitara-1::conversation_3078083_4336.csv::s2,user_neutral_factual,2026-07-20 17:56:16.007
Sitara-1::conversation_3078083_4336.csv::s2,astro_callback_prior,2026-07-20 17:56:20.008
Sitara-1::conversation_3078083_4336.csv::s2,user_neutral_factual,2026-07-20 17:56:35.009
Sitara-1::conversation_3078083_4336.csv::s2,astro_validation,2026-07-20 17:56:35.010
Sitara-1::conversation_3078083_4336.csv::s2,user_pushback,2026-07-20 17:56:47.011
Sitara-1::conversation_3078083_4336.csv::s2,astro_callback_within,2026-07-20 17:56:51.012
Sitara-1::conversation_3078083_4336.csv::s2,astro_other,2026-07-20 17:57:01.013
Sitara-1::conversation_3078083_4336.csv::s2,user_neutral,2026-07-20 17:57:02.014
Sitara-1::conversation_3078083_4336.csv::s2,astro_callback_prior,2026-07-20 17:57:12.015
Sitara-1::conversation_3078083_4336.csv::s2,user_neutral_factual,2026-07-20 17:57:21.016
Sitara-1::conversation_3078083_4336.csv::s2,user_pushback,2026-07-20 17:57:37.017
Sitara-1::conversation_3078083_4336.csv::s2,astro_callback_within,2026-07-20 17:57:39.018
Sitara-1::conversation_3078083_4336.csv::s2,astro_callback_within,2026-07-20 17:57:59.019
Sitara-1::conversation_3078083_4336.csv::s2,user_pushback,2026-07-20 17:58:06.020
Sitara-1::conversation_3078083_4336.csv::s2,astro_callback_within,2026-07-20 17:58:18.021
Sitara-1::conversation_3123002_4336.csv::s1,user_neutral,2026-07-20 05:09:51.000
Sitara-1::conversation_3123002_4336.csv::s1,astro_other,2026-07-20 05:10:05.001
Sitara-1::conversation_3123002_4336.csv::s1,user_emotional_disclosure,2026-07-20 05:10:15.002
Sitara-1::conversation_3123002_4336.csv::s1,astro_callback_within,2026-07-20 05:10:22.003
Sitara-1::conversation_3123002_4336.csv::s1,user_neutral_factual,2026-07-20 05:10:37.004
Sitara-1::conversation_3123002_4336.csv::s1,astro_callback_within,2026-07-20 05:10:46.005
Sitara-1::conversation_3123002_4336.csv::s1,user_neutral_factual,2026-07-20 05:10:58.006
Sitara-1::conversation_3123002_4336.csv::s1,astro_callback_within,2026-07-20 05:11:06.007
Sitara-1::conversation_3123002_4336.csv::s1,user_neutral,2026-07-20 05:11:08.008
Sitara-1::conversation_3123002_4336.csv::s1,astro_callback_within,2026-07-20 05:11:18.009
Sitara-1::conversation_3123002_4336.csv::s1,user_emotional_disclosure,2026-07-20 05:11:37.010
Sitara-1::conversation_3123002_4336.csv::s1,astro_callback_within,2026-07-20 05:11:46.011
Sitara-1::conversation_3123002_4336.csv::s1,user_emotional_disclosure,2026-07-20 05:12:06.012
Sitara-1::conversation_3123002_4336.csv::s1,user_neutral,2026-07-20 05:12:12.013
Sitara-1::conversation_3123002_4336.csv::s1,astro_callback_within,2026-07-20 05:12:15.014
Sitara-1::conversation_3123002_4336.csv::s1,astro_callback_within,2026-07-20 05:12:23.015
Sitara-1::conversation_3123002_4336.csv::s1,user_neutral,2026-07-20 05:12:26.016
Sitara-1::conversation_3123002_4336.csv::s1,astro_callback_within,2026-07-20 05:12:31.017
Sitara-1::conversation_3123002_4336.csv::s1,astro_dated_prediction,2026-07-20 05:12:39.018
Sitara-1::conversation_3123002_4336.csv::s1,user_emotional_disclosure,2026-07-20 05:12:54.019
Sitara-1::conversation_3123002_4336.csv::s1,astro_dated_prediction,2026-07-20 05:13:01.020
Sitara-1::conversation_3123002_4336.csv::s1,user_neutral,2026-07-20 05:13:07.021
Sitara-1::conversation_3123002_4336.csv::s1,astro_dated_prediction,2026-07-20 05:13:20.022
Sitara-1::conversation_3123002_4336.csv::s1,astro_callback_within,2026-07-20 05:13:47.023
Sitara-1::conversation_3123002_4336.csv::s1,user_neutral,2026-07-20 05:13:51.024
Sitara-1::conversation_3123002_4336.csv::s1,astro_dated_prediction,2026-07-20 05:14:00.025
Sitara-1::conversation_3123002_4336.csv::s1,user_neutral,2026-07-20 05:14:05.026
Sitara-1::conversation_3123002_4336.csv::s1,astro_callback_within,2026-07-20 05:14:14.027
Sitara-1::conversation_3123002_4336.csv::s1,user_emotional_disclosure,2026-07-20 05:14:43.028
Sitara-1::conversation_3123002_4336.csv::s1,astro_callback_within,2026-07-20 05:14:50.029
Sitara-1::conversation_3123002_4336.csv::s2,user_neutral,2026-07-20 05:17:48.000
Sitara-1::conversation_3123002_4336.csv::s2,astro_other,2026-07-20 05:17:57.001
Sitara-1::conversation_3123002_4336.csv::s2,user_emotional_disclosure,2026-07-20 05:18:18.002
Sitara-1::conversation_3123002_4336.csv::s2,astro_validation,2026-07-20 05:18:27.003
Sitara-1::conversation_3123002_4336.csv::s2,user_pushback,2026-07-20 05:18:48.004
Sitara-1::conversation_3123002_4336.csv::s2,astro_callback_within,2026-07-20 05:18:57.005
Sitara-1::conversation_3123002_4336.csv::s2,user_emotional_disclosure,2026-07-20 05:19:12.006
Sitara-1::conversation_3123002_4336.csv::s2,astro_callback_within,2026-07-20 05:19:22.007
Sitara-1::conversation_3123002_4336.csv::s2,user_enthusiastic,2026-07-20 05:19:29.008
Sitara-1::conversation_3123002_4336.csv::s2,astro_other,2026-07-20 05:19:37.009
Sitara-1::conversation_3123002_4336.csv::s2,user_emotional_disclosure,2026-07-20 05:19:47.010
Sitara-1::conversation_3123002_4336.csv::s2,user_enthusiastic,2026-07-20 05:19:55.011
Sitara-1::conversation_3123002_4336.csv::s2,astro_dated_prediction,2026-07-20 05:19:55.012
Sitara-1::conversation_3123002_4336.csv::s2,astro_callback_within,2026-07-20 05:20:05.013
Sitara-1::conversation_3123002_4336.csv::s2,user_emotional_disclosure,2026-07-20 05:20:15.014
Sitara-1::conversation_3123002_4336.csv::s2,astro_callback_within,2026-07-20 05:20:25.015
Sitara-1::conversation_3123002_4336.csv::s2,user_enthusiastic,2026-07-20 05:20:36.016
Sitara-1::conversation_3123002_4336.csv::s2,astro_callback_within,2026-07-20 05:20:44.017
Sitara-1::conversation_3123002_4336.csv::s2,user_emotional_disclosure,2026-07-20 05:20:51.018
Sitara-1::conversation_3123002_4336.csv::s2,astro_callback_within,2026-07-20 05:21:00.019
Sitara-1::conversation_3123002_4336.csv::s2,user_pushback,2026-07-20 05:21:21.020
Sitara-1::conversation_3123002_4336.csv::s2,astro_dated_prediction,2026-07-20 05:21:28.021
Sitara-1::conversation_3123002_4336.csv::s2,user_enthusiastic,2026-07-20 05:21:44.022
Sitara-1::conversation_3123002_4336.csv::s2,astro_dated_prediction,2026-07-20 05:21:51.023
Sitara-1::conversation_3123002_4336.csv::s2,user_enthusiastic,2026-07-20 05:21:57.024
Sitara-1::conversation_3123002_4336.csv::s2,astro_dated_prediction,2026-07-20 05:22:06.025
Sitara-1::conversation_3123002_4336.csv::s2,user_emotional_disclosure,2026-07-20 05:22:14.026
Sitara-1::conversation_3123002_4336.csv::s2,astro_callback_within,2026-07-20 05:22:21.027
Sitara-1::conversation_3123002_4336.csv::s2,user_enthusiastic,2026-07-20 05:22:33.028
Sitara-1::conversation_3123002_4336.csv::s2,astro_callback_within,2026-07-20 05:22:41.029
Sitara-1::conversation_3123002_4336.csv::s2,user_enthusiastic,2026-07-20 05:22:48.030
Sitara-1::conversation_3123002_4336.csv::s2,astro_callback_within,2026-07-20 05:22:59.031
Sitara-1::conversation_3126894_4336.csv::s1,user_neutral,2026-07-19 19:58:04.000
Sitara-1::conversation_3126894_4336.csv::s1,astro_other,2026-07-19 19:58:10.001
Sitara-1::conversation_3126894_4336.csv::s1,user_enthusiastic,2026-07-19 19:58:14.002
Sitara-1::conversation_3126894_4336.csv::s1,astro_callback_within,2026-07-19 19:58:21.003
Sitara-1::conversation_3126894_4336.csv::s1,user_neutral_factual,2026-07-19 19:58:23.004
Sitara-1::conversation_3126894_4336.csv::s1,astro_callback_within,2026-07-19 19:58:29.005
Sitara-1::conversation_3126894_4336.csv::s1,user_neutral_factual,2026-07-19 19:58:29.006
Sitara-1::conversation_3126894_4336.csv::s1,astro_callback_within,2026-07-19 19:58:37.007
Sitara-1::conversation_3126894_4336.csv::s1,user_neutral_factual,2026-07-19 19:58:41.008
Sitara-1::conversation_3126894_4336.csv::s1,astro_callback_within,2026-07-19 19:58:49.009
Sitara-1::conversation_3126894_4336.csv::s1,astro_validation,2026-07-19 19:58:57.010
Sitara-1::conversation_3126894_4336.csv::s1,user_neutral_factual,2026-07-19 19:59:03.011
Sitara-1::conversation_3126894_4336.csv::s1,user_emotional_disclosure,2026-07-19 19:59:11.012
Sitara-1::conversation_3126894_4336.csv::s1,astro_callback_within,2026-07-19 19:59:11.013
Sitara-1::conversation_3126894_4336.csv::s1,user_pushback,2026-07-19 19:59:19.014
Sitara-1::conversation_3126894_4336.csv::s1,astro_callback_within,2026-07-19 19:59:19.015
Sitara-1::conversation_3126894_4336.csv::s1,astro_callback_within,2026-07-19 19:59:27.016
Sitara-1::conversation_3126894_4336.csv::s1,astro_dated_prediction,2026-07-19 19:59:30.017
Sitara-1::conversation_3126894_4336.csv::s1,user_enthusiastic,2026-07-19 19:59:41.018
Sitara-1::conversation_3126894_4336.csv::s1,astro_callback_within,2026-07-19 19:59:49.019
Sitara-1::conversation_3126894_4336.csv::s1,astro_callback_within,2026-07-19 20:00:12.020
Sitara-1::conversation_3126894_4336.csv::s1,user_enthusiastic,2026-07-19 20:00:16.021
Sitara-1::conversation_3126894_4336.csv::s1,astro_callback_within,2026-07-19 20:00:22.022
Sitara-1::conversation_3126894_4336.csv::s1,user_enthusiastic,2026-07-19 20:00:25.023
Sitara-1::conversation_3126894_4336.csv::s1,astro_dated_prediction,2026-07-19 20:00:33.024
Sitara-1::conversation_3126894_4336.csv::s1,user_emotional_disclosure,2026-07-19 20:00:34.025
Sitara-1::conversation_3126894_4336.csv::s1,user_enthusiastic,2026-07-19 20:00:55.026
Sitara-1::conversation_3126894_4336.csv::s1,user_emotional_disclosure,2026-07-19 20:00:59.027
Sitara-1::conversation_3126894_4336.csv::s1,astro_callback_within,2026-07-19 20:01:03.028
Sitara-1::conversation_3126894_4336.csv::s1,astro_callback_within,2026-07-19 20:01:12.029
Sitara-1::conversation_3126894_4336.csv::s1,user_enthusiastic,2026-07-19 20:01:21.030
Sitara-1::conversation_3126894_4336.csv::s1,user_enthusiastic,2026-07-19 20:01:21.031
Sitara-1::conversation_3126894_4336.csv::s1,astro_callback_within,2026-07-19 20:01:28.032
Sitara-1::conversation_3126894_4336.csv::s1,user_enthusiastic,2026-07-19 20:01:34.033
Sitara-1::conversation_3126894_4336.csv::s1,astro_callback_within,2026-07-19 20:01:35.034
Sitara-1::conversation_3126894_4336.csv::s1,user_enthusiastic,2026-07-19 20:01:38.035
Sitara-1::conversation_3126894_4336.csv::s1,user_emotional_disclosure,2026-07-19 20:01:46.036
Sitara-1::conversation_3126894_4336.csv::s1,astro_callback_within,2026-07-19 20:01:49.037
Sitara-1::conversation_3126894_4336.csv::s1,astro_callback_within,2026-07-19 20:01:56.038
Sitara-1::conversation_3126894_4336.csv::s1,user_enthusiastic,2026-07-19 20:01:56.039
Sitara-1::conversation_3126894_4336.csv::s1,astro_callback_within,2026-07-19 20:02:04.040
Sitara-1::conversation_3126894_4336.csv::s1,user_emotional_disclosure,2026-07-19 20:02:08.041
Sitara-1::conversation_3126894_4336.csv::s1,astro_dated_prediction,2026-07-19 20:02:12.042
Sitara-1::conversation_3126894_4336.csv::s1,user_emotional_disclosure,2026-07-19 20:02:14.043
Sitara-1::conversation_3126894_4336.csv::s1,user_enthusiastic,2026-07-19 20:02:19.044
Sitara-1::conversation_3126894_4336.csv::s1,astro_callback_within,2026-07-19 20:02:20.045
Sitara-1::conversation_3126894_4336.csv::s1,user_emotional_disclosure,2026-07-19 20:02:28.046
Sitara-1::conversation_3126894_4336.csv::s1,astro_callback_within,2026-07-19 20:02:28.047
Sitara-1::conversation_3126894_4336.csv::s1,astro_callback_within,2026-07-19 20:02:33.048
Sitara-1::conversation_3126894_4336.csv::s1,astro_callback_within,2026-07-19 20:02:41.049
Sitara-1::conversation_3126894_4336.csv::s1,astro_other,2026-07-19 20:02:52.050
Sitara-1::conversation_3126894_4336.csv::s1,user_emotional_disclosure,2026-07-19 20:02:53.051
Sitara-1::conversation_3126894_4336.csv::s1,astro_callback_within,2026-07-19 20:03:00.052
Sitara-1::conversation_3126894_4336.csv::s1,user_enthusiastic,2026-07-19 20:03:00.053
Sitara-1::conversation_3126894_4336.csv::s1,astro_callback_within,2026-07-19 20:03:08.054
Sitara-1::conversation_3143252_4336.csv::s1,astro_other,2026-07-16 09:49:41.000
Sitara-1::conversation_3143252_4336.csv::s1,user_enthusiastic,2026-07-16 09:49:57.001
Sitara-1::conversation_3143252_4336.csv::s1,astro_callback_within,2026-07-16 09:50:03.002
Sitara-1::conversation_3143252_4336.csv::s1,user_neutral_factual,2026-07-16 09:50:09.003
Sitara-1::conversation_3143252_4336.csv::s1,astro_other,2026-07-16 09:50:14.004
Sitara-1::conversation_3143252_4336.csv::s1,user_pushback,2026-07-16 09:50:28.005
Sitara-1::conversation_3143252_4336.csv::s1,astro_callback_within,2026-07-16 09:50:34.006
Sitara-1::conversation_3143252_4336.csv::s1,user_pushback,2026-07-16 09:50:43.007
Sitara-1::conversation_3143252_4336.csv::s1,astro_callback_within,2026-07-16 09:50:49.008
Sitara-1::conversation_3143252_4336.csv::s1,user_neutral_factual,2026-07-16 09:50:57.009
Sitara-1::conversation_3143252_4336.csv::s1,astro_callback_within,2026-07-16 09:51:05.010
Sitara-1::conversation_3143252_4336.csv::s1,astro_other,2026-07-16 09:51:07.011
Sitara-1::conversation_3143252_4336.csv::s1,user_neutral_factual,2026-07-16 09:51:20.012
Sitara-1::conversation_3143252_4336.csv::s1,astro_callback_within,2026-07-16 09:51:21.013
Sitara-1::conversation_3143252_4336.csv::s1,astro_dated_prediction,2026-07-16 09:51:27.014
Sitara-1::conversation_3143252_4336.csv::s1,user_enthusiastic,2026-07-16 09:51:50.015
Sitara-1::conversation_3143252_4336.csv::s1,astro_dated_prediction,2026-07-16 09:51:55.016
Sitara-1::conversation_3143252_4336.csv::s1,user_emotional_disclosure,2026-07-16 09:52:15.017
Sitara-1::conversation_3143252_4336.csv::s1,astro_callback_within,2026-07-16 09:52:21.018
Sitara-1::conversation_3143252_4336.csv::s1,astro_other,2026-07-16 09:52:24.019
Sitara-1::conversation_3143252_4336.csv::s1,user_enthusiastic,2026-07-16 09:52:35.020
Sitara-1::conversation_3143252_4336.csv::s1,astro_callback_within,2026-07-16 09:52:49.021
Sitara-1::conversation_3143252_4336.csv::s1,user_pushback,2026-07-16 09:53:08.022
Sitara-1::conversation_3143252_4336.csv::s1,user_pushback,2026-07-16 09:53:39.023
Sitara-1::conversation_3143252_4336.csv::s1,astro_callback_within,2026-07-16 09:53:48.024
Sitara-1::conversation_3143252_4336.csv::s1,astro_other,2026-07-16 09:53:50.025
Sitara-1::conversation_3143252_4336.csv::s1,astro_callback_within,2026-07-16 09:54:11.026
Sitara-1::conversation_3143252_4336.csv::s1,astro_callback_within,2026-07-16 09:54:13.027
Sitara-1::conversation_3143252_4336.csv::s1,user_enthusiastic,2026-07-16 09:54:24.028
Sitara-1::conversation_3143252_4336.csv::s1,astro_reframe,2026-07-16 09:54:36.029
Sitara-1::conversation_3143252_4336.csv::s2,user_neutral,2026-07-16 09:56:37.000
Sitara-1::conversation_3143252_4336.csv::s2,astro_other,2026-07-16 09:56:43.001
Sitara-1::conversation_3143252_4336.csv::s2,user_neutral,2026-07-16 09:56:49.002
Sitara-1::conversation_3143252_4336.csv::s2,user_pushback,2026-07-16 09:57:22.003
Sitara-1::conversation_3143252_4336.csv::s2,astro_other,2026-07-16 09:57:33.004
Sitara-1::conversation_3143252_4336.csv::s2,user_neutral_factual,2026-07-16 09:57:45.005
Sitara-1::conversation_3143252_4336.csv::s2,astro_callback_within,2026-07-16 09:57:51.006
Sitara-1::conversation_3143252_4336.csv::s2,user_neutral_factual,2026-07-16 09:57:59.007
Sitara-1::conversation_3143252_4336.csv::s2,astro_other,2026-07-16 09:58:08.008
Sitara-1::conversation_3143252_4336.csv::s2,astro_other,2026-07-16 09:58:22.009
Sitara-1::conversation_3143252_4336.csv::s2,user_enthusiastic,2026-07-16 09:58:33.010
Sitara-1::conversation_3143252_4336.csv::s2,astro_other,2026-07-16 09:58:44.011
Sitara-1::conversation_3143252_4336.csv::s2,user_emotional_disclosure,2026-07-16 09:58:58.012
Sitara-1::conversation_3143252_4336.csv::s2,astro_other,2026-07-16 09:59:07.013
Sitara-1::conversation_3143252_4336.csv::s2,user_neutral_factual,2026-07-16 09:59:09.014
Sitara-1::conversation_3143252_4336.csv::s2,astro_callback_within,2026-07-16 09:59:19.015
Sitara-1::conversation_3143252_4336.csv::s2,user_neutral_factual,2026-07-16 09:59:30.016
Sitara-1::conversation_3143252_4336.csv::s2,astro_other,2026-07-16 09:59:37.017
Sitara-1::conversation_3143252_4336.csv::s2,user_neutral_factual,2026-07-16 09:59:53.018
Sitara-1::conversation_3143252_4336.csv::s2,astro_callback_within,2026-07-16 10:00:00.019
Sitara-1::conversation_3143252_4336.csv::s2,user_emotional_disclosure,2026-07-16 10:00:27.020
Sitara-1::conversation_3143252_4336.csv::s2,astro_callback_within,2026-07-16 10:00:34.021
Sitara-1::conversation_3143252_4336.csv::s2,user_neutral_factual,2026-07-16 10:00:43.022
Sitara-1::conversation_3143252_4336.csv::s2,astro_callback_within,2026-07-16 10:00:48.023
Sitara-1::conversation_3143252_4336.csv::s2,user_neutral,2026-07-16 10:01:02.024
Sitara-1::conversation_3143252_4336.csv::s2,astro_callback_within,2026-07-16 10:01:15.025
Sitara-1::conversation_3143252_4336.csv::s2,user_enthusiastic,2026-07-16 10:01:23.026
Sitara-1::conversation_3143252_4336.csv::s2,astro_callback_within,2026-07-16 10:01:29.027
Sitara-1::conversation_3143252_4336.csv::s2,user_neutral_factual,2026-07-16 10:01:39.028
Sitara-1::conversation_3143252_4336.csv::s2,astro_callback_within,2026-07-16 10:01:45.029
Sitara-1::conversation_3143252_4336.csv::s2,user_emotional_disclosure,2026-07-16 10:02:02.030
Sitara-1::conversation_3143252_4336.csv::s2,user_neutral,2026-07-16 10:02:34.031
Sitara-1::conversation_3143252_4336.csv::s2,astro_callback_within,2026-07-16 10:02:42.032
Sitara-1::conversation_3143252_4336.csv::s2,astro_other,2026-07-16 10:02:54.033
Sitara-1::conversation_3143252_4336.csv::s2,user_enthusiastic,2026-07-16 10:03:00.034
Sitara-1::conversation_3143252_4336.csv::s2,astro_dated_prediction,2026-07-16 10:03:31.035
Sitara-1::conversation_3143252_4336.csv::s2,astro_other,2026-07-16 10:03:33.036
Sitara-1::conversation_3143252_4336.csv::s2,user_enthusiastic,2026-07-16 10:03:43.037
Sitara-1::conversation_3143252_4336.csv::s2,astro_other,2026-07-16 10:03:50.038
Sitara-1::conversation_3143252_4336.csv::s2,astro_other,2026-07-16 10:03:52.039
Sitara-1::conversation_3143252_4336.csv::s2,astro_callback_within,2026-07-16 10:04:04.040
Sitara-1::conversation_3143252_4336.csv::s2,astro_other,2026-07-16 10:04:06.041
Sitara-1::conversation_3143252_4336.csv::s2,user_neutral_factual,2026-07-16 10:04:15.042
Sitara-1::conversation_3143252_4336.csv::s2,astro_callback_within,2026-07-16 10:04:22.043
Sitara-1::conversation_3143252_4336.csv::s2,user_neutral,2026-07-16 10:04:22.044
Sitara-1::conversation_3143252_4336.csv::s2,astro_callback_within,2026-07-16 10:04:28.045
Sitara-1::conversation_3143252_4336.csv::s2,astro_other,2026-07-16 10:04:30.046
Sitara-1::conversation_3143252_4336.csv::s2,user_neutral_factual,2026-07-16 10:04:39.047
Sitara-1::conversation_3143252_4336.csv::s2,astro_open_thread,2026-07-16 10:04:46.048
Sitara-1::conversation_3143252_4336.csv::s2,user_neutral,2026-07-16 10:04:54.049
Sitara-1::conversation_3143252_4336.csv::s2,astro_callback_within,2026-07-16 10:05:00.050
Sitara-1::conversation_3143252_4336.csv::s2,user_pushback,2026-07-16 10:05:12.051
Sitara-1::conversation_3143252_4336.csv::s2,astro_callback_within,2026-07-16 10:05:19.052
Sitara-1::conversation_3143252_4336.csv::s2,user_neutral_factual,2026-07-16 10:05:28.053
Sitara-1::conversation_3143252_4336.csv::s2,astro_callback_within,2026-07-16 10:05:33.054
Sitara-1::conversation_3143252_4336.csv::s2,astro_callback_within,2026-07-16 10:05:44.055
Sitara-1::conversation_3143252_4336.csv::s2,user_neutral_factual,2026-07-16 10:05:50.056
Sitara-1::conversation_3143252_4336.csv::s2,astro_open_thread,2026-07-16 10:05:55.057
Sitara-1::conversation_3143252_4336.csv::s2,user_neutral_factual,2026-07-16 10:06:02.058
Sitara-1::conversation_3143252_4336.csv::s2,user_enthusiastic,2026-07-16 10:06:06.059
Sitara-1::conversation_3143252_4336.csv::s2,astro_open_thread,2026-07-16 10:06:10.060
Sitara-1::conversation_3143252_4336.csv::s2,user_neutral_factual,2026-07-16 10:06:15.061
Sitara-1::conversation_3143252_4336.csv::s2,astro_other,2026-07-16 10:06:16.062
Sitara-1::conversation_3143252_4336.csv::s2,astro_open_thread,2026-07-16 10:06:23.063
Sitara-1::conversation_3143252_4336.csv::s2,user_neutral_factual,2026-07-16 10:06:32.064
Sitara-1::conversation_3143252_4336.csv::s2,astro_other,2026-07-16 10:06:37.065
Sitara-1::conversation_3146919_4336.csv::s1,user_neutral,2026-07-17 17:39:06.000
Sitara-1::conversation_3146919_4336.csv::s1,astro_other,2026-07-17 17:39:11.001
Sitara-1::conversation_3146919_4336.csv::s1,user_neutral,2026-07-17 17:39:19.002
Sitara-1::conversation_3146919_4336.csv::s1,astro_callback_within,2026-07-17 17:39:24.003
Sitara-1::conversation_3146919_4336.csv::s1,user_neutral_factual,2026-07-17 17:39:38.004
Sitara-1::conversation_3146919_4336.csv::s1,astro_callback_within,2026-07-17 17:39:43.005
Sitara-1::conversation_3146919_4336.csv::s1,user_neutral_factual,2026-07-17 17:40:06.006
Sitara-1::conversation_3146919_4336.csv::s1,astro_callback_within,2026-07-17 17:40:11.007
Sitara-1::conversation_3146919_4336.csv::s1,user_neutral_factual,2026-07-17 17:40:18.008
Sitara-1::conversation_3146919_4336.csv::s1,astro_callback_within,2026-07-17 17:40:22.009
Sitara-1::conversation_3146919_4336.csv::s1,astro_other,2026-07-17 17:40:49.010
Sitara-1::conversation_3146919_4336.csv::s1,astro_other,2026-07-17 17:40:50.011
Sitara-1::conversation_3146919_4336.csv::s1,user_pushback,2026-07-17 17:40:58.012
Sitara-1::conversation_3146919_4336.csv::s1,astro_other,2026-07-17 17:41:03.013
Sitara-1::conversation_3146919_4336.csv::s1,astro_callback_within,2026-07-17 17:41:05.014
Sitara-1::conversation_3146919_4336.csv::s1,user_neutral_factual,2026-07-17 17:41:35.015
Sitara-1::conversation_3146919_4336.csv::s1,astro_other,2026-07-17 17:41:40.016
Sitara-1::conversation_3146919_4336.csv::s1,user_emotional_disclosure,2026-07-17 17:41:48.017
Sitara-1::conversation_3146919_4336.csv::s1,astro_callback_within,2026-07-17 17:41:53.018
Sitara-1::conversation_3146919_4336.csv::s1,user_emotional_disclosure,2026-07-17 17:42:05.019
Sitara-1::conversation_3146919_4336.csv::s1,astro_callback_within,2026-07-17 17:42:10.020
Sitara-1::conversation_3146919_4336.csv::s1,astro_other,2026-07-17 17:42:12.021
Sitara-1::conversation_3146919_4336.csv::s1,astro_reframe,2026-07-17 17:42:14.022
Sitara-1::conversation_3146919_4336.csv::s1,user_emotional_disclosure,2026-07-17 17:42:18.023
Sitara-1::conversation_3146919_4336.csv::s1,astro_callback_within,2026-07-17 17:42:23.024
Sitara-1::conversation_3146919_4336.csv::s1,astro_other,2026-07-17 17:42:40.025
Sitara-1::conversation_3146919_4336.csv::s1,user_neutral,2026-07-17 17:42:44.026
Sitara-1::conversation_3146919_4336.csv::s1,astro_dated_prediction,2026-07-17 17:42:49.027
Sitara-1::conversation_3146919_4336.csv::s1,user_neutral,2026-07-17 17:43:54.028
Sitara-1::conversation_3146919_4336.csv::s1,astro_callback_within,2026-07-17 17:43:59.029
Sitara-1::conversation_3146919_4336.csv::s1,user_emotional_disclosure,2026-07-17 17:44:32.030
Sitara-1::conversation_3146919_4336.csv::s1,astro_callback_within,2026-07-17 17:44:37.031
Sitara-1::conversation_3146919_4336.csv::s1,user_neutral,2026-07-17 17:44:49.032
Sitara-1::conversation_3146919_4336.csv::s1,astro_callback_within,2026-07-17 17:44:54.033
Sitara-1::conversation_3146919_4336.csv::s1,astro_callback_within,2026-07-17 17:45:17.034
Sitara-1::conversation_3146919_4336.csv::s1,user_emotional_disclosure,2026-07-17 17:46:06.035
Sitara-1::conversation_3146919_4336.csv::s1,astro_callback_within,2026-07-17 17:46:11.036
Sitara-1::conversation_3146919_4336.csv::s1,astro_reframe,2026-07-17 17:46:13.037
Sitara-1::conversation_3146919_4336.csv::s1,user_neutral,2026-07-17 17:46:26.038
Sitara-1::conversation_3146919_4336.csv::s1,astro_reframe,2026-07-17 17:46:31.039
Sitara-1::conversation_3146919_4336.csv::s1,user_neutral,2026-07-17 17:46:40.040
Sitara-1::conversation_3146919_4336.csv::s1,astro_open_thread,2026-07-17 17:46:48.041
Sitara-1::conversation_3146919_4336.csv::s1,user_pushback,2026-07-17 17:46:59.042
Sitara-1::conversation_3146919_4336.csv::s1,astro_callback_within,2026-07-17 17:47:04.043
Sitara-1::conversation_3146919_4336.csv::s1,user_neutral,2026-07-17 17:47:23.044
Sitara-1::conversation_3146919_4336.csv::s1,astro_callback_within,2026-07-17 17:47:29.045
Sitara-1::conversation_3146919_4336.csv::s1,user_neutral_factual,2026-07-17 17:47:47.046
Sitara-1::conversation_3146919_4336.csv::s1,astro_reframe,2026-07-17 17:47:52.047
Sitara-1::conversation_3146919_4336.csv::s1,user_neutral,2026-07-17 17:47:59.048
Sitara-1::conversation_3146919_4336.csv::s1,astro_callback_within,2026-07-17 17:48:03.049
Sitara-1::conversation_3146919_4336.csv::s2,user_neutral,2026-07-17 17:49:00.000
Sitara-1::conversation_3146919_4336.csv::s2,astro_other,2026-07-17 17:49:06.001
Sitara-1::conversation_3146919_4336.csv::s2,astro_other,2026-07-17 17:49:26.002
Sitara-1::conversation_3146919_4336.csv::s2,astro_other,2026-07-17 17:49:31.003
Sitara-1::conversation_3146919_4336.csv::s2,user_emotional_disclosure,2026-07-17 17:49:41.004
Sitara-1::conversation_3146919_4336.csv::s2,user_emotional_disclosure,2026-07-17 17:49:56.005
Sitara-1::conversation_3146919_4336.csv::s2,astro_callback_within,2026-07-17 17:50:02.006
Sitara-1::conversation_3146919_4336.csv::s2,user_disengaging,2026-07-17 17:50:08.007
Sitara-1::conversation_3146919_4336.csv::s2,astro_callback_within,2026-07-17 17:50:13.008
Sitara-1::conversation_3146919_4336.csv::s2,astro_other,2026-07-17 17:50:15.009
Sitara-1::conversation_3146919_4336.csv::s2,user_pushback,2026-07-17 17:50:32.010
Sitara-1::conversation_3146919_4336.csv::s2,user_pushback,2026-07-17 17:50:34.011
Sitara-1::conversation_3146919_4336.csv::s2,astro_callback_within,2026-07-17 17:50:37.012
Sitara-1::conversation_3146919_4336.csv::s2,astro_other,2026-07-17 17:50:42.013
Sitara-1::conversation_3146919_4336.csv::s2,astro_callback_within,2026-07-17 17:50:45.014
Sitara-1::conversation_3146919_4336.csv::s2,user_disengaging,2026-07-17 17:50:54.015
Sitara-1::conversation_3146919_4336.csv::s2,astro_callback_within,2026-07-17 17:50:59.016
Sitara-1::conversation_3146919_4336.csv::s2,user_enthusiastic,2026-07-17 17:51:13.017
Sitara-1::conversation_3146919_4336.csv::s2,astro_callback_within,2026-07-17 17:51:18.018
Sitara-1::conversation_3146919_4336.csv::s2,user_enthusiastic,2026-07-17 17:51:22.019
Sitara-1::conversation_3146919_4336.csv::s2,astro_callback_within,2026-07-17 17:51:27.020
Sitara-1::conversation_3146919_4336.csv::s2,user_emotional_disclosure,2026-07-17 17:51:52.021
Sitara-1::conversation_3146919_4336.csv::s2,astro_callback_within,2026-07-17 17:51:57.022
Sitara-1::conversation_3146919_4336.csv::s2,user_emotional_disclosure,2026-07-17 17:52:09.023
Sitara-1::conversation_3146919_4336.csv::s2,astro_callback_within,2026-07-17 17:52:17.024
Sitara-1::conversation_3146919_4336.csv::s2,astro_callback_within,2026-07-17 17:52:32.025
Sitara-1::conversation_3146919_4336.csv::s2,user_enthusiastic,2026-07-17 17:52:41.026
Sitara-1::conversation_3146919_4336.csv::s2,astro_callback_within,2026-07-17 17:52:46.027
Sitara-1::conversation_3146919_4336.csv::s2,user_enthusiastic,2026-07-17 17:53:13.028
Sitara-1::conversation_3146919_4336.csv::s2,astro_callback_within,2026-07-17 17:53:19.029
Sitara-1::conversation_3146919_4336.csv::s2,astro_callback_within,2026-07-17 17:53:34.030
Sitara-1::conversation_3146919_4336.csv::s2,astro_callback_within,2026-07-17 17:53:36.031
Sitara-1::conversation_3146919_4336.csv::s2,user_neutral,2026-07-17 17:53:57.032
Sitara-1::conversation_3146919_4336.csv::s2,user_neutral,2026-07-17 17:54:19.033
Sitara-1::conversation_3146919_4336.csv::s2,astro_callback_within,2026-07-17 17:54:25.034
Sitara-1::conversation_3146919_4336.csv::s2,astro_callback_within,2026-07-17 17:54:45.035
Sitara-1::conversation_3146919_4336.csv::s2,astro_other,2026-07-17 17:54:47.036
Sitara-1::conversation_3146919_4336.csv::s2,user_disengaging,2026-07-17 17:55:05.037
Sitara-1::conversation_3146919_4336.csv::s2,astro_callback_within,2026-07-17 17:55:11.038
Sitara-1::conversation_3146919_4336.csv::s2,user_emotional_disclosure,2026-07-17 17:55:17.039
Sitara-1::conversation_3146919_4336.csv::s2,user_emotional_disclosure,2026-07-17 17:55:36.040
Sitara-1::conversation_3146919_4336.csv::s2,astro_callback_within,2026-07-17 17:55:45.041
Sitara-1::conversation_3146919_4336.csv::s2,user_emotional_disclosure,2026-07-17 17:55:45.042
Sitara-1::conversation_3146919_4336.csv::s2,astro_callback_within,2026-07-17 17:55:47.043
Sitara-1::conversation_3146919_4336.csv::s2,astro_callback_within,2026-07-17 17:55:51.044
Sitara-1::conversation_3146919_4336.csv::s2,astro_callback_within,2026-07-17 17:55:53.045
Sitara-1::conversation_3146919_4336.csv::s2,user_disengaging,2026-07-17 17:56:13.046
Sitara-1::conversation_3146919_4336.csv::s2,user_enthusiastic,2026-07-17 17:56:16.047
Sitara-1::conversation_3146919_4336.csv::s2,astro_callback_within,2026-07-17 17:56:18.048
Sitara-1::conversation_3146919_4336.csv::s2,astro_other,2026-07-17 17:56:21.049
Sitara-1::conversation_3146919_4336.csv::s2,user_enthusiastic,2026-07-17 17:56:27.050
Sitara-1::conversation_3146919_4336.csv::s2,astro_callback_within,2026-07-17 17:56:30.051
Sitara-1::conversation_3146919_4336.csv::s2,user_enthusiastic,2026-07-17 17:56:38.052
Sitara-1::conversation_3146919_4336.csv::s2,user_enthusiastic,2026-07-17 17:56:41.053
Sitara-1::conversation_3146919_4336.csv::s2,astro_callback_within,2026-07-17 17:56:44.054
Sitara-1::conversation_3146919_4336.csv::s2,astro_callback_within,2026-07-17 17:56:50.055
Sitara-1::conversation_3146919_4336.csv::s2,astro_callback_within,2026-07-17 17:56:54.056
Sitara-1::conversation_3146919_4336.csv::s2,astro_callback_within,2026-07-17 17:56:56.057
Sitara-1::conversation_3146919_4336.csv::s2,astro_callback_within,2026-07-17 17:57:15.058
Sitara-1::conversation_3146919_4336.csv::s2,user_emotional_disclosure,2026-07-17 17:57:23.059
Sitara-1::conversation_3146919_4336.csv::s2,user_enthusiastic,2026-07-17 17:57:46.060
Sitara-1::conversation_3146919_4336.csv::s2,astro_callback_within,2026-07-17 17:57:51.061
Sitara-1::conversation_3146919_4336.csv::s2,user_enthusiastic,2026-07-17 17:58:10.062
Sitara-1::conversation_3146919_4336.csv::s2,astro_callback_within,2026-07-17 17:58:12.063
Sitara-1::conversation_3146919_4336.csv::s2,user_neutral,2026-07-17 17:58:26.064
Sitara-1::conversation_3146919_4336.csv::s2,astro_callback_within,2026-07-17 17:58:32.065
Sitara-1::conversation_3146919_4336.csv::s2,user_disengaging,2026-07-17 17:58:43.066
Sitara-1::conversation_3146919_4336.csv::s2,astro_callback_within,2026-07-17 17:58:51.067
Sitara-1::conversation_3146919_4336.csv::s2,astro_callback_within,2026-07-17 17:59:05.068
Sitara-1::conversation_3151823_4336.csv::s1,user_neutral,2026-07-20 15:14:04.000
Sitara-1::conversation_3151823_4336.csv::s1,user_neutral,2026-07-20 15:14:10.001
Sitara-1::conversation_3151823_4336.csv::s1,astro_callback_within,2026-07-20 15:14:25.002
Sitara-1::conversation_3151823_4336.csv::s1,user_disengaging,2026-07-20 15:14:38.003
Sitara-1::conversation_3151823_4336.csv::s1,astro_callback_within,2026-07-20 15:14:38.004
Sitara-1::conversation_3151823_4336.csv::s1,user_disengaging,2026-07-20 15:14:48.005
Sitara-1::conversation_3151823_4336.csv::s1,user_enthusiastic,2026-07-20 15:14:56.006
Sitara-1::conversation_3151823_4336.csv::s1,astro_callback_within,2026-07-20 15:15:06.007
Sitara-1::conversation_3151823_4336.csv::s1,user_disengaging,2026-07-20 15:15:14.008
Sitara-1::conversation_3151823_4336.csv::s1,astro_dated_prediction,2026-07-20 15:15:19.009
Sitara-1::conversation_3151823_4336.csv::s1,user_enthusiastic,2026-07-20 15:15:45.010
Sitara-1::conversation_3151823_4336.csv::s1,astro_dated_prediction,2026-07-20 15:16:00.011
Sitara-1::conversation_3151823_4336.csv::s1,astro_callback_within,2026-07-20 15:16:13.012
Sitara-1::conversation_3151823_4336.csv::s1,astro_callback_within,2026-07-20 15:16:27.013
Sitara-1::conversation_3151823_4336.csv::s1,user_enthusiastic,2026-07-20 15:16:28.014
Sitara-1::conversation_3151823_4336.csv::s1,user_neutral,2026-07-20 15:16:56.015
Sitara-1::conversation_3151823_4336.csv::s1,user_neutral,2026-07-20 15:17:11.016
Sitara-1::conversation_3151823_4336.csv::s1,user_enthusiastic,2026-07-20 15:17:31.017
Sitara-1::conversation_3151823_4336.csv::s1,astro_callback_within,2026-07-20 15:17:45.018
Sitara-1::conversation_3151823_4336.csv::s1,astro_callback_within,2026-07-20 15:17:53.019
Sitara-1::conversation_3151823_4336.csv::s1,user_enthusiastic,2026-07-20 15:18:11.020
Sitara-1::conversation_3151823_4336.csv::s1,user_enthusiastic,2026-07-20 15:18:36.021
Sitara-1::conversation_3151823_4336.csv::s1,astro_callback_within,2026-07-20 15:18:44.022
Sitara-1::conversation_3151823_4336.csv::s1,user_enthusiastic,2026-07-20 15:19:00.023
Sitara-1::conversation_3151823_4336.csv::s1,astro_callback_within,2026-07-20 15:19:13.024
Sitara-1::conversation_3151823_4336.csv::s1,astro_callback_within,2026-07-20 15:19:21.025
Sitara-1::conversation_3151823_4336.csv::s1,user_enthusiastic,2026-07-20 15:19:38.026
Sitara-1::conversation_3151823_4336.csv::s1,astro_callback_within,2026-07-20 15:19:48.027
Sitara-1::conversation_3151823_4336.csv::s2,user_neutral,2026-07-20 15:21:13.000
Sitara-1::conversation_3151823_4336.csv::s2,user_emotional_disclosure,2026-07-20 15:21:24.001
Sitara-1::conversation_3151823_4336.csv::s2,astro_other,2026-07-20 15:21:40.002
Sitara-1::conversation_3151823_4336.csv::s2,astro_callback_within,2026-07-20 15:21:45.003
Sitara-1::conversation_3151823_4336.csv::s2,user_disengaging,2026-07-20 15:21:56.004
Sitara-1::conversation_3151823_4336.csv::s2,user_emotional_disclosure,2026-07-20 15:22:00.005
Sitara-1::conversation_3151823_4336.csv::s2,astro_callback_within,2026-07-20 15:22:06.006
Sitara-1::conversation_3151823_4336.csv::s2,astro_callback_within,2026-07-20 15:22:27.007
Sitara-1::conversation_3151823_4336.csv::s2,user_neutral,2026-07-20 15:22:36.008
Sitara-1::conversation_3151823_4336.csv::s2,astro_callback_within,2026-07-20 15:22:44.009
Sitara-1::conversation_3151823_4336.csv::s2,user_disengaging,2026-07-20 15:22:51.010
Sitara-1::conversation_3151823_4336.csv::s2,astro_callback_within,2026-07-20 15:23:00.011
Sitara-1::conversation_3151823_4336.csv::s2,user_enthusiastic,2026-07-20 15:23:06.012
Sitara-1::conversation_3151823_4336.csv::s2,astro_dated_prediction,2026-07-20 15:23:09.013
Sitara-1::conversation_3151823_4336.csv::s2,astro_callback_prior,2026-07-20 15:23:16.014
Sitara-1::conversation_3151823_4336.csv::s2,user_enthusiastic,2026-07-20 15:23:23.015
Sitara-1::conversation_3151823_4336.csv::s2,astro_callback_within,2026-07-20 15:23:32.016
Sitara-1::conversation_3151823_4336.csv::s2,user_enthusiastic,2026-07-20 15:23:46.017
Sitara-1::conversation_3151823_4336.csv::s2,user_enthusiastic,2026-07-20 15:23:56.018
Sitara-1::conversation_3151823_4336.csv::s2,astro_callback_prior,2026-07-20 15:23:59.019
Sitara-1::conversation_3151823_4336.csv::s2,astro_callback_within,2026-07-20 15:24:11.020
Sitara-1::conversation_3151823_4336.csv::s2,user_enthusiastic,2026-07-20 15:24:27.021
Sitara-1::conversation_3151823_4336.csv::s2,astro_callback_prior,2026-07-20 15:24:35.022
Sitara-1::conversation_3151823_4336.csv::s2,user_enthusiastic,2026-07-20 15:24:57.023
Sitara-1::conversation_3151823_4336.csv::s2,astro_callback_prior,2026-07-20 15:25:06.024
Sitara-1::conversation_3151823_4336.csv::s2,user_emotional_disclosure,2026-07-20 15:25:15.025
Sitara-1::conversation_3151823_4336.csv::s2,astro_callback_prior,2026-07-20 15:25:22.026
Sitara-1::conversation_3151823_4336.csv::s2,user_enthusiastic,2026-07-20 15:25:42.027
Sitara-1::conversation_3151823_4336.csv::s2,astro_callback_within,2026-07-20 15:25:58.028
Sitara-1::conversation_3151823_4336.csv::s2,user_emotional_disclosure,2026-07-20 15:26:13.029
Sitara-1::conversation_3151823_4336.csv::s2,astro_callback_within,2026-07-20 15:26:30.030
Sitara-1::conversation_3151823_4336.csv::s3,user_neutral,2026-07-20 15:21:13.000
Sitara-1::conversation_3151823_4336.csv::s3,user_neutral_factual,2026-07-20 15:21:24.001
Sitara-1::conversation_3151823_4336.csv::s3,astro_other,2026-07-20 15:21:40.002
Sitara-1::conversation_3151823_4336.csv::s3,astro_other,2026-07-20 15:21:45.003
Sitara-1::conversation_3151823_4336.csv::s3,user_neutral_factual,2026-07-20 15:21:56.004
Sitara-1::conversation_3151823_4336.csv::s3,user_neutral_factual,2026-07-20 15:22:00.005
Sitara-1::conversation_3151823_4336.csv::s3,astro_other,2026-07-20 15:22:06.006
Sitara-1::conversation_3151823_4336.csv::s3,astro_validation,2026-07-20 15:22:27.007
Sitara-1::conversation_3151823_4336.csv::s3,user_neutral_factual,2026-07-20 15:22:36.008
Sitara-1::conversation_3151823_4336.csv::s3,astro_other,2026-07-20 15:22:44.009
Sitara-1::conversation_3151823_4336.csv::s3,user_neutral_factual,2026-07-20 15:22:51.010
Sitara-1::conversation_3151823_4336.csv::s3,astro_other,2026-07-20 15:23:00.011
Sitara-1::conversation_3151823_4336.csv::s3,user_neutral_factual,2026-07-20 15:23:06.012
Sitara-1::conversation_3151823_4336.csv::s3,astro_dated_prediction,2026-07-20 15:23:09.013
Sitara-1::conversation_3151823_4336.csv::s3,astro_other,2026-07-20 15:23:16.014
Sitara-1::conversation_3151823_4336.csv::s3,user_enthusiastic,2026-07-20 15:23:23.015
Sitara-1::conversation_3151823_4336.csv::s3,astro_other,2026-07-20 15:23:32.016
Sitara-1::conversation_3151823_4336.csv::s3,user_enthusiastic,2026-07-20 15:23:46.017
Sitara-1::conversation_3151823_4336.csv::s3,user_enthusiastic,2026-07-20 15:23:56.018
Sitara-1::conversation_3151823_4336.csv::s3,astro_other,2026-07-20 15:23:59.019
Sitara-1::conversation_3151823_4336.csv::s3,astro_other,2026-07-20 15:24:11.020
Sitara-1::conversation_3151823_4336.csv::s3,user_enthusiastic,2026-07-20 15:24:27.021
Sitara-1::conversation_3151823_4336.csv::s3,astro_other,2026-07-20 15:24:35.022
Sitara-1::conversation_3151823_4336.csv::s3,user_enthusiastic,2026-07-20 15:24:57.023
Sitara-1::conversation_3151823_4336.csv::s3,astro_other,2026-07-20 15:25:06.024
Sitara-1::conversation_3151823_4336.csv::s3,user_neutral_factual,2026-07-20 15:25:15.025
Sitara-1::conversation_3151823_4336.csv::s3,astro_other,2026-07-20 15:25:22.026
Sitara-1::conversation_3151823_4336.csv::s3,user_enthusiastic,2026-07-20 15:25:42.027
Sitara-1::conversation_3151823_4336.csv::s3,astro_other,2026-07-20 15:25:58.028
Sitara-1::conversation_3151823_4336.csv::s3,user_neutral_factual,2026-07-20 15:26:13.029
Sitara-1::conversation_3151823_4336.csv::s3,astro_other,2026-07-20 15:26:30.030
Sitara-1::conversation_3152344_4336.csv::s1,user_neutral,2026-07-20 11:30:58.000
Sitara-1::conversation_3152344_4336.csv::s1,astro_other,2026-07-20 11:31:04.001
Sitara-1::conversation_3152344_4336.csv::s1,user_neutral_factual,2026-07-20 11:31:12.002
Sitara-1::conversation_3152344_4336.csv::s1,astro_other,2026-07-20 11:31:20.003
Sitara-1::conversation_3152344_4336.csv::s1,user_emotional_disclosure,2026-07-20 11:31:35.004
Sitara-1::conversation_3152344_4336.csv::s1,astro_validation,2026-07-20 11:31:44.005
Sitara-1::conversation_3152344_4336.csv::s1,user_neutral,2026-07-20 11:32:03.006
Sitara-1::conversation_3152344_4336.csv::s1,user_neutral_factual,2026-07-20 11:32:21.007
Sitara-1::conversation_3152344_4336.csv::s1,user_neutral_factual,2026-07-20 11:32:28.008
Sitara-1::conversation_3152344_4336.csv::s1,astro_validation,2026-07-20 11:32:30.009
Sitara-1::conversation_3152344_4336.csv::s1,astro_other,2026-07-20 11:32:36.010
Sitara-1::conversation_3152344_4336.csv::s1,user_emotional_disclosure,2026-07-20 11:32:45.011
Sitara-1::conversation_3152344_4336.csv::s1,astro_callback_within,2026-07-20 11:32:58.012
Sitara-1::conversation_3152344_4336.csv::s1,user_neutral_factual,2026-07-20 11:33:00.013
Sitara-1::conversation_3152344_4336.csv::s1,astro_callback_within,2026-07-20 11:33:08.014
Sitara-1::conversation_3152344_4336.csv::s1,astro_callback_within,2026-07-20 11:33:21.015
Sitara-1::conversation_3152344_4336.csv::s1,user_enthusiastic,2026-07-20 11:33:30.016
Sitara-1::conversation_3152344_4336.csv::s1,astro_callback_within,2026-07-20 11:33:50.017
Sitara-1::conversation_3152344_4336.csv::s1,astro_callback_within,2026-07-20 11:34:20.018
Sitara-1::conversation_3152344_4336.csv::s1,user_enthusiastic,2026-07-20 11:34:56.019
Sitara-1::conversation_3152344_4336.csv::s1,astro_callback_within,2026-07-20 11:35:11.020
Sitara-1::conversation_3152344_4336.csv::s1,user_enthusiastic,2026-07-20 11:35:22.021
Sitara-1::conversation_3152344_4336.csv::s1,astro_callback_within,2026-07-20 11:35:39.022
Sitara-1::conversation_3152344_4336.csv::s2,user_neutral,2026-07-20 11:40:09.000
Sitara-1::conversation_3152344_4336.csv::s2,astro_callback_prior,2026-07-20 11:40:17.001
Sitara-1::conversation_3152344_4336.csv::s2,user_neutral_factual,2026-07-20 11:40:24.002
Sitara-1::conversation_3152344_4336.csv::s2,user_neutral_factual,2026-07-20 11:40:29.003
Sitara-1::conversation_3152344_4336.csv::s2,astro_callback_prior,2026-07-20 11:40:37.004
Sitara-1::conversation_3152344_4336.csv::s2,user_neutral_factual,2026-07-20 11:40:51.005
Sitara-1::conversation_3152344_4336.csv::s2,astro_callback_prior,2026-07-20 11:41:01.006
Sitara-1::conversation_3152344_4336.csv::s2,user_pushback,2026-07-20 11:41:15.007
Sitara-1::conversation_3152344_4336.csv::s2,astro_callback_prior,2026-07-20 11:41:25.008
Sitara-1::conversation_3152344_4336.csv::s2,user_emotional_disclosure,2026-07-20 11:41:46.009
Sitara-1::conversation_3152344_4336.csv::s2,astro_callback_prior,2026-07-20 11:42:00.010
Sitara-1::conversation_3152344_4336.csv::s2,user_neutral_factual,2026-07-20 11:42:07.011
Sitara-1::conversation_3152344_4336.csv::s2,astro_callback_prior,2026-07-20 11:42:19.012
Sitara-1::conversation_3152344_4336.csv::s2,user_neutral,2026-07-20 11:42:37.013
Sitara-1::conversation_3152344_4336.csv::s2,astro_other,2026-07-20 11:42:54.014
Sitara-1::conversation_3152344_4336.csv::s2,user_enthusiastic,2026-07-20 11:43:18.015
Sitara-1::conversation_3152344_4336.csv::s2,astro_callback_prior,2026-07-20 11:43:29.016
Sitara-1::conversation_3152344_4336.csv::s2,user_neutral,2026-07-20 11:44:01.017
Sitara-1::conversation_3152344_4336.csv::s2,astro_callback_within,2026-07-20 11:44:09.018
Sitara-1::conversation_3152344_4336.csv::s2,user_enthusiastic,2026-07-20 11:44:26.019
Sitara-1::conversation_3152344_4336.csv::s2,astro_callback_within,2026-07-20 11:44:37.020
Sitara-1::conversation_3152344_4336.csv::s2,user_enthusiastic,2026-07-20 11:44:48.021
Sitara-1::conversation_3152344_4336.csv::s2,astro_callback_within,2026-07-20 11:44:58.022
Sitara-1::conversation_3152344_4336.csv::s2,user_enthusiastic,2026-07-20 11:45:40.023
Sitara-1::conversation_3152344_4336.csv::s2,astro_other,2026-07-20 11:45:50.024
Sitara-1::conversation_3152344_4336.csv::s2,user_neutral,2026-07-20 11:45:55.025
Sitara-1::conversation_3152344_4336.csv::s2,astro_other,2026-07-20 11:46:04.026
Sitara-1::conversation_3152344_4336.csv::s2,user_emotional_disclosure,2026-07-20 11:46:47.027
Sitara-1::conversation_3152344_4336.csv::s2,user_enthusiastic,2026-07-20 11:47:09.028
Sitara-1::conversation_3152344_4336.csv::s2,astro_callback_within,2026-07-20 11:47:23.029
Sitara-1::conversation_3152344_4336.csv::s2,user_enthusiastic,2026-07-20 11:47:36.030
Sitara-1::conversation_3152344_4336.csv::s2,user_neutral_factual,2026-07-20 11:47:51.031
Sitara-1::conversation_3152344_4336.csv::s2,user_enthusiastic,2026-07-20 11:48:10.032
Sitara-1::conversation_3152344_4336.csv::s2,astro_callback_within,2026-07-20 11:48:10.033
Sitara-1::conversation_3152344_4336.csv::s2,user_enthusiastic,2026-07-20 11:49:06.034
Sitara-1::conversation_3152344_4336.csv::s2,astro_callback_within,2026-07-20 11:49:14.035
Sitara-1::conversation_3152344_4336.csv::s2,user_neutral_factual,2026-07-20 11:49:15.036
Sitara-1::conversation_3152344_4336.csv::s2,astro_callback_within,2026-07-20 11:49:27.037
Sitara-1::conversation_3152344_4336.csv::s2,user_enthusiastic,2026-07-20 11:49:47.038
Sitara-1::conversation_3152344_4336.csv::s2,astro_callback_within,2026-07-20 11:49:56.039
Sitara-1::conversation_3152344_4336.csv::s2,user_enthusiastic,2026-07-20 11:50:03.040
Sitara-1::conversation_3152344_4336.csv::s2,astro_callback_prior,2026-07-20 11:50:11.041
Sitara-1::conversation_3152344_4336.csv::s2,user_enthusiastic,2026-07-20 11:50:28.042
Sitara-1::conversation_3152344_4336.csv::s2,astro_other,2026-07-20 11:50:38.043
Sitara-1::conversation_3152344_4336.csv::s2,user_enthusiastic,2026-07-20 11:50:47.044
Sitara-1::conversation_3152344_4336.csv::s2,astro_dated_prediction,2026-07-20 11:50:58.045
Sitara-1::conversation_3152344_4336.csv::s2,user_enthusiastic,2026-07-20 11:51:15.046
Sitara-1::conversation_3152344_4336.csv::s2,astro_dated_prediction,2026-07-20 11:51:32.047
Sitara-1::conversation_3152344_4336.csv::s2,user_enthusiastic,2026-07-20 11:51:57.048
Sitara-1::conversation_3152344_4336.csv::s2,astro_other,2026-07-20 11:52:06.049
Sitara-1::conversation_3152344_4336.csv::s2,user_enthusiastic,2026-07-20 11:52:19.050
Sitara-1::conversation_3152344_4336.csv::s2,astro_open_thread,2026-07-20 11:52:27.051
Sitara-1::conversation_3152344_4336.csv::s2,user_pushback,2026-07-20 11:52:30.052
Sitara-1::conversation_3152344_4336.csv::s2,user_enthusiastic,2026-07-20 11:52:38.053
Sitara-1::conversation_3152344_4336.csv::s2,astro_callback_within,2026-07-20 11:52:48.054
Sitara-1::conversation_3152344_4336.csv::s2,user_enthusiastic,2026-07-20 11:52:54.055
Sitara-1::conversation_3152344_4336.csv::s2,astro_callback_within,2026-07-20 11:53:02.056
Sitara-1::conversation_3152344_4336.csv::s2,user_pushback,2026-07-20 11:53:20.057
Sitara-1::conversation_3152344_4336.csv::s2,astro_callback_within,2026-07-20 11:53:28.058
Sitara-1::conversation_3152344_4336.csv::s2,user_enthusiastic,2026-07-20 11:53:38.059
Sitara-1::conversation_3152344_4336.csv::s2,astro_callback_within,2026-07-20 11:53:48.060
Sitara-1::conversation_3152344_4336.csv::s2,astro_callback_within,2026-07-20 11:54:06.061
Sitara-1::conversation_3152344_4336.csv::s2,user_neutral_factual,2026-07-20 11:54:13.062
Sitara-1::conversation_3152344_4336.csv::s2,user_enthusiastic,2026-07-20 11:54:18.063
Sitara-1::conversation_3152344_4336.csv::s2,astro_reframe,2026-07-20 11:54:20.064
Sitara-1::conversation_3152344_4336.csv::s2,astro_open_thread,2026-07-20 11:54:29.065
Sitara-1::conversation_3152344_4336.csv::s2,user_enthusiastic,2026-07-20 11:54:31.066
Sitara-1::conversation_3152344_4336.csv::s2,astro_callback_within,2026-07-20 11:54:38.067
Sitara-1::conversation_3152344_4336.csv::s2,astro_reframe,2026-07-20 11:55:02.068
Sitara-1::conversation_3152344_4336.csv::s2,user_enthusiastic,2026-07-20 11:55:09.069
Sitara-1::conversation_3152344_4336.csv::s2,astro_other,2026-07-20 11:55:19.070
Sitara-1::conversation_3188492_4336.csv::s1,user_neutral,2026-07-20 10:58:39.000
Sitara-1::conversation_3188492_4336.csv::s1,user_enthusiastic,2026-07-20 10:58:44.001
Sitara-1::conversation_3188492_4336.csv::s1,user_enthusiastic,2026-07-20 10:58:52.002
Sitara-1::conversation_3188492_4336.csv::s1,astro_other,2026-07-20 10:58:57.003
Sitara-1::conversation_3188492_4336.csv::s1,user_pushback,2026-07-20 10:59:07.004
Sitara-1::conversation_3188492_4336.csv::s1,astro_other,2026-07-20 10:59:09.005
Sitara-1::conversation_3188492_4336.csv::s1,astro_callback_within,2026-07-20 10:59:20.006
Sitara-1::conversation_3188492_4336.csv::s1,user_pushback,2026-07-20 10:59:21.007
Sitara-1::conversation_3188492_4336.csv::s1,user_disengaging,2026-07-20 10:59:25.008
Sitara-1::conversation_3188492_4336.csv::s1,astro_callback_within,2026-07-20 10:59:38.009
Sitara-1::conversation_3188492_4336.csv::s1,astro_callback_within,2026-07-20 10:59:43.010
Sitara-1::conversation_3188492_4336.csv::s1,user_pushback,2026-07-20 11:00:00.011
Sitara-1::conversation_3188492_4336.csv::s1,user_pushback,2026-07-20 11:00:07.012
Sitara-1::conversation_3188492_4336.csv::s1,astro_callback_within,2026-07-20 11:00:11.013
Sitara-1::conversation_3188492_4336.csv::s1,astro_callback_within,2026-07-20 11:00:20.014
Sitara-1::conversation_3188492_4336.csv::s1,user_pushback,2026-07-20 11:00:21.015
Sitara-1::conversation_3188492_4336.csv::s1,astro_callback_within,2026-07-20 11:00:30.016
Sitara-1::conversation_3238192_4336.csv::s1,user_neutral,2026-07-16 16:16:08.000
Sitara-1::conversation_3238192_4336.csv::s1,astro_other,2026-07-16 16:16:22.001
Sitara-1::conversation_3238192_4336.csv::s1,user_neutral,2026-07-16 16:16:42.002
Sitara-1::conversation_3238192_4336.csv::s1,user_neutral_factual,2026-07-16 16:17:00.003
Sitara-1::conversation_3238192_4336.csv::s1,astro_callback_within,2026-07-16 16:17:13.004
Sitara-1::conversation_3238192_4336.csv::s1,user_neutral_factual,2026-07-16 16:17:36.005
Sitara-1::conversation_3238192_4336.csv::s1,astro_other,2026-07-16 16:17:52.006
Sitara-1::conversation_3238192_4336.csv::s1,user_emotional_disclosure,2026-07-16 16:18:18.007
Sitara-1::conversation_3238192_4336.csv::s1,astro_callback_within,2026-07-16 16:18:30.008
Sitara-1::conversation_3238192_4336.csv::s1,user_neutral_factual,2026-07-16 16:18:43.009
Sitara-1::conversation_3238192_4336.csv::s1,astro_other,2026-07-16 16:18:57.010
Sitara-1::conversation_3238192_4336.csv::s1,astro_other,2026-07-16 16:18:59.011
Sitara-1::conversation_3238192_4336.csv::s1,astro_callback_within,2026-07-16 16:19:00.012
Sitara-1::conversation_3238192_4336.csv::s1,astro_other,2026-07-16 16:19:02.013
Sitara-1::conversation_3238192_4336.csv::s1,user_neutral_factual,2026-07-16 16:19:16.014
Sitara-1::conversation_3238192_4336.csv::s1,user_emotional_disclosure,2026-07-16 16:19:24.015
Sitara-1::conversation_3238192_4336.csv::s1,astro_callback_within,2026-07-16 16:19:29.016
Sitara-1::conversation_3238192_4336.csv::s1,astro_callback_within,2026-07-16 16:19:35.017
Sitara-1::conversation_3238192_4336.csv::s1,user_neutral_factual,2026-07-16 16:19:38.018
Sitara-1::conversation_3238192_4336.csv::s1,astro_callback_within,2026-07-16 16:19:48.019
Sitara-1::conversation_3238192_4336.csv::s1,user_neutral_factual,2026-07-16 16:19:50.020
Sitara-1::conversation_3238192_4336.csv::s1,astro_reframe,2026-07-16 16:20:04.021
Sitara-1::conversation_3238192_4336.csv::s1,user_emotional_disclosure,2026-07-16 16:20:05.022
Sitara-1::conversation_3238192_4336.csv::s1,astro_callback_within,2026-07-16 16:20:14.023
Sitara-1::conversation_3238192_4336.csv::s1,user_enthusiastic,2026-07-16 16:20:40.024
Sitara-1::conversation_3238192_4336.csv::s1,astro_callback_within,2026-07-16 16:20:49.025
Sitara-1::conversation_3238192_4336.csv::s1,user_emotional_disclosure,2026-07-16 16:21:13.026
Sitara-1::conversation_3238192_4336.csv::s1,astro_callback_within,2026-07-16 16:21:28.027
Sitara-1::conversation_3238192_4336.csv::s1,user_enthusiastic,2026-07-16 16:21:41.028
Sitara-1::conversation_3238192_4336.csv::s1,astro_dated_prediction,2026-07-16 16:21:49.029
Sitara-1::conversation_3238192_4336.csv::s1,user_emotional_disclosure,2026-07-16 16:22:09.030
Sitara-1::conversation_3238192_4336.csv::s1,astro_callback_within,2026-07-16 16:22:15.031
Sitara-1::conversation_3238192_4336.csv::s1,user_enthusiastic,2026-07-16 16:22:51.032
Sitara-1::conversation_3238192_4336.csv::s1,astro_callback_within,2026-07-16 16:22:59.033
Sitara-1::conversation_3238192_4336.csv::s1,user_neutral,2026-07-16 16:23:24.034
Sitara-1::conversation_3238192_4336.csv::s1,astro_callback_within,2026-07-16 16:23:36.035
Sitara-1::conversation_3238192_4336.csv::s1,user_enthusiastic,2026-07-16 16:23:51.036
Sitara-1::conversation_3238192_4336.csv::s1,astro_callback_within,2026-07-16 16:24:05.037
Sitara-1::conversation_3238192_4336.csv::s1,user_neutral,2026-07-16 16:24:40.038
Sitara-1::conversation_3238192_4336.csv::s1,astro_callback_within,2026-07-16 16:24:46.039
Sitara-1::conversation_3238192_4336.csv::s1,user_neutral_factual,2026-07-16 16:25:00.040
Sitara-1::conversation_3238192_4336.csv::s1,user_emotional_disclosure,2026-07-16 16:25:11.041
Sitara-1::conversation_3238192_4336.csv::s1,user_neutral,2026-07-16 16:25:18.042
Sitara-1::conversation_3238192_4336.csv::s1,astro_callback_within,2026-07-16 16:25:18.043
Sitara-1::conversation_3238192_4336.csv::s1,astro_callback_within,2026-07-16 16:25:29.044
Sitara-1::conversation_3238192_4336.csv::s1,user_neutral,2026-07-16 16:25:49.045
Sitara-1::conversation_3238192_4336.csv::s1,astro_callback_within,2026-07-16 16:26:02.046
Sitara-1::conversation_3264411_4336.csv::s1,astro_other,2026-07-20 04:52:14.000
Sitara-1::conversation_3264411_4336.csv::s1,user_neutral_factual,2026-07-20 04:52:32.001
Sitara-1::conversation_3264411_4336.csv::s1,astro_callback_within,2026-07-20 04:52:44.002
Sitara-1::conversation_3264411_4336.csv::s1,user_neutral_factual,2026-07-20 04:52:53.003
Sitara-1::conversation_3264411_4336.csv::s1,astro_callback_within,2026-07-20 04:52:59.004
Sitara-1::conversation_3264411_4336.csv::s1,user_neutral_factual,2026-07-20 04:53:05.005
Sitara-1::conversation_3264411_4336.csv::s1,astro_callback_within,2026-07-20 04:53:13.006
Sitara-1::conversation_3264411_4336.csv::s1,user_emotional_disclosure,2026-07-20 04:53:19.007
Sitara-1::conversation_3264411_4336.csv::s1,astro_callback_within,2026-07-20 04:53:27.008
Sitara-1::conversation_3264411_4336.csv::s1,user_neutral,2026-07-20 04:54:02.009
Sitara-1::conversation_3264411_4336.csv::s1,astro_other,2026-07-20 04:54:10.010
Sitara-1::conversation_3264411_4336.csv::s1,astro_other,2026-07-20 04:54:15.011
Sitara-1::conversation_3264411_4336.csv::s1,user_neutral_factual,2026-07-20 04:54:17.012
Sitara-1::conversation_3264411_4336.csv::s1,astro_other,2026-07-20 04:54:27.013
Sitara-1::conversation_3264411_4336.csv::s1,user_neutral_factual,2026-07-20 04:54:33.014
Sitara-1::conversation_3264411_4336.csv::s1,astro_callback_within,2026-07-20 04:54:42.015
Sitara-1::conversation_3264411_4336.csv::s1,user_neutral_factual,2026-07-20 04:54:52.016
Sitara-1::conversation_3264411_4336.csv::s1,user_neutral_factual,2026-07-20 04:55:08.017
Sitara-1::conversation_3264411_4336.csv::s1,user_emotional_disclosure,2026-07-20 04:55:19.018
Sitara-1::conversation_3264411_4336.csv::s1,astro_validation,2026-07-20 04:55:23.019
Sitara-1::conversation_3264411_4336.csv::s1,astro_callback_within,2026-07-20 04:55:32.020
Sitara-1::conversation_3264411_4336.csv::s1,user_enthusiastic,2026-07-20 04:55:45.021
Sitara-1::conversation_3264411_4336.csv::s1,astro_dated_prediction,2026-07-20 04:55:51.022
Sitara-1::conversation_3264411_4336.csv::s1,user_neutral,2026-07-20 04:56:04.023
Sitara-1::conversation_3264411_4336.csv::s1,user_neutral_factual,2026-07-20 04:56:22.024
Sitara-1::conversation_3264411_4336.csv::s1,astro_callback_within,2026-07-20 04:56:31.025
Sitara-1::conversation_3264411_4336.csv::s1,user_disengaging,2026-07-20 04:56:39.026
Sitara-1::conversation_3264411_4336.csv::s1,astro_callback_within,2026-07-20 04:56:45.027
Sitara-1::conversation_3264411_4336.csv::s1,user_neutral_factual,2026-07-20 04:56:52.028
Sitara-1::conversation_3264411_4336.csv::s1,astro_other,2026-07-20 04:56:59.029
Sitara-1::conversation_3264411_4336.csv::s1,user_enthusiastic,2026-07-20 04:57:08.030
Sitara-1::conversation_3264411_4336.csv::s1,astro_callback_within,2026-07-20 04:57:17.031
Sitara-1::conversation_3264411_4336.csv::s2,user_neutral,2026-07-20 04:58:35.000
Sitara-1::conversation_3264411_4336.csv::s2,astro_other,2026-07-20 04:58:42.001
Sitara-1::conversation_3264411_4336.csv::s2,user_neutral_factual,2026-07-20 04:59:05.002
Sitara-1::conversation_3264411_4336.csv::s2,astro_callback_within,2026-07-20 04:59:12.003
Sitara-1::conversation_3264411_4336.csv::s2,user_neutral_factual,2026-07-20 04:59:31.004
Sitara-1::conversation_3264411_4336.csv::s2,astro_callback_prior,2026-07-20 04:59:34.005
Sitara-1::conversation_3264411_4336.csv::s2,user_neutral_factual,2026-07-20 04:59:40.006
Sitara-1::conversation_3264411_4336.csv::s2,astro_other,2026-07-20 04:59:42.007
Sitara-1::conversation_3264411_4336.csv::s2,user_neutral_factual,2026-07-20 04:59:45.008
Sitara-1::conversation_3264411_4336.csv::s2,astro_callback_prior,2026-07-20 04:59:52.009
Sitara-1::conversation_3264411_4336.csv::s2,astro_callback_within,2026-07-20 05:00:03.010
Sitara-1::conversation_3264411_4336.csv::s2,astro_reframe,2026-07-20 05:00:33.011
Sitara-1::conversation_3264411_4336.csv::s2,user_enthusiastic,2026-07-20 05:00:41.012
Sitara-1::conversation_3264411_4336.csv::s2,astro_callback_within,2026-07-20 05:00:49.013
Sitara-1::conversation_3264411_4336.csv::s2,astro_other,2026-07-20 05:01:10.014
Sitara-1::conversation_3264411_4336.csv::s2,user_neutral_factual,2026-07-20 05:01:17.015
Sitara-1::conversation_3264411_4336.csv::s2,astro_callback_prior,2026-07-20 05:01:26.016
Sitara-1::conversation_3264411_4336.csv::s2,user_neutral_factual,2026-07-20 05:01:33.017
Sitara-1::conversation_3264411_4336.csv::s2,astro_callback_within,2026-07-20 05:01:40.018
Sitara-1::conversation_3264411_4336.csv::s2,user_neutral_factual,2026-07-20 05:01:48.019
Sitara-1::conversation_3264411_4336.csv::s2,astro_reframe,2026-07-20 05:01:57.020
Sitara-1::conversation_3264411_4336.csv::s2,user_enthusiastic,2026-07-20 05:02:04.021
Sitara-1::conversation_3264411_4336.csv::s2,astro_callback_within,2026-07-20 05:02:14.022
Sitara-1::conversation_3264411_4336.csv::s2,user_enthusiastic,2026-07-20 05:02:20.023
Sitara-1::conversation_3264411_4336.csv::s2,astro_dated_prediction,2026-07-20 05:02:27.024
Sitara-1::conversation_3264411_4336.csv::s2,user_neutral_factual,2026-07-20 05:02:36.025
Sitara-1::conversation_3264411_4336.csv::s2,astro_other,2026-07-20 05:02:45.026
Sitara-1::conversation_3264411_4336.csv::s2,user_enthusiastic,2026-07-20 05:02:53.027
Sitara-1::conversation_3264411_4336.csv::s2,user_neutral_factual,2026-07-20 05:03:10.028
Sitara-1::conversation_3264411_4336.csv::s2,user_neutral,2026-07-20 05:03:28.029
Sitara-1::conversation_3264411_4336.csv::s2,astro_reframe,2026-07-20 05:03:36.030
Sitara-1::conversation_3271307_4336.csv::s1,user_neutral,2026-07-20 09:58:45.000
Sitara-1::conversation_3271307_4336.csv::s1,astro_other,2026-07-20 09:58:51.001
Sitara-1::conversation_3271307_4336.csv::s1,user_neutral_factual,2026-07-20 09:59:04.002
Sitara-1::conversation_3271307_4336.csv::s1,astro_callback_within,2026-07-20 09:59:11.003
Sitara-1::conversation_3271307_4336.csv::s1,user_neutral_factual,2026-07-20 09:59:20.004
Sitara-1::conversation_3271307_4336.csv::s1,astro_callback_within,2026-07-20 09:59:29.005
Sitara-1::conversation_3271307_4336.csv::s1,user_neutral_factual,2026-07-20 09:59:34.006
Sitara-1::conversation_3271307_4336.csv::s1,astro_callback_within,2026-07-20 09:59:43.007
Sitara-1::conversation_3271307_4336.csv::s1,astro_other,2026-07-20 10:00:57.008
Sitara-1::conversation_3271307_4336.csv::s1,user_emotional_disclosure,2026-07-20 10:01:03.009
Sitara-1::conversation_3271307_4336.csv::s1,astro_dated_prediction,2026-07-20 10:01:14.010
Sitara-1::conversation_3271307_4336.csv::s1,astro_callback_within,2026-07-20 10:01:40.011
Sitara-1::conversation_3271307_4336.csv::s1,user_emotional_disclosure,2026-07-20 10:01:56.012
Sitara-1::conversation_3271307_4336.csv::s1,astro_callback_within,2026-07-20 10:02:05.013
Sitara-1::conversation_3271307_4336.csv::s1,user_emotional_disclosure,2026-07-20 10:02:46.014
Sitara-1::conversation_3271307_4336.csv::s1,astro_callback_within,2026-07-20 10:02:55.015
Sitara-1::conversation_3271307_4336.csv::s1,user_neutral_factual,2026-07-20 10:03:06.016
Sitara-1::conversation_3271307_4336.csv::s1,astro_callback_within,2026-07-20 10:03:15.017
Sitara-1::conversation_3271307_4336.csv::s1,user_neutral_factual,2026-07-20 10:03:22.018
Sitara-1::conversation_3271307_4336.csv::s1,astro_callback_within,2026-07-20 10:03:31.019
Sitara-1::conversation_3271307_4336.csv::s1,user_neutral_factual,2026-07-20 10:03:37.020
Sitara-1::conversation_3271307_4336.csv::s1,astro_callback_within,2026-07-20 10:03:46.021
Sitara-1::conversation_3271307_4336.csv::s1,user_neutral_factual,2026-07-20 10:03:59.022
Sitara-1::conversation_3271307_4336.csv::s1,user_neutral_factual,2026-07-20 10:04:02.023
Sitara-1::conversation_3271307_4336.csv::s1,astro_callback_within,2026-07-20 10:04:07.024
Sitara-1::conversation_3271307_4336.csv::s1,astro_other,2026-07-20 10:04:21.025
Sitara-1::conversation_3271307_4336.csv::s1,user_neutral_factual,2026-07-20 10:04:22.026
Sitara-1::conversation_3271307_4336.csv::s1,user_neutral_factual,2026-07-20 10:05:31.027
Sitara-1::conversation_3271307_4336.csv::s1,astro_callback_within,2026-07-20 10:05:31.028
Sitara-1::conversation_3271307_4336.csv::s1,user_neutral_factual,2026-07-20 10:06:36.029
Sitara-1::conversation_3271307_4336.csv::s1,astro_callback_within,2026-07-20 10:06:45.030
Sitara-1::conversation_3271307_4336.csv::s1,user_enthusiastic,2026-07-20 10:07:01.031
Sitara-1::conversation_3271307_4336.csv::s1,astro_dated_prediction,2026-07-20 10:07:08.032
Sitara-1::conversation_3271307_4336.csv::s1,user_enthusiastic,2026-07-20 10:07:20.033
Sitara-1::conversation_3271307_4336.csv::s1,user_neutral_factual,2026-07-20 10:07:23.034
Sitara-1::conversation_3271307_4336.csv::s1,astro_callback_within,2026-07-20 10:07:28.035
Sitara-1::conversation_3271307_4336.csv::s1,astro_callback_within,2026-07-20 10:07:36.036
Sitara-1::conversation_3271307_4336.csv::s1,user_neutral_factual,2026-07-20 10:07:41.037
Sitara-1::conversation_3271307_4336.csv::s1,user_neutral_factual,2026-07-20 10:08:26.038
Sitara-1::conversation_3271307_4336.csv::s1,user_neutral_factual,2026-07-20 10:08:31.039
Sitara-1::conversation_3271307_4336.csv::s1,astro_callback_within,2026-07-20 10:08:32.040
Sitara-1::conversation_3271307_4336.csv::s1,astro_callback_within,2026-07-20 10:08:41.041
Sitara-1::conversation_3271307_4336.csv::s1,user_emotional_disclosure,2026-07-20 10:09:27.042
Sitara-1::conversation_3271307_4336.csv::s1,astro_callback_within,2026-07-20 10:09:36.043
Sitara-1::conversation_3271307_4336.csv::s1,user_emotional_disclosure,2026-07-20 10:09:42.044
Sitara-1::conversation_3271307_4336.csv::s1,user_pushback,2026-07-20 10:10:13.045
Sitara-1::conversation_3271307_4336.csv::s1,astro_callback_within,2026-07-20 10:10:25.046
Sitara-1::conversation_3271307_4336.csv::s1,user_enthusiastic,2026-07-20 10:10:27.047
Sitara-1::conversation_3271307_4336.csv::s1,astro_callback_within,2026-07-20 10:10:34.048
Sitara-1::conversation_3271307_4336.csv::s1,user_enthusiastic,2026-07-20 10:11:03.049
Sitara-1::conversation_3271307_4336.csv::s1,astro_callback_within,2026-07-20 10:11:13.050
Sitara-1::conversation_3271307_4336.csv::s1,user_enthusiastic,2026-07-20 10:11:39.051
Sitara-1::conversation_3271307_4336.csv::s1,user_emotional_disclosure,2026-07-20 10:11:49.052
Sitara-1::conversation_3271307_4336.csv::s1,astro_callback_within,2026-07-20 10:12:04.053
Sitara-1::conversation_3271307_4336.csv::s1,astro_callback_within,2026-07-20 10:12:33.054
Sitara-1::conversation_3271307_4336.csv::s1,user_enthusiastic,2026-07-20 10:12:47.055
Sitara-1::conversation_3271307_4336.csv::s1,astro_callback_within,2026-07-20 10:12:56.056
Sitara-1::conversation_3271307_4336.csv::s1,user_enthusiastic,2026-07-20 10:13:15.057
Sitara-1::conversation_3271307_4336.csv::s1,astro_dated_prediction,2026-07-20 10:13:23.058
Sitara-1::conversation_3271307_4336.csv::s1,user_emotional_disclosure,2026-07-20 10:13:36.059
Sitara-1::conversation_3271307_4336.csv::s1,astro_callback_within,2026-07-20 10:13:45.060
Sitara-1::conversation_3271307_4336.csv::s2,user_neutral,2026-07-20 10:29:45.000
Sitara-1::conversation_3271307_4336.csv::s2,astro_callback_prior,2026-07-20 10:29:54.001
Sitara-1::conversation_3271307_4336.csv::s2,user_pushback,2026-07-20 10:30:07.002
Sitara-1::conversation_3271307_4336.csv::s2,astro_callback_prior,2026-07-20 10:30:18.003
Sitara-1::conversation_3271307_4336.csv::s2,user_neutral_factual,2026-07-20 10:30:26.004
Sitara-1::conversation_3271307_4336.csv::s2,astro_callback_within,2026-07-20 10:30:32.005
Sitara-1::conversation_3271307_4336.csv::s2,user_pushback,2026-07-20 10:30:34.006
Sitara-1::conversation_3271307_4336.csv::s2,astro_callback_prior,2026-07-20 10:30:44.007
Sitara-1::conversation_3271307_4336.csv::s2,user_neutral_factual,2026-07-20 10:31:06.008
Sitara-1::conversation_3271307_4336.csv::s2,astro_dated_prediction,2026-07-20 10:31:22.009
Sitara-1::conversation_3271307_4336.csv::s2,user_neutral_factual,2026-07-20 10:31:35.010
Sitara-1::conversation_3271307_4336.csv::s2,astro_callback_prior,2026-07-20 10:31:43.011
Sitara-1::conversation_3271307_4336.csv::s2,user_neutral_factual,2026-07-20 10:31:56.012
Sitara-1::conversation_3271307_4336.csv::s2,astro_callback_within,2026-07-20 10:32:04.013
Sitara-1::conversation_3271307_4336.csv::s2,user_emotional_disclosure,2026-07-20 10:32:29.014
Sitara-1::conversation_3271307_4336.csv::s2,astro_callback_prior,2026-07-20 10:32:41.015
Sitara-1::conversation_3271307_4336.csv::s2,user_neutral_factual,2026-07-20 10:32:52.016
Sitara-1::conversation_3271307_4336.csv::s2,astro_callback_within,2026-07-20 10:33:06.017
Sitara-1::conversation_3271307_4336.csv::s2,user_enthusiastic,2026-07-20 10:33:43.018
Sitara-1::conversation_3271307_4336.csv::s2,user_enthusiastic,2026-07-20 10:33:50.019
Sitara-1::conversation_3271307_4336.csv::s2,astro_callback_prior,2026-07-20 10:33:51.020
Sitara-1::conversation_3271307_4336.csv::s2,astro_callback_within,2026-07-20 10:33:59.021
Sitara-1::conversation_3271307_4336.csv::s2,astro_callback_within,2026-07-20 10:34:48.022
Sitara-1::conversation_3305426_4336.csv::s1,user_neutral,2026-07-20 05:42:20.000
Sitara-1::conversation_3305426_4336.csv::s1,user_emotional_disclosure,2026-07-20 05:42:25.001
Sitara-1::conversation_3305426_4336.csv::s1,astro_other,2026-07-20 05:42:31.002
Sitara-1::conversation_3305426_4336.csv::s1,astro_callback_within,2026-07-20 05:42:38.003
Sitara-1::conversation_3305426_4336.csv::s1,user_neutral_factual,2026-07-20 05:42:58.004
Sitara-1::conversation_3305426_4336.csv::s1,user_neutral_factual,2026-07-20 05:43:06.005
Sitara-1::conversation_3305426_4336.csv::s1,astro_callback_within,2026-07-20 05:43:10.006
Sitara-1::conversation_3305426_4336.csv::s1,astro_callback_within,2026-07-20 05:43:18.007
Sitara-1::conversation_3305426_4336.csv::s1,user_neutral_factual,2026-07-20 05:43:26.008
Sitara-1::conversation_3305426_4336.csv::s1,astro_callback_within,2026-07-20 05:43:33.009
Sitara-1::conversation_3305426_4336.csv::s1,user_neutral_factual,2026-07-20 05:43:41.010
Sitara-1::conversation_3305426_4336.csv::s1,user_neutral_factual,2026-07-20 05:43:47.011
Sitara-1::conversation_3305426_4336.csv::s1,astro_callback_within,2026-07-20 05:43:51.012
Sitara-1::conversation_3305426_4336.csv::s1,astro_callback_within,2026-07-20 05:43:58.013
Sitara-1::conversation_3305426_4336.csv::s1,astro_callback_within,2026-07-20 05:44:07.014
Sitara-1::conversation_3305426_4336.csv::s1,user_pushback,2026-07-20 05:44:07.015
Sitara-1::conversation_3305426_4336.csv::s1,astro_callback_within,2026-07-20 05:44:18.016
Sitara-1::conversation_3305426_4336.csv::s1,user_enthusiastic,2026-07-20 05:44:33.017
Sitara-1::conversation_3305426_4336.csv::s1,user_enthusiastic,2026-07-20 05:44:38.018
Sitara-1::conversation_3305426_4336.csv::s1,user_neutral_factual,2026-07-20 05:44:41.019
Sitara-1::conversation_3305426_4336.csv::s1,user_neutral_factual,2026-07-20 05:44:54.020
Sitara-1::conversation_3305426_4336.csv::s1,astro_callback_within,2026-07-20 05:45:03.021
Sitara-1::conversation_3305426_4336.csv::s1,astro_dated_prediction,2026-07-20 05:45:11.022
Sitara-1::conversation_3305426_4336.csv::s1,astro_callback_within,2026-07-20 05:45:24.023
Sitara-1::conversation_3305426_4336.csv::s1,astro_callback_within,2026-07-20 05:45:31.024
Sitara-1::conversation_3305426_4336.csv::s1,user_pushback,2026-07-20 05:45:44.025
Sitara-1::conversation_3305426_4336.csv::s1,astro_callback_within,2026-07-20 05:46:02.026
Sitara-1::conversation_3305426_4336.csv::s1,user_enthusiastic,2026-07-20 05:46:14.027
Sitara-1::conversation_3305426_4336.csv::s1,astro_dated_prediction,2026-07-20 05:46:40.028
Sitara-1::conversation_3305426_4336.csv::s1,astro_other,2026-07-20 05:46:52.029
Sitara-1::conversation_3305426_4336.csv::s1,user_enthusiastic,2026-07-20 05:47:17.030
Sitara-1::conversation_3305426_4336.csv::s1,astro_other,2026-07-20 05:47:31.031
Sitara-1::conversation_3323468_4336.csv::s1,user_neutral,2026-07-17 15:17:36.000
Sitara-1::conversation_3323468_4336.csv::s1,astro_other,2026-07-17 15:17:41.001
Sitara-1::conversation_3323468_4336.csv::s1,user_neutral,2026-07-17 15:18:08.002
Sitara-1::conversation_3323468_4336.csv::s1,astro_callback_within,2026-07-17 15:18:17.003
Sitara-1::conversation_3323468_4336.csv::s1,user_neutral_factual,2026-07-17 15:18:26.004
Sitara-1::conversation_3323468_4336.csv::s1,astro_callback_within,2026-07-17 15:18:31.005
Sitara-1::conversation_3323468_4336.csv::s1,user_neutral_factual,2026-07-17 15:18:38.006
Sitara-1::conversation_3323468_4336.csv::s1,astro_callback_within,2026-07-17 15:18:52.007
Sitara-1::conversation_3323468_4336.csv::s1,astro_other,2026-07-17 15:18:56.008
Sitara-1::conversation_3323468_4336.csv::s1,astro_other,2026-07-17 15:19:01.009
Sitara-1::conversation_3323468_4336.csv::s1,user_neutral_factual,2026-07-17 15:19:04.010
Sitara-1::conversation_3323468_4336.csv::s1,astro_callback_within,2026-07-17 15:19:12.011
Sitara-1::conversation_3323468_4336.csv::s1,user_neutral_factual,2026-07-17 15:19:24.012
Sitara-1::conversation_3323468_4336.csv::s1,astro_other,2026-07-17 15:19:30.013
Sitara-1::conversation_3323468_4336.csv::s1,user_disengaging,2026-07-17 15:19:32.014
Sitara-1::conversation_3323468_4336.csv::s1,user_neutral_factual,2026-07-17 15:19:42.015
Sitara-1::conversation_3323468_4336.csv::s1,astro_other,2026-07-17 15:19:46.016
Sitara-1::conversation_3323468_4336.csv::s1,astro_other,2026-07-17 15:19:48.017
Sitara-1::conversation_3323468_4336.csv::s1,user_emotional_disclosure,2026-07-17 15:19:52.018
Sitara-1::conversation_3323468_4336.csv::s1,astro_callback_within,2026-07-17 15:19:57.019
Sitara-1::conversation_3323468_4336.csv::s1,astro_callback_within,2026-07-17 15:20:05.020
Sitara-1::conversation_3323468_4336.csv::s1,user_emotional_disclosure,2026-07-17 15:20:07.021
Sitara-1::conversation_3323468_4336.csv::s1,astro_callback_within,2026-07-17 15:20:15.022
Sitara-1::conversation_3323468_4336.csv::s1,user_enthusiastic,2026-07-17 15:20:16.023
Sitara-1::conversation_3323468_4336.csv::s1,astro_dated_prediction,2026-07-17 15:20:17.024
Sitara-1::conversation_3323468_4336.csv::s1,astro_dated_prediction,2026-07-17 15:20:23.025
Sitara-1::conversation_3323468_4336.csv::s1,astro_callback_within,2026-07-17 15:20:51.026
Sitara-1::conversation_3323468_4336.csv::s1,user_enthusiastic,2026-07-17 15:20:57.027
Sitara-1::conversation_3323468_4336.csv::s1,astro_callback_within,2026-07-17 15:21:04.028
Sitara-1::conversation_3323468_4336.csv::s1,user_enthusiastic,2026-07-17 15:21:07.029
Sitara-1::conversation_3323468_4336.csv::s1,astro_other,2026-07-17 15:21:12.030
Sitara-1::conversation_3323468_4336.csv::s1,astro_callback_within,2026-07-17 15:21:35.031
Sitara-1::conversation_3323468_4336.csv::s1,user_pushback,2026-07-17 15:22:09.032
Sitara-1::conversation_3323468_4336.csv::s1,astro_callback_within,2026-07-17 15:22:15.033
Sitara-1::conversation_3323468_4336.csv::s1,user_enthusiastic,2026-07-17 15:22:32.034
Sitara-1::conversation_3323468_4336.csv::s1,astro_callback_within,2026-07-17 15:22:38.035
Sitara-1::conversation_3323468_4336.csv::s1,user_neutral_factual,2026-07-17 15:23:40.036
Sitara-1::conversation_3323468_4336.csv::s1,astro_open_thread,2026-07-17 15:23:46.037
Sitara-1::conversation_3323468_4336.csv::s1,user_pushback,2026-07-17 15:23:56.038
Sitara-1::conversation_3323468_4336.csv::s1,astro_callback_within,2026-07-17 15:24:02.039
Sitara-1::conversation_3323468_4336.csv::s1,user_pushback,2026-07-17 15:24:05.040
Sitara-1::conversation_3323468_4336.csv::s1,astro_callback_within,2026-07-17 15:24:19.041
Sitara-1::conversation_3323468_4336.csv::s1,user_neutral,2026-07-17 15:24:35.042
Sitara-1::conversation_3323468_4336.csv::s1,astro_callback_within,2026-07-17 15:24:42.043
Sitara-1::conversation_3323468_4336.csv::s1,user_neutral,2026-07-17 15:24:58.044
Sitara-1::conversation_3323468_4336.csv::s1,user_neutral,2026-07-17 15:25:19.045
Sitara-1::conversation_3323468_4336.csv::s1,user_enthusiastic,2026-07-17 15:25:41.046
Sitara-1::conversation_3323468_4336.csv::s1,astro_other,2026-07-17 15:25:46.047
Sitara-1::conversation_3323468_4336.csv::s1,user_neutral_factual,2026-07-17 15:25:56.048
Sitara-1::conversation_3323468_4336.csv::s1,astro_open_thread,2026-07-17 15:26:01.049
Sitara-1::conversation_3323468_4336.csv::s1,user_neutral_factual,2026-07-17 15:26:20.050
Sitara-1::conversation_3323468_4336.csv::s1,astro_other,2026-07-17 15:26:24.051
Sitara-1::conversation_3323468_4336.csv::s2,astro_other,2026-07-19 15:13:05.000
Sitara-1::conversation_3323468_4336.csv::s2,user_neutral_factual,2026-07-19 15:13:37.001
Sitara-1::conversation_3323468_4336.csv::s2,astro_callback_prior,2026-07-19 15:13:44.002
Sitara-1::conversation_3323468_4336.csv::s2,astro_other,2026-07-19 15:13:56.003
Sitara-1::conversation_3323468_4336.csv::s2,user_neutral_factual,2026-07-19 15:14:54.004
Sitara-1::conversation_3323468_4336.csv::s2,astro_other,2026-07-19 15:15:01.005
Sitara-1::conversation_3323468_4336.csv::s2,astro_other,2026-07-19 15:15:35.006
Sitara-1::conversation_3323468_4336.csv::s2,user_neutral_factual,2026-07-19 15:15:39.007
Sitara-1::conversation_3323468_4336.csv::s2,astro_callback_within,2026-07-19 15:15:52.008
Sitara-1::conversation_3323468_4336.csv::s2,user_emotional_disclosure,2026-07-19 15:16:33.009
Sitara-1::conversation_3323468_4336.csv::s2,astro_validation,2026-07-19 15:16:43.010
Sitara-1::conversation_3323468_4336.csv::s2,user_neutral_factual,2026-07-19 15:17:11.011
Sitara-1::conversation_3323468_4336.csv::s2,user_neutral_factual,2026-07-19 15:17:21.012
Sitara-1::conversation_3323468_4336.csv::s2,astro_callback_within,2026-07-19 15:17:32.013
Sitara-1::conversation_3323468_4336.csv::s2,astro_other,2026-07-19 15:17:46.014
Sitara-1::conversation_3323468_4336.csv::s2,user_enthusiastic,2026-07-19 15:18:07.015
Sitara-1::conversation_3323468_4336.csv::s2,astro_callback_within,2026-07-19 15:18:08.016
Sitara-1::conversation_3323468_4336.csv::s2,astro_callback_within,2026-07-19 15:18:17.017
Sitara-1::conversation_3323468_4336.csv::s2,user_enthusiastic,2026-07-19 15:18:19.018
Sitara-1::conversation_3323468_4336.csv::s2,user_neutral_factual,2026-07-19 15:18:27.019
Sitara-1::conversation_3323468_4336.csv::s2,astro_callback_within,2026-07-19 15:18:27.020
Sitara-1::conversation_3323468_4336.csv::s2,user_neutral_factual,2026-07-19 15:18:33.021
Sitara-1::conversation_3323468_4336.csv::s2,astro_callback_within,2026-07-19 15:18:35.022
Sitara-1::conversation_3323468_4336.csv::s2,astro_other,2026-07-19 15:18:48.023
Sitara-1::conversation_3323468_4336.csv::s2,user_pushback,2026-07-19 15:18:51.024
Sitara-1::conversation_3323468_4336.csv::s2,astro_callback_within,2026-07-19 15:18:58.025
Sitara-1::conversation_3323468_4336.csv::s2,user_enthusiastic,2026-07-19 15:19:19.026
Sitara-1::conversation_3323468_4336.csv::s2,astro_callback_within,2026-07-19 15:19:26.027
Sitara-1::conversation_3323468_4336.csv::s2,user_enthusiastic,2026-07-19 15:19:33.028
Sitara-1::conversation_3323468_4336.csv::s2,user_neutral_factual,2026-07-19 15:19:41.029
Sitara-1::conversation_3323468_4336.csv::s2,astro_callback_within,2026-07-19 15:19:49.030
Sitara-1::conversation_3323468_4336.csv::s2,astro_callback_within,2026-07-19 15:19:56.031
Sitara-1::conversation_3323468_4336.csv::s2,user_enthusiastic,2026-07-19 15:20:05.032
Sitara-1::conversation_3323468_4336.csv::s2,user_enthusiastic,2026-07-19 15:20:09.033
Sitara-1::conversation_3323468_4336.csv::s2,astro_callback_within,2026-07-19 15:20:14.034
Sitara-1::conversation_3323468_4336.csv::s2,user_enthusiastic,2026-07-19 15:20:20.035
Sitara-1::conversation_3323468_4336.csv::s2,astro_dated_prediction,2026-07-19 15:20:22.036
Sitara-1::conversation_3323468_4336.csv::s2,astro_callback_within,2026-07-19 15:20:29.037
Sitara-1::conversation_3323468_4336.csv::s2,user_pushback,2026-07-19 15:20:42.038
Sitara-1::conversation_3323468_4336.csv::s2,astro_callback_within,2026-07-19 15:20:50.039
Sitara-1::conversation_3323468_4336.csv::s2,user_pushback,2026-07-19 15:21:06.040
Sitara-1::conversation_3323468_4336.csv::s2,astro_callback_within,2026-07-19 15:21:14.041
Sitara-1::conversation_3323468_4336.csv::s2,user_enthusiastic,2026-07-19 15:21:21.042
Sitara-1::conversation_3323468_4336.csv::s2,user_enthusiastic,2026-07-19 15:21:29.043
Sitara-1::conversation_3323468_4336.csv::s2,astro_callback_within,2026-07-19 15:21:39.044
Sitara-1::conversation_3323468_4336.csv::s2,user_enthusiastic,2026-07-19 15:22:01.045
Sitara-1::conversation_3323468_4336.csv::s2,user_enthusiastic,2026-07-19 15:22:45.046
Sitara-1::conversation_3323468_4336.csv::s2,astro_callback_within,2026-07-19 15:22:53.047
Sitara-1::conversation_3323468_4336.csv::s2,user_neutral_factual,2026-07-19 15:23:12.048
Sitara-1::conversation_3323468_4336.csv::s2,astro_callback_within,2026-07-19 15:23:21.049
Sitara-1::conversation_3323468_4336.csv::s2,user_neutral_factual,2026-07-19 15:23:34.050
Sitara-1::conversation_3323468_4336.csv::s2,astro_callback_within,2026-07-19 15:23:43.051
Sitara-1::conversation_3323468_4336.csv::s2,user_enthusiastic,2026-07-19 15:24:13.052
Sitara-1::conversation_3323468_4336.csv::s2,astro_callback_within,2026-07-19 15:24:21.053
Sitara-1::conversation_3323468_4336.csv::s2,user_enthusiastic,2026-07-19 15:24:28.054
Sitara-1::conversation_3323468_4336.csv::s2,astro_callback_within,2026-07-19 15:24:47.055
Sitara-1::conversation_3323468_4336.csv::s2,user_pushback,2026-07-19 15:25:11.056
Sitara-1::conversation_3323468_4336.csv::s2,astro_callback_within,2026-07-19 15:25:13.057
Sitara-1::conversation_3323468_4336.csv::s2,astro_callback_within,2026-07-19 15:25:20.058
Sitara-1::conversation_3323468_4336.csv::s2,user_enthusiastic,2026-07-19 15:25:25.059
Sitara-1::conversation_3323468_4336.csv::s2,astro_callback_within,2026-07-19 15:25:32.060
Sitara-1::conversation_3323468_4336.csv::s2,user_pushback,2026-07-19 15:25:45.061
Sitara-1::conversation_3323468_4336.csv::s2,astro_callback_within,2026-07-19 15:25:53.062
Sitara-1::conversation_3323468_4336.csv::s2,user_neutral_factual,2026-07-19 15:25:54.063
Sitara-1::conversation_3323468_4336.csv::s2,astro_callback_within,2026-07-19 15:26:01.064
Sitara-1::conversation_3323468_4336.csv::s2,user_neutral_factual,2026-07-19 15:26:08.065
Sitara-1::conversation_3323468_4336.csv::s2,astro_callback_within,2026-07-19 15:26:16.066
Sitara-1::conversation_3323468_4336.csv::s2,user_neutral_factual,2026-07-19 15:26:27.067
Sitara-1::conversation_3323468_4336.csv::s2,astro_callback_within,2026-07-19 15:26:34.068
Sitara-1::conversation_3323468_4336.csv::s2,user_neutral_factual,2026-07-19 15:26:41.069
Sitara-1::conversation_3323468_4336.csv::s2,astro_callback_within,2026-07-19 15:26:48.070
Sitara-1::conversation_3323468_4336.csv::s2,astro_other,2026-07-19 15:27:03.071
Sitara-1::conversation_3323468_4336.csv::s2,user_disengaging,2026-07-19 15:27:19.072
Sitara-1::conversation_3323468_4336.csv::s2,user_enthusiastic,2026-07-19 15:27:25.073
Sitara-1::conversation_3323468_4336.csv::s2,astro_callback_within,2026-07-19 15:27:28.074
Sitara-1::conversation_3323468_4336.csv::s2,user_disengaging,2026-07-19 15:27:33.075
Sitara-1::conversation_3323468_4336.csv::s2,astro_callback_within,2026-07-19 15:27:38.076
Sitara-1::conversation_3323468_4336.csv::s2,astro_callback_within,2026-07-19 15:27:45.077
Sitara-1::conversation_3323468_4336.csv::s2,user_neutral_factual,2026-07-19 15:28:02.078
Sitara-1::conversation_3323468_4336.csv::s2,astro_callback_within,2026-07-19 15:28:08.079
Sitara-1::conversation_3323468_4336.csv::s2,user_enthusiastic,2026-07-19 15:28:56.080
Sitara-1::conversation_3323468_4336.csv::s2,astro_callback_within,2026-07-19 15:29:03.081
Sitara-1::conversation_3323468_4336.csv::s2,user_neutral_factual,2026-07-19 15:29:16.082
Sitara-1::conversation_3323468_4336.csv::s2,user_neutral_factual,2026-07-19 15:29:19.083
Sitara-1::conversation_3323468_4336.csv::s2,astro_open_thread,2026-07-19 15:29:25.084
Sitara-1::conversation_3323468_4336.csv::s2,user_enthusiastic,2026-07-19 15:29:26.085
Sitara-1::conversation_3323468_4336.csv::s2,astro_callback_within,2026-07-19 15:29:34.086
Sitara-1::conversation_3323468_4336.csv::s2,user_enthusiastic,2026-07-19 15:29:36.087
Sitara-1::conversation_3323468_4336.csv::s2,astro_other,2026-07-19 15:29:40.088
Sitara-1::conversation_3323468_4336.csv::s2,astro_callback_within,2026-07-19 15:29:48.089
Sitara-1::conversation_3323468_4336.csv::s2,user_neutral_factual,2026-07-19 15:30:10.090
Sitara-1::conversation_3323468_4336.csv::s2,user_neutral_factual,2026-07-19 15:30:17.091
Sitara-1::conversation_3323468_4336.csv::s2,astro_dated_prediction,2026-07-19 15:30:17.092
Sitara-1::conversation_3323468_4336.csv::s2,astro_callback_within,2026-07-19 15:30:24.093
Sitara-1::conversation_3323468_4336.csv::s2,user_pushback,2026-07-19 15:30:25.094
Sitara-1::conversation_3323468_4336.csv::s2,astro_callback_within,2026-07-19 15:30:33.095
Sitara-1::conversation_3323468_4336.csv::s2,user_enthusiastic,2026-07-19 15:30:39.096
Sitara-1::conversation_3323468_4336.csv::s2,astro_callback_within,2026-07-19 15:30:48.097
Sitara-1::conversation_3323468_4336.csv::s2,astro_callback_within,2026-07-19 15:30:54.098
Sitara-1::conversation_3323468_4336.csv::s2,user_enthusiastic,2026-07-19 15:31:04.099
Sitara-1::conversation_3323468_4336.csv::s2,astro_other,2026-07-19 15:31:11.100
Sitara-1::conversation_3323468_4336.csv::s2,user_neutral_factual,2026-07-19 15:31:12.101
Sitara-1::conversation_3323468_4336.csv::s2,user_neutral_factual,2026-07-19 15:31:17.102
Sitara-1::conversation_3323468_4336.csv::s2,astro_callback_within,2026-07-19 15:31:20.103
Sitara-1::conversation_3323468_4336.csv::s2,astro_other,2026-07-19 15:31:27.104
Sitara-1::conversation_3323468_4336.csv::s2,user_enthusiastic,2026-07-19 15:31:34.105
Sitara-1::conversation_3323468_4336.csv::s2,user_enthusiastic,2026-07-19 15:31:40.106
Sitara-1::conversation_3323468_4336.csv::s2,astro_open_thread,2026-07-19 15:31:43.107
Sitara-1::conversation_3323468_4336.csv::s2,astro_callback_within,2026-07-19 15:31:50.108
Sitara-1::conversation_3323468_4336.csv::s2,astro_other,2026-07-19 15:32:05.109
Sitara-1::conversation_3323468_4336.csv::s2,user_enthusiastic,2026-07-19 15:32:14.110
Sitara-1::conversation_3323468_4336.csv::s2,astro_callback_within,2026-07-19 15:32:21.111
Sitara-1::conversation_3323468_4336.csv::s2,user_disengaging,2026-07-19 15:32:28.112
Sitara-1::conversation_3323468_4336.csv::s2,astro_callback_within,2026-07-19 15:32:36.113
Sitara-1::conversation_3323468_4336.csv::s2,user_disengaging,2026-07-19 15:32:54.114
Sitara-1::conversation_3323468_4336.csv::s2,astro_open_thread,2026-07-19 15:33:10.115
Sitara-1::conversation_3323468_4336.csv::s2,user_enthusiastic,2026-07-19 15:33:17.116
Sitara-1::conversation_3323468_4336.csv::s2,user_enthusiastic,2026-07-19 15:33:25.117
Sitara-1::conversation_3323468_4336.csv::s2,astro_callback_within,2026-07-19 15:33:25.118
Sitara-1::conversation_3323468_4336.csv::s2,astro_callback_within,2026-07-19 15:33:32.119
Sitara-1::conversation_3323468_4336.csv::s2,user_enthusiastic,2026-07-19 15:33:36.120
Sitara-1::conversation_3323468_4336.csv::s2,astro_callback_within,2026-07-19 15:33:46.121
Sitara-1::conversation_3323468_4336.csv::s2,user_neutral_factual,2026-07-19 15:34:15.122
Sitara-1::conversation_3323468_4336.csv::s2,astro_callback_within,2026-07-19 15:34:26.123
Sitara-1::conversation_3323468_4336.csv::s2,user_emotional_disclosure,2026-07-19 15:34:36.124
Sitara-1::conversation_3323468_4336.csv::s2,user_enthusiastic,2026-07-19 15:34:41.125
Sitara-1::conversation_3323468_4336.csv::s2,astro_callback_within,2026-07-19 15:34:44.126
Sitara-1::conversation_3323468_4336.csv::s2,user_neutral_factual,2026-07-19 15:34:45.127
Sitara-1::conversation_3323468_4336.csv::s2,astro_other,2026-07-19 15:34:53.128
Sitara-1::conversation_3323468_4336.csv::s2,astro_other,2026-07-19 15:34:58.129
Sitara-1::conversation_3323468_4336.csv::s2,user_enthusiastic,2026-07-19 15:35:01.130
Sitara-1::conversation_3323468_4336.csv::s2,user_neutral_factual,2026-07-19 15:35:06.131
Sitara-1::conversation_3323468_4336.csv::s2,astro_callback_within,2026-07-19 15:35:09.132
Sitara-1::conversation_3323468_4336.csv::s2,astro_other,2026-07-19 15:35:17.133
Sitara-1::conversation_3323468_4336.csv::s3,astro_other,2026-07-20 12:05:06.000
Sitara-1::conversation_3323468_4336.csv::s3,user_disengaging,2026-07-20 12:05:20.001
Sitara-1::conversation_3323468_4336.csv::s3,astro_callback_within,2026-07-20 12:05:26.002
Sitara-1::conversation_3323468_4336.csv::s3,user_pushback,2026-07-20 12:05:54.003
Sitara-1::conversation_3323468_4336.csv::s3,astro_callback_prior,2026-07-20 12:06:13.004
Sitara-1::conversation_3323468_4336.csv::s3,user_disengaging,2026-07-20 12:06:22.005
Sitara-1::conversation_3323468_4336.csv::s3,astro_callback_within,2026-07-20 12:06:48.006
Sitara-1::conversation_3323468_4336.csv::s3,astro_validation,2026-07-20 12:07:42.007
Sitara-1::conversation_3323468_4336.csv::s3,user_disengaging,2026-07-20 12:09:22.008
Sitara-1::conversation_3323468_4336.csv::s3,astro_callback_prior,2026-07-20 12:09:56.009
Sitara-1::conversation_3323468_4336.csv::s4,user_neutral,2026-07-20 12:10:19.000
Sitara-1::conversation_3323468_4336.csv::s4,astro_callback_prior,2026-07-20 12:10:26.001
Sitara-1::conversation_3323468_4336.csv::s4,user_pushback,2026-07-20 12:10:31.002
Sitara-1::conversation_3323468_4336.csv::s4,user_pushback,2026-07-20 12:10:58.003
Sitara-1::conversation_3323468_4336.csv::s4,astro_callback_within,2026-07-20 12:11:04.004
Sitara-1::conversation_3323468_4336.csv::s4,user_neutral_factual,2026-07-20 12:11:20.005
Sitara-1::conversation_3323468_4336.csv::s4,astro_callback_within,2026-07-20 12:11:32.006
Sitara-1::conversation_3323468_4336.csv::s4,user_neutral_factual,2026-07-20 12:11:54.007
Sitara-1::conversation_3323468_4336.csv::s4,astro_other,2026-07-20 12:12:11.008
Sitara-1::conversation_3323468_4336.csv::s4,user_pushback,2026-07-20 12:12:30.009
Sitara-1::conversation_3323468_4336.csv::s4,astro_other,2026-07-20 12:12:40.010
Sitara-1::conversation_3323468_4336.csv::s4,astro_callback_within,2026-07-20 12:13:01.011
Sitara-1::conversation_3323468_4336.csv::s4,user_pushback,2026-07-20 12:13:13.012
Sitara-1::conversation_3323468_4336.csv::s4,astro_callback_within,2026-07-20 12:13:25.013
Sitara-1::conversation_3323468_4336.csv::s4,user_neutral,2026-07-20 12:13:40.014
Sitara-1::conversation_3323468_4336.csv::s4,astro_callback_within,2026-07-20 12:14:05.015
Sitara-1::conversation_3323468_4336.csv::s4,astro_dated_prediction,2026-07-20 12:14:36.016
Sitara-1::conversation_3323468_4336.csv::s4,user_pushback,2026-07-20 12:15:38.017
Sitara-1::conversation_3323468_4336.csv::s4,user_pushback,2026-07-20 12:16:18.018
Sitara-1::conversation_3323468_4336.csv::s4,astro_callback_within,2026-07-20 12:16:38.019
Sitara-1::conversation_3323468_4336.csv::s4,user_emotional_disclosure,2026-07-20 12:16:57.020
Sitara-1::conversation_3323468_4336.csv::s4,astro_callback_within,2026-07-20 12:17:14.021
Sitara-1::conversation_3323468_4336.csv::s4,user_pushback,2026-07-20 12:17:22.022
Sitara-1::conversation_3323468_4336.csv::s4,astro_dated_prediction,2026-07-20 12:17:59.023
Sitara-1::conversation_3323468_4336.csv::s4,user_pushback,2026-07-20 12:18:11.024
Sitara-1::conversation_3323468_4336.csv::s4,user_disengaging,2026-07-20 12:18:34.025
Sitara-1::conversation_3323468_4336.csv::s4,astro_callback_within,2026-07-20 12:18:47.026
Sitara-1::conversation_3323468_4336.csv::s4,astro_callback_within,2026-07-20 12:18:54.027
Sitara-1::conversation_3355847_4336.csv::s1,user_neutral,2026-07-20 08:38:48.000
Sitara-1::conversation_3355847_4336.csv::s1,astro_other,2026-07-20 08:38:56.001
Sitara-1::conversation_3355847_4336.csv::s1,user_neutral_factual,2026-07-20 08:39:03.002
Sitara-1::conversation_3355847_4336.csv::s1,user_neutral_factual,2026-07-20 08:39:14.003
Sitara-1::conversation_3355847_4336.csv::s1,astro_callback_within,2026-07-20 08:39:20.004
Sitara-1::conversation_3355847_4336.csv::s1,user_neutral_factual,2026-07-20 08:39:26.005
Sitara-1::conversation_3355847_4336.csv::s1,astro_callback_within,2026-07-20 08:39:28.006
Sitara-1::conversation_3355847_4336.csv::s1,user_emotional_disclosure,2026-07-20 08:39:37.007
Sitara-1::conversation_3355847_4336.csv::s1,astro_callback_within,2026-07-20 08:39:43.008
Sitara-1::conversation_3355847_4336.csv::s1,astro_callback_within,2026-07-20 08:39:52.009
Sitara-1::conversation_3355847_4336.csv::s1,user_neutral,2026-07-20 08:39:58.010
Sitara-1::conversation_3355847_4336.csv::s1,astro_callback_within,2026-07-20 08:40:12.011
Sitara-1::conversation_3355847_4336.csv::s1,user_emotional_disclosure,2026-07-20 08:40:13.012
Sitara-1::conversation_3355847_4336.csv::s1,user_neutral_factual,2026-07-20 08:40:17.013
Sitara-1::conversation_3355847_4336.csv::s1,user_emotional_disclosure,2026-07-20 08:40:29.014
Sitara-1::conversation_3355847_4336.csv::s1,astro_other,2026-07-20 08:40:36.015
Sitara-1::conversation_3355847_4336.csv::s1,astro_callback_within,2026-07-20 08:40:37.016
Sitara-1::conversation_3355847_4336.csv::s1,astro_other,2026-07-20 08:40:42.017
Sitara-1::conversation_3355847_4336.csv::s1,user_neutral_factual,2026-07-20 08:40:48.018
Sitara-1::conversation_3355847_4336.csv::s1,user_enthusiastic,2026-07-20 08:40:54.019
Sitara-1::conversation_3355847_4336.csv::s1,astro_callback_within,2026-07-20 08:41:01.020
Sitara-1::conversation_3355847_4336.csv::s1,astro_callback_within,2026-07-20 08:41:22.021
Sitara-1::conversation_3355847_4336.csv::s1,user_neutral_factual,2026-07-20 08:41:27.022
Sitara-1::conversation_3355847_4336.csv::s1,astro_other,2026-07-20 08:41:31.023
Sitara-1::conversation_3355847_4336.csv::s1,astro_callback_within,2026-07-20 08:41:41.024
Sitara-1::conversation_3355847_4336.csv::s1,user_neutral,2026-07-20 08:41:54.025
Sitara-1::conversation_3355847_4336.csv::s1,astro_callback_within,2026-07-20 08:42:01.026
Sitara-1::conversation_3355847_4336.csv::s1,astro_callback_within,2026-07-20 08:42:09.027
Sitara-1::conversation_3355847_4336.csv::s1,user_neutral_factual,2026-07-20 08:42:26.028
Sitara-1::conversation_3355847_4336.csv::s1,astro_dated_prediction,2026-07-20 08:42:32.029
Sitara-1::conversation_3355847_4336.csv::s1,user_neutral,2026-07-20 08:42:42.030
Sitara-1::conversation_3355847_4336.csv::s1,astro_callback_within,2026-07-20 08:42:53.031
Sitara-1::conversation_3355847_4336.csv::s1,astro_callback_within,2026-07-20 08:42:58.032
Sitara-1::conversation_3355847_4336.csv::s1,user_neutral_factual,2026-07-20 08:43:55.033
Sitara-1::conversation_3355847_4336.csv::s1,user_neutral_factual,2026-07-20 08:43:59.034
Sitara-1::conversation_3355847_4336.csv::s1,user_neutral,2026-07-20 08:44:17.035
Sitara-1::conversation_3355847_4336.csv::s1,astro_callback_within,2026-07-20 08:44:18.036
Sitara-1::conversation_3355847_4336.csv::s1,astro_callback_within,2026-07-20 08:44:25.037
Sitara-1::conversation_3355847_4336.csv::s1,user_neutral,2026-07-20 08:44:37.038
Sitara-1::conversation_3355847_4336.csv::s1,astro_callback_within,2026-07-20 08:44:40.039
Sitara-1::conversation_3355847_4336.csv::s1,user_neutral_factual,2026-07-20 08:44:48.040
Sitara-1::conversation_3355847_4336.csv::s1,astro_dated_prediction,2026-07-20 08:45:41.041
Sitara-1::conversation_3355847_4336.csv::s1,astro_callback_within,2026-07-20 08:45:54.042
Sitara-1::conversation_3355847_4336.csv::s1,user_neutral_factual,2026-07-20 08:46:01.043
Sitara-1::conversation_3355847_4336.csv::s1,astro_callback_within,2026-07-20 08:46:07.044
Sitara-1::conversation_3355847_4336.csv::s1,user_neutral,2026-07-20 08:46:16.045
Sitara-1::conversation_3355847_4336.csv::s1,user_emotional_disclosure,2026-07-20 08:46:35.046
Sitara-1::conversation_3355847_4336.csv::s1,astro_dated_prediction,2026-07-20 08:46:39.047
Sitara-1::conversation_3355847_4336.csv::s1,astro_callback_within,2026-07-20 08:46:46.048
Sitara-1::conversation_3355847_4336.csv::s1,astro_callback_within,2026-07-20 08:46:57.049
Sitara-1::conversation_3355847_4336.csv::s1,astro_callback_within,2026-07-20 08:47:15.050
Sitara-1::conversation_3355847_4336.csv::s1,user_emotional_disclosure,2026-07-20 08:47:31.051
Sitara-1::conversation_3355847_4336.csv::s1,astro_callback_within,2026-07-20 08:48:01.052
Sitara-1::conversation_3355847_4336.csv::s1,user_neutral_factual,2026-07-20 08:48:10.053
Sitara-1::conversation_3355847_4336.csv::s1,astro_other,2026-07-20 08:48:20.054
Sitara-1::conversation_3355847_4336.csv::s1,user_neutral,2026-07-20 08:48:26.055
Sitara-1::conversation_3355847_4336.csv::s1,astro_callback_within,2026-07-20 08:48:44.056
Sitara-1::conversation_3355847_4336.csv::s1,user_neutral_factual,2026-07-20 08:49:24.057
Sitara-1::conversation_3355847_4336.csv::s1,astro_callback_within,2026-07-20 08:49:33.058
Sitara-1::conversation_3355847_4336.csv::s1,user_neutral,2026-07-20 08:49:48.059
Sitara-1::conversation_3355847_4336.csv::s1,astro_callback_within,2026-07-20 08:49:58.060
Sitara-1::conversation_3355847_4336.csv::s1,user_enthusiastic,2026-07-20 08:50:06.061
Sitara-1::conversation_3355847_4336.csv::s1,user_enthusiastic,2026-07-20 08:50:14.062
Sitara-1::conversation_3355847_4336.csv::s1,astro_other,2026-07-20 08:50:18.063
Sitara-1::conversation_3355847_4336.csv::s1,user_enthusiastic,2026-07-20 08:50:24.064
Sitara-1::conversation_3355847_4336.csv::s1,astro_other,2026-07-20 08:50:29.065
Sitara-1::conversation_3355847_4336.csv::s1,astro_callback_within,2026-07-20 08:50:36.066
Sitara-1::conversation_3355847_4336.csv::s1,user_enthusiastic,2026-07-20 08:50:44.067
Sitara-1::conversation_3355847_4336.csv::s1,astro_callback_within,2026-07-20 08:50:52.068
Sitara-1::conversation_3355847_4336.csv::s1,user_emotional_disclosure,2026-07-20 08:50:52.069
Sitara-1::conversation_3355847_4336.csv::s1,astro_callback_within,2026-07-20 08:51:02.070
Sitara-1::conversation_3355847_4336.csv::s1,user_neutral_factual,2026-07-20 08:51:15.071
Sitara-1::conversation_3355847_4336.csv::s1,astro_callback_within,2026-07-20 08:51:25.072
Sitara-1::conversation_3355847_4336.csv::s1,user_enthusiastic,2026-07-20 08:51:34.073
Sitara-1::conversation_3355847_4336.csv::s1,astro_callback_within,2026-07-20 08:51:43.074
Sitara-1::conversation_3355847_4336.csv::s1,astro_other,2026-07-20 08:52:13.075
Sitara-1::conversation_3355847_4336.csv::s1,user_neutral,2026-07-20 08:52:26.076
Sitara-1::conversation_3355847_4336.csv::s1,user_neutral,2026-07-20 08:52:41.077
Sitara-1::conversation_3355847_4336.csv::s1,user_neutral_factual,2026-07-20 08:53:27.078
Sitara-1::conversation_3355847_4336.csv::s1,astro_other,2026-07-20 08:53:36.079
Sitara-1::conversation_3355847_4336.csv::s1,user_neutral,2026-07-20 08:53:43.080
Sitara-1::conversation_3355847_4336.csv::s1,astro_callback_within,2026-07-20 08:53:51.081
Sitara-1::conversation_3355847_4336.csv::s1,astro_callback_within,2026-07-20 08:54:01.082
Sitara-1::conversation_3355847_4336.csv::s1,user_neutral_factual,2026-07-20 08:54:09.083
Sitara-1::conversation_3355847_4336.csv::s1,astro_other,2026-07-20 08:54:22.084
Sitara-1::conversation_3355847_4336.csv::s1,user_enthusiastic,2026-07-20 08:54:28.085
Sitara-1::conversation_3355847_4336.csv::s1,astro_callback_within,2026-07-20 08:54:39.086
Sitara-1::conversation_3355847_4336.csv::s1,user_emotional_disclosure,2026-07-20 08:54:58.087
Sitara-1::conversation_3355847_4336.csv::s1,astro_callback_within,2026-07-20 08:55:08.088
Sitara-1::conversation_3355847_4336.csv::s1,user_neutral_factual,2026-07-20 08:55:13.089
Sitara-1::conversation_3355847_4336.csv::s1,user_neutral_factual,2026-07-20 08:55:21.090
Sitara-1::conversation_3355847_4336.csv::s1,astro_callback_within,2026-07-20 08:55:22.091
Sitara-1::conversation_3355847_4336.csv::s1,user_emotional_disclosure,2026-07-20 08:55:42.092
Sitara-1::conversation_3355847_4336.csv::s1,astro_callback_within,2026-07-20 08:55:49.093
Sitara-1::conversation_3355847_4336.csv::s1,user_neutral,2026-07-20 08:55:51.094
Sitara-1::conversation_3355847_4336.csv::s1,astro_callback_within,2026-07-20 08:55:55.095
Sitara-1::conversation_3355847_4336.csv::s1,user_emotional_disclosure,2026-07-20 08:55:59.096
Sitara-1::conversation_3355847_4336.csv::s1,astro_callback_within,2026-07-20 08:56:03.097
Sitara-1::conversation_3355847_4336.csv::s1,astro_callback_within,2026-07-20 08:56:09.098
Sitara-1::conversation_3355847_4336.csv::s1,user_enthusiastic,2026-07-20 08:56:16.099
Sitara-1::conversation_3355847_4336.csv::s1,astro_callback_within,2026-07-20 08:56:18.100
Sitara-1::conversation_3355847_4336.csv::s1,user_enthusiastic,2026-07-20 08:56:23.101
Sitara-1::conversation_3355847_4336.csv::s1,astro_callback_within,2026-07-20 08:56:46.102
Sitara-1::conversation_3355847_4336.csv::s1,astro_callback_within,2026-07-20 08:56:53.103
Sitara-1::conversation_3355847_4336.csv::s1,user_neutral,2026-07-20 08:57:06.104
Sitara-1::conversation_3355847_4336.csv::s1,astro_callback_within,2026-07-20 08:57:12.105
Sitara-1::conversation_3355847_4336.csv::s1,user_enthusiastic,2026-07-20 08:57:26.106
Sitara-1::conversation_3355847_4336.csv::s1,user_enthusiastic,2026-07-20 08:57:36.107
Sitara-1::conversation_3355847_4336.csv::s1,astro_callback_within,2026-07-20 08:57:39.108
Sitara-1::conversation_3355847_4336.csv::s1,astro_callback_within,2026-07-20 08:57:47.109
Sitara-1::conversation_3355847_4336.csv::s1,astro_callback_within,2026-07-20 08:57:56.110
Sitara-1::conversation_3355847_4336.csv::s1,user_neutral,2026-07-20 08:58:14.111
Sitara-1::conversation_3355847_4336.csv::s1,astro_callback_within,2026-07-20 08:58:25.112
Sitara-1::conversation_3355847_4336.csv::s1,user_neutral,2026-07-20 08:58:33.113
Sitara-1::conversation_3355847_4336.csv::s1,astro_callback_within,2026-07-20 08:58:58.114
Sitara-1::conversation_3355847_4336.csv::s1,user_emotional_disclosure,2026-07-20 08:59:12.115
Sitara-1::conversation_3355847_4336.csv::s1,astro_callback_within,2026-07-20 08:59:32.116
Sitara-1::conversation_3355847_4336.csv::s1,user_neutral,2026-07-20 08:59:33.117
Sitara-1::conversation_3355847_4336.csv::s1,astro_callback_within,2026-07-20 08:59:54.118
Sitara-1::conversation_3355847_4336.csv::s1,user_neutral_factual,2026-07-20 09:00:01.119
Sitara-1::conversation_3355847_4336.csv::s1,astro_other,2026-07-20 09:00:15.120
Sitara-1::conversation_3355847_4336.csv::s1,user_enthusiastic,2026-07-20 09:00:20.121
Sitara-1::conversation_3355847_4336.csv::s1,astro_callback_within,2026-07-20 09:00:31.122
Sitara-1::conversation_3355847_4336.csv::s1,user_enthusiastic,2026-07-20 09:00:40.123
Sitara-1::conversation_3355847_4336.csv::s1,astro_callback_within,2026-07-20 09:00:47.124
Sitara-1::conversation_3355847_4336.csv::s1,user_emotional_disclosure,2026-07-20 09:01:11.125
Sitara-1::conversation_3355847_4336.csv::s1,astro_callback_within,2026-07-20 09:01:23.126
Sitara-1::conversation_3355847_4336.csv::s1,user_emotional_disclosure,2026-07-20 09:01:32.127
Sitara-1::conversation_3355847_4336.csv::s1,user_neutral,2026-07-20 09:01:41.128
Sitara-1::conversation_3355847_4336.csv::s1,astro_callback_within,2026-07-20 09:01:49.129
Sitara-1::conversation_3355847_4336.csv::s1,astro_callback_within,2026-07-20 09:02:07.130
Sitara-1::conversation_3355847_4336.csv::s1,user_neutral_factual,2026-07-20 09:02:22.131
Sitara-1::conversation_3355847_4336.csv::s1,astro_callback_within,2026-07-20 09:02:36.132
Sitara-1::conversation_3355847_4336.csv::s1,user_neutral_factual,2026-07-20 09:02:43.133
Sitara-1::conversation_3355847_4336.csv::s1,astro_other,2026-07-20 09:03:02.134
Sitara-1::conversation_3355847_4336.csv::s1,user_neutral,2026-07-20 09:03:18.135
Sitara-1::conversation_3355847_4336.csv::s1,user_neutral,2026-07-20 09:03:24.136
Sitara-1::conversation_3355847_4336.csv::s1,astro_callback_within,2026-07-20 09:03:30.137
Sitara-1::conversation_3355847_4336.csv::s1,astro_callback_within,2026-07-20 09:03:40.138
Sitara-1::conversation_3355847_4336.csv::s1,user_neutral_factual,2026-07-20 09:03:40.139
Sitara-1::conversation_3355847_4336.csv::s1,astro_other,2026-07-20 09:03:51.140
Sitara-1::conversation_3355943_4336.csv::s1,user_neutral,2026-07-19 12:04:37.000
Sitara-1::conversation_3355943_4336.csv::s1,astro_other,2026-07-19 12:04:43.001
Sitara-1::conversation_3355943_4336.csv::s1,user_neutral_factual,2026-07-19 12:04:54.002
Sitara-1::conversation_3355943_4336.csv::s1,astro_callback_within,2026-07-19 12:05:01.003
Sitara-1::conversation_3355943_4336.csv::s1,user_neutral,2026-07-19 12:05:16.004
Sitara-1::conversation_3355943_4336.csv::s1,astro_other,2026-07-19 12:05:28.005
Sitara-1::conversation_3355943_4336.csv::s1,user_emotional_disclosure,2026-07-19 12:05:39.006
Sitara-1::conversation_3355943_4336.csv::s1,astro_validation,2026-07-19 12:05:45.007
Sitara-1::conversation_3355943_4336.csv::s1,user_neutral_factual,2026-07-19 12:05:46.008
Sitara-1::conversation_3355943_4336.csv::s1,astro_callback_within,2026-07-19 12:05:54.009
Sitara-1::conversation_3355943_4336.csv::s1,user_neutral,2026-07-19 12:05:59.010
Sitara-1::conversation_3355943_4336.csv::s1,user_neutral_factual,2026-07-19 12:06:06.011
Sitara-1::conversation_3355943_4336.csv::s1,astro_callback_within,2026-07-19 12:06:11.012
Sitara-1::conversation_3355943_4336.csv::s1,astro_other,2026-07-19 12:06:24.013
Sitara-1::conversation_3355943_4336.csv::s1,user_neutral_factual,2026-07-19 12:06:30.014
Sitara-1::conversation_3355943_4336.csv::s1,user_emotional_disclosure,2026-07-19 12:06:39.015
Sitara-1::conversation_3355943_4336.csv::s1,astro_callback_within,2026-07-19 12:06:43.016
Sitara-1::conversation_3355943_4336.csv::s1,astro_callback_within,2026-07-19 12:06:51.017
Sitara-1::conversation_3355943_4336.csv::s1,astro_dated_prediction,2026-07-19 12:07:21.018
Sitara-1::conversation_3355943_4336.csv::s1,user_pushback,2026-07-19 12:07:35.019
Sitara-1::conversation_3355943_4336.csv::s1,user_neutral_factual,2026-07-19 12:07:56.020
Sitara-1::conversation_3355943_4336.csv::s1,astro_callback_within,2026-07-19 12:08:07.021
Sitara-1::conversation_3355943_4336.csv::s1,astro_reframe,2026-07-19 12:08:14.022
Sitara-1::conversation_3355943_4336.csv::s1,user_neutral_factual,2026-07-19 12:08:28.023
Sitara-1::conversation_3355943_4336.csv::s1,astro_callback_within,2026-07-19 12:08:34.024
Sitara-1::conversation_3355943_4336.csv::s1,astro_callback_within,2026-07-19 12:09:11.025
Sitara-1::conversation_3355943_4336.csv::s1,user_pushback,2026-07-19 12:09:25.026
Sitara-1::conversation_3355943_4336.csv::s1,astro_callback_within,2026-07-19 12:09:33.027
Sitara-1::conversation_3355943_4336.csv::s1,user_neutral_factual,2026-07-19 12:09:44.028
Sitara-1::conversation_3355943_4336.csv::s1,user_neutral,2026-07-19 12:09:57.029
Sitara-1::conversation_3355943_4336.csv::s1,astro_callback_within,2026-07-19 12:09:58.030
Sitara-1::conversation_3355943_4336.csv::s1,astro_dated_prediction,2026-07-19 12:10:05.031
Sitara-1::conversation_3355943_4336.csv::s1,user_neutral_factual,2026-07-19 12:10:24.032
Sitara-1::conversation_3355943_4336.csv::s1,astro_callback_within,2026-07-19 12:10:32.033
Sitara-1::conversation_3355943_4336.csv::s1,user_neutral_factual,2026-07-19 12:10:53.034
Sitara-1::conversation_3355943_4336.csv::s1,astro_callback_within,2026-07-19 12:11:01.035
Sitara-1::conversation_3355943_4336.csv::s1,user_neutral,2026-07-19 12:11:05.036
Sitara-1::conversation_3355943_4336.csv::s1,astro_callback_within,2026-07-19 12:11:13.037
Sitara-1::conversation_3355943_4336.csv::s1,user_pushback,2026-07-19 12:11:37.038
Sitara-1::conversation_3355943_4336.csv::s1,astro_callback_within,2026-07-19 12:11:45.039
Sitara-1::conversation_3355943_4336.csv::s1,user_neutral_factual,2026-07-19 12:11:59.040
Sitara-1::conversation_3355943_4336.csv::s1,astro_callback_within,2026-07-19 12:12:06.041
Sitara-1::conversation_3355943_4336.csv::s1,user_emotional_disclosure,2026-07-19 12:12:28.042
Sitara-1::conversation_3355943_4336.csv::s1,astro_callback_within,2026-07-19 12:12:35.043
Sitara-1::conversation_3355943_4336.csv::s1,astro_callback_within,2026-07-19 12:13:00.044
Sitara-1::conversation_3355943_4336.csv::s1,user_neutral,2026-07-19 12:13:12.045
Sitara-1::conversation_3355943_4336.csv::s1,astro_callback_within,2026-07-19 12:13:21.046
Sitara-1::conversation_3355943_4336.csv::s1,user_neutral,2026-07-19 12:13:46.047
Sitara-1::conversation_3355943_4336.csv::s1,astro_callback_within,2026-07-19 12:13:55.048
Sitara-1::conversation_3355943_4336.csv::s1,user_neutral,2026-07-19 12:14:26.049
Sitara-1::conversation_3355943_4336.csv::s1,user_neutral,2026-07-19 12:14:32.050
Sitara-1::conversation_3355943_4336.csv::s1,astro_callback_within,2026-07-19 12:14:33.051
Sitara-1::conversation_3355943_4336.csv::s1,astro_dated_prediction,2026-07-19 12:14:39.052
Sitara-1::conversation_3355943_4336.csv::s1,user_neutral,2026-07-19 12:14:57.053
Sitara-1::conversation_3355943_4336.csv::s1,astro_callback_within,2026-07-19 12:15:06.054
Sitara-1::conversation_3355943_4336.csv::s1,user_neutral,2026-07-19 12:15:28.055
Sitara-1::conversation_3355943_4336.csv::s1,astro_callback_within,2026-07-19 12:15:36.056
Sitara-1::conversation_3355943_4336.csv::s1,user_neutral,2026-07-19 12:15:52.057
Sitara-1::conversation_3355943_4336.csv::s1,astro_callback_within,2026-07-19 12:16:01.058
Sitara-1::conversation_3355943_4336.csv::s1,user_neutral_factual,2026-07-19 12:16:08.059
Sitara-1::conversation_3355943_4336.csv::s1,astro_other,2026-07-19 12:16:16.060
Sitara-1::conversation_3355943_4336.csv::s1,user_neutral,2026-07-19 12:16:23.061
Sitara-1::conversation_3355943_4336.csv::s1,user_neutral,2026-07-19 12:16:29.062
Sitara-1::conversation_3355943_4336.csv::s1,astro_callback_within,2026-07-19 12:16:30.063
Sitara-1::conversation_3355943_4336.csv::s1,astro_callback_within,2026-07-19 12:16:38.064
Sitara-1::conversation_3355943_4336.csv::s1,user_neutral,2026-07-19 12:17:04.065
Sitara-1::conversation_3355943_4336.csv::s1,astro_callback_within,2026-07-19 12:17:14.066
Sitara-1::conversation_3355943_4336.csv::s1,user_neutral,2026-07-19 12:17:28.067
Sitara-1::conversation_3355943_4336.csv::s1,astro_callback_within,2026-07-19 12:17:36.068
Sitara-1::conversation_3355943_4336.csv::s1,user_neutral_factual,2026-07-19 12:17:44.069
Sitara-1::conversation_3355943_4336.csv::s1,astro_callback_within,2026-07-19 12:17:52.070
Sitara-1::conversation_3355943_4336.csv::s1,user_neutral,2026-07-19 12:18:17.071
Sitara-1::conversation_3355943_4336.csv::s1,astro_callback_within,2026-07-19 12:18:25.072
Sitara-1::conversation_3355943_4336.csv::s1,user_neutral,2026-07-19 12:18:26.073
Sitara-1::conversation_3355943_4336.csv::s1,astro_callback_within,2026-07-19 12:18:32.074
Sitara-1::conversation_3355943_4336.csv::s1,user_emotional_disclosure,2026-07-19 12:18:44.075
Sitara-1::conversation_3355943_4336.csv::s1,astro_callback_within,2026-07-19 12:18:51.076
Sitara-1::conversation_3355943_4336.csv::s1,user_neutral,2026-07-19 12:19:04.077
Sitara-1::conversation_3355943_4336.csv::s1,astro_callback_within,2026-07-19 12:19:10.078
Sitara-1::conversation_3355943_4336.csv::s1,user_enthusiastic,2026-07-19 12:19:21.079
Sitara-1::conversation_3355943_4336.csv::s1,astro_callback_within,2026-07-19 12:19:28.080
Sitara-1::conversation_3370211_4336.csv::s1,user_neutral,2026-07-17 00:03:04.000
Sitara-1::conversation_3370211_4336.csv::s1,user_neutral,2026-07-17 00:03:09.001
Sitara-1::conversation_3370211_4336.csv::s1,astro_other,2026-07-17 00:03:10.002
Sitara-1::conversation_3370211_4336.csv::s1,user_neutral_factual,2026-07-17 00:03:15.003
Sitara-1::conversation_3370211_4336.csv::s1,astro_callback_within,2026-07-17 00:03:16.004
Sitara-1::conversation_3370211_4336.csv::s1,user_neutral_factual,2026-07-17 00:03:20.005
Sitara-1::conversation_3370211_4336.csv::s1,astro_callback_within,2026-07-17 00:03:21.006
Sitara-1::conversation_3370211_4336.csv::s1,astro_callback_within,2026-07-17 00:03:23.007
Sitara-1::conversation_3370211_4336.csv::s1,user_neutral_factual,2026-07-17 00:03:25.008
Sitara-1::conversation_3370211_4336.csv::s1,user_neutral_factual,2026-07-17 00:03:27.009
Sitara-1::conversation_3370211_4336.csv::s1,astro_callback_within,2026-07-17 00:03:28.010
Sitara-1::conversation_3370211_4336.csv::s1,astro_callback_within,2026-07-17 00:03:33.011
Sitara-1::conversation_3370211_4336.csv::s1,astro_callback_within,2026-07-17 00:03:36.012
Sitara-1::conversation_3370211_4336.csv::s1,astro_other,2026-07-17 00:03:41.013
Sitara-1::conversation_3370211_4336.csv::s1,user_emotional_disclosure,2026-07-17 00:03:48.014
Sitara-1::conversation_3370211_4336.csv::s1,user_neutral_factual,2026-07-17 00:03:52.015
Sitara-1::conversation_3370211_4336.csv::s1,astro_callback_within,2026-07-17 00:03:53.016
Sitara-1::conversation_3370211_4336.csv::s1,astro_callback_within,2026-07-17 00:03:59.017
Sitara-1::conversation_3370211_4336.csv::s1,user_emotional_disclosure,2026-07-17 00:04:08.018
Sitara-1::conversation_3370211_4336.csv::s1,astro_callback_within,2026-07-17 00:04:14.019
Sitara-1::conversation_3370211_4336.csv::s1,user_neutral,2026-07-17 00:04:20.020
Sitara-1::conversation_3370211_4336.csv::s1,astro_other,2026-07-17 00:04:29.021
Sitara-1::conversation_3370211_4336.csv::s1,astro_callback_within,2026-07-17 00:04:36.022
Sitara-1::conversation_3370211_4336.csv::s1,astro_dated_prediction,2026-07-17 00:04:40.023
Sitara-1::conversation_3370211_4336.csv::s1,astro_callback_within,2026-07-17 00:04:42.024
Sitara-1::conversation_3370211_4336.csv::s1,user_pushback,2026-07-17 00:04:55.025
Sitara-1::conversation_3370211_4336.csv::s1,user_neutral_factual,2026-07-17 00:04:59.026
Sitara-1::conversation_3370211_4336.csv::s1,astro_callback_within,2026-07-17 00:05:00.027
Sitara-1::conversation_3370211_4336.csv::s1,user_neutral_factual,2026-07-17 00:05:00.028
Sitara-1::conversation_3370211_4336.csv::s1,astro_callback_within,2026-07-17 00:05:05.029
Sitara-1::conversation_3370211_4336.csv::s1,astro_callback_within,2026-07-17 00:05:08.030
Sitara-1::conversation_3370211_4336.csv::s1,user_enthusiastic,2026-07-17 00:05:14.031
Sitara-1::conversation_3370211_4336.csv::s1,astro_callback_within,2026-07-17 00:05:19.032
Sitara-1::conversation_3370211_4336.csv::s1,user_emotional_disclosure,2026-07-17 00:05:39.033
Sitara-1::conversation_3370211_4336.csv::s1,astro_callback_within,2026-07-17 00:05:44.034
Sitara-1::conversation_3370211_4336.csv::s1,user_neutral,2026-07-17 00:05:52.035
Sitara-1::conversation_3370211_4336.csv::s1,astro_callback_within,2026-07-17 00:06:00.036
Sitara-1::conversation_3370211_4336.csv::s1,user_emotional_disclosure,2026-07-17 00:06:26.037
Sitara-1::conversation_3370211_4336.csv::s1,astro_callback_within,2026-07-17 00:06:31.038
Sitara-1::conversation_3370211_4336.csv::s1,astro_callback_within,2026-07-17 00:06:55.039
Sitara-1::conversation_3370211_4336.csv::s1,astro_callback_within,2026-07-17 00:06:57.040
Sitara-1::conversation_3370211_4336.csv::s1,user_enthusiastic,2026-07-17 00:07:06.041
Sitara-1::conversation_3370211_4336.csv::s1,astro_callback_within,2026-07-17 00:07:11.042
Sitara-1::conversation_3370211_4336.csv::s1,user_neutral_factual,2026-07-17 00:07:20.043
Sitara-1::conversation_3370211_4336.csv::s1,user_neutral,2026-07-17 00:07:21.044
Sitara-1::conversation_3370211_4336.csv::s1,astro_dated_prediction,2026-07-17 00:07:29.045
Sitara-1::conversation_3370211_4336.csv::s1,astro_callback_within,2026-07-17 00:07:31.046
Sitara-1::conversation_3370211_4336.csv::s1,user_enthusiastic,2026-07-17 00:07:45.047
Sitara-1::conversation_3370211_4336.csv::s1,astro_callback_within,2026-07-17 00:07:51.048
Sitara-1::conversation_3370211_4336.csv::s1,user_neutral_factual,2026-07-17 00:08:02.049
Sitara-1::conversation_3370211_4336.csv::s1,user_neutral,2026-07-17 00:08:04.050
Sitara-1::conversation_3370211_4336.csv::s1,astro_dated_prediction,2026-07-17 00:08:07.051
Sitara-1::conversation_3370211_4336.csv::s1,astro_other,2026-07-17 00:08:10.052
Sitara-1::conversation_3370211_4336.csv::s1,astro_callback_within,2026-07-17 00:08:15.053
Sitara-1::conversation_3370211_4336.csv::s1,astro_callback_within,2026-07-17 00:08:24.054
Sitara-1::conversation_3370211_4336.csv::s1,user_neutral_factual,2026-07-17 00:08:26.055
Sitara-1::conversation_3370211_4336.csv::s1,astro_callback_within,2026-07-17 00:08:31.056
Sitara-1::conversation_3370211_4336.csv::s1,astro_callback_within,2026-07-17 00:08:45.057
Sitara-1::conversation_3370211_4336.csv::s1,astro_other,2026-07-17 00:08:47.058
Sitara-1::conversation_3370211_4336.csv::s1,user_neutral,2026-07-17 00:08:54.059
Sitara-1::conversation_3370211_4336.csv::s1,astro_callback_within,2026-07-17 00:08:59.060
Sitara-1::conversation_3400356_4336.csv::s1,user_neutral,2026-07-19 05:29:59.000
Sitara-1::conversation_3400356_4336.csv::s1,astro_other,2026-07-19 05:30:06.001
Sitara-1::conversation_3400356_4336.csv::s1,user_neutral_factual,2026-07-19 05:30:13.002
Sitara-1::conversation_3400356_4336.csv::s1,astro_callback_within,2026-07-19 05:30:20.003
Sitara-1::conversation_3400356_4336.csv::s1,user_neutral_factual,2026-07-19 05:30:42.004
Sitara-1::conversation_3400356_4336.csv::s1,astro_callback_within,2026-07-19 05:30:57.005
Sitara-1::conversation_3400356_4336.csv::s1,user_neutral_factual,2026-07-19 05:31:05.006
Sitara-1::conversation_3400356_4336.csv::s1,user_neutral_factual,2026-07-19 05:31:07.007
Sitara-1::conversation_3400356_4336.csv::s1,astro_callback_within,2026-07-19 05:31:21.008
Sitara-1::conversation_3400356_4336.csv::s1,astro_other,2026-07-19 05:31:27.009
Sitara-1::conversation_3400356_4336.csv::s1,astro_other,2026-07-19 05:31:37.010
Sitara-1::conversation_3400356_4336.csv::s1,user_neutral_factual,2026-07-19 05:31:38.011
Sitara-1::conversation_3400356_4336.csv::s1,user_neutral_factual,2026-07-19 05:31:42.012
Sitara-1::conversation_3400356_4336.csv::s1,astro_callback_within,2026-07-19 05:31:45.013
Sitara-1::conversation_3400356_4336.csv::s1,user_neutral_factual,2026-07-19 05:31:50.014
Sitara-1::conversation_3400356_4336.csv::s1,astro_dated_prediction,2026-07-19 05:31:58.015
Sitara-1::conversation_3400356_4336.csv::s1,user_neutral_factual,2026-07-19 05:32:04.016
Sitara-1::conversation_3400356_4336.csv::s1,astro_callback_within,2026-07-19 05:32:06.017
Sitara-1::conversation_3400356_4336.csv::s1,user_neutral_factual,2026-07-19 05:32:13.018
Sitara-1::conversation_3400356_4336.csv::s1,astro_callback_within,2026-07-19 05:32:22.019
Sitara-1::conversation_3400356_4336.csv::s1,astro_dated_prediction,2026-07-19 05:32:23.020
Sitara-1::conversation_3400356_4336.csv::s1,user_neutral_factual,2026-07-19 05:32:30.021
Sitara-1::conversation_3400356_4336.csv::s1,astro_other,2026-07-19 05:32:37.022
Sitara-1::conversation_3400356_4336.csv::s1,user_neutral_factual,2026-07-19 05:32:48.023
Sitara-1::conversation_3400356_4336.csv::s1,user_neutral_factual,2026-07-19 05:33:11.024
Sitara-1::conversation_3400356_4336.csv::s1,user_enthusiastic,2026-07-19 05:33:16.025
Sitara-1::conversation_3400356_4336.csv::s1,astro_other,2026-07-19 05:33:19.026
Sitara-1::conversation_3400356_4336.csv::s1,astro_dated_prediction,2026-07-19 05:33:25.027
Sitara-1::conversation_3400356_4336.csv::s1,user_neutral_factual,2026-07-19 05:33:35.028
Sitara-1::conversation_3400356_4336.csv::s1,astro_other,2026-07-19 05:34:02.029
Sitara-1::conversation_3400356_4336.csv::s1,user_neutral_factual,2026-07-19 05:34:29.030
Sitara-1::conversation_3400356_4336.csv::s1,astro_callback_within,2026-07-19 05:34:37.031
Sitara-1::conversation_3400356_4336.csv::s1,user_neutral_factual,2026-07-19 05:34:49.032
Sitara-1::conversation_3400356_4336.csv::s1,astro_callback_within,2026-07-19 05:34:56.033
Sitara-1::conversation_3400356_4336.csv::s1,user_enthusiastic,2026-07-19 05:35:07.034
Sitara-1::conversation_3400356_4336.csv::s1,astro_callback_within,2026-07-19 05:35:15.035
Sitara-1::conversation_3400356_4336.csv::s1,user_neutral_factual,2026-07-19 05:35:24.036
Sitara-1::conversation_3400356_4336.csv::s1,astro_other,2026-07-19 05:35:33.037
Sitara-1::conversation_3400356_4336.csv::s1,astro_callback_within,2026-07-19 05:36:58.038
Sitara-1::conversation_3400356_4336.csv::s2,user_neutral,2026-07-19 05:37:11.000
Sitara-1::conversation_3400356_4336.csv::s2,astro_other,2026-07-19 05:37:17.001
Sitara-1::conversation_3400356_4336.csv::s2,user_neutral_factual,2026-07-19 05:37:30.002
Sitara-1::conversation_3400356_4336.csv::s2,astro_callback_prior,2026-07-19 05:37:40.003
Sitara-1::conversation_3400356_4336.csv::s2,user_enthusiastic,2026-07-19 05:38:02.004
Sitara-1::conversation_3400356_4336.csv::s2,astro_callback_within,2026-07-19 05:38:21.005
Sitara-1::conversation_3400356_4336.csv::s2,user_neutral_factual,2026-07-19 05:38:26.006
Sitara-1::conversation_3400356_4336.csv::s2,user_neutral_factual,2026-07-19 05:38:35.007
Sitara-1::conversation_3400356_4336.csv::s2,astro_callback_within,2026-07-19 05:38:50.008
Sitara-1::conversation_3400356_4336.csv::s2,user_neutral,2026-07-19 05:39:00.009
Sitara-1::conversation_3400356_4336.csv::s2,astro_dated_prediction,2026-07-19 05:39:10.010
Sitara-1::conversation_3400356_4336.csv::s2,user_neutral_factual,2026-07-19 05:39:16.011
Sitara-1::conversation_3400356_4336.csv::s2,astro_callback_prior,2026-07-19 05:39:18.012
Sitara-1::conversation_3400356_4336.csv::s2,astro_callback_within,2026-07-19 05:39:27.013
Sitara-1::conversation_3400356_4336.csv::s2,user_pushback,2026-07-19 05:39:36.014
Sitara-1::conversation_3400356_4336.csv::s2,astro_callback_within,2026-07-19 05:39:53.015
Sitara-1::conversation_3400356_4336.csv::s2,user_neutral_factual,2026-07-19 05:40:11.016
Sitara-1::conversation_3400356_4336.csv::s2,astro_callback_prior,2026-07-19 05:40:17.017
Sitara-1::conversation_3400356_4336.csv::s2,user_neutral_factual,2026-07-19 05:40:32.018
Sitara-1::conversation_3400356_4336.csv::s2,astro_callback_within,2026-07-19 05:40:40.019
Sitara-1::conversation_3400356_4336.csv::s2,astro_dated_prediction,2026-07-19 05:40:48.020
Sitara-1::conversation_3400356_4336.csv::s2,user_neutral_factual,2026-07-19 05:40:58.021
Sitara-1::conversation_3400356_4336.csv::s2,user_neutral_factual,2026-07-19 05:41:09.022
Sitara-1::conversation_3400356_4336.csv::s2,astro_callback_prior,2026-07-19 05:41:21.023
Sitara-1::conversation_3400356_4336.csv::s2,astro_callback_within,2026-07-19 05:41:30.024
Sitara-1::conversation_3400356_4336.csv::s2,user_emotional_disclosure,2026-07-19 05:41:40.025
Sitara-1::conversation_3400356_4336.csv::s2,astro_callback_within,2026-07-19 05:41:49.026
Sitara-1::conversation_3400356_4336.csv::s2,astro_callback_prior,2026-07-19 05:42:03.027
Sitara-1::conversation_3400356_4336.csv::s2,user_enthusiastic,2026-07-19 05:42:10.028
Sitara-1::conversation_3400356_4336.csv::s2,astro_dated_prediction,2026-07-19 05:42:20.029
Sitara-1::conversation_3400356_4336.csv::s2,user_pushback,2026-07-19 05:43:01.030
Sitara-1::conversation_3400356_4336.csv::s2,astro_dated_prediction,2026-07-19 05:43:10.031
Sitara-1::conversation_3400356_4336.csv::s2,user_neutral_factual,2026-07-19 05:43:16.032
Sitara-1::conversation_3400356_4336.csv::s2,astro_callback_within,2026-07-19 05:43:23.033
Sitara-1::conversation_3400356_4336.csv::s2,user_neutral_factual,2026-07-19 05:43:30.034
Sitara-1::conversation_3400356_4336.csv::s2,astro_callback_prior,2026-07-19 05:43:44.035
Sitara-1::conversation_3400356_4336.csv::s2,user_enthusiastic,2026-07-19 05:43:55.036
Sitara-1::conversation_3400356_4336.csv::s2,astro_callback_prior,2026-07-19 05:44:04.037
Sitara-1::conversation_3400356_4336.csv::s2,user_enthusiastic,2026-07-19 05:44:15.038
Sitara-1::conversation_3400356_4336.csv::s2,astro_callback_within,2026-07-19 05:44:22.039
Sitara-1::conversation_3400356_4336.csv::s2,user_neutral_factual,2026-07-19 05:44:27.040
Sitara-1::conversation_3400356_4336.csv::s2,astro_other,2026-07-19 05:44:53.041
Sitara-1::conversation_3400356_4336.csv::s2,user_enthusiastic,2026-07-19 05:45:10.042
Sitara-1::conversation_3400356_4336.csv::s2,astro_callback_prior,2026-07-19 05:45:19.043
Sitara-1::conversation_3400356_4336.csv::s2,user_enthusiastic,2026-07-19 05:45:33.044
Sitara-1::conversation_3400356_4336.csv::s2,astro_callback_prior,2026-07-19 05:45:47.045
Sitara-1::conversation_3400356_4336.csv::s2,user_neutral_factual,2026-07-19 05:45:55.046
Sitara-1::conversation_3400356_4336.csv::s2,astro_other,2026-07-19 05:46:16.047
Sitara-1::conversation_3400356_4336.csv::s2,astro_callback_prior,2026-07-19 05:46:45.048
Sitara-1::conversation_3400356_4336.csv::s2,user_neutral_factual,2026-07-19 05:46:54.049
Sitara-1::conversation_3400356_4336.csv::s2,user_enthusiastic,2026-07-19 05:47:02.050
Sitara-1::conversation_3400356_4336.csv::s2,astro_other,2026-07-19 05:47:08.051
Sitara-1::conversation_3400356_4336.csv::s2,user_neutral_factual,2026-07-19 05:47:14.052
Sitara-1::conversation_3400356_4336.csv::s2,astro_callback_within,2026-07-19 05:47:36.053
Sitara-1::conversation_3400356_4336.csv::s2,user_neutral_factual,2026-07-19 05:47:39.054
Sitara-1::conversation_3400356_4336.csv::s2,user_enthusiastic,2026-07-19 05:47:47.055
Sitara-1::conversation_3400356_4336.csv::s2,astro_callback_within,2026-07-19 05:47:48.056
Sitara-1::conversation_3400356_4336.csv::s2,astro_callback_within,2026-07-19 05:48:04.057
Sitara-1::conversation_3400356_4336.csv::s2,astro_callback_within,2026-07-19 05:48:26.058
Sitara-1::conversation_3400356_4336.csv::s2,user_neutral_factual,2026-07-19 05:49:04.059
Sitara-1::conversation_3400356_4336.csv::s2,astro_reframe,2026-07-19 05:49:14.060
Sitara-1::conversation_3400356_4336.csv::s2,user_enthusiastic,2026-07-19 05:49:24.061
Sitara-1::conversation_3400356_4336.csv::s2,astro_dated_prediction,2026-07-19 05:49:32.062
Sitara-1::conversation_3400356_4336.csv::s2,user_emotional_disclosure,2026-07-19 05:49:44.063
Sitara-1::conversation_3400356_4336.csv::s2,astro_callback_within,2026-07-19 05:49:58.064
Sitara-1::conversation_3400356_4336.csv::s2,user_enthusiastic,2026-07-19 05:50:16.065
Sitara-1::conversation_3400356_4336.csv::s2,user_neutral_factual,2026-07-19 05:50:32.066
Sitara-1::conversation_3400356_4336.csv::s2,astro_callback_within,2026-07-19 05:50:38.067
Sitara-1::conversation_3400356_4336.csv::s2,astro_callback_prior,2026-07-19 05:50:46.068
Sitara-1::conversation_3400356_4336.csv::s2,user_neutral_factual,2026-07-19 05:50:53.069
Sitara-1::conversation_3400356_4336.csv::s2,user_enthusiastic,2026-07-19 05:51:02.070
Sitara-1::conversation_3400356_4336.csv::s2,user_neutral_factual,2026-07-19 05:51:23.071
Sitara-1::conversation_3400356_4336.csv::s2,astro_dated_prediction,2026-07-19 05:51:23.072
Sitara-1::conversation_3400356_4336.csv::s2,user_neutral_factual,2026-07-19 05:51:30.073
Sitara-1::conversation_3400356_4336.csv::s2,astro_callback_within,2026-07-19 05:51:36.074
Sitara-1::conversation_3400356_4336.csv::s2,astro_callback_prior,2026-07-19 05:51:43.075
Sitara-1::conversation_3400356_4336.csv::s2,user_neutral_factual,2026-07-19 05:51:55.076
Sitara-1::conversation_3400356_4336.csv::s2,astro_callback_within,2026-07-19 05:52:02.077
Sitara-1::conversation_3411029_4336.csv::s1,user_neutral,2026-07-20 06:39:03.000
Sitara-1::conversation_3411029_4336.csv::s1,astro_other,2026-07-20 06:39:10.001
Sitara-1::conversation_3411029_4336.csv::s1,user_neutral_factual,2026-07-20 06:39:54.002
Sitara-1::conversation_3411029_4336.csv::s1,user_neutral_factual,2026-07-20 06:40:09.003
Sitara-1::conversation_3411029_4336.csv::s1,astro_other,2026-07-20 06:40:36.004
Sitara-1::conversation_3411029_4336.csv::s1,user_emotional_disclosure,2026-07-20 06:40:39.005
Sitara-1::conversation_3411029_4336.csv::s1,user_neutral_factual,2026-07-20 06:41:05.006
Sitara-1::conversation_3411029_4336.csv::s1,astro_validation,2026-07-20 06:41:13.007
Sitara-1::conversation_3411029_4336.csv::s1,astro_validation,2026-07-20 06:41:20.008
Sitara-1::conversation_3411029_4336.csv::s1,user_emotional_disclosure,2026-07-20 06:42:00.009
Sitara-1::conversation_3411029_4336.csv::s1,astro_other,2026-07-20 06:42:10.010
Sitara-1::conversation_3411029_4336.csv::s1,user_emotional_disclosure,2026-07-20 06:42:27.011
Sitara-1::conversation_3411029_4336.csv::s1,astro_other,2026-07-20 06:42:41.012
Sitara-1::conversation_3411029_4336.csv::s1,user_neutral_factual,2026-07-20 06:42:48.013
Sitara-1::conversation_3411029_4336.csv::s1,user_emotional_disclosure,2026-07-20 06:43:01.014
Sitara-1::conversation_3411029_4336.csv::s1,astro_other,2026-07-20 06:43:11.015
Sitara-1::conversation_3411029_4336.csv::s1,user_pushback,2026-07-20 06:43:29.016
Sitara-1::conversation_3411029_4336.csv::s1,astro_other,2026-07-20 06:43:38.017
Sitara-1::conversation_3411029_4336.csv::s1,user_emotional_disclosure,2026-07-20 06:43:54.018
Sitara-1::conversation_3411029_4336.csv::s1,astro_other,2026-07-20 06:44:03.019
Sitara-1::conversation_3411029_4336.csv::s1,user_emotional_disclosure,2026-07-20 06:44:34.020
Sitara-1::conversation_3411029_4336.csv::s1,user_emotional_disclosure,2026-07-20 06:44:39.021
Sitara-1::conversation_3411029_4336.csv::s1,astro_reframe,2026-07-20 06:44:43.022
Sitara-1::conversation_3411029_4336.csv::s1,astro_validation,2026-07-20 06:44:53.023
Sitara-1::conversation_3411029_4336.csv::s1,user_neutral_factual,2026-07-20 06:45:05.024
Sitara-1::conversation_3411029_4336.csv::s1,astro_other,2026-07-20 06:45:14.025
Sitara-1::conversation_3411029_4336.csv::s1,astro_reframe,2026-07-20 06:45:35.026
Sitara-1::conversation_3411029_4336.csv::s1,user_emotional_disclosure,2026-07-20 06:46:12.027
Sitara-1::conversation_3411029_4336.csv::s1,astro_other,2026-07-20 06:46:20.028
Sitara-1::conversation_3411029_4336.csv::s1,user_disengaging,2026-07-20 06:46:21.029
Sitara-1::conversation_3411029_4336.csv::s1,astro_open_thread,2026-07-20 06:46:35.030
Sitara-1::conversation_3411029_4336.csv::s1,user_neutral_factual,2026-07-20 06:46:49.031
Sitara-1::conversation_3411029_4336.csv::s1,astro_other,2026-07-20 06:46:58.032
Sitara-1::conversation_3411029_4336.csv::s1,user_neutral_factual,2026-07-20 06:47:06.033
Sitara-1::conversation_3411029_4336.csv::s1,astro_other,2026-07-20 06:47:15.034
Sitara-1::conversation_3411029_4336.csv::s1,user_neutral_factual,2026-07-20 06:47:23.035
Sitara-1::conversation_3411029_4336.csv::s1,astro_other,2026-07-20 06:47:32.036
Sitara-1::conversation_3411029_4336.csv::s1,user_neutral_factual,2026-07-20 06:48:04.037
Sitara-1::conversation_3411029_4336.csv::s1,astro_dated_prediction,2026-07-20 06:48:11.038
Sitara-1::conversation_3411029_4336.csv::s1,user_neutral_factual,2026-07-20 06:48:27.039
Sitara-1::conversation_3411029_4336.csv::s1,user_neutral_factual,2026-07-20 06:48:52.040
Sitara-1::conversation_3411029_4336.csv::s1,astro_other,2026-07-20 06:49:08.041
Sitara-1::conversation_3411029_4336.csv::s1,user_neutral_factual,2026-07-20 06:49:27.042
Sitara-1::conversation_3411029_4336.csv::s1,astro_other,2026-07-20 06:49:33.043
Sitara-1::conversation_3411029_4336.csv::s1,user_emotional_disclosure,2026-07-20 06:49:43.044
Sitara-1::conversation_3411029_4336.csv::s1,astro_reframe,2026-07-20 06:49:47.045
Sitara-1::conversation_3411029_4336.csv::s1,user_neutral_factual,2026-07-20 06:50:26.046
Sitara-1::conversation_3411029_4336.csv::s1,astro_other,2026-07-20 06:50:33.047
Sitara-1::conversation_3411029_4336.csv::s1,user_emotional_disclosure,2026-07-20 06:51:02.048
Sitara-1::conversation_3411029_4336.csv::s1,user_emotional_disclosure,2026-07-20 06:51:07.049
Sitara-1::conversation_3411029_4336.csv::s1,astro_other,2026-07-20 06:51:13.050
Sitara-1::conversation_3411029_4336.csv::s1,user_pushback,2026-07-20 06:51:25.051
Sitara-1::conversation_3411029_4336.csv::s1,user_pushback,2026-07-20 06:51:35.052
Sitara-1::conversation_3411029_4336.csv::s1,astro_other,2026-07-20 06:51:36.053
Sitara-1::conversation_3411029_4336.csv::s1,astro_validation,2026-07-20 06:51:45.054
Sitara-1::conversation_3411029_4336.csv::s1,astro_validation,2026-07-20 06:51:50.055
Sitara-1::conversation_3411029_4336.csv::s1,user_emotional_disclosure,2026-07-20 06:52:06.056
Sitara-1::conversation_3411029_4336.csv::s1,astro_reframe,2026-07-20 06:52:23.057
Sitara-1::conversation_3411029_4336.csv::s1,astro_reframe,2026-07-20 06:52:35.058
Sitara-1::conversation_3411029_4336.csv::s1,user_neutral_factual,2026-07-20 06:52:44.059
Sitara-1::conversation_3411029_4336.csv::s1,user_neutral_factual,2026-07-20 06:53:08.060
Sitara-1::conversation_3411029_4336.csv::s1,user_neutral_factual,2026-07-20 06:53:14.061
Sitara-1::conversation_3411029_4336.csv::s1,astro_other,2026-07-20 06:53:18.062
Sitara-1::conversation_3411029_4336.csv::s1,astro_other,2026-07-20 06:53:33.063
Sitara-1::conversation_3429656_4336.csv::s1,user_neutral,2026-07-16 12:39:47.000
Sitara-1::conversation_3429656_4336.csv::s1,astro_other,2026-07-16 12:39:52.001
Sitara-1::conversation_3429656_4336.csv::s1,user_neutral_factual,2026-07-16 12:40:04.002
Sitara-1::conversation_3429656_4336.csv::s1,astro_other,2026-07-16 12:40:08.003
Sitara-1::conversation_3429656_4336.csv::s1,astro_callback_within,2026-07-16 12:40:24.004
Sitara-1::conversation_3429656_4336.csv::s1,user_neutral_factual,2026-07-16 12:40:37.005
Sitara-1::conversation_3429656_4336.csv::s1,astro_other,2026-07-16 12:40:42.006
Sitara-1::conversation_3429656_4336.csv::s1,user_emotional_disclosure,2026-07-16 12:41:16.007
Sitara-1::conversation_3429656_4336.csv::s1,astro_validation,2026-07-16 12:41:21.008
Sitara-1::conversation_3429656_4336.csv::s1,astro_other,2026-07-16 12:41:57.009
Sitara-1::conversation_3429656_4336.csv::s1,astro_callback_within,2026-07-16 12:41:59.010
Sitara-1::conversation_3429656_4336.csv::s1,user_neutral_factual,2026-07-16 12:42:07.011
Sitara-1::conversation_3429656_4336.csv::s1,astro_callback_within,2026-07-16 12:42:14.012
Sitara-1::conversation_3429656_4336.csv::s1,astro_other,2026-07-16 12:42:16.013
Sitara-1::conversation_3429656_4336.csv::s1,user_neutral_factual,2026-07-16 12:42:41.014
Sitara-1::conversation_3429656_4336.csv::s1,astro_other,2026-07-16 12:42:47.015
Sitara-1::conversation_3429656_4336.csv::s1,user_neutral_factual,2026-07-16 12:42:54.016
Sitara-1::conversation_3429656_4336.csv::s1,astro_callback_within,2026-07-16 12:43:00.017
Sitara-1::conversation_3429656_4336.csv::s1,user_neutral_factual,2026-07-16 12:43:05.018
Sitara-1::conversation_3429656_4336.csv::s1,astro_other,2026-07-16 12:43:11.019
Sitara-1::conversation_3429656_4336.csv::s1,user_neutral_factual,2026-07-16 12:43:27.020
Sitara-1::conversation_3429656_4336.csv::s1,astro_other,2026-07-16 12:43:33.021
Sitara-1::conversation_3429656_4336.csv::s1,user_emotional_disclosure,2026-07-16 12:43:48.022
Sitara-1::conversation_3429656_4336.csv::s1,astro_callback_within,2026-07-16 12:43:53.023
Sitara-1::conversation_3429656_4336.csv::s1,user_emotional_disclosure,2026-07-16 12:44:15.024
Sitara-1::conversation_3429656_4336.csv::s1,astro_validation,2026-07-16 12:44:20.025
Sitara-1::conversation_3429656_4336.csv::s1,user_neutral_factual,2026-07-16 12:44:29.026
Sitara-1::conversation_3429656_4336.csv::s1,astro_callback_within,2026-07-16 12:44:35.027
Sitara-1::conversation_3429656_4336.csv::s2,user_neutral,2026-07-16 12:46:28.000
Sitara-1::conversation_3429656_4336.csv::s2,astro_other,2026-07-16 12:46:34.001
Sitara-1::conversation_3429656_4336.csv::s2,user_neutral_factual,2026-07-16 12:47:12.002
Sitara-1::conversation_3429656_4336.csv::s2,astro_callback_prior,2026-07-16 12:47:24.003
Sitara-1::conversation_3429656_4336.csv::s2,user_neutral_factual,2026-07-16 12:47:54.004
Sitara-1::conversation_3429656_4336.csv::s2,astro_callback_within,2026-07-16 12:47:59.005
Sitara-1::conversation_3429656_4336.csv::s2,astro_callback_prior,2026-07-16 12:48:01.006
Sitara-1::conversation_3429656_4336.csv::s2,astro_callback_prior,2026-07-16 12:48:57.007
Sitara-1::conversation_3429656_4336.csv::s2,astro_callback_prior,2026-07-16 12:48:59.008
Sitara-1::conversation_3429656_4336.csv::s2,user_neutral_factual,2026-07-16 12:49:07.009
Sitara-1::conversation_3429656_4336.csv::s2,user_neutral_factual,2026-07-16 12:49:20.010
Sitara-1::conversation_3429656_4336.csv::s2,astro_callback_within,2026-07-16 12:49:28.011
Sitara-1::conversation_3429656_4336.csv::s2,astro_other,2026-07-16 12:49:30.012
Sitara-1::conversation_3429656_4336.csv::s2,user_neutral_factual,2026-07-16 12:49:38.013
Sitara-1::conversation_3429656_4336.csv::s2,astro_other,2026-07-16 12:49:43.014
Sitara-1::conversation_3429656_4336.csv::s2,user_neutral_factual,2026-07-16 12:49:53.015
Sitara-1::conversation_3429656_4336.csv::s2,astro_other,2026-07-16 12:49:59.016
Sitara-1::conversation_3429656_4336.csv::s2,user_neutral_factual,2026-07-16 12:50:09.017
Sitara-1::conversation_3429656_4336.csv::s2,astro_dated_prediction,2026-07-16 12:50:16.018
Sitara-1::conversation_3429656_4336.csv::s2,astro_other,2026-07-16 12:50:18.019
Sitara-1::conversation_3429656_4336.csv::s2,user_enthusiastic,2026-07-16 12:50:29.020
Sitara-1::conversation_3429656_4336.csv::s2,astro_other,2026-07-16 12:50:36.021
Sitara-1::conversation_3429656_4336.csv::s2,user_enthusiastic,2026-07-16 12:50:38.022
Sitara-1::conversation_3429656_4336.csv::s2,astro_other,2026-07-16 12:50:49.023
Sitara-1::conversation_3429656_4336.csv::s2,user_neutral_factual,2026-07-16 12:50:49.024
Sitara-1::conversation_3429656_4336.csv::s2,astro_other,2026-07-16 12:50:51.025
Sitara-1::conversation_3429656_4336.csv::s2,astro_other,2026-07-16 12:50:58.026
Sitara-1::conversation_3429656_4336.csv::s2,user_neutral_factual,2026-07-16 12:51:08.027
Sitara-1::conversation_3429656_4336.csv::s2,astro_reframe,2026-07-16 12:51:13.028
Sitara-1::conversation_3429656_4336.csv::s2,user_emotional_disclosure,2026-07-16 12:51:28.029
Sitara-1::conversation_3429656_4336.csv::s2,astro_reframe,2026-07-16 12:51:34.030
Sitara-1::conversation_3436054_4336.csv::s1,user_neutral,2026-07-17 06:33:20.000
Sitara-1::conversation_3436054_4336.csv::s1,user_neutral,2026-07-17 06:33:43.001
Sitara-1::conversation_3436054_4336.csv::s1,astro_other,2026-07-17 06:33:51.002
Sitara-1::conversation_3436054_4336.csv::s1,user_neutral_factual,2026-07-17 06:34:02.003
Sitara-1::conversation_3436054_4336.csv::s1,astro_callback_within,2026-07-17 06:34:07.004
Sitara-1::conversation_3436054_4336.csv::s1,user_neutral_factual,2026-07-17 06:34:28.005
Sitara-1::conversation_3436054_4336.csv::s1,astro_callback_within,2026-07-17 06:34:42.006
Sitara-1::conversation_3436054_4336.csv::s1,user_pushback,2026-07-17 06:35:20.007
Sitara-1::conversation_3436054_4336.csv::s1,astro_callback_within,2026-07-17 06:35:21.008
Sitara-1::conversation_3436054_4336.csv::s1,astro_dated_prediction,2026-07-17 06:35:30.009
Sitara-1::conversation_3436054_4336.csv::s1,astro_callback_within,2026-07-17 06:35:32.010
Sitara-1::conversation_3436054_4336.csv::s1,user_neutral_factual,2026-07-17 06:35:51.011
Sitara-1::conversation_3436054_4336.csv::s1,astro_callback_within,2026-07-17 06:36:05.012
Sitara-1::conversation_3436054_4336.csv::s1,astro_other,2026-07-17 06:36:27.013
Sitara-1::conversation_3436054_4336.csv::s1,user_neutral,2026-07-17 06:37:12.014
Sitara-1::conversation_3436054_4336.csv::s1,astro_dated_prediction,2026-07-17 06:37:20.015
Sitara-1::conversation_3436054_4336.csv::s1,user_neutral_factual,2026-07-17 06:37:40.016
Sitara-1::conversation_3436054_4336.csv::s1,astro_callback_within,2026-07-17 06:37:44.017
Sitara-1::conversation_3436054_4336.csv::s1,user_neutral,2026-07-17 06:38:04.018
Sitara-1::conversation_3436054_4336.csv::s1,astro_callback_within,2026-07-17 06:38:09.019
Sitara-1::conversation_3436054_4336.csv::s1,user_neutral,2026-07-17 07:10:44.020
Sitara-1::conversation_3436054_4336.csv::s1,user_neutral_factual,2026-07-17 07:10:57.021
Sitara-1::conversation_3436054_4336.csv::s1,astro_callback_within,2026-07-17 07:11:02.022
Sitara-1::conversation_3436054_4336.csv::s1,astro_callback_within,2026-07-17 07:11:20.023
Sitara-1::conversation_3436054_4336.csv::s1,user_neutral_factual,2026-07-17 07:11:49.024
Sitara-1::conversation_3436054_4336.csv::s1,astro_callback_within,2026-07-17 07:11:55.025
Sitara-1::conversation_3436054_4336.csv::s1,user_emotional_disclosure,2026-07-17 07:12:14.026
Sitara-1::conversation_3436054_4336.csv::s1,astro_callback_within,2026-07-17 07:12:25.027
Sitara-1::conversation_3436054_4336.csv::s1,user_neutral_factual,2026-07-17 07:12:57.028
Sitara-1::conversation_3436054_4336.csv::s1,astro_callback_within,2026-07-17 07:13:04.029
Sitara-1::conversation_3436054_4336.csv::s1,user_neutral,2026-07-17 07:13:06.030
Sitara-1::conversation_3436054_4336.csv::s1,astro_callback_within,2026-07-17 07:13:13.031
Sitara-1::conversation_3436054_4336.csv::s1,user_neutral_factual,2026-07-17 07:13:33.032
Sitara-1::conversation_3436054_4336.csv::s1,astro_callback_within,2026-07-17 07:13:43.033
Sitara-1::conversation_3436054_4336.csv::s1,user_neutral_factual,2026-07-17 07:14:29.034
Sitara-1::conversation_3436054_4336.csv::s1,astro_callback_within,2026-07-17 07:14:34.035
Sitara-1::conversation_3436054_4336.csv::s1,user_pushback,2026-07-17 07:14:55.036
Sitara-1::conversation_3436054_4336.csv::s1,astro_dated_prediction,2026-07-17 07:14:59.037
Sitara-1::conversation_3436054_4336.csv::s1,astro_dated_prediction,2026-07-17 07:15:01.038
Sitara-1::conversation_3436054_4336.csv::s1,user_neutral,2026-07-17 07:15:51.039
Sitara-1::conversation_3436054_4336.csv::s1,astro_callback_within,2026-07-17 07:15:56.040
Sitara-1::conversation_3436054_4336.csv::s1,user_neutral,2026-07-17 07:16:05.041
Sitara-1::conversation_3436054_4336.csv::s1,astro_callback_within,2026-07-17 07:16:10.042
Sitara-1::conversation_3436054_4336.csv::s1,user_neutral,2026-07-17 07:16:32.043
Sitara-1::conversation_3436054_4336.csv::s1,astro_callback_within,2026-07-17 07:16:38.044
Sitara-1::conversation_3436054_4336.csv::s1,user_neutral_factual,2026-07-17 07:16:48.045
Sitara-1::conversation_3436054_4336.csv::s1,astro_callback_within,2026-07-17 07:16:53.046
Sitara-1::conversation_3436054_4336.csv::s1,user_neutral_factual,2026-07-17 07:17:04.047
Sitara-1::conversation_3436054_4336.csv::s1,astro_callback_within,2026-07-17 07:17:15.048
Sitara-1::conversation_3436054_4336.csv::s1,user_neutral,2026-07-17 07:17:35.049
Sitara-1::conversation_3436054_4336.csv::s1,user_neutral,2026-07-17 07:17:51.050
Sitara-1::conversation_3436054_4336.csv::s1,astro_callback_within,2026-07-17 07:17:56.051
Sitara-1::conversation_3436054_4336.csv::s1,user_neutral_factual,2026-07-17 07:18:05.052
Sitara-1::conversation_3436054_4336.csv::s1,astro_callback_within,2026-07-17 07:18:12.053
Sitara-1::conversation_3436054_4336.csv::s1,user_neutral,2026-07-17 07:18:19.054
Sitara-1::conversation_3436054_4336.csv::s1,astro_callback_within,2026-07-17 07:18:26.055
Sitara-1::conversation_3436054_4336.csv::s1,user_neutral,2026-07-17 07:18:34.056
Sitara-1::conversation_3436054_4336.csv::s1,user_pushback,2026-07-17 07:18:40.057
Sitara-1::conversation_3436054_4336.csv::s1,astro_callback_within,2026-07-17 07:18:42.058
Sitara-1::conversation_3436054_4336.csv::s1,astro_callback_within,2026-07-17 07:18:47.059
Sitara-1::conversation_3436054_4336.csv::s1,astro_open_thread,2026-07-17 07:18:49.060
Sitara-1::conversation_3436054_4336.csv::s1,user_enthusiastic,2026-07-17 07:19:04.061
Sitara-1::conversation_3436054_4336.csv::s1,astro_callback_within,2026-07-17 07:19:14.062
Sitara-1::conversation_3436054_4336.csv::s1,user_enthusiastic,2026-07-17 07:19:21.063
Sitara-1::conversation_3436054_4336.csv::s1,user_pushback,2026-07-17 07:19:23.064
Sitara-1::conversation_3436054_4336.csv::s1,astro_callback_within,2026-07-17 07:19:29.065
Sitara-1::conversation_3436054_4336.csv::s1,astro_callback_within,2026-07-17 07:19:35.066
Sitara-1::conversation_3436054_4336.csv::s1,user_pushback,2026-07-17 07:19:41.067
Sitara-1::conversation_3436054_4336.csv::s1,astro_callback_within,2026-07-17 07:19:47.068
Sitara-1::conversation_3458672_4336.csv::s1,user_neutral,2026-07-17 09:29:21.000
Sitara-1::conversation_3458672_4336.csv::s1,astro_other,2026-07-17 09:29:26.001
Sitara-1::conversation_3458672_4336.csv::s1,user_neutral_factual,2026-07-17 09:29:33.002
Sitara-1::conversation_3458672_4336.csv::s1,user_neutral,2026-07-17 09:29:39.003
Sitara-1::conversation_3458672_4336.csv::s1,astro_callback_within,2026-07-17 09:29:41.004
Sitara-1::conversation_3458672_4336.csv::s1,astro_callback_within,2026-07-17 09:29:46.005
Sitara-1::conversation_3458672_4336.csv::s1,user_neutral_factual,2026-07-17 09:29:47.006
Sitara-1::conversation_3458672_4336.csv::s1,astro_callback_within,2026-07-17 09:29:55.007
Sitara-1::conversation_3458672_4336.csv::s1,user_emotional_disclosure,2026-07-17 09:30:12.008
Sitara-1::conversation_3458672_4336.csv::s1,user_neutral,2026-07-17 09:30:39.009
Sitara-1::conversation_3458672_4336.csv::s1,astro_callback_within,2026-07-17 09:30:44.010
Sitara-1::conversation_3458672_4336.csv::s1,user_neutral,2026-07-17 09:30:47.011
Sitara-1::conversation_3458672_4336.csv::s1,astro_callback_within,2026-07-17 09:31:23.012
Sitara-1::conversation_3458672_4336.csv::s1,user_neutral_factual,2026-07-17 09:31:26.013
Sitara-1::conversation_3458672_4336.csv::s1,astro_dated_prediction,2026-07-17 09:31:31.014
Sitara-1::conversation_3458672_4336.csv::s1,user_neutral,2026-07-17 09:31:44.015
Sitara-1::conversation_3458672_4336.csv::s1,user_emotional_disclosure,2026-07-17 09:31:54.016
Sitara-1::conversation_3458672_4336.csv::s1,astro_callback_within,2026-07-17 09:31:58.017
Sitara-1::conversation_3458672_4336.csv::s1,user_neutral,2026-07-17 09:32:07.018
Sitara-1::conversation_3458672_4336.csv::s1,astro_callback_within,2026-07-17 09:32:09.019
Sitara-1::conversation_3458672_4336.csv::s1,astro_other,2026-07-17 09:32:14.020
Sitara-1::conversation_3458672_4336.csv::s1,astro_callback_within,2026-07-17 09:32:16.021
Sitara-1::conversation_3458672_4336.csv::s1,user_neutral,2026-07-17 09:32:32.022
Sitara-1::conversation_3458672_4336.csv::s1,user_neutral,2026-07-17 09:32:46.023
Sitara-1::conversation_3458672_4336.csv::s1,astro_dated_prediction,2026-07-17 09:33:18.024
Sitara-1::conversation_3458672_4336.csv::s1,user_neutral,2026-07-17 09:33:31.025
Sitara-1::conversation_3458672_4336.csv::s1,astro_callback_within,2026-07-17 09:33:36.026
Sitara-1::conversation_3458672_4336.csv::s1,astro_callback_within,2026-07-17 09:33:47.027
Sitara-1::conversation_3458672_4336.csv::s1,user_neutral_factual,2026-07-17 09:34:40.028
Sitara-1::conversation_3458672_4336.csv::s1,user_neutral_factual,2026-07-17 09:34:44.029
Sitara-1::conversation_3458672_4336.csv::s1,astro_callback_within,2026-07-17 09:34:45.030
Sitara-1::conversation_3458672_4336.csv::s1,user_neutral_factual,2026-07-17 09:34:53.031
Sitara-1::conversation_3458672_4336.csv::s1,astro_callback_within,2026-07-17 09:34:59.032
Sitara-1::conversation_3458672_4336.csv::s1,astro_callback_within,2026-07-17 09:35:05.033
Sitara-1::conversation_3458672_4336.csv::s1,user_neutral,2026-07-17 09:35:19.034
Sitara-1::conversation_3458672_4336.csv::s1,astro_dated_prediction,2026-07-17 09:35:24.035
Sitara-1::conversation_3458672_4336.csv::s1,user_neutral,2026-07-17 09:35:38.036
Sitara-1::conversation_3458672_4336.csv::s1,astro_dated_prediction,2026-07-17 09:35:43.037
Sitara-1::conversation_3458672_4336.csv::s1,user_neutral,2026-07-17 09:35:56.038
Sitara-1::conversation_3458672_4336.csv::s1,astro_dated_prediction,2026-07-17 09:36:01.039
Sitara-1::conversation_3458672_4336.csv::s1,user_neutral,2026-07-17 09:36:11.040
Sitara-1::conversation_3458672_4336.csv::s1,user_enthusiastic,2026-07-17 09:36:38.041
Sitara-1::conversation_3458672_4336.csv::s1,astro_callback_within,2026-07-17 09:36:45.042
Sitara-1::conversation_3458672_4336.csv::s1,astro_callback_within,2026-07-17 09:36:47.043
Sitara-1::conversation_3458672_4336.csv::s1,astro_callback_within,2026-07-17 09:36:52.044
Sitara-1::conversation_3458672_4336.csv::s1,user_neutral,2026-07-17 09:37:11.045
Sitara-1::conversation_3458672_4336.csv::s1,astro_callback_within,2026-07-17 09:37:17.046
Sitara-1::conversation_3458672_4336.csv::s1,astro_other,2026-07-17 09:37:19.047
Sitara-1::conversation_3458672_4336.csv::s1,user_neutral,2026-07-17 09:37:27.048
Sitara-1::conversation_3458672_4336.csv::s1,astro_callback_within,2026-07-17 09:37:33.049
Sitara-1::conversation_3458672_4336.csv::s1,user_enthusiastic,2026-07-17 09:37:39.050
Sitara-1::conversation_3458672_4336.csv::s1,astro_callback_within,2026-07-17 09:37:44.051
Sitara-1::conversation_3458672_4336.csv::s1,astro_self_correction,2026-07-17 09:38:17.052
Sitara-1::conversation_3458672_4336.csv::s1,astro_other,2026-07-17 09:38:30.053
Sitara-1::conversation_3458672_4336.csv::s1,astro_other,2026-07-17 09:38:41.054
Sitara-1::conversation_3458672_4336.csv::s1,user_neutral,2026-07-17 09:38:51.055
Sitara-1::conversation_3458672_4336.csv::s1,user_neutral,2026-07-17 09:38:54.056
Sitara-1::conversation_3458672_4336.csv::s1,astro_callback_within,2026-07-17 09:38:57.057
Sitara-1::conversation_3458672_4336.csv::s1,astro_callback_within,2026-07-17 09:39:02.058
Sitara-1::conversation_3458672_4336.csv::s1,user_neutral,2026-07-17 09:39:05.059
Sitara-1::conversation_3458672_4336.csv::s1,astro_callback_within,2026-07-17 09:39:10.060
Sitara-1::conversation_3458672_4336.csv::s1,user_neutral,2026-07-17 09:39:18.061
Sitara-1::conversation_3458672_4336.csv::s1,astro_callback_within,2026-07-17 09:39:28.062
Sitara-1::conversation_3460955_4336.csv::s1,user_neutral,2026-07-17 06:59:19.000
Sitara-1::conversation_3460955_4336.csv::s1,astro_other,2026-07-17 06:59:24.001
Sitara-1::conversation_3460955_4336.csv::s1,user_enthusiastic,2026-07-17 06:59:39.002
Sitara-1::conversation_3460955_4336.csv::s1,astro_callback_within,2026-07-17 06:59:45.003
Sitara-1::conversation_3460955_4336.csv::s1,astro_other,2026-07-17 06:59:47.004
Sitara-1::conversation_3460955_4336.csv::s1,user_pushback,2026-07-17 07:00:05.005
Sitara-1::conversation_3460955_4336.csv::s1,astro_callback_within,2026-07-17 07:00:12.006
Sitara-1::conversation_3460955_4336.csv::s1,user_pushback,2026-07-17 07:00:46.007
Sitara-1::conversation_3460955_4336.csv::s1,astro_callback_within,2026-07-17 07:00:53.008
Sitara-1::conversation_3460955_4336.csv::s1,astro_other,2026-07-17 07:00:54.009
Sitara-1::conversation_3460955_4336.csv::s1,astro_other,2026-07-17 07:00:55.010
Sitara-1::conversation_3460955_4336.csv::s1,user_neutral_factual,2026-07-17 07:01:03.011
Sitara-1::conversation_3460955_4336.csv::s1,astro_other,2026-07-17 07:01:12.012
Sitara-1::conversation_3460955_4336.csv::s1,astro_callback_within,2026-07-17 07:01:14.013
Sitara-1::conversation_3460955_4336.csv::s1,user_disengaging,2026-07-17 07:01:24.014
Sitara-1::conversation_3460955_4336.csv::s1,astro_other,2026-07-17 07:01:35.015
Sitara-1::conversation_3460955_4336.csv::s1,astro_dated_prediction,2026-07-17 07:01:38.016
Sitara-1::conversation_3460955_4336.csv::s1,user_emotional_disclosure,2026-07-17 07:01:54.017
Sitara-1::conversation_3460955_4336.csv::s1,astro_callback_within,2026-07-17 07:02:01.018
Sitara-1::conversation_3460955_4336.csv::s1,astro_callback_within,2026-07-17 07:02:03.019
Sitara-1::conversation_3460955_4336.csv::s1,astro_callback_within,2026-07-17 07:02:05.020
Sitara-1::conversation_3460955_4336.csv::s1,user_emotional_disclosure,2026-07-17 07:02:19.021
Sitara-1::conversation_3460955_4336.csv::s1,astro_callback_within,2026-07-17 07:02:24.022
Sitara-1::conversation_3460955_4336.csv::s1,astro_other,2026-07-17 07:02:26.023
Sitara-1::conversation_3460955_4336.csv::s1,user_emotional_disclosure,2026-07-17 07:02:33.024
Sitara-1::conversation_3460955_4336.csv::s1,astro_callback_within,2026-07-17 07:02:38.025
Sitara-1::conversation_3460955_4336.csv::s1,astro_callback_within,2026-07-17 07:02:40.026
Sitara-1::conversation_3460955_4336.csv::s1,astro_other,2026-07-17 07:02:42.027
Sitara-1::conversation_3460955_4336.csv::s1,user_neutral_factual,2026-07-17 07:02:54.028
Sitara-1::conversation_3460955_4336.csv::s1,astro_callback_within,2026-07-17 07:02:59.029
Sitara-1::conversation_3460955_4336.csv::s1,user_neutral_factual,2026-07-17 07:03:01.030
Sitara-1::conversation_3460955_4336.csv::s1,astro_callback_within,2026-07-17 07:03:06.031
Sitara-1::conversation_3460955_4336.csv::s1,astro_callback_within,2026-07-17 07:03:08.032
Sitara-1::conversation_3460955_4336.csv::s1,user_enthusiastic,2026-07-17 07:03:23.033
Sitara-1::conversation_3460955_4336.csv::s1,astro_callback_within,2026-07-17 07:03:28.034
Sitara-1::conversation_3460955_4336.csv::s1,user_neutral_factual,2026-07-17 07:03:28.035
Sitara-1::conversation_3460955_4336.csv::s1,astro_callback_within,2026-07-17 07:03:30.036
Sitara-1::conversation_3460955_4336.csv::s1,astro_callback_within,2026-07-17 07:03:44.037
Sitara-1::conversation_3460955_4336.csv::s1,user_pushback,2026-07-17 07:03:48.038
Sitara-1::conversation_3460955_4336.csv::s1,astro_callback_within,2026-07-17 07:03:49.039
Sitara-1::conversation_3460955_4336.csv::s1,astro_callback_within,2026-07-17 07:04:02.040
Sitara-1::conversation_3460955_4336.csv::s1,astro_callback_within,2026-07-17 07:04:04.041
Sitara-1::conversation_3460955_4336.csv::s1,astro_other,2026-07-17 07:04:06.042
Sitara-1::conversation_3460955_4336.csv::s1,astro_other,2026-07-17 07:04:15.043
Sitara-1::conversation_3460955_4336.csv::s1,astro_dated_prediction,2026-07-17 07:04:17.044
Sitara-1::conversation_3465322_4336.csv::s1,user_neutral,2026-07-17 06:36:46.000
Sitara-1::conversation_3465322_4336.csv::s1,user_neutral_factual,2026-07-17 06:37:03.001
Sitara-1::conversation_3465322_4336.csv::s1,astro_callback_within,2026-07-17 06:37:09.002
Sitara-1::conversation_3465322_4336.csv::s1,user_enthusiastic,2026-07-17 06:37:22.003
Sitara-1::conversation_3465322_4336.csv::s1,astro_callback_within,2026-07-17 06:37:26.004
Sitara-1::conversation_3465322_4336.csv::s1,user_neutral_factual,2026-07-17 06:37:45.005
Sitara-1::conversation_3465322_4336.csv::s1,astro_callback_within,2026-07-17 06:37:51.006
Sitara-1::conversation_3465322_4336.csv::s1,user_emotional_disclosure,2026-07-17 06:38:06.007
Sitara-1::conversation_3465322_4336.csv::s1,astro_callback_within,2026-07-17 06:38:11.008
Sitara-1::conversation_3465322_4336.csv::s1,user_emotional_disclosure,2026-07-17 06:38:17.009
Sitara-1::conversation_3465322_4336.csv::s1,astro_callback_within,2026-07-17 06:38:22.010
Sitara-1::conversation_3465322_4336.csv::s1,user_emotional_disclosure,2026-07-17 06:38:34.011
Sitara-1::conversation_3465322_4336.csv::s1,astro_callback_within,2026-07-17 06:38:38.012
Sitara-1::conversation_3465322_4336.csv::s1,user_enthusiastic,2026-07-17 06:38:59.013
Sitara-1::conversation_3465322_4336.csv::s1,user_enthusiastic,2026-07-17 06:39:02.014
Sitara-1::conversation_3465322_4336.csv::s1,astro_dated_prediction,2026-07-17 06:39:04.015
Sitara-1::conversation_3465322_4336.csv::s1,user_pushback,2026-07-17 06:39:06.016
Sitara-1::conversation_3465322_4336.csv::s1,astro_callback_within,2026-07-17 06:39:09.017
Sitara-1::conversation_3465322_4336.csv::s1,astro_callback_within,2026-07-17 06:39:13.018
Sitara-1::conversation_3465322_4336.csv::s1,user_pushback,2026-07-17 06:39:33.019
Sitara-1::conversation_3465322_4336.csv::s1,astro_callback_within,2026-07-17 06:39:38.020
Sitara-1::conversation_3465322_4336.csv::s1,user_enthusiastic,2026-07-17 06:39:49.021
Sitara-1::conversation_3465322_4336.csv::s1,astro_dated_prediction,2026-07-17 06:39:56.022
Sitara-1::conversation_3465322_4336.csv::s1,user_enthusiastic,2026-07-17 06:39:58.023
Sitara-1::conversation_3465322_4336.csv::s1,user_enthusiastic,2026-07-17 06:40:07.024
Sitara-1::conversation_3465322_4336.csv::s1,astro_callback_within,2026-07-17 06:40:08.025
Sitara-1::conversation_3465322_4336.csv::s1,astro_callback_within,2026-07-17 06:40:16.026
Sitara-1::conversation_3465322_4336.csv::s1,user_enthusiastic,2026-07-17 06:40:17.027
Sitara-1::conversation_3465322_4336.csv::s1,astro_callback_within,2026-07-17 06:40:23.028
Sitara-1::conversation_3465322_4336.csv::s1,user_enthusiastic,2026-07-17 06:40:42.029
Sitara-1::conversation_3465322_4336.csv::s1,user_enthusiastic,2026-07-17 06:40:48.030
Sitara-1::conversation_3465322_4336.csv::s1,astro_dated_prediction,2026-07-17 06:40:52.031
Sitara-1::conversation_3465322_4336.csv::s1,astro_other,2026-07-17 06:40:57.032
Sitara-1::conversation_3465322_4336.csv::s1,astro_callback_within,2026-07-17 06:40:59.033
Sitara-1::conversation_3465322_4336.csv::s1,astro_dated_prediction,2026-07-17 06:40:59.034
Sitara-1::conversation_3465322_4336.csv::s1,user_disengaging,2026-07-17 06:41:07.035
Sitara-1::conversation_3465322_4336.csv::s1,user_enthusiastic,2026-07-17 06:41:10.036
Sitara-1::conversation_3465322_4336.csv::s1,user_enthusiastic,2026-07-17 06:41:17.037
Sitara-1::conversation_3465322_4336.csv::s1,astro_callback_within,2026-07-17 06:41:19.038
Sitara-1::conversation_3465322_4336.csv::s1,user_pushback,2026-07-17 06:41:24.039
Sitara-1::conversation_3465322_4336.csv::s1,astro_callback_within,2026-07-17 06:41:24.040
Sitara-1::conversation_3465322_4336.csv::s1,astro_callback_within,2026-07-17 06:41:28.041
Sitara-1::conversation_3465322_4336.csv::s1,astro_callback_within,2026-07-17 06:41:30.042
Sitara-1::conversation_3465322_4336.csv::s1,user_pushback,2026-07-17 06:41:31.043
Sitara-1::conversation_3465322_4336.csv::s1,astro_callback_within,2026-07-17 06:41:34.044
Sitara-1::conversation_3465322_4336.csv::s1,astro_other,2026-07-17 06:41:38.045
Sitara-1::conversation_3465322_4336.csv::s1,astro_callback_within,2026-07-17 06:41:40.046
Sitara-1::conversation_3470700_4336.csv::s1,astro_other,2026-07-17 19:09:31.000
Sitara-1::conversation_3470700_4336.csv::s1,user_neutral_factual,2026-07-17 19:09:38.001
Sitara-1::conversation_3470700_4336.csv::s1,astro_other,2026-07-17 19:09:43.002
Sitara-1::conversation_3470700_4336.csv::s1,user_neutral_factual,2026-07-17 19:09:52.003
Sitara-1::conversation_3470700_4336.csv::s1,astro_validation,2026-07-17 19:10:01.004
Sitara-1::conversation_3470700_4336.csv::s1,user_emotional_disclosure,2026-07-17 19:10:16.005
Sitara-1::conversation_3470700_4336.csv::s1,astro_validation,2026-07-17 19:10:21.006
Sitara-1::conversation_3470700_4336.csv::s1,user_neutral_factual,2026-07-17 19:10:37.007
Sitara-1::conversation_3470700_4336.csv::s1,astro_validation,2026-07-17 19:10:42.008
Sitara-1::conversation_3470700_4336.csv::s1,user_neutral,2026-07-17 19:11:05.009
Sitara-1::conversation_3470700_4336.csv::s1,astro_other,2026-07-17 19:11:10.010
Sitara-1::conversation_3470700_4336.csv::s1,user_enthusiastic,2026-07-17 19:11:27.011
Sitara-1::conversation_3470700_4336.csv::s1,astro_other,2026-07-17 19:11:33.012
Sitara-1::conversation_3470700_4336.csv::s1,user_enthusiastic,2026-07-17 19:11:49.013
Sitara-1::conversation_3470700_4336.csv::s1,astro_other,2026-07-17 19:11:55.014
Sitara-1::conversation_3470700_4336.csv::s1,user_enthusiastic,2026-07-17 19:12:12.015
Sitara-1::conversation_3470700_4336.csv::s1,astro_other,2026-07-17 19:12:17.016
Sitara-1::conversation_3470700_4336.csv::s1,user_neutral,2026-07-17 19:12:39.017
Sitara-1::conversation_3470700_4336.csv::s1,astro_dated_prediction,2026-07-17 19:12:47.018
Sitara-1::conversation_3470700_4336.csv::s1,astro_other,2026-07-17 19:13:15.019
Sitara-1::conversation_3470700_4336.csv::s1,user_pushback,2026-07-17 19:14:09.020
Sitara-1::conversation_3470700_4336.csv::s1,astro_callback_within,2026-07-17 19:14:14.021
Sitara-1::conversation_3470700_4336.csv::s1,user_neutral,2026-07-17 19:14:38.022
Sitara-1::conversation_3470700_4336.csv::s1,astro_dated_prediction,2026-07-17 19:14:43.023
Sitara-1::conversation_3470700_4336.csv::s1,user_neutral_factual,2026-07-17 19:14:59.024
Sitara-1::conversation_3470700_4336.csv::s1,astro_open_thread,2026-07-17 19:15:03.025
Sitara-1::conversation_3470700_4336.csv::s1,astro_callback_within,2026-07-17 19:15:37.026
Sitara-1::conversation_3470700_4336.csv::s1,user_enthusiastic,2026-07-17 19:15:53.027
Sitara-1::conversation_3470700_4336.csv::s1,astro_reframe,2026-07-17 19:16:14.028
Sitara-1::conversation_3470700_4336.csv::s1,user_neutral_factual,2026-07-17 19:16:23.029
Sitara-1::conversation_3470700_4336.csv::s1,astro_reframe,2026-07-17 19:16:28.030
Sitara-1::conversation_3470700_4336.csv::s1,user_enthusiastic,2026-07-17 19:16:38.031
Sitara-1::conversation_3470700_4336.csv::s1,astro_callback_within,2026-07-17 19:16:43.032
Sitara-1::conversation_3470700_4336.csv::s1,user_pushback,2026-07-17 19:16:57.033
Sitara-1::conversation_3470700_4336.csv::s1,astro_reframe,2026-07-17 19:17:06.034
Sitara-1::conversation_3470700_4336.csv::s1,user_enthusiastic,2026-07-17 19:17:22.035
Sitara-1::conversation_3470700_4336.csv::s1,astro_dated_prediction,2026-07-17 19:17:28.036
Sitara-1::conversation_3470700_4336.csv::s1,user_pushback,2026-07-17 19:17:48.037
Sitara-1::conversation_3470700_4336.csv::s1,astro_callback_within,2026-07-17 19:17:57.038
Sitara-1::conversation_3470700_4336.csv::s1,user_neutral_factual,2026-07-17 19:18:18.039
Sitara-1::conversation_3470700_4336.csv::s1,astro_callback_within,2026-07-17 19:18:23.040
Sitara-1::conversation_3470700_4336.csv::s1,user_pushback,2026-07-17 19:18:42.041
Sitara-1::conversation_3470700_4336.csv::s1,astro_callback_within,2026-07-17 19:18:50.042
Sitara-1::conversation_3470700_4336.csv::s1,user_neutral_factual,2026-07-17 19:19:00.043
Sitara-1::conversation_3470700_4336.csv::s1,astro_callback_within,2026-07-17 19:19:06.044
Sitara-1::conversation_3470700_4336.csv::s1,user_enthusiastic,2026-07-17 19:19:13.045
Sitara-1::conversation_3470700_4336.csv::s1,astro_other,2026-07-17 19:19:19.046
Sitara-1::conversation_3470700_4336.csv::s1,astro_callback_within,2026-07-17 19:19:21.047
Sitara-1::conversation_3470700_4336.csv::s1,user_enthusiastic,2026-07-17 19:19:39.048
Sitara-1::conversation_3470700_4336.csv::s1,astro_callback_within,2026-07-17 19:19:44.049
Sitara-1::conversation_3470700_4336.csv::s1,user_pushback,2026-07-17 19:19:47.050
Sitara-1::conversation_3470700_4336.csv::s1,astro_callback_within,2026-07-17 19:19:53.051
Sitara-1::conversation_3470700_4336.csv::s1,user_pushback,2026-07-17 19:20:52.052
Sitara-1::conversation_3470700_4336.csv::s1,astro_callback_within,2026-07-17 19:20:57.053
Sitara-1::conversation_3470700_4336.csv::s1,user_enthusiastic,2026-07-17 19:21:14.054
Sitara-1::conversation_3470700_4336.csv::s1,astro_callback_within,2026-07-17 19:21:23.055
Sitara-1::conversation_3470700_4336.csv::s1,user_neutral_factual,2026-07-17 19:21:28.056
Sitara-1::conversation_3470700_4336.csv::s1,user_enthusiastic,2026-07-17 19:21:31.057
Sitara-1::conversation_3470700_4336.csv::s1,astro_callback_within,2026-07-17 19:21:35.058
Sitara-1::conversation_3470700_4336.csv::s1,astro_callback_within,2026-07-17 19:21:43.059
Sitara-1::conversation_3470700_4336.csv::s1,user_neutral_factual,2026-07-17 19:21:48.060
Sitara-1::conversation_3470700_4336.csv::s1,astro_other,2026-07-17 19:21:53.061
Sitara-1::conversation_3470700_4336.csv::s2,user_neutral,2026-07-18 16:29:28.000
Sitara-1::conversation_3470700_4336.csv::s2,astro_callback_prior,2026-07-18 16:29:37.001
Sitara-1::conversation_3470700_4336.csv::s2,user_neutral_factual,2026-07-18 16:29:49.002
Sitara-1::conversation_3470700_4336.csv::s2,astro_callback_prior,2026-07-18 16:29:57.003
Sitara-1::conversation_3470700_4336.csv::s2,user_neutral_factual,2026-07-18 16:30:04.004
Sitara-1::conversation_3470700_4336.csv::s2,astro_callback_within,2026-07-18 16:30:10.005
Sitara-1::conversation_3470700_4336.csv::s2,user_emotional_disclosure,2026-07-18 16:30:42.006
Sitara-1::conversation_3470700_4336.csv::s2,astro_callback_within,2026-07-18 16:30:51.007
Sitara-1::conversation_3470700_4336.csv::s2,user_pushback,2026-07-18 16:31:30.008
Sitara-1::conversation_3470700_4336.csv::s2,user_emotional_disclosure,2026-07-18 16:31:55.009
Sitara-1::conversation_3470700_4336.csv::s2,astro_callback_within,2026-07-18 16:32:05.010
Sitara-1::conversation_3470700_4336.csv::s2,user_neutral_factual,2026-07-18 16:32:17.011
Sitara-1::conversation_3470700_4336.csv::s2,astro_dated_prediction,2026-07-18 16:32:30.012
Sitara-1::conversation_3470700_4336.csv::s2,user_pushback,2026-07-18 16:32:44.013
Sitara-1::conversation_3470700_4336.csv::s2,astro_callback_within,2026-07-18 16:32:53.014
Sitara-1::conversation_3470700_4336.csv::s2,astro_dated_prediction,2026-07-18 16:33:16.015
Sitara-1::conversation_3470700_4336.csv::s2,user_pushback,2026-07-18 16:33:51.016
Sitara-1::conversation_3470700_4336.csv::s2,astro_callback_within,2026-07-18 16:34:05.017
Sitara-1::conversation_3470700_4336.csv::s2,user_pushback,2026-07-18 16:34:30.018
Sitara-1::conversation_3470700_4336.csv::s2,astro_callback_within,2026-07-18 16:34:31.019
Sitara-1::conversation_3470700_4336.csv::s2,astro_callback_prior,2026-07-18 16:34:48.020
Sitara-1::conversation_3470700_4336.csv::s2,user_emotional_disclosure,2026-07-18 16:34:59.021
Sitara-1::conversation_3470700_4336.csv::s2,user_emotional_disclosure,2026-07-18 16:35:27.022
Sitara-1::conversation_3470700_4336.csv::s2,astro_callback_within,2026-07-18 16:35:39.023
Sitara-1::conversation_3470700_4336.csv::s2,user_pushback,2026-07-18 16:35:56.024
Sitara-1::conversation_3470700_4336.csv::s2,astro_callback_within,2026-07-18 16:36:04.025
Sitara-1::conversation_3470700_4336.csv::s2,user_emotional_disclosure,2026-07-18 16:36:37.026
Sitara-1::conversation_3470700_4336.csv::s2,astro_callback_within,2026-07-18 16:36:47.027
Sitara-1::conversation_3470700_4336.csv::s2,user_pushback,2026-07-18 16:37:21.028
Sitara-1::conversation_3470700_4336.csv::s2,astro_dated_prediction,2026-07-18 16:37:31.029
Sitara-1::conversation_3470700_4336.csv::s2,user_neutral_factual,2026-07-18 16:37:54.030
Sitara-1::conversation_3470700_4336.csv::s2,astro_dated_prediction,2026-07-18 16:38:03.031
Sitara-1::conversation_3470700_4336.csv::s2,user_disengaging,2026-07-18 16:38:13.032
Sitara-1::conversation_3470700_4336.csv::s2,astro_callback_within,2026-07-18 16:38:24.033
Sitara-1::conversation_3470700_4336.csv::s2,user_neutral_factual,2026-07-18 16:38:25.034
Sitara-1::conversation_3470700_4336.csv::s2,astro_callback_within,2026-07-18 16:38:48.035
Sitara-1::conversation_3470700_4336.csv::s2,user_neutral_factual,2026-07-18 16:39:28.036
Sitara-1::conversation_3470700_4336.csv::s2,astro_dated_prediction,2026-07-18 16:39:35.037
Sitara-1::conversation_3470700_4336.csv::s2,user_pushback,2026-07-18 16:39:59.038
Sitara-1::conversation_3470700_4336.csv::s2,astro_callback_within,2026-07-18 16:40:09.039
Sitara-1::conversation_3470700_4336.csv::s2,user_pushback,2026-07-18 16:40:19.040
Sitara-1::conversation_3470700_4336.csv::s2,astro_callback_within,2026-07-18 16:40:27.041
Sitara-1::conversation_3470700_4336.csv::s2,user_enthusiastic,2026-07-18 16:40:37.042
Sitara-1::conversation_3470700_4336.csv::s2,astro_dated_prediction,2026-07-18 16:40:44.043
Sitara-1::conversation_3470700_4336.csv::s2,user_pushback,2026-07-18 16:41:02.044
Sitara-1::conversation_3470700_4336.csv::s2,astro_callback_within,2026-07-18 16:41:09.045
Sitara-1::conversation_3470700_4336.csv::s2,user_disengaging,2026-07-18 16:42:37.046
Sitara-1::conversation_3470700_4336.csv::s2,astro_callback_within,2026-07-18 16:42:48.047
Sitara-1::conversation_3470700_4336.csv::s2,user_enthusiastic,2026-07-18 16:43:03.048
Sitara-1::conversation_3470700_4336.csv::s2,astro_callback_within,2026-07-18 16:43:11.049
Sitara-1::conversation_3470700_4336.csv::s2,astro_callback_within,2026-07-18 16:43:36.050
Sitara-1::conversation_3470700_4336.csv::s2,user_disengaging,2026-07-18 16:43:50.051
Sitara-1::conversation_3470700_4336.csv::s2,astro_callback_within,2026-07-18 16:43:58.052
Sitara-1::conversation_3470700_4336.csv::s2,user_pushback,2026-07-18 16:44:14.053
Sitara-1::conversation_3470700_4336.csv::s2,astro_callback_within,2026-07-18 16:44:24.054
Sitara-1::conversation_3470700_4336.csv::s2,astro_callback_within,2026-07-18 16:45:12.055
Sitara-1::conversation_3470700_4336.csv::s2,user_pushback,2026-07-18 16:45:53.056
Sitara-1::conversation_3470700_4336.csv::s2,user_neutral_factual,2026-07-18 16:46:21.057
Sitara-1::conversation_3470700_4336.csv::s2,astro_dated_prediction,2026-07-18 16:46:29.058
Sitara-1::conversation_3470700_4336.csv::s2,user_enthusiastic,2026-07-18 16:46:38.059
Sitara-1::conversation_3470700_4336.csv::s2,user_neutral_factual,2026-07-18 16:46:49.060
Sitara-1::conversation_3470700_4336.csv::s2,astro_callback_within,2026-07-18 16:46:55.061
Sitara-1::conversation_3470700_4336.csv::s2,user_disengaging,2026-07-18 16:47:03.062
Sitara-1::conversation_3470700_4336.csv::s2,astro_callback_within,2026-07-18 16:47:10.063
Sitara-1::conversation_3470700_4336.csv::s2,user_neutral_factual,2026-07-18 16:47:29.064
Sitara-1::conversation_3470700_4336.csv::s2,astro_callback_within,2026-07-18 16:47:38.065
Sitara-1::conversation_3470700_4336.csv::s2,user_neutral_factual,2026-07-18 16:47:42.066
Sitara-1::conversation_3470700_4336.csv::s2,astro_callback_within,2026-07-18 16:47:50.067
Sitara-1::conversation_3470700_4336.csv::s2,user_enthusiastic,2026-07-18 16:47:54.068
Sitara-1::conversation_3470700_4336.csv::s2,astro_callback_within,2026-07-18 16:48:02.069
Sitara-1::conversation_3470700_4336.csv::s2,user_enthusiastic,2026-07-18 16:48:06.070
Sitara-1::conversation_3470700_4336.csv::s2,astro_callback_within,2026-07-18 16:48:14.071
Sitara-1::conversation_3470700_4336.csv::s2,user_enthusiastic,2026-07-18 16:48:28.072
Sitara-1::conversation_3470700_4336.csv::s2,astro_callback_within,2026-07-18 16:48:36.073
Sitara-1::conversation_3470700_4336.csv::s2,user_disengaging,2026-07-18 16:48:48.074
Sitara-1::conversation_3470700_4336.csv::s2,astro_callback_within,2026-07-18 16:48:56.075
Sitara-1::conversation_3470700_4336.csv::s2,user_disengaging,2026-07-18 16:49:15.076
Sitara-1::conversation_3470700_4336.csv::s2,astro_callback_within,2026-07-18 16:49:22.077
Sitara-1::conversation_3470700_4336.csv::s2,user_enthusiastic,2026-07-18 16:49:24.078
Sitara-1::conversation_3470700_4336.csv::s2,astro_callback_within,2026-07-18 16:49:32.079
Sitara-1::conversation_3470700_4336.csv::s2,user_pushback,2026-07-18 16:50:01.080
Sitara-1::conversation_3470700_4336.csv::s2,user_pushback,2026-07-18 16:50:54.081
Sitara-1::conversation_3470700_4336.csv::s2,astro_callback_within,2026-07-18 16:51:04.082
Sitara-1::conversation_3470700_4336.csv::s2,user_disengaging,2026-07-18 16:51:12.083
Sitara-1::conversation_3470700_4336.csv::s2,astro_callback_within,2026-07-18 16:51:21.084
Sitara-1::conversation_3470700_4336.csv::s2,user_disengaging,2026-07-18 16:51:22.085
Sitara-1::conversation_3470700_4336.csv::s2,astro_callback_within,2026-07-18 16:51:29.086
Sitara-1::conversation_3470700_4336.csv::s2,user_disengaging,2026-07-18 16:51:34.087
Sitara-1::conversation_3470700_4336.csv::s2,astro_callback_within,2026-07-18 16:51:42.088
Sitara-1::conversation_3470700_4336.csv::s2,user_neutral_factual,2026-07-18 16:51:54.089
Sitara-1::conversation_3470700_4336.csv::s2,astro_callback_within,2026-07-18 16:52:01.090
Sitara-1::conversation_3470700_4336.csv::s2,user_enthusiastic,2026-07-18 16:52:16.091
Sitara-1::conversation_3470700_4336.csv::s2,astro_callback_within,2026-07-18 16:52:24.092
Sitara-1::conversation_3470700_4336.csv::s2,user_neutral_factual,2026-07-18 16:53:54.093
Sitara-1::conversation_3470700_4336.csv::s2,astro_callback_within,2026-07-18 16:54:03.094
Sitara-1::conversation_3470700_4336.csv::s2,user_pushback,2026-07-18 16:54:25.095
Sitara-1::conversation_3470700_4336.csv::s2,user_neutral_factual,2026-07-18 16:55:07.096
Sitara-1::conversation_3470700_4336.csv::s2,astro_callback_within,2026-07-18 16:55:15.097
Sitara-1::conversation_3470700_4336.csv::s2,user_neutral_factual,2026-07-18 16:55:33.098
Sitara-1::conversation_3470700_4336.csv::s2,astro_callback_within,2026-07-18 16:55:41.099
Sitara-1::conversation_3470700_4336.csv::s2,user_emotional_disclosure,2026-07-18 16:55:52.100
Sitara-1::conversation_3470700_4336.csv::s2,astro_callback_within,2026-07-18 16:56:02.101
Sitara-1::conversation_3470700_4336.csv::s2,user_enthusiastic,2026-07-18 16:56:11.102
Sitara-1::conversation_3470700_4336.csv::s2,astro_callback_within,2026-07-18 16:56:20.103
Sitara-1::conversation_3470700_4336.csv::s2,user_enthusiastic,2026-07-18 16:56:38.104
Sitara-1::conversation_3470700_4336.csv::s2,astro_callback_within,2026-07-18 16:56:46.105
Sitara-1::conversation_3470700_4336.csv::s2,user_enthusiastic,2026-07-18 16:56:53.106
Sitara-1::conversation_3470700_4336.csv::s2,astro_callback_within,2026-07-18 16:57:03.107
Sitara-1::conversation_3470700_4336.csv::s2,user_pushback,2026-07-18 16:57:22.108
Sitara-1::conversation_3470700_4336.csv::s2,astro_callback_within,2026-07-18 16:57:30.109
Sitara-1::conversation_3470700_4336.csv::s2,user_neutral_factual,2026-07-18 16:58:44.110
Sitara-1::conversation_3470700_4336.csv::s2,user_emotional_disclosure,2026-07-18 16:58:49.111
Sitara-1::conversation_3470700_4336.csv::s2,astro_dated_prediction,2026-07-18 16:58:53.112
Sitara-1::conversation_3470700_4336.csv::s2,user_neutral_factual,2026-07-18 16:58:59.113
Sitara-1::conversation_3470700_4336.csv::s2,astro_callback_within,2026-07-18 16:59:01.114
Sitara-1::conversation_3470700_4336.csv::s2,user_pushback,2026-07-18 16:59:13.115
Sitara-1::conversation_3470700_4336.csv::s2,astro_callback_within,2026-07-18 16:59:20.116
Sitara-1::conversation_3470700_4336.csv::s2,astro_callback_within,2026-07-18 16:59:42.117
Sitara-1::conversation_3470700_4336.csv::s2,user_pushback,2026-07-18 17:00:04.118
Sitara-1::conversation_3470700_4336.csv::s2,astro_dated_prediction,2026-07-18 17:00:12.119
Sitara-1::conversation_3470700_4336.csv::s2,user_pushback,2026-07-18 17:01:36.120
Sitara-1::conversation_3470700_4336.csv::s2,astro_callback_within,2026-07-18 17:01:46.121
Sitara-1::conversation_3470700_4336.csv::s2,user_pushback,2026-07-18 17:02:09.122
Sitara-1::conversation_3470700_4336.csv::s2,astro_callback_within,2026-07-18 17:02:18.123
Sitara-1::conversation_3470700_4336.csv::s2,user_disengaging,2026-07-18 17:02:50.124
Sitara-1::conversation_3470700_4336.csv::s2,astro_callback_within,2026-07-18 17:03:00.125
Sitara-1::conversation_3470700_4336.csv::s2,user_enthusiastic,2026-07-18 17:03:18.126
Sitara-1::conversation_3470700_4336.csv::s2,astro_callback_within,2026-07-18 17:03:28.127
Sitara-1::conversation_3470700_4336.csv::s2,user_pushback,2026-07-18 17:04:09.128
Sitara-1::conversation_3470700_4336.csv::s2,astro_callback_within,2026-07-18 17:04:17.129
Sitara-1::conversation_3470700_4336.csv::s2,user_pushback,2026-07-18 17:04:30.130
Sitara-1::conversation_3470700_4336.csv::s2,astro_callback_within,2026-07-18 17:04:39.131
Sitara-1::conversation_3470700_4336.csv::s2,user_enthusiastic,2026-07-18 17:04:47.132
Sitara-1::conversation_3470700_4336.csv::s2,astro_callback_within,2026-07-18 17:04:57.133
Sitara-1::conversation_3470700_4336.csv::s2,user_neutral_factual,2026-07-18 17:05:09.134
Sitara-1::conversation_3470700_4336.csv::s2,astro_callback_within,2026-07-18 17:05:17.135
Sitara-1::conversation_3470700_4336.csv::s2,user_pushback,2026-07-18 17:05:49.136
Sitara-1::conversation_3470700_4336.csv::s2,astro_callback_within,2026-07-18 17:05:58.137
Sitara-1::conversation_3470700_4336.csv::s2,user_pushback,2026-07-18 17:06:13.138
Sitara-1::conversation_3470700_4336.csv::s2,astro_callback_within,2026-07-18 17:06:21.139
Sitara-1::conversation_3470700_4336.csv::s2,user_pushback,2026-07-18 17:06:40.140
Sitara-1::conversation_3470700_4336.csv::s2,astro_dated_prediction,2026-07-18 17:07:09.141
Sitara-1::conversation_3473359_4336.csv::s1,user_neutral,2026-07-17 09:06:13.000
Sitara-1::conversation_3473359_4336.csv::s1,astro_other,2026-07-17 09:06:18.001
Sitara-1::conversation_3473359_4336.csv::s1,user_neutral,2026-07-17 09:06:21.002
Sitara-1::conversation_3473359_4336.csv::s1,user_neutral_factual,2026-07-17 09:06:27.003
Sitara-1::conversation_3473359_4336.csv::s1,astro_other,2026-07-17 09:06:28.004
Sitara-1::conversation_3473359_4336.csv::s1,user_emotional_disclosure,2026-07-17 09:06:37.005
Sitara-1::conversation_3473359_4336.csv::s1,astro_callback_within,2026-07-17 09:06:40.006
Sitara-1::conversation_3473359_4336.csv::s1,astro_callback_within,2026-07-17 09:06:45.007
Sitara-1::conversation_3473359_4336.csv::s1,user_emotional_disclosure,2026-07-17 09:07:06.008
Sitara-1::conversation_3473359_4336.csv::s1,user_neutral_factual,2026-07-17 09:07:24.009
Sitara-1::conversation_3473359_4336.csv::s1,astro_callback_within,2026-07-17 09:07:29.010
Sitara-1::conversation_3473359_4336.csv::s1,astro_callback_within,2026-07-17 09:07:34.011
Sitara-1::conversation_3473359_4336.csv::s1,user_neutral_factual,2026-07-17 09:07:37.012
Sitara-1::conversation_3473359_4336.csv::s1,astro_callback_within,2026-07-17 09:07:43.013
Sitara-1::conversation_3473359_4336.csv::s1,astro_callback_within,2026-07-17 09:07:55.014
Sitara-1::conversation_3473359_4336.csv::s1,user_neutral_factual,2026-07-17 09:07:59.015
Sitara-1::conversation_3473359_4336.csv::s1,astro_callback_within,2026-07-17 09:08:10.016
Sitara-1::conversation_3473359_4336.csv::s1,user_emotional_disclosure,2026-07-17 09:08:10.017
Sitara-1::conversation_3473359_4336.csv::s1,astro_other,2026-07-17 09:08:12.018
Sitara-1::conversation_3473359_4336.csv::s1,astro_callback_within,2026-07-17 09:08:15.019
Sitara-1::conversation_3473359_4336.csv::s1,astro_other,2026-07-17 09:08:20.020
Sitara-1::conversation_3473359_4336.csv::s1,astro_callback_within,2026-07-17 09:08:22.021
Sitara-1::conversation_3473359_4336.csv::s1,user_neutral,2026-07-17 09:08:42.022
Sitara-1::conversation_3473359_4336.csv::s1,astro_dated_prediction,2026-07-17 09:08:44.023
Sitara-1::conversation_3473359_4336.csv::s1,astro_callback_within,2026-07-17 09:08:49.024
Sitara-1::conversation_3473359_4336.csv::s1,astro_callback_within,2026-07-17 09:08:51.025
Sitara-1::conversation_3473359_4336.csv::s1,astro_callback_within,2026-07-17 09:09:05.026
Sitara-1::conversation_3473359_4336.csv::s1,user_emotional_disclosure,2026-07-17 09:09:12.027
Sitara-1::conversation_3473359_4336.csv::s1,astro_dated_prediction,2026-07-17 09:09:28.028
Sitara-1::conversation_3473359_4336.csv::s1,user_neutral,2026-07-17 09:09:44.029
Sitara-1::conversation_3473359_4336.csv::s1,astro_callback_within,2026-07-17 09:09:49.030
Sitara-1::conversation_3473359_4336.csv::s1,user_neutral,2026-07-17 09:09:57.031
Sitara-1::conversation_3473359_4336.csv::s1,astro_dated_prediction,2026-07-17 09:10:03.032
Sitara-1::conversation_3473359_4336.csv::s1,user_neutral,2026-07-17 09:10:10.033
Sitara-1::conversation_3473359_4336.csv::s1,astro_callback_within,2026-07-17 09:10:15.034
Sitara-1::conversation_3473359_4336.csv::s1,user_neutral,2026-07-17 09:10:22.035
Sitara-1::conversation_3473359_4336.csv::s1,astro_dated_prediction,2026-07-17 09:10:27.036
Sitara-1::conversation_3473359_4336.csv::s1,user_neutral,2026-07-17 09:10:34.037
Sitara-1::conversation_3473359_4336.csv::s1,astro_dated_prediction,2026-07-17 09:10:39.038
Sitara-1::conversation_3473359_4336.csv::s1,user_neutral_factual,2026-07-17 09:10:44.039
Sitara-1::conversation_3473359_4336.csv::s1,astro_reframe,2026-07-17 09:10:49.040
Sitara-1::conversation_3473359_4336.csv::s1,user_emotional_disclosure,2026-07-17 09:11:04.041
Sitara-1::conversation_3473359_4336.csv::s1,astro_callback_within,2026-07-17 09:11:10.042
Sitara-1::conversation_3481489_4336.csv::s1,user_neutral,2026-07-16 12:26:53.000
Sitara-1::conversation_3481489_4336.csv::s1,astro_other,2026-07-16 12:26:57.001
Sitara-1::conversation_3481489_4336.csv::s1,user_neutral_factual,2026-07-16 12:27:05.002
Sitara-1::conversation_3481489_4336.csv::s1,astro_callback_within,2026-07-16 12:27:10.003
Sitara-1::conversation_3481489_4336.csv::s1,astro_callback_within,2026-07-16 12:27:20.004
Sitara-1::conversation_3481489_4336.csv::s1,user_neutral_factual,2026-07-16 12:27:24.005
Sitara-1::conversation_3481489_4336.csv::s1,astro_callback_within,2026-07-16 12:27:29.006
Sitara-1::conversation_3481489_4336.csv::s1,user_neutral,2026-07-16 12:27:36.007
Sitara-1::conversation_3481489_4336.csv::s1,user_neutral,2026-07-16 12:27:42.008
Sitara-1::conversation_3481489_4336.csv::s1,astro_callback_within,2026-07-16 12:27:42.009
Sitara-1::conversation_3481489_4336.csv::s1,astro_callback_within,2026-07-16 12:27:49.010
Sitara-1::conversation_3481489_4336.csv::s1,user_neutral,2026-07-16 12:27:50.011
Sitara-1::conversation_3481489_4336.csv::s1,user_neutral,2026-07-16 12:27:55.012
Sitara-1::conversation_3481489_4336.csv::s1,astro_callback_within,2026-07-16 12:27:55.013
Sitara-1::conversation_3481489_4336.csv::s1,astro_callback_within,2026-07-16 12:28:00.014
Sitara-1::conversation_3481489_4336.csv::s1,user_neutral_factual,2026-07-16 12:28:02.015
Sitara-1::conversation_3481489_4336.csv::s1,astro_callback_within,2026-07-16 12:28:06.016
Sitara-1::conversation_3481489_4336.csv::s1,astro_callback_within,2026-07-16 12:28:22.017
Sitara-1::conversation_3481489_4336.csv::s1,user_neutral,2026-07-16 12:28:30.018
Sitara-1::conversation_3481489_4336.csv::s1,astro_callback_within,2026-07-16 12:28:34.019
Sitara-1::conversation_3481489_4336.csv::s1,user_neutral,2026-07-16 12:28:34.020
Sitara-1::conversation_3481489_4336.csv::s1,user_neutral,2026-07-16 12:28:38.021
Sitara-1::conversation_3481489_4336.csv::s1,astro_callback_within,2026-07-16 12:28:39.022
Sitara-1::conversation_3481489_4336.csv::s1,user_neutral_factual,2026-07-16 12:28:51.023
Sitara-1::conversation_3481489_4336.csv::s1,astro_callback_within,2026-07-16 12:28:55.024
Sitara-1::conversation_3481489_4336.csv::s1,user_enthusiastic,2026-07-16 12:29:00.025
Sitara-1::conversation_3481489_4336.csv::s1,astro_dated_prediction,2026-07-16 12:29:03.026
Sitara-1::conversation_3481489_4336.csv::s1,astro_callback_within,2026-07-16 12:29:04.027
Sitara-1::conversation_3481489_4336.csv::s1,user_neutral_factual,2026-07-16 12:29:07.028
Sitara-1::conversation_3481489_4336.csv::s1,astro_callback_within,2026-07-16 12:29:08.029
Sitara-1::conversation_3481489_4336.csv::s1,astro_callback_within,2026-07-16 12:29:14.030
Sitara-1::conversation_3481489_4336.csv::s1,user_neutral_factual,2026-07-16 12:29:24.031
Sitara-1::conversation_3481489_4336.csv::s1,astro_other,2026-07-16 12:29:30.032
Sitara-1::conversation_3481489_4336.csv::s1,user_enthusiastic,2026-07-16 12:29:31.033
Sitara-1::conversation_3481489_4336.csv::s1,astro_callback_within,2026-07-16 12:29:32.034
Sitara-1::conversation_3481489_4336.csv::s1,user_neutral,2026-07-16 12:29:33.035
Sitara-1::conversation_3481489_4336.csv::s1,astro_callback_within,2026-07-16 12:29:35.036
Sitara-1::conversation_3481489_4336.csv::s1,astro_callback_within,2026-07-16 12:29:40.037
Sitara-1::conversation_3481489_4336.csv::s1,astro_callback_within,2026-07-16 12:29:45.038
Sitara-1::conversation_3481489_4336.csv::s1,astro_other,2026-07-16 12:29:59.039
Sitara-1::conversation_3481489_4336.csv::s1,astro_callback_within,2026-07-16 12:30:07.040
Sitara-1::conversation_3481489_4336.csv::s1,user_neutral_factual,2026-07-16 12:30:11.041
Sitara-1::conversation_3481489_4336.csv::s1,user_neutral_factual,2026-07-16 12:30:19.042
Sitara-1::conversation_3481489_4336.csv::s1,astro_callback_within,2026-07-16 12:30:20.043
Sitara-1::conversation_3481489_4336.csv::s1,astro_callback_within,2026-07-16 12:30:25.044
Sitara-1::conversation_3481489_4336.csv::s1,user_neutral_factual,2026-07-16 12:30:36.045
Sitara-1::conversation_3481489_4336.csv::s1,astro_other,2026-07-16 12:30:44.046
Sitara-1::conversation_3481489_4336.csv::s1,user_neutral,2026-07-16 12:30:51.047
Sitara-1::conversation_3481489_4336.csv::s1,user_neutral,2026-07-16 12:30:54.048
Sitara-1::conversation_3481489_4336.csv::s1,astro_callback_within,2026-07-16 12:30:58.049
Sitara-1::conversation_3481489_4336.csv::s1,user_neutral,2026-07-16 12:30:58.050
Sitara-1::conversation_3481489_4336.csv::s1,astro_callback_within,2026-07-16 12:31:02.051
Sitara-1::conversation_3481489_4336.csv::s1,astro_callback_within,2026-07-16 12:31:08.052
Sitara-1::conversation_3481489_4336.csv::s1,user_pushback,2026-07-16 12:31:15.053
Sitara-1::conversation_3481489_4336.csv::s1,astro_callback_within,2026-07-16 12:31:27.054
Sitara-1::conversation_3481489_4336.csv::s1,astro_callback_within,2026-07-16 12:31:43.055
Sitara-1::conversation_3485899_4336.csv::s1,user_neutral,2026-07-18 06:38:17.000
Sitara-1::conversation_3485899_4336.csv::s1,astro_other,2026-07-18 06:38:27.001
Sitara-1::conversation_3485899_4336.csv::s1,user_neutral,2026-07-18 06:38:27.002
Sitara-1::conversation_3485899_4336.csv::s1,user_neutral_factual,2026-07-18 06:38:35.003
Sitara-1::conversation_3485899_4336.csv::s1,astro_other,2026-07-18 06:38:41.004
Sitara-1::conversation_3485899_4336.csv::s1,astro_callback_within,2026-07-18 06:38:46.005
Sitara-1::conversation_3485899_4336.csv::s1,user_emotional_disclosure,2026-07-18 06:39:11.006
Sitara-1::conversation_3485899_4336.csv::s1,astro_callback_within,2026-07-18 06:39:21.007
Sitara-1::conversation_3485899_4336.csv::s1,astro_callback_within,2026-07-18 06:39:53.008
Sitara-1::conversation_3485899_4336.csv::s1,astro_callback_within,2026-07-18 06:40:01.009
Sitara-1::conversation_3485899_4336.csv::s1,user_emotional_disclosure,2026-07-18 06:40:18.010
Sitara-1::conversation_3485899_4336.csv::s1,astro_callback_within,2026-07-18 06:40:28.011
Sitara-1::conversation_3485899_4336.csv::s1,user_neutral_factual,2026-07-18 06:40:34.012
Sitara-1::conversation_3485899_4336.csv::s1,user_neutral,2026-07-18 06:40:41.013
Sitara-1::conversation_3485899_4336.csv::s1,astro_callback_within,2026-07-18 06:40:46.014
Sitara-1::conversation_3485899_4336.csv::s1,user_neutral_factual,2026-07-18 06:40:54.015
Sitara-1::conversation_3485899_4336.csv::s1,astro_callback_within,2026-07-18 06:40:57.016
Sitara-1::conversation_3485899_4336.csv::s1,user_neutral_factual,2026-07-18 06:41:04.017
Sitara-1::conversation_3485899_4336.csv::s1,astro_other,2026-07-18 06:41:11.018
Sitara-1::conversation_3485899_4336.csv::s1,astro_callback_within,2026-07-18 06:41:25.019
Sitara-1::conversation_3485899_4336.csv::s1,user_emotional_disclosure,2026-07-18 06:41:32.020
Sitara-1::conversation_3485899_4336.csv::s1,astro_callback_within,2026-07-18 06:41:40.021
Sitara-1::conversation_3485899_4336.csv::s1,user_neutral_factual,2026-07-18 06:41:47.022
Sitara-1::conversation_3485899_4336.csv::s1,astro_dated_prediction,2026-07-18 06:42:08.023
Sitara-1::conversation_3485899_4336.csv::s1,user_neutral_factual,2026-07-18 06:42:19.024
Sitara-1::conversation_3485899_4336.csv::s1,astro_other,2026-07-18 06:42:27.025
Sitara-1::conversation_3485899_4336.csv::s1,user_neutral_factual,2026-07-18 06:42:39.026
Sitara-1::conversation_3485899_4336.csv::s1,astro_callback_within,2026-07-18 06:42:45.027
Sitara-1::conversation_3485899_4336.csv::s1,user_neutral_factual,2026-07-18 06:42:53.028
Sitara-1::conversation_3485899_4336.csv::s1,astro_dated_prediction,2026-07-18 06:43:01.029
Sitara-1::conversation_3485899_4336.csv::s1,user_neutral_factual,2026-07-18 06:43:07.030
Sitara-1::conversation_3485899_4336.csv::s1,astro_other,2026-07-18 06:43:16.031
Sitara-1::conversation_3485899_4336.csv::s2,user_neutral,2026-07-18 06:57:21.000
Sitara-1::conversation_3485899_4336.csv::s2,user_neutral_factual,2026-07-18 06:57:32.001
Sitara-1::conversation_3485899_4336.csv::s2,astro_other,2026-07-18 06:57:39.002
Sitara-1::conversation_3485899_4336.csv::s2,user_neutral_factual,2026-07-18 06:57:47.003
Sitara-1::conversation_3485899_4336.csv::s2,astro_other,2026-07-18 06:57:55.004
Sitara-1::conversation_3485899_4336.csv::s2,user_emotional_disclosure,2026-07-18 06:58:30.005
Sitara-1::conversation_3485899_4336.csv::s2,astro_validation,2026-07-18 06:58:39.006
Sitara-1::conversation_3485899_4336.csv::s2,user_emotional_disclosure,2026-07-18 06:59:38.007
Sitara-1::conversation_3485899_4336.csv::s2,astro_other,2026-07-18 06:59:46.008
Sitara-1::conversation_3485899_4336.csv::s2,user_enthusiastic,2026-07-18 07:00:06.009
Sitara-1::conversation_3485899_4336.csv::s2,astro_dated_prediction,2026-07-18 07:00:13.010
Sitara-1::conversation_3485899_4336.csv::s2,user_emotional_disclosure,2026-07-18 07:00:50.011
Sitara-1::conversation_3485899_4336.csv::s2,astro_dated_prediction,2026-07-18 07:00:56.012
Sitara-1::conversation_3485899_4336.csv::s2,user_emotional_disclosure,2026-07-18 07:01:46.013
Sitara-1::conversation_3485899_4336.csv::s2,astro_other,2026-07-18 07:01:55.014
Sitara-1::conversation_3485899_4336.csv::s2,user_enthusiastic,2026-07-18 07:02:13.015
Sitara-1::conversation_3485899_4336.csv::s2,astro_other,2026-07-18 07:02:22.016
Sitara-1::conversation_3485899_4336.csv::s2,user_neutral_factual,2026-07-18 07:02:31.017
Sitara-1::conversation_3485899_4336.csv::s2,astro_validation,2026-07-18 07:02:40.018
Sitara-1::conversation_3485899_4336.csv::s2,user_neutral_factual,2026-07-18 07:02:50.019
Sitara-1::conversation_3485899_4336.csv::s2,astro_callback_within,2026-07-18 07:02:58.020
Sitara-1::conversation_3485899_4336.csv::s2,user_enthusiastic,2026-07-18 07:03:10.021
Sitara-1::conversation_3485899_4336.csv::s2,astro_other,2026-07-18 07:03:18.022
Sitara-1::conversation_3485899_4336.csv::s2,user_neutral_factual,2026-07-18 07:03:32.023
Sitara-1::conversation_3485899_4336.csv::s2,astro_other,2026-07-18 07:03:40.024
Sitara-1::conversation_3485899_4336.csv::s2,user_enthusiastic,2026-07-18 07:03:55.025
Sitara-1::conversation_3485899_4336.csv::s2,astro_dated_prediction,2026-07-18 07:04:03.026
Sitara-1::conversation_3485899_4336.csv::s2,user_neutral_factual,2026-07-18 07:04:11.027
Sitara-1::conversation_3485899_4336.csv::s2,astro_other,2026-07-18 07:04:19.028
Sitara-1::conversation_3499907_4336.csv::s1,user_neutral,2026-07-17 12:48:17.000
Sitara-1::conversation_3499907_4336.csv::s1,astro_other,2026-07-17 12:48:21.001
Sitara-1::conversation_3499907_4336.csv::s1,user_neutral_factual,2026-07-17 12:48:38.002
Sitara-1::conversation_3499907_4336.csv::s1,astro_validation,2026-07-17 12:48:43.003
Sitara-1::conversation_3499907_4336.csv::s1,user_emotional_disclosure,2026-07-17 12:49:12.004
Sitara-1::conversation_3499907_4336.csv::s1,astro_validation,2026-07-17 12:49:17.005
Sitara-1::conversation_3499907_4336.csv::s1,user_emotional_disclosure,2026-07-17 12:49:36.006
Sitara-1::conversation_3499907_4336.csv::s1,astro_other,2026-07-17 12:49:41.007
Sitara-1::conversation_3499907_4336.csv::s1,user_enthusiastic,2026-07-17 12:49:55.008
Sitara-1::conversation_3499907_4336.csv::s1,astro_other,2026-07-17 12:49:59.009
Sitara-1::conversation_3499907_4336.csv::s1,astro_other,2026-07-17 12:50:00.010
Sitara-1::conversation_3499907_4336.csv::s1,user_emotional_disclosure,2026-07-17 12:50:34.011
Sitara-1::conversation_3499907_4336.csv::s1,astro_other,2026-07-17 12:50:39.012
Sitara-1::conversation_3499907_4336.csv::s1,astro_dated_prediction,2026-07-17 12:50:41.013
Sitara-1::conversation_3499907_4336.csv::s1,user_pushback,2026-07-17 12:51:12.014
Sitara-1::conversation_3499907_4336.csv::s1,astro_validation,2026-07-17 12:51:17.015
Sitara-1::conversation_3499907_4336.csv::s1,astro_other,2026-07-17 12:51:19.016
Sitara-1::conversation_3499907_4336.csv::s1,user_emotional_disclosure,2026-07-17 12:51:42.017
Sitara-1::conversation_3499907_4336.csv::s1,user_emotional_disclosure,2026-07-17 12:52:08.018
Sitara-1::conversation_3499907_4336.csv::s1,astro_dated_prediction,2026-07-17 12:52:13.019
Sitara-1::conversation_3499907_4336.csv::s1,user_emotional_disclosure,2026-07-17 12:52:41.020
Sitara-1::conversation_3499907_4336.csv::s1,astro_validation,2026-07-17 12:52:46.021
Sitara-1::conversation_3499907_4336.csv::s1,user_enthusiastic,2026-07-17 12:52:55.022
Sitara-1::conversation_3499907_4336.csv::s1,astro_other,2026-07-17 12:53:00.023
Sitara-1::conversation_3499907_4336.csv::s1,user_neutral_factual,2026-07-17 12:53:41.024
Sitara-1::conversation_3499907_4336.csv::s1,astro_validation,2026-07-17 12:53:46.025
Sitara-1::conversation_3499907_4336.csv::s1,astro_other,2026-07-17 12:53:48.026
Sitara-1::conversation_3499907_4336.csv::s1,user_neutral_factual,2026-07-17 12:54:14.027
Sitara-1::conversation_3499907_4336.csv::s1,astro_other,2026-07-17 12:54:19.028
Sitara-1::conversation_3499907_4336.csv::s1,astro_callback_within,2026-07-17 12:54:54.029
Sitara-1::conversation_3499907_4336.csv::s1,user_neutral_factual,2026-07-17 12:55:00.030
Sitara-1::conversation_3499907_4336.csv::s1,user_enthusiastic,2026-07-17 12:55:14.031
Sitara-1::conversation_3499907_4336.csv::s1,astro_other,2026-07-17 12:55:19.032
Sitara-1::conversation_3499907_4336.csv::s1,astro_callback_within,2026-07-17 12:55:21.033
Sitara-1::conversation_3499907_4336.csv::s1,user_neutral_factual,2026-07-17 12:55:28.034
Sitara-1::conversation_3499907_4336.csv::s1,astro_other,2026-07-17 12:55:32.035
Sitara-1::conversation_3499907_4336.csv::s1,user_enthusiastic,2026-07-17 12:55:55.036
Sitara-1::conversation_3499907_4336.csv::s1,astro_other,2026-07-17 12:56:01.037
Sitara-1::conversation_3499907_4336.csv::s1,user_emotional_disclosure,2026-07-17 12:56:20.038
Sitara-1::conversation_3499907_4336.csv::s1,astro_validation,2026-07-17 12:56:28.039
Sitara-1::conversation_3499907_4336.csv::s1,astro_other,2026-07-17 12:56:30.040
Sitara-1::conversation_3499907_4336.csv::s1,user_enthusiastic,2026-07-17 12:56:42.041
Sitara-1::conversation_3499907_4336.csv::s1,user_neutral_factual,2026-07-17 12:57:01.042
Sitara-1::conversation_3499907_4336.csv::s1,astro_other,2026-07-17 12:57:06.043
Sitara-1::conversation_3499907_4336.csv::s1,user_neutral_factual,2026-07-17 12:57:14.044
Sitara-1::conversation_3499907_4336.csv::s1,astro_reframe,2026-07-17 12:57:19.045
Sitara-1::conversation_3499907_4336.csv::s1,astro_open_thread,2026-07-17 12:57:21.046
Sitara-1::conversation_3499907_4336.csv::s1,user_emotional_disclosure,2026-07-17 12:57:53.047
Sitara-1::conversation_3499907_4336.csv::s1,astro_other,2026-07-17 12:57:58.048
Sitara-1::conversation_3499907_4336.csv::s1,user_neutral_factual,2026-07-17 12:58:05.049
Sitara-1::conversation_3499907_4336.csv::s1,astro_other,2026-07-17 12:58:10.050
Sitara-1::conversation_3499907_4336.csv::s1,user_enthusiastic,2026-07-17 12:58:28.051
Sitara-1::conversation_3499907_4336.csv::s1,astro_other,2026-07-17 12:58:33.052
Sitara-1::conversation_3499907_4336.csv::s1,astro_callback_within,2026-07-17 12:58:52.053
Sitara-1::conversation_3499907_4336.csv::s1,user_emotional_disclosure,2026-07-17 12:58:54.054
Sitara-1::conversation_3499907_4336.csv::s1,astro_validation,2026-07-17 12:58:59.055
Sitara-1::conversation_3499907_4336.csv::s1,astro_dated_prediction,2026-07-17 12:59:01.056
Sitara-1::conversation_3499907_4336.csv::s1,user_enthusiastic,2026-07-17 12:59:25.057
Sitara-1::conversation_3499907_4336.csv::s1,astro_dated_prediction,2026-07-17 12:59:30.058
Sitara-1::conversation_3499907_4336.csv::s1,user_enthusiastic,2026-07-17 12:59:52.059
Sitara-1::conversation_3499907_4336.csv::s1,astro_callback_within,2026-07-17 13:00:22.060
Sitara-1::conversation_3499907_4336.csv::s1,user_enthusiastic,2026-07-17 13:00:37.061
Sitara-1::conversation_3499907_4336.csv::s1,astro_other,2026-07-17 13:00:43.062
Sitara-1::conversation_3499907_4336.csv::s1,user_emotional_disclosure,2026-07-17 13:00:55.063
Sitara-1::conversation_3499907_4336.csv::s1,astro_reframe,2026-07-17 13:01:00.064
Sitara-1::conversation_3499907_4336.csv::s1,user_neutral_factual,2026-07-17 13:01:07.065
Sitara-1::conversation_3499907_4336.csv::s1,astro_open_thread,2026-07-17 13:01:12.066
Sitara-1::conversation_3499907_4336.csv::s1,user_pushback,2026-07-17 13:01:27.067
Sitara-1::conversation_3499907_4336.csv::s1,astro_reframe,2026-07-17 13:01:32.068
Sitara-1::conversation_3499907_4336.csv::s1,user_neutral_factual,2026-07-17 13:01:40.069
Sitara-1::conversation_3499907_4336.csv::s1,user_enthusiastic,2026-07-17 13:01:43.070
Sitara-1::conversation_3499907_4336.csv::s1,astro_validation,2026-07-17 13:01:45.071
Sitara-1::conversation_3499907_4336.csv::s1,astro_validation,2026-07-17 13:01:49.072
Sitara-1::conversation_3499907_4336.csv::s1,user_enthusiastic,2026-07-17 13:01:50.073
Sitara-1::conversation_3499907_4336.csv::s1,astro_callback_within,2026-07-17 13:01:55.074
Sitara-1::conversation_3499907_4336.csv::s1,user_neutral_factual,2026-07-17 13:01:59.075
Sitara-1::conversation_3499907_4336.csv::s1,user_disengaging,2026-07-17 13:02:02.076
Sitara-1::conversation_3499907_4336.csv::s1,astro_reframe,2026-07-17 13:02:04.077
Sitara-1::conversation_3499907_4336.csv::s1,astro_callback_within,2026-07-17 13:02:09.078
Sitara-1::conversation_3499907_4336.csv::s1,user_neutral_factual,2026-07-17 13:02:15.079
Sitara-1::conversation_3499907_4336.csv::s1,user_disengaging,2026-07-17 13:02:17.080
Sitara-1::conversation_3499907_4336.csv::s1,astro_other,2026-07-17 13:02:19.081
Sitara-1::conversation_3499907_4336.csv::s1,user_enthusiastic,2026-07-17 13:02:21.082
Sitara-1::conversation_3499907_4336.csv::s1,astro_reframe,2026-07-17 13:02:29.083
Sitara-1::conversation_3539097_4336.csv::s1,user_neutral_factual,2026-07-16 09:20:21.000
Sitara-1::conversation_3539097_4336.csv::s1,astro_other,2026-07-16 09:20:27.001
Sitara-1::conversation_3539097_4336.csv::s1,user_enthusiastic,2026-07-16 09:20:37.002
Sitara-1::conversation_3539097_4336.csv::s1,astro_other,2026-07-16 09:20:46.003
Sitara-1::conversation_3539097_4336.csv::s1,user_emotional_disclosure,2026-07-16 09:20:54.004
Sitara-1::conversation_3539097_4336.csv::s1,user_emotional_disclosure,2026-07-16 09:20:59.005
Sitara-1::conversation_3539097_4336.csv::s1,user_emotional_disclosure,2026-07-16 09:21:03.006
Sitara-1::conversation_3539097_4336.csv::s1,astro_validation,2026-07-16 09:21:05.007
Sitara-1::conversation_3539097_4336.csv::s1,astro_validation,2026-07-16 09:21:11.008
Sitara-1::conversation_3539097_4336.csv::s1,astro_other,2026-07-16 09:21:25.009
Sitara-1::conversation_3539097_4336.csv::s1,user_emotional_disclosure,2026-07-16 09:21:25.010
Sitara-1::conversation_3539097_4336.csv::s1,astro_validation,2026-07-16 09:21:32.011
Sitara-1::conversation_3539097_4336.csv::s1,user_emotional_disclosure,2026-07-16 09:21:33.012
Sitara-1::conversation_3539097_4336.csv::s1,astro_other,2026-07-16 09:21:39.013
Sitara-1::conversation_3539097_4336.csv::s1,user_emotional_disclosure,2026-07-16 09:21:41.014
Sitara-1::conversation_3539097_4336.csv::s1,astro_other,2026-07-16 09:21:47.015
Sitara-1::conversation_3539097_4336.csv::s1,astro_other,2026-07-16 09:21:55.016
Sitara-1::conversation_3539097_4336.csv::s1,user_enthusiastic,2026-07-16 09:22:01.017
Sitara-1::conversation_3539097_4336.csv::s1,astro_other,2026-07-16 09:22:07.018
Sitara-1::conversation_3539097_4336.csv::s1,astro_dated_prediction,2026-07-16 09:22:32.019
Sitara-1::conversation_3539097_4336.csv::s1,user_disengaging,2026-07-16 09:22:41.020
Sitara-1::conversation_3539097_4336.csv::s1,user_enthusiastic,2026-07-16 09:22:43.021
Sitara-1::conversation_3539097_4336.csv::s1,astro_callback_within,2026-07-16 09:22:50.022
Sitara-1::conversation_3539097_4336.csv::s1,user_enthusiastic,2026-07-16 09:22:51.023
Sitara-1::conversation_3539097_4336.csv::s1,astro_other,2026-07-16 09:22:53.024
Sitara-1::conversation_3539097_4336.csv::s1,astro_dated_prediction,2026-07-16 09:23:00.025
Sitara-1::conversation_3539097_4336.csv::s1,user_enthusiastic,2026-07-16 09:23:03.026
Sitara-1::conversation_3539097_4336.csv::s1,astro_dated_prediction,2026-07-16 09:23:11.027
Sitara-1::conversation_3539097_4336.csv::s1,user_enthusiastic,2026-07-16 09:23:16.028
Sitara-1::conversation_3539097_4336.csv::s1,astro_dated_prediction,2026-07-16 09:23:21.029
Sitara-1::conversation_3539097_4336.csv::s1,user_enthusiastic,2026-07-16 09:23:40.030
Sitara-1::conversation_3539097_4336.csv::s1,astro_open_thread,2026-07-16 09:23:45.031
Sitara-1::conversation_3539097_4336.csv::s1,user_enthusiastic,2026-07-16 09:24:24.032
Sitara-1::conversation_3539097_4336.csv::s1,astro_reframe,2026-07-16 09:24:30.033
Sitara-1::conversation_3539097_4336.csv::s1,user_enthusiastic,2026-07-16 09:24:37.034
Sitara-1::conversation_3539097_4336.csv::s1,user_enthusiastic,2026-07-16 09:24:42.035
Sitara-1::conversation_3539097_4336.csv::s1,astro_reframe,2026-07-16 09:24:42.036
Sitara-1::conversation_3539097_4336.csv::s1,astro_dated_prediction,2026-07-16 09:24:51.037
Sitara-1::conversation_3539097_4336.csv::s1,user_emotional_disclosure,2026-07-16 09:24:59.038
Sitara-1::conversation_3539097_4336.csv::s1,astro_validation,2026-07-16 09:25:05.039
Sitara-1::conversation_3539097_4336.csv::s2,user_neutral,2026-07-16 12:29:12.000
Sitara-1::conversation_3539097_4336.csv::s2,astro_other,2026-07-16 12:29:19.001
Sitara-1::conversation_3539097_4336.csv::s2,user_enthusiastic,2026-07-16 12:29:30.002
Sitara-1::conversation_3539097_4336.csv::s2,astro_other,2026-07-16 12:29:38.003
Sitara-1::conversation_3539097_4336.csv::s2,user_pushback,2026-07-16 12:29:43.004
Sitara-1::conversation_3539097_4336.csv::s2,astro_other,2026-07-16 12:29:49.005
Sitara-1::conversation_3539097_4336.csv::s2,user_neutral_factual,2026-07-16 12:30:07.006
Sitara-1::conversation_3539097_4336.csv::s2,astro_callback_prior,2026-07-16 12:30:15.007
Sitara-1::conversation_3539097_4336.csv::s2,user_enthusiastic,2026-07-16 12:30:19.008
Sitara-1::conversation_3539097_4336.csv::s2,astro_dated_prediction,2026-07-16 12:30:30.009
Sitara-1::conversation_3539097_4336.csv::s2,user_enthusiastic,2026-07-16 12:30:33.010
Sitara-1::conversation_3539097_4336.csv::s2,astro_callback_prior,2026-07-16 12:30:38.011
Sitara-1::conversation_3539097_4336.csv::s2,user_enthusiastic,2026-07-16 12:30:49.012
Sitara-1::conversation_3539097_4336.csv::s2,user_pushback,2026-07-16 12:30:55.013
Sitara-1::conversation_3539097_4336.csv::s2,astro_other,2026-07-16 12:30:56.014
Sitara-1::conversation_3539097_4336.csv::s2,astro_other,2026-07-16 12:31:04.015
Sitara-1::conversation_3539097_4336.csv::s2,user_enthusiastic,2026-07-16 12:31:15.016
Sitara-1::conversation_3539097_4336.csv::s2,user_enthusiastic,2026-07-16 12:31:34.017
Sitara-1::conversation_3539097_4336.csv::s2,astro_dated_prediction,2026-07-16 12:31:38.018
Sitara-1::conversation_3539097_4336.csv::s2,user_disengaging,2026-07-16 12:31:44.019
Sitara-1::conversation_3539097_4336.csv::s2,astro_dated_prediction,2026-07-16 12:31:49.020
Sitara-1::conversation_3539097_4336.csv::s3,user_neutral,2026-07-20 07:50:49.000
Sitara-1::conversation_3539097_4336.csv::s3,astro_other,2026-07-20 07:50:58.001
Sitara-1::conversation_3539097_4336.csv::s3,user_enthusiastic,2026-07-20 07:51:00.002
Sitara-1::conversation_3539097_4336.csv::s3,astro_other,2026-07-20 07:51:07.003
Sitara-1::conversation_3539097_4336.csv::s3,user_enthusiastic,2026-07-20 07:51:12.004
Sitara-1::conversation_3539097_4336.csv::s3,user_enthusiastic,2026-07-20 07:51:21.005
Sitara-1::conversation_3539097_4336.csv::s3,astro_other,2026-07-20 07:51:25.006
Sitara-1::conversation_3539097_4336.csv::s3,astro_other,2026-07-20 07:51:38.007
Sitara-1::conversation_3539097_4336.csv::s3,user_pushback,2026-07-20 07:51:49.008
Sitara-1::conversation_3539097_4336.csv::s3,astro_callback_prior,2026-07-20 07:51:57.009
Sitara-1::conversation_3539097_4336.csv::s3,user_enthusiastic,2026-07-20 07:52:08.010
Sitara-1::conversation_3539097_4336.csv::s3,astro_other,2026-07-20 07:52:24.011
Sitara-1::conversation_3539097_4336.csv::s3,user_enthusiastic,2026-07-20 07:52:36.012
Sitara-1::conversation_3539097_4336.csv::s3,user_enthusiastic,2026-07-20 07:53:15.013
Sitara-1::conversation_3539097_4336.csv::s3,astro_other,2026-07-20 07:53:17.014
Sitara-1::conversation_3539097_4336.csv::s3,astro_callback_within,2026-07-20 07:53:27.015
Sitara-1::conversation_3539097_4336.csv::s3,user_enthusiastic,2026-07-20 07:53:31.016
Sitara-1::conversation_3539097_4336.csv::s3,user_enthusiastic,2026-07-20 07:53:40.017
Sitara-1::conversation_3539097_4336.csv::s3,astro_reframe,2026-07-20 07:53:43.018
Sitara-1::conversation_3539097_4336.csv::s3,user_enthusiastic,2026-07-20 07:53:53.019
Sitara-1::conversation_3539097_4336.csv::s3,user_enthusiastic,2026-07-20 07:54:01.020
Sitara-1::conversation_3539097_4336.csv::s3,astro_reframe,2026-07-20 07:54:10.021
Sitara-1::conversation_3539097_4336.csv::s3,user_enthusiastic,2026-07-20 07:54:17.022
Sitara-1::conversation_3539097_4336.csv::s3,astro_reframe,2026-07-20 07:54:18.023
Sitara-1::conversation_3539097_4336.csv::s3,astro_callback_within,2026-07-20 07:54:40.024
Sitara-1::conversation_3539097_4336.csv::s3,user_disengaging,2026-07-20 07:54:46.025
Sitara-1::conversation_3539097_4336.csv::s3,astro_dated_prediction,2026-07-20 07:54:55.026
Sitara-1::conversation_3539097_4336.csv::s3,user_disengaging,2026-07-20 07:55:20.027
Sitara-1::conversation_3539097_4336.csv::s3,astro_open_thread,2026-07-20 07:55:46.028
Sitara-1::conversation_3539097_4336.csv::s3,user_enthusiastic,2026-07-20 07:55:46.029
Sitara-1::conversation_3539097_4336.csv::s3,astro_other,2026-07-20 07:55:54.030
Sitara-1::conversation_3539097_4336.csv::s3,user_pushback,2026-07-20 07:56:05.031
Sitara-1::conversation_3539097_4336.csv::s3,user_enthusiastic,2026-07-20 07:56:21.032
Sitara-1::conversation_3539097_4336.csv::s3,astro_reframe,2026-07-20 07:56:28.033
Sitara-1::conversation_3539097_4336.csv::s3,user_enthusiastic,2026-07-20 07:56:34.034
Sitara-1::conversation_3539097_4336.csv::s3,astro_other,2026-07-20 07:57:02.035
Sitara-1::conversation_3539097_4336.csv::s3,user_enthusiastic,2026-07-20 07:57:08.036
Sitara-1::conversation_3539097_4336.csv::s3,user_enthusiastic,2026-07-20 07:57:14.037
Sitara-1::conversation_3539097_4336.csv::s3,astro_other,2026-07-20 07:57:36.038
Sitara-1::conversation_3539097_4336.csv::s3,astro_callback_within,2026-07-20 07:57:40.039
Sitara-1::conversation_3539097_4336.csv::s3,user_emotional_disclosure,2026-07-20 07:57:43.040
Sitara-1::conversation_3539097_4336.csv::s3,astro_other,2026-07-20 07:57:45.041
Sitara-1::conversation_3539097_4336.csv::s3,astro_callback_within,2026-07-20 07:57:51.042
Sitara-1::conversation_3539097_4336.csv::s3,astro_dated_prediction,2026-07-20 07:58:00.043
Sitara-1::conversation_3539097_4336.csv::s3,astro_other,2026-07-20 07:58:07.044
Sitara-1::conversation_3541968_4336.csv::s1,user_neutral,2026-07-16 08:43:27.000
Sitara-1::conversation_3541968_4336.csv::s1,astro_other,2026-07-16 08:43:33.001
Sitara-1::conversation_3541968_4336.csv::s1,user_neutral_factual,2026-07-16 08:43:38.002
Sitara-1::conversation_3541968_4336.csv::s1,astro_other,2026-07-16 08:43:45.003
Sitara-1::conversation_3541968_4336.csv::s1,astro_other,2026-07-16 08:44:15.004
Sitara-1::conversation_3541968_4336.csv::s1,user_emotional_disclosure,2026-07-16 08:44:33.005
Sitara-1::conversation_3541968_4336.csv::s1,user_emotional_disclosure,2026-07-16 08:44:39.006
Sitara-1::conversation_3541968_4336.csv::s1,astro_validation,2026-07-16 08:44:40.007
Sitara-1::conversation_3541968_4336.csv::s1,astro_other,2026-07-16 08:44:44.008
Sitara-1::conversation_3541968_4336.csv::s1,user_emotional_disclosure,2026-07-16 08:44:48.009
Sitara-1::conversation_3541968_4336.csv::s1,astro_other,2026-07-16 08:44:51.010
Sitara-1::conversation_3541968_4336.csv::s1,astro_reframe,2026-07-16 08:44:54.011
Sitara-1::conversation_3541968_4336.csv::s1,user_neutral_factual,2026-07-16 08:44:59.012
Sitara-1::conversation_3541968_4336.csv::s1,astro_callback_within,2026-07-16 08:45:04.013
Sitara-1::conversation_3541968_4336.csv::s1,user_neutral_factual,2026-07-16 08:45:41.014
Sitara-1::conversation_3541968_4336.csv::s1,astro_callback_within,2026-07-16 08:45:47.015
Sitara-1::conversation_3541968_4336.csv::s1,astro_other,2026-07-16 08:45:49.016
Sitara-1::conversation_3541968_4336.csv::s1,astro_other,2026-07-16 08:46:37.017
Sitara-1::conversation_3541968_4336.csv::s1,user_emotional_disclosure,2026-07-16 08:46:55.018
Sitara-1::conversation_3541968_4336.csv::s1,astro_callback_within,2026-07-16 08:47:01.019
Sitara-1::conversation_3541968_4336.csv::s1,user_pushback,2026-07-16 08:47:10.020
Sitara-1::conversation_3541968_4336.csv::s1,astro_callback_within,2026-07-16 08:47:15.021
Sitara-1::conversation_3541968_4336.csv::s1,user_emotional_disclosure,2026-07-16 08:47:58.022
Sitara-1::conversation_3541968_4336.csv::s1,astro_callback_within,2026-07-16 08:48:04.023
Sitara-1::conversation_3541968_4336.csv::s1,user_emotional_disclosure,2026-07-16 08:48:39.024
Sitara-1::conversation_3541968_4336.csv::s1,user_emotional_disclosure,2026-07-16 08:48:57.025
Sitara-1::conversation_3541968_4336.csv::s1,astro_reframe,2026-07-16 08:49:02.026
Sitara-1::conversation_3541968_4336.csv::s1,user_pushback,2026-07-16 08:49:18.027
Sitara-1::conversation_3541968_4336.csv::s1,astro_dated_prediction,2026-07-16 08:49:24.028
Sitara-1::conversation_3541968_4336.csv::s1,astro_callback_within,2026-07-16 08:49:26.029
Sitara-1::conversation_3541968_4336.csv::s1,user_pushback,2026-07-16 08:49:51.030
Sitara-1::conversation_3541968_4336.csv::s1,user_neutral_factual,2026-07-16 08:49:58.031
Sitara-1::conversation_3541968_4336.csv::s1,astro_callback_within,2026-07-16 08:49:59.032
Sitara-1::conversation_3541968_4336.csv::s1,astro_callback_within,2026-07-16 08:50:07.033
Sitara-1::conversation_3541968_4336.csv::s1,user_pushback,2026-07-16 08:50:12.034
Sitara-1::conversation_3541968_4336.csv::s1,astro_callback_within,2026-07-16 08:50:18.035
Sitara-1::conversation_3541968_4336.csv::s1,user_pushback,2026-07-16 08:50:28.036
Sitara-1::conversation_3541968_4336.csv::s1,astro_other,2026-07-16 08:50:35.037
Sitara-1::conversation_3541968_4336.csv::s1,user_emotional_disclosure,2026-07-16 08:51:24.038
Sitara-1::conversation_3541968_4336.csv::s1,astro_callback_within,2026-07-16 08:51:29.039
Sitara-1::conversation_3541968_4336.csv::s1,user_disengaging,2026-07-16 08:52:59.040
Sitara-1::conversation_3541968_4336.csv::s1,astro_other,2026-07-16 08:53:22.041
Sitara-1::conversation_3541968_4336.csv::s1,astro_dated_prediction,2026-07-16 08:53:24.042
Sitara-1::conversation_3541968_4336.csv::s2,user_neutral,2026-07-16 08:55:16.000
Sitara-1::conversation_3541968_4336.csv::s2,astro_other,2026-07-16 08:55:22.001
Sitara-1::conversation_3541968_4336.csv::s2,astro_other,2026-07-16 08:55:52.002
Sitara-1::conversation_3541968_4336.csv::s2,user_neutral_factual,2026-07-16 08:56:28.003
Sitara-1::conversation_3541968_4336.csv::s2,astro_callback_within,2026-07-16 08:56:37.004
Sitara-1::conversation_3541968_4336.csv::s2,user_emotional_disclosure,2026-07-16 08:57:11.005
Sitara-1::conversation_3541968_4336.csv::s2,astro_other,2026-07-16 08:57:20.006
Sitara-1::conversation_3541968_4336.csv::s2,user_neutral_factual,2026-07-16 08:57:24.007
Sitara-1::conversation_3541968_4336.csv::s2,astro_other,2026-07-16 08:57:32.008
Sitara-1::conversation_3541968_4336.csv::s2,astro_other,2026-07-16 08:57:34.009
Sitara-1::conversation_3541968_4336.csv::s2,user_neutral_factual,2026-07-16 08:57:48.010
Sitara-1::conversation_3541968_4336.csv::s2,astro_callback_within,2026-07-16 08:57:49.011
Sitara-1::conversation_3541968_4336.csv::s2,astro_other,2026-07-16 08:57:55.012
Sitara-1::conversation_3541968_4336.csv::s2,user_pushback,2026-07-16 08:58:11.013
Sitara-1::conversation_3541968_4336.csv::s2,astro_callback_within,2026-07-16 08:58:16.014
Sitara-1::conversation_3541968_4336.csv::s2,astro_callback_within,2026-07-16 08:58:18.015
Sitara-1::conversation_3541968_4336.csv::s2,user_neutral_factual,2026-07-16 08:58:21.016
Sitara-1::conversation_3541968_4336.csv::s2,astro_callback_within,2026-07-16 08:58:26.017
Sitara-1::conversation_3541968_4336.csv::s2,user_pushback,2026-07-16 08:58:28.018
Sitara-1::conversation_3541968_4336.csv::s2,astro_callback_within,2026-07-16 08:58:33.019
Sitara-1::conversation_3541968_4336.csv::s2,user_emotional_disclosure,2026-07-16 08:58:59.020
Sitara-1::conversation_3541968_4336.csv::s2,astro_callback_within,2026-07-16 08:59:04.021
Sitara-1::conversation_3541968_4336.csv::s2,user_pushback,2026-07-16 08:59:24.022
Sitara-1::conversation_3541968_4336.csv::s2,astro_callback_within,2026-07-16 08:59:29.023
Sitara-1::conversation_3541968_4336.csv::s2,user_emotional_disclosure,2026-07-16 08:59:36.024
Sitara-1::conversation_3541968_4336.csv::s2,astro_callback_within,2026-07-16 08:59:42.025
Sitara-1::conversation_3541968_4336.csv::s2,user_neutral,2026-07-16 08:59:46.026
Sitara-1::conversation_3541968_4336.csv::s2,user_neutral_factual,2026-07-16 08:59:53.027
Sitara-1::conversation_3541968_4336.csv::s2,astro_callback_within,2026-07-16 09:00:03.028
Sitara-1::conversation_3541968_4336.csv::s2,user_pushback,2026-07-16 09:00:08.029
Sitara-1::conversation_3541968_4336.csv::s2,astro_reframe,2026-07-16 09:00:16.030
Sitara-1::conversation_3541968_4336.csv::s2,user_enthusiastic,2026-07-16 09:00:26.031
Sitara-1::conversation_3541968_4336.csv::s2,astro_callback_within,2026-07-16 09:00:32.032
Sitara-1::conversation_3541968_4336.csv::s2,user_emotional_disclosure,2026-07-16 09:01:04.033
Sitara-1::conversation_3541968_4336.csv::s2,astro_callback_within,2026-07-16 09:01:13.034
Sitara-1::conversation_3541968_4336.csv::s2,user_pushback,2026-07-16 09:01:47.035
Sitara-1::conversation_3541968_4336.csv::s2,astro_callback_within,2026-07-16 09:01:53.036
Sitara-1::conversation_3541968_4336.csv::s2,user_neutral,2026-07-16 09:02:10.037
Sitara-1::conversation_3541968_4336.csv::s2,astro_dated_prediction,2026-07-16 09:02:25.038
Sitara-1::conversation_3541968_4336.csv::s2,user_emotional_disclosure,2026-07-16 09:02:29.039
Sitara-1::conversation_3541968_4336.csv::s2,astro_dated_prediction,2026-07-16 09:02:39.040
Sitara-1::conversation_3541968_4336.csv::s2,user_pushback,2026-07-16 09:02:43.041
Sitara-1::conversation_3541968_4336.csv::s2,astro_dated_prediction,2026-07-16 09:02:59.042
Sitara-1::conversation_3541968_4336.csv::s2,user_pushback,2026-07-16 09:03:03.043
Sitara-1::conversation_3541968_4336.csv::s2,user_emotional_disclosure,2026-07-16 09:03:23.044
Sitara-1::conversation_3541968_4336.csv::s2,astro_callback_within,2026-07-16 09:03:23.045
Sitara-1::conversation_3541968_4336.csv::s2,astro_callback_within,2026-07-16 09:03:28.046
Sitara-1::conversation_3541968_4336.csv::s2,astro_other,2026-07-16 09:03:30.047
Sitara-1::conversation_3541968_4336.csv::s2,user_emotional_disclosure,2026-07-16 09:03:56.048
Sitara-1::conversation_3541968_4336.csv::s2,astro_callback_within,2026-07-16 09:04:03.049
Sitara-1::conversation_3541968_4336.csv::s2,astro_callback_within,2026-07-16 09:04:24.050
Sitara-1::conversation_3541968_4336.csv::s2,user_pushback,2026-07-16 09:04:38.051
Sitara-1::conversation_3541968_4336.csv::s2,astro_callback_within,2026-07-16 09:04:42.052
Sitara-1::conversation_3541968_4336.csv::s2,user_emotional_disclosure,2026-07-16 09:05:03.053
Sitara-1::conversation_3541968_4336.csv::s2,astro_callback_within,2026-07-16 09:05:15.054
Sitara-1::conversation_3542954_4336.csv::s1,user_neutral,2026-07-16 11:16:38.000
Sitara-1::conversation_3542954_4336.csv::s1,astro_other,2026-07-16 11:16:42.001
Sitara-1::conversation_3542954_4336.csv::s1,user_pushback,2026-07-16 11:16:55.002
Sitara-1::conversation_3542954_4336.csv::s1,astro_callback_within,2026-07-16 11:17:00.003
Sitara-1::conversation_3542954_4336.csv::s1,astro_callback_within,2026-07-16 11:17:25.004
Sitara-1::conversation_3542954_4336.csv::s1,user_neutral_factual,2026-07-16 11:17:44.005
Sitara-1::conversation_3542954_4336.csv::s1,user_neutral_factual,2026-07-16 11:17:54.006
Sitara-1::conversation_3542954_4336.csv::s1,user_neutral,2026-07-16 11:18:16.007
Sitara-1::conversation_3542954_4336.csv::s1,astro_other,2026-07-16 11:18:21.008
Sitara-1::conversation_3542954_4336.csv::s1,astro_other,2026-07-16 11:18:37.009
Sitara-1::conversation_3542954_4336.csv::s1,user_neutral_factual,2026-07-16 11:18:52.010
Sitara-1::conversation_3542954_4336.csv::s1,astro_callback_within,2026-07-16 11:18:57.011
Sitara-1::conversation_3542954_4336.csv::s1,user_neutral_factual,2026-07-16 11:19:04.012
Sitara-1::conversation_3542954_4336.csv::s1,astro_callback_within,2026-07-16 11:19:10.013
Sitara-1::conversation_3542954_4336.csv::s1,astro_other,2026-07-16 11:19:14.014
Sitara-1::conversation_3542954_4336.csv::s1,astro_dated_prediction,2026-07-16 11:19:16.015
Sitara-1::conversation_3542954_4336.csv::s1,user_neutral,2026-07-16 11:19:33.016
Sitara-1::conversation_3542954_4336.csv::s1,astro_callback_within,2026-07-16 11:19:38.017
Sitara-1::conversation_3542954_4336.csv::s1,user_neutral_factual,2026-07-16 11:19:45.018
Sitara-1::conversation_3542954_4336.csv::s1,astro_callback_within,2026-07-16 11:19:50.019
Sitara-1::conversation_3542954_4336.csv::s1,user_neutral,2026-07-16 11:20:08.020
Sitara-1::conversation_3542954_4336.csv::s1,astro_callback_within,2026-07-16 11:20:09.021
Sitara-1::conversation_3542954_4336.csv::s1,astro_callback_within,2026-07-16 11:20:13.022
Sitara-1::conversation_3542954_4336.csv::s1,user_neutral_factual,2026-07-16 11:20:42.023
Sitara-1::conversation_3542954_4336.csv::s1,astro_callback_within,2026-07-16 11:20:46.024
Sitara-1::conversation_3542954_4336.csv::s1,user_neutral,2026-07-16 11:21:10.025
Sitara-1::conversation_3542954_4336.csv::s1,astro_callback_within,2026-07-16 11:21:15.026
Sitara-1::conversation_3542954_4336.csv::s1,user_neutral,2026-07-16 11:21:16.027
Sitara-1::conversation_3542954_4336.csv::s1,astro_callback_within,2026-07-16 11:21:21.028
Sitara-1::conversation_3542954_4336.csv::s1,user_neutral,2026-07-16 11:21:33.029
Sitara-1::conversation_3542954_4336.csv::s1,astro_dated_prediction,2026-07-16 11:21:38.030
Sitara-1::conversation_3542954_4336.csv::s1,user_neutral,2026-07-16 11:21:46.031
Sitara-1::conversation_3542954_4336.csv::s1,user_neutral,2026-07-16 11:22:07.032
Sitara-1::conversation_3542954_4336.csv::s1,astro_callback_within,2026-07-16 11:22:12.033
Sitara-1::conversation_3542954_4336.csv::s1,astro_reframe,2026-07-16 11:22:32.034
Sitara-1::conversation_3542954_4336.csv::s1,user_emotional_disclosure,2026-07-16 11:22:50.035
Sitara-1::conversation_3542954_4336.csv::s1,astro_callback_within,2026-07-16 11:22:55.036
Sitara-1::conversation_3542954_4336.csv::s1,user_neutral,2026-07-16 11:23:14.037
Sitara-1::conversation_3542954_4336.csv::s1,astro_dated_prediction,2026-07-16 11:23:19.038
Sitara-1::conversation_3542954_4336.csv::s1,user_neutral_factual,2026-07-16 11:23:25.039
Sitara-1::conversation_3542954_4336.csv::s1,astro_open_thread,2026-07-16 11:23:30.040
Sitara-1::conversation_3542954_4336.csv::s1,astro_other,2026-07-16 11:23:41.041
Sitara-1::conversation_3542954_4336.csv::s1,user_neutral,2026-07-16 11:24:03.042
Sitara-1::conversation_3542954_4336.csv::s1,astro_callback_within,2026-07-16 11:24:07.043
Sitara-1::conversation_3542954_4336.csv::s1,user_neutral_factual,2026-07-16 11:24:16.044
Sitara-1::conversation_3542954_4336.csv::s1,astro_other,2026-07-16 11:24:21.045
Sitara-1::conversation_3542954_4336.csv::s1,user_neutral,2026-07-16 11:24:45.046
Sitara-1::conversation_3542954_4336.csv::s1,user_neutral,2026-07-16 11:24:48.047
Sitara-1::conversation_3542954_4336.csv::s1,astro_callback_within,2026-07-16 11:24:49.048
Sitara-1::conversation_3542954_4336.csv::s1,astro_open_thread,2026-07-16 11:24:54.049
Sitara-1::conversation_3542954_4336.csv::s1,user_neutral,2026-07-16 11:25:08.050
Sitara-1::conversation_3542954_4336.csv::s1,astro_callback_within,2026-07-16 11:25:14.051
Sitara-1::conversation_3542954_4336.csv::s1,user_neutral_factual,2026-07-16 11:25:28.052
Sitara-1::conversation_3542954_4336.csv::s1,astro_other,2026-07-16 11:25:32.053
Sitara-1::conversation_3542954_4336.csv::s1,user_neutral,2026-07-16 11:26:43.054
Sitara-1::conversation_3542954_4336.csv::s1,astro_callback_within,2026-07-16 11:26:47.055
Sitara-1::conversation_3542954_4336.csv::s1,user_enthusiastic,2026-07-16 11:26:56.056
Sitara-1::conversation_3542954_4336.csv::s1,astro_callback_within,2026-07-16 11:27:01.057
Sitara-1::conversation_3542954_4336.csv::s1,astro_callback_within,2026-07-16 11:27:30.058
Sitara-1::conversation_3542954_4336.csv::s1,user_pushback,2026-07-16 11:27:42.059
Sitara-1::conversation_3542954_4336.csv::s1,astro_callback_within,2026-07-16 11:27:47.060
Sitara-1::conversation_3542954_4336.csv::s1,user_neutral,2026-07-16 11:28:00.061
Sitara-1::conversation_3542954_4336.csv::s1,user_enthusiastic,2026-07-16 11:28:06.062
Sitara-1::conversation_3542954_4336.csv::s1,astro_callback_within,2026-07-16 11:28:14.063
Sitara-1::conversation_3542954_4336.csv::s1,astro_callback_within,2026-07-16 11:28:16.064
Sitara-1::conversation_3542954_4336.csv::s1,astro_callback_within,2026-07-16 11:28:19.065
Sitara-1::conversation_3542954_4336.csv::s1,user_neutral_factual,2026-07-16 11:28:30.066
Sitara-1::conversation_3542954_4336.csv::s1,astro_open_thread,2026-07-16 11:28:36.067
Sitara-1::conversation_3542954_4336.csv::s1,user_neutral_factual,2026-07-16 11:28:47.068
Sitara-1::conversation_3542954_4336.csv::s1,astro_callback_within,2026-07-16 11:28:51.069
Sitara-1::conversation_3542954_4336.csv::s1,user_emotional_disclosure,2026-07-16 11:29:15.070
Sitara-1::conversation_3542954_4336.csv::s1,astro_callback_within,2026-07-16 11:29:50.071
Sitara-1::conversation_3542954_4336.csv::s1,user_emotional_disclosure,2026-07-16 11:29:58.072
Sitara-1::conversation_3542954_4336.csv::s1,astro_other,2026-07-16 11:30:03.073
Sitara-1::conversation_3542954_4336.csv::s1,user_emotional_disclosure,2026-07-16 11:30:14.074
Sitara-1::conversation_3542954_4336.csv::s1,astro_callback_within,2026-07-16 11:30:20.075
Sitara-1::conversation_3542954_4336.csv::s1,user_neutral,2026-07-16 11:30:28.076
Sitara-1::conversation_3542954_4336.csv::s1,astro_callback_within,2026-07-16 11:30:33.077
Sitara-1::conversation_3542954_4336.csv::s1,user_neutral,2026-07-16 11:30:58.078
Sitara-1::conversation_3542954_4336.csv::s1,astro_callback_within,2026-07-16 11:31:03.079
Sitara-1::conversation_3542954_4336.csv::s1,user_neutral,2026-07-16 11:31:11.080
Sitara-1::conversation_3542954_4336.csv::s1,astro_callback_within,2026-07-16 11:31:15.081
Sitara-1::conversation_3542954_4336.csv::s1,user_neutral,2026-07-16 11:31:38.082
Sitara-1::conversation_3542954_4336.csv::s1,astro_callback_within,2026-07-16 11:31:43.083
Sitara-1::conversation_3542954_4336.csv::s1,user_neutral,2026-07-16 11:31:56.084
Sitara-1::conversation_3542954_4336.csv::s1,astro_callback_within,2026-07-16 11:32:01.085
Sitara-1::conversation_3542954_4336.csv::s1,user_emotional_disclosure,2026-07-16 11:32:17.086
Sitara-1::conversation_3542954_4336.csv::s1,astro_callback_within,2026-07-16 11:32:21.087
Sitara-1::conversation_3542954_4336.csv::s1,user_emotional_disclosure,2026-07-16 11:32:26.088
Sitara-1::conversation_3542954_4336.csv::s1,astro_callback_within,2026-07-16 11:32:31.089
Sitara-1::conversation_3542954_4336.csv::s1,user_emotional_disclosure,2026-07-16 11:32:51.090
Sitara-1::conversation_3542954_4336.csv::s1,astro_dated_prediction,2026-07-16 11:32:57.091
Sitara-1::conversation_3542954_4336.csv::s1,user_neutral_factual,2026-07-16 11:32:58.092
Sitara-1::conversation_3542954_4336.csv::s1,user_enthusiastic,2026-07-16 11:33:30.093
Sitara-1::conversation_3542954_4336.csv::s1,astro_other,2026-07-16 11:33:35.094
Sitara-1::conversation_3542954_4336.csv::s1,user_neutral,2026-07-16 11:33:45.095
Sitara-1::conversation_3542954_4336.csv::s1,astro_open_thread,2026-07-16 11:33:50.096
Sitara-1::conversation_3542954_4336.csv::s1,astro_open_thread,2026-07-16 11:34:08.097
Sitara-1::conversation_3542954_4336.csv::s1,astro_open_thread,2026-07-16 11:34:23.098
Sitara-1::conversation_3542954_4336.csv::s1,user_neutral_factual,2026-07-16 11:35:05.099
Sitara-1::conversation_3542954_4336.csv::s1,astro_open_thread,2026-07-16 11:35:12.100
Sitara-1::conversation_3542954_4336.csv::s1,user_neutral_factual,2026-07-16 11:36:04.101
Sitara-1::conversation_3542954_4336.csv::s1,astro_other,2026-07-16 11:36:09.102
Sitara-1::conversation_3542954_4336.csv::s2,user_neutral,2026-07-16 16:52:40.000
Sitara-1::conversation_3542954_4336.csv::s2,astro_other,2026-07-16 16:52:44.001
Sitara-1::conversation_3542954_4336.csv::s2,astro_other,2026-07-16 16:52:52.002
Sitara-1::conversation_3542954_4336.csv::s2,user_neutral_factual,2026-07-16 16:53:04.003
Sitara-1::conversation_3542954_4336.csv::s2,user_neutral_factual,2026-07-16 16:53:09.004
Sitara-1::conversation_3542954_4336.csv::s2,astro_reframe,2026-07-16 16:53:09.005
Sitara-1::conversation_3542954_4336.csv::s2,astro_callback_prior,2026-07-16 16:53:14.006
Sitara-1::conversation_3542954_4336.csv::s2,astro_other,2026-07-16 16:53:16.007
Sitara-1::conversation_3542954_4336.csv::s2,user_emotional_disclosure,2026-07-16 16:53:44.008
Sitara-1::conversation_3542954_4336.csv::s2,astro_dated_prediction,2026-07-16 16:53:49.009
Sitara-1::conversation_3542954_4336.csv::s2,user_neutral,2026-07-16 16:54:15.010
Sitara-1::conversation_3542954_4336.csv::s2,astro_other,2026-07-16 16:54:20.011
Sitara-1::conversation_3542954_4336.csv::s2,user_neutral,2026-07-16 16:54:32.012
Sitara-1::conversation_3542954_4336.csv::s2,astro_other,2026-07-16 16:54:37.013
Sitara-1::conversation_3542954_4336.csv::s2,user_neutral_factual,2026-07-16 16:54:59.014
Sitara-1::conversation_3542954_4336.csv::s2,user_neutral_factual,2026-07-16 16:55:10.015
Sitara-1::conversation_3542954_4336.csv::s2,astro_callback_prior,2026-07-16 16:55:16.016
Sitara-1::conversation_3542954_4336.csv::s2,astro_other,2026-07-16 16:55:38.017
Sitara-1::conversation_3542954_4336.csv::s2,user_neutral_factual,2026-07-16 16:55:50.018
Sitara-1::conversation_3542954_4336.csv::s2,astro_other,2026-07-16 16:55:55.019
Sitara-1::conversation_3542954_4336.csv::s2,astro_reframe,2026-07-16 16:55:57.020
Sitara-1::conversation_3542954_4336.csv::s2,astro_other,2026-07-16 16:55:59.021
Sitara-1::conversation_3542954_4336.csv::s2,user_enthusiastic,2026-07-16 16:56:10.022
Sitara-1::conversation_3542954_4336.csv::s2,astro_other,2026-07-16 16:56:15.023
Sitara-1::conversation_3542954_4336.csv::s2,astro_other,2026-07-16 16:56:17.024
Sitara-1::conversation_3542954_4336.csv::s2,user_emotional_disclosure,2026-07-16 16:56:18.025
Sitara-1::conversation_3542954_4336.csv::s2,astro_reframe,2026-07-16 16:56:23.026
Sitara-1::conversation_3542954_4336.csv::s2,user_neutral_factual,2026-07-16 16:56:35.027
Sitara-1::conversation_3542954_4336.csv::s2,user_neutral_factual,2026-07-16 16:56:52.028
Sitara-1::conversation_3542954_4336.csv::s2,astro_other,2026-07-16 16:56:57.029
Sitara-1::conversation_3542954_4336.csv::s2,user_enthusiastic,2026-07-16 16:56:58.030
Sitara-1::conversation_3542954_4336.csv::s2,astro_callback_within,2026-07-16 16:57:03.031
Sitara-1::conversation_3542954_4336.csv::s2,astro_callback_within,2026-07-16 16:57:09.032
Sitara-1::conversation_3542954_4336.csv::s2,astro_other,2026-07-16 16:57:11.033
Sitara-1::conversation_3542954_4336.csv::s2,user_enthusiastic,2026-07-16 16:57:22.034
Sitara-1::conversation_3542954_4336.csv::s2,astro_other,2026-07-16 16:57:27.035
Sitara-1::conversation_3542954_4336.csv::s2,user_neutral_factual,2026-07-16 16:57:37.036
Sitara-1::conversation_3542954_4336.csv::s2,astro_reframe,2026-07-16 16:57:42.037
Sitara-1::conversation_3542954_4336.csv::s2,user_neutral,2026-07-16 16:58:00.038
Sitara-1::conversation_3542954_4336.csv::s2,astro_reframe,2026-07-16 16:58:04.039
Sitara-1::conversation_3542954_4336.csv::s2,user_enthusiastic,2026-07-16 16:58:24.040
Sitara-1::conversation_3542954_4336.csv::s2,astro_other,2026-07-16 16:58:29.041
Sitara-1::conversation_3542954_4336.csv::s2,user_emotional_disclosure,2026-07-16 16:58:42.042
Sitara-1::conversation_3542954_4336.csv::s2,astro_reframe,2026-07-16 16:58:47.043
Sitara-1::conversation_3542954_4336.csv::s2,astro_dated_prediction,2026-07-16 16:58:49.044
Sitara-1::conversation_3542954_4336.csv::s2,user_emotional_disclosure,2026-07-16 16:59:06.045
Sitara-1::conversation_3542954_4336.csv::s2,astro_reframe,2026-07-16 16:59:11.046
Sitara-1::conversation_3542954_4336.csv::s2,user_neutral,2026-07-16 16:59:18.047
Sitara-1::conversation_3542954_4336.csv::s2,user_neutral,2026-07-16 16:59:44.048
Sitara-1::conversation_3542954_4336.csv::s2,astro_other,2026-07-16 16:59:49.049
Sitara-1::conversation_3542954_4336.csv::s2,astro_other,2026-07-16 16:59:51.050
Sitara-1::conversation_3542954_4336.csv::s2,user_neutral_factual,2026-07-16 17:00:03.051
Sitara-1::conversation_3542954_4336.csv::s2,astro_reframe,2026-07-16 17:00:08.052
Sitara-1::conversation_3542954_4336.csv::s2,user_enthusiastic,2026-07-16 17:00:34.053
Sitara-1::conversation_3542954_4336.csv::s2,astro_callback_within,2026-07-16 17:00:38.054
Sitara-1::conversation_3542954_4336.csv::s2,user_neutral_factual,2026-07-16 17:00:45.055
Sitara-1::conversation_3542954_4336.csv::s2,astro_reframe,2026-07-16 17:00:50.056
Sitara-1::conversation_3542954_4336.csv::s2,user_neutral,2026-07-16 17:01:07.057
Sitara-1::conversation_3542954_4336.csv::s2,user_neutral_factual,2026-07-16 17:01:09.058
Sitara-1::conversation_3542954_4336.csv::s2,astro_other,2026-07-16 17:01:12.059
Sitara-1::conversation_3542954_4336.csv::s2,astro_reframe,2026-07-16 17:01:17.060
Sitara-1::conversation_3542954_4336.csv::s2,user_emotional_disclosure,2026-07-16 17:01:51.061
Sitara-1::conversation_3542954_4336.csv::s2,astro_reframe,2026-07-16 17:01:57.062
Sitara-1::conversation_3542954_4336.csv::s2,user_neutral_factual,2026-07-16 17:01:58.063
Sitara-1::conversation_3542954_4336.csv::s2,astro_other,2026-07-16 17:02:03.064
Sitara-1::conversation_3542954_4336.csv::s2,user_emotional_disclosure,2026-07-16 17:02:20.065
Sitara-1::conversation_3542954_4336.csv::s2,user_neutral_factual,2026-07-16 17:02:23.066
Sitara-1::conversation_3542954_4336.csv::s2,astro_reframe,2026-07-16 17:02:25.067
Sitara-1::conversation_3542954_4336.csv::s2,astro_reframe,2026-07-16 17:02:30.068
Sitara-1::conversation_3542954_4336.csv::s2,user_enthusiastic,2026-07-16 17:02:40.069
Sitara-1::conversation_3542954_4336.csv::s2,astro_other,2026-07-16 17:02:45.070
Sitara-1::conversation_3542954_4336.csv::s3,user_neutral,2026-07-17 02:20:25.000
Sitara-1::conversation_3542954_4336.csv::s3,astro_other,2026-07-17 02:20:31.001
Sitara-1::conversation_3542954_4336.csv::s3,user_neutral_factual,2026-07-17 02:20:48.002
Sitara-1::conversation_3542954_4336.csv::s3,user_neutral,2026-07-17 02:20:56.003
Sitara-1::conversation_3542954_4336.csv::s3,astro_other,2026-07-17 02:20:57.004
Sitara-1::conversation_3542954_4336.csv::s3,astro_callback_prior,2026-07-17 02:21:11.005
Sitara-1::conversation_3542954_4336.csv::s3,user_neutral_factual,2026-07-17 02:21:14.006
Sitara-1::conversation_3542954_4336.csv::s3,astro_validation,2026-07-17 02:21:19.007
Sitara-1::conversation_3542954_4336.csv::s3,user_neutral_factual,2026-07-17 02:21:54.008
Sitara-1::conversation_3542954_4336.csv::s3,astro_other,2026-07-17 02:22:01.009
Sitara-1::conversation_3542954_4336.csv::s3,user_neutral,2026-07-17 02:22:14.010
Sitara-1::conversation_3542954_4336.csv::s3,astro_other,2026-07-17 02:22:22.011
Sitara-1::conversation_3542954_4336.csv::s3,user_neutral_factual,2026-07-17 02:22:43.012
Sitara-1::conversation_3542954_4336.csv::s3,astro_callback_prior,2026-07-17 02:22:48.013
Sitara-1::conversation_3542954_4336.csv::s3,user_pushback,2026-07-17 02:22:59.014
Sitara-1::conversation_3542954_4336.csv::s3,user_pushback,2026-07-17 02:23:12.015
Sitara-1::conversation_3542954_4336.csv::s3,astro_other,2026-07-17 02:23:19.016
Sitara-1::conversation_3542954_4336.csv::s3,user_neutral_factual,2026-07-17 02:23:36.017
Sitara-1::conversation_3542954_4336.csv::s3,astro_other,2026-07-17 02:23:43.018
Sitara-1::conversation_3542954_4336.csv::s3,user_pushback,2026-07-17 02:23:48.019
Sitara-1::conversation_3542954_4336.csv::s3,astro_other,2026-07-17 02:23:53.020
Sitara-1::conversation_3542954_4336.csv::s3,user_neutral_factual,2026-07-17 02:24:26.021
Sitara-1::conversation_3542954_4336.csv::s3,astro_open_thread,2026-07-17 02:24:31.022
Sitara-1::conversation_3542954_4336.csv::s3,user_neutral_factual,2026-07-17 02:24:40.023
Sitara-1::conversation_3542954_4336.csv::s3,user_pushback,2026-07-17 02:25:01.024
Sitara-1::conversation_3542954_4336.csv::s3,astro_other,2026-07-17 02:25:09.025
Sitara-1::conversation_3542954_4336.csv::s3,user_neutral_factual,2026-07-17 02:25:38.026
Sitara-1::conversation_3542954_4336.csv::s3,astro_other,2026-07-17 02:26:17.027
Sitara-1::conversation_3542954_4336.csv::s3,user_enthusiastic,2026-07-17 02:26:26.028
Sitara-1::conversation_3542954_4336.csv::s3,astro_other,2026-07-17 02:26:32.029
Sitara-1::conversation_3542954_4336.csv::s3,user_enthusiastic,2026-07-17 02:26:42.030
Sitara-1::conversation_3542954_4336.csv::s3,astro_callback_prior,2026-07-17 02:26:48.031
Sitara-1::conversation_3542954_4336.csv::s3,user_neutral,2026-07-17 02:26:49.032
Sitara-1::conversation_3542954_4336.csv::s3,user_neutral,2026-07-17 02:27:06.033
Sitara-1::conversation_3542954_4336.csv::s3,astro_other,2026-07-17 02:27:11.034
Sitara-1::conversation_3542954_4336.csv::s3,user_enthusiastic,2026-07-17 02:27:23.035
Sitara-1::conversation_3542954_4336.csv::s3,astro_reframe,2026-07-17 02:27:28.036
Sitara-1::conversation_3542954_4336.csv::s3,user_neutral_factual,2026-07-17 02:27:36.037
Sitara-1::conversation_3542954_4336.csv::s3,user_emotional_disclosure,2026-07-17 02:27:53.038
Sitara-1::conversation_3542954_4336.csv::s3,astro_reframe,2026-07-17 02:27:58.039
Sitara-1::conversation_3542954_4336.csv::s3,user_neutral_factual,2026-07-17 02:28:09.040
Sitara-1::conversation_3542954_4336.csv::s3,astro_reframe,2026-07-17 02:28:15.041
Sitara-1::conversation_3542954_4336.csv::s3,user_neutral_factual,2026-07-17 02:28:25.042
Sitara-1::conversation_3542954_4336.csv::s3,astro_other,2026-07-17 02:28:30.043
Sitara-1::conversation_3542954_4336.csv::s3,user_pushback,2026-07-17 02:28:44.044
Sitara-1::conversation_3542954_4336.csv::s3,astro_reframe,2026-07-17 02:28:50.045
Sitara-1::conversation_3542954_4336.csv::s3,user_pushback,2026-07-17 02:28:57.046
Sitara-1::conversation_3542954_4336.csv::s3,astro_open_thread,2026-07-17 02:29:03.047
Sitara-1::conversation_3542954_4336.csv::s3,user_neutral_factual,2026-07-17 02:29:06.048
Sitara-1::conversation_3542954_4336.csv::s3,astro_other,2026-07-17 02:29:13.049
Sitara-1::conversation_3542954_4336.csv::s3,user_neutral_factual,2026-07-17 02:29:39.050
Sitara-1::conversation_3542954_4336.csv::s3,astro_open_thread,2026-07-17 02:29:44.051
Sitara-1::conversation_3542954_4336.csv::s3,user_pushback,2026-07-17 02:29:45.052
Sitara-1::conversation_3542954_4336.csv::s3,astro_other,2026-07-17 02:29:46.053
Sitara-1::conversation_3542954_4336.csv::s3,astro_open_thread,2026-07-17 02:29:51.054
Sitara-1::conversation_3543871_4336.csv::s1,user_neutral,2026-07-16 09:24:49.000
Sitara-1::conversation_3543871_4336.csv::s1,astro_other,2026-07-16 09:24:57.001
Sitara-1::conversation_3543871_4336.csv::s1,user_neutral,2026-07-16 09:25:10.002
Sitara-1::conversation_3543871_4336.csv::s1,user_neutral_factual,2026-07-16 09:25:26.003
Sitara-1::conversation_3543871_4336.csv::s1,astro_callback_within,2026-07-16 09:25:32.004
Sitara-1::conversation_3543871_4336.csv::s1,user_neutral_factual,2026-07-16 09:25:41.005
Sitara-1::conversation_3543871_4336.csv::s1,astro_other,2026-07-16 09:25:47.006
Sitara-1::conversation_3543871_4336.csv::s1,user_emotional_disclosure,2026-07-16 09:25:49.007
Sitara-1::conversation_3543871_4336.csv::s1,astro_validation,2026-07-16 09:25:54.008
Sitara-1::conversation_3543871_4336.csv::s1,user_emotional_disclosure,2026-07-16 09:25:56.009
Sitara-1::conversation_3543871_4336.csv::s1,astro_other,2026-07-16 09:26:03.010
Sitara-1::conversation_3543871_4336.csv::s1,user_neutral_factual,2026-07-16 09:26:03.011
Sitara-1::conversation_3543871_4336.csv::s1,astro_callback_within,2026-07-16 09:26:10.012
Sitara-1::conversation_3543871_4336.csv::s1,user_emotional_disclosure,2026-07-16 09:26:16.013
Sitara-1::conversation_3543871_4336.csv::s1,astro_callback_within,2026-07-16 09:26:25.014
Sitara-1::conversation_3543871_4336.csv::s1,user_emotional_disclosure,2026-07-16 09:26:25.015
Sitara-1::conversation_3543871_4336.csv::s1,astro_callback_within,2026-07-16 09:26:31.016
Sitara-1::conversation_3543871_4336.csv::s1,user_neutral_factual,2026-07-16 09:26:44.017
Sitara-1::conversation_3543871_4336.csv::s1,astro_callback_within,2026-07-16 09:26:50.018
Sitara-1::conversation_3543871_4336.csv::s1,astro_callback_within,2026-07-16 09:26:53.019
Sitara-1::conversation_3543871_4336.csv::s1,user_neutral_factual,2026-07-16 09:26:55.020
Sitara-1::conversation_3543871_4336.csv::s1,astro_callback_within,2026-07-16 09:27:05.021
Sitara-1::conversation_3543871_4336.csv::s1,user_emotional_disclosure,2026-07-16 09:27:06.022
Sitara-1::conversation_3543871_4336.csv::s1,astro_callback_within,2026-07-16 09:27:11.023
Sitara-1::conversation_3543871_4336.csv::s1,user_emotional_disclosure,2026-07-16 09:27:23.024
Sitara-1::conversation_3543871_4336.csv::s1,astro_callback_within,2026-07-16 09:27:29.025
Sitara-1::conversation_3543871_4336.csv::s1,astro_callback_within,2026-07-16 09:27:39.026
Sitara-1::conversation_3543871_4336.csv::s1,user_emotional_disclosure,2026-07-16 09:27:55.027
Sitara-1::conversation_3543871_4336.csv::s1,user_emotional_disclosure,2026-07-16 09:28:00.028
Sitara-1::conversation_3543871_4336.csv::s1,astro_callback_within,2026-07-16 09:28:01.029
Sitara-1::conversation_3543871_4336.csv::s1,user_emotional_disclosure,2026-07-16 09:28:15.030
Sitara-1::conversation_3543871_4336.csv::s1,astro_callback_within,2026-07-16 09:28:20.031
Sitara-1::conversation_3543871_4336.csv::s1,user_enthusiastic,2026-07-16 09:28:30.032
Sitara-1::conversation_3543871_4336.csv::s1,astro_callback_within,2026-07-16 09:28:38.033
Sitara-1::conversation_3543871_4336.csv::s1,user_emotional_disclosure,2026-07-16 09:28:48.034
Sitara-1::conversation_3543871_4336.csv::s1,astro_callback_within,2026-07-16 09:28:53.035
Sitara-1::conversation_3543871_4336.csv::s1,user_emotional_disclosure,2026-07-16 09:29:02.036
Sitara-1::conversation_3543871_4336.csv::s1,user_emotional_disclosure,2026-07-16 09:29:06.037
Sitara-1::conversation_3543871_4336.csv::s1,astro_callback_within,2026-07-16 09:29:10.038
Sitara-1::conversation_3543871_4336.csv::s1,astro_callback_within,2026-07-16 09:29:15.039
Sitara-1::conversation_3543871_4336.csv::s1,user_enthusiastic,2026-07-16 09:29:21.040
Sitara-1::conversation_3543871_4336.csv::s1,user_emotional_disclosure,2026-07-16 09:29:27.041
Sitara-1::conversation_3543871_4336.csv::s1,astro_callback_within,2026-07-16 09:29:28.042
Sitara-1::conversation_3543871_4336.csv::s1,user_neutral,2026-07-16 09:29:32.043
Sitara-1::conversation_3543871_4336.csv::s1,astro_callback_within,2026-07-16 09:29:33.044
Sitara-1::conversation_3543871_4336.csv::s1,astro_callback_within,2026-07-16 09:29:39.045
Sitara-1::conversation_3543871_4336.csv::s1,user_disengaging,2026-07-16 09:29:47.046
Sitara-1::conversation_3543871_4336.csv::s1,user_neutral,2026-07-16 09:29:50.047
Sitara-1::conversation_3543871_4336.csv::s1,astro_callback_within,2026-07-16 09:29:52.048
Sitara-1::conversation_3543871_4336.csv::s1,astro_other,2026-07-16 09:29:57.049
Sitara-1::conversation_3546001_4336.csv::s1,user_neutral,2026-07-16 10:24:35.000
Sitara-1::conversation_3546001_4336.csv::s1,astro_other,2026-07-16 10:24:44.001
Sitara-1::conversation_3546001_4336.csv::s1,user_neutral_factual,2026-07-16 10:24:51.002
Sitara-1::conversation_3546001_4336.csv::s1,astro_callback_within,2026-07-16 10:24:56.003
Sitara-1::conversation_3546001_4336.csv::s1,user_neutral,2026-07-16 10:25:10.004
Sitara-1::conversation_3546001_4336.csv::s1,astro_callback_within,2026-07-16 10:25:18.005
Sitara-1::conversation_3546001_4336.csv::s1,user_emotional_disclosure,2026-07-16 10:25:46.006
Sitara-1::conversation_3546001_4336.csv::s1,astro_callback_within,2026-07-16 10:25:51.007
Sitara-1::conversation_3546001_4336.csv::s1,astro_callback_within,2026-07-16 10:25:54.008
Sitara-1::conversation_3546001_4336.csv::s1,astro_callback_within,2026-07-16 10:25:56.009
Sitara-1::conversation_3546001_4336.csv::s1,user_neutral_factual,2026-07-16 10:26:08.010
Sitara-1::conversation_3546001_4336.csv::s1,astro_dated_prediction,2026-07-16 10:26:13.011
Sitara-1::conversation_3546001_4336.csv::s1,user_emotional_disclosure,2026-07-16 10:26:47.012
Sitara-1::conversation_3546001_4336.csv::s1,user_neutral_factual,2026-07-16 10:27:04.013
Sitara-1::conversation_3546001_4336.csv::s1,astro_dated_prediction,2026-07-16 10:27:09.014
Sitara-1::conversation_3546001_4336.csv::s1,astro_other,2026-07-16 10:27:11.015
Sitara-1::conversation_3546001_4336.csv::s1,user_neutral_factual,2026-07-16 10:27:19.016
Sitara-1::conversation_3546001_4336.csv::s1,astro_callback_within,2026-07-16 10:27:23.017
Sitara-1::conversation_3546001_4336.csv::s1,astro_other,2026-07-16 10:27:26.018
Sitara-1::conversation_3546001_4336.csv::s1,user_enthusiastic,2026-07-16 10:27:34.019
Sitara-1::conversation_3546001_4336.csv::s1,astro_callback_within,2026-07-16 10:27:38.020
Sitara-1::conversation_3546001_4336.csv::s1,astro_other,2026-07-16 10:27:40.021
Sitara-1::conversation_3546001_4336.csv::s1,user_enthusiastic,2026-07-16 10:27:47.022
Sitara-1::conversation_3546001_4336.csv::s1,astro_callback_within,2026-07-16 10:27:52.023
Sitara-1::conversation_3546001_4336.csv::s1,astro_other,2026-07-16 10:27:54.024
Sitara-1::conversation_3546001_4336.csv::s1,user_emotional_disclosure,2026-07-16 10:28:11.025
Sitara-1::conversation_3546001_4336.csv::s1,astro_callback_within,2026-07-16 10:28:15.026
Sitara-1::conversation_3546001_4336.csv::s1,user_disengaging,2026-07-16 10:28:35.027
Sitara-1::conversation_3546001_4336.csv::s1,astro_callback_within,2026-07-16 10:28:40.028
Sitara-1::conversation_3546001_4336.csv::s1,astro_callback_within,2026-07-16 10:28:42.029
Sitara-1::conversation_3546001_4336.csv::s1,user_disengaging,2026-07-16 10:28:49.030
Sitara-1::conversation_3546001_4336.csv::s1,astro_other,2026-07-16 10:28:54.031
Sitara-1::conversation_3546001_4336.csv::s1,user_enthusiastic,2026-07-16 10:29:01.032
Sitara-1::conversation_3546001_4336.csv::s1,astro_callback_within,2026-07-16 10:29:06.033
Sitara-1::conversation_3546001_4336.csv::s1,astro_other,2026-07-16 10:29:08.034
Sitara-1::conversation_3546001_4336.csv::s1,user_enthusiastic,2026-07-16 10:29:16.035
Sitara-1::conversation_3546001_4336.csv::s1,astro_callback_within,2026-07-16 10:29:21.036
Sitara-1::conversation_3546001_4336.csv::s2,user_neutral,2026-07-16 10:54:09.000
Sitara-1::conversation_3546001_4336.csv::s2,astro_other,2026-07-16 10:54:16.001
Sitara-1::conversation_3546001_4336.csv::s2,astro_other,2026-07-16 10:54:46.002
Sitara-1::conversation_3546001_4336.csv::s2,user_neutral_factual,2026-07-16 10:54:58.003
Sitara-1::conversation_3546001_4336.csv::s2,astro_callback_within,2026-07-16 10:55:03.004
Sitara-1::conversation_3546001_4336.csv::s2,user_pushback,2026-07-16 10:55:16.005
Sitara-1::conversation_3546001_4336.csv::s2,astro_callback_within,2026-07-16 10:55:21.006
Sitara-1::conversation_3546001_4336.csv::s2,astro_callback_within,2026-07-16 10:55:23.007
Sitara-1::conversation_3547345_4336.csv::s1,user_neutral,2026-07-16 11:14:31.000
Sitara-1::conversation_3547345_4336.csv::s1,astro_other,2026-07-16 11:14:35.001
Sitara-1::conversation_3547345_4336.csv::s1,user_emotional_disclosure,2026-07-16 11:14:46.002
Sitara-1::conversation_3547345_4336.csv::s1,astro_callback_within,2026-07-16 11:14:51.003
Sitara-1::conversation_3547345_4336.csv::s1,user_emotional_disclosure,2026-07-16 11:15:29.004
Sitara-1::conversation_3547345_4336.csv::s1,astro_callback_within,2026-07-16 11:15:34.005
Sitara-1::conversation_3547345_4336.csv::s1,user_neutral_factual,2026-07-16 11:15:38.006
Sitara-1::conversation_3547345_4336.csv::s1,user_pushback,2026-07-16 11:16:12.007
Sitara-1::conversation_3547345_4336.csv::s1,astro_callback_within,2026-07-16 11:16:17.008
Sitara-1::conversation_3547345_4336.csv::s1,astro_callback_within,2026-07-16 11:16:30.009
Sitara-1::conversation_3547345_4336.csv::s1,astro_callback_within,2026-07-16 11:16:40.010
Sitara-1::conversation_3547345_4336.csv::s1,user_neutral,2026-07-16 11:16:51.011
Sitara-1::conversation_3547345_4336.csv::s1,astro_callback_within,2026-07-16 11:16:56.012
Sitara-1::conversation_3547345_4336.csv::s1,astro_callback_within,2026-07-16 11:16:59.013
Sitara-1::conversation_3547345_4336.csv::s1,astro_other,2026-07-16 11:17:10.014
Sitara-1::conversation_3547345_4336.csv::s1,user_enthusiastic,2026-07-16 11:17:15.015
Sitara-1::conversation_3547345_4336.csv::s1,astro_callback_within,2026-07-16 11:17:19.016
Sitara-1::conversation_3547345_4336.csv::s1,user_neutral_factual,2026-07-16 11:17:21.017
Sitara-1::conversation_3547345_4336.csv::s1,astro_callback_within,2026-07-16 11:17:25.018
Sitara-1::conversation_3547345_4336.csv::s1,user_emotional_disclosure,2026-07-16 11:17:58.019
Sitara-1::conversation_3547345_4336.csv::s1,user_emotional_disclosure,2026-07-16 11:18:27.020
Sitara-1::conversation_3547345_4336.csv::s1,user_neutral,2026-07-16 11:18:29.021
Sitara-1::conversation_3547345_4336.csv::s1,astro_callback_within,2026-07-16 11:18:34.022
Sitara-1::conversation_3547345_4336.csv::s1,astro_callback_within,2026-07-16 11:18:36.023
Sitara-1::conversation_3547345_4336.csv::s1,astro_callback_within,2026-07-16 11:18:39.024
Sitara-1::conversation_3547345_4336.csv::s1,user_neutral,2026-07-16 11:18:47.025
Sitara-1::conversation_3547345_4336.csv::s1,astro_callback_within,2026-07-16 11:18:52.026
Sitara-1::conversation_3547345_4336.csv::s1,user_neutral,2026-07-16 11:18:53.027
Sitara-1::conversation_3547345_4336.csv::s1,astro_callback_within,2026-07-16 11:18:58.028
Sitara-1::conversation_3547345_4336.csv::s1,user_enthusiastic,2026-07-16 11:19:03.029
Sitara-1::conversation_3547345_4336.csv::s1,user_neutral,2026-07-16 11:19:04.030
Sitara-1::conversation_3547345_4336.csv::s1,astro_callback_within,2026-07-16 11:19:10.031
Sitara-1::conversation_3547345_4336.csv::s1,astro_callback_within,2026-07-16 11:19:13.032
Sitara-1::conversation_3547345_4336.csv::s1,astro_other,2026-07-16 11:19:15.033
Sitara-1::conversation_3547345_4336.csv::s1,user_enthusiastic,2026-07-16 11:19:19.034
Sitara-1::conversation_3547345_4336.csv::s1,astro_callback_within,2026-07-16 11:19:24.035
Sitara-1::conversation_3547345_4336.csv::s1,astro_other,2026-07-16 11:19:26.036
Sitara-1::conversation_3547345_4336.csv::s1,user_neutral_factual,2026-07-16 11:19:40.037
Sitara-1::conversation_3547345_4336.csv::s1,astro_callback_within,2026-07-16 11:19:44.038
Sitara-1::conversation_3547345_4336.csv::s1,user_neutral_factual,2026-07-16 11:19:45.039
Sitara-1::conversation_3547345_4336.csv::s1,user_neutral_factual,2026-07-16 11:19:47.040
Sitara-1::conversation_3547345_4336.csv::s1,astro_callback_within,2026-07-16 11:19:52.041
Sitara-1::conversation_3547345_4336.csv::s1,astro_callback_within,2026-07-16 11:19:56.042
Sitara-1::conversation_3547345_4336.csv::s2,user_neutral,2026-07-16 11:25:36.000
Sitara-1::conversation_3547345_4336.csv::s2,user_neutral_factual,2026-07-16 11:25:41.001
Sitara-1::conversation_3547345_4336.csv::s2,astro_other,2026-07-16 11:25:41.002
Sitara-1::conversation_3547345_4336.csv::s2,astro_callback_within,2026-07-16 11:25:45.003
Sitara-1::conversation_3547345_4336.csv::s2,user_neutral_factual,2026-07-16 11:25:51.004
Sitara-1::conversation_3547345_4336.csv::s2,astro_callback_within,2026-07-16 11:25:56.005
Sitara-1::conversation_3547345_4336.csv::s2,astro_other,2026-07-16 11:26:16.006
Sitara-1::conversation_3547345_4336.csv::s2,user_neutral,2026-07-16 11:26:44.007
Sitara-1::conversation_3547345_4336.csv::s2,astro_callback_within,2026-07-16 11:26:48.008
Sitara-1::conversation_3547345_4336.csv::s2,astro_callback_within,2026-07-16 11:27:14.009
Sitara-1::conversation_3547345_4336.csv::s2,user_emotional_disclosure,2026-07-16 11:27:38.010
Sitara-1::conversation_3547345_4336.csv::s2,astro_callback_within,2026-07-16 11:27:43.011
Sitara-1::conversation_3547345_4336.csv::s2,user_neutral_factual,2026-07-16 11:27:54.012
Sitara-1::conversation_3547345_4336.csv::s2,astro_callback_within,2026-07-16 11:27:59.013
Sitara-1::conversation_3547345_4336.csv::s2,astro_callback_within,2026-07-16 11:28:01.014
Sitara-1::conversation_3547345_4336.csv::s2,user_neutral_factual,2026-07-16 11:28:09.015
Sitara-1::conversation_3547345_4336.csv::s2,astro_callback_within,2026-07-16 11:28:22.016
Sitara-1::conversation_3547345_4336.csv::s2,astro_other,2026-07-16 11:28:29.017
Sitara-1::conversation_3547345_4336.csv::s2,user_neutral,2026-07-16 11:28:32.018
Sitara-1::conversation_3547345_4336.csv::s2,astro_callback_within,2026-07-16 11:28:37.019
Sitara-1::conversation_3547345_4336.csv::s2,user_neutral,2026-07-16 11:28:51.020
Sitara-1::conversation_3547345_4336.csv::s2,astro_callback_within,2026-07-16 11:28:56.021
Sitara-1::conversation_3547345_4336.csv::s2,user_neutral,2026-07-16 11:29:06.022
Sitara-1::conversation_3547345_4336.csv::s2,astro_callback_within,2026-07-16 11:29:11.023
Sitara-1::conversation_3547345_4336.csv::s2,user_emotional_disclosure,2026-07-16 11:29:28.024
Sitara-1::conversation_3547345_4336.csv::s2,astro_callback_within,2026-07-16 11:29:33.025
Sitara-1::conversation_3547345_4336.csv::s2,user_enthusiastic,2026-07-16 11:29:46.026
Sitara-1::conversation_3547345_4336.csv::s2,astro_callback_within,2026-07-16 11:29:51.027
Sitara-1::conversation_3547345_4336.csv::s2,user_enthusiastic,2026-07-16 11:30:04.028
Sitara-1::conversation_3547345_4336.csv::s2,astro_callback_within,2026-07-16 11:30:09.029
Sitara-1::conversation_3547345_4336.csv::s2,user_neutral_factual,2026-07-16 11:30:22.030
Sitara-1::conversation_3547345_4336.csv::s2,astro_callback_within,2026-07-16 11:30:27.031
Sitara-1::conversation_3547345_4336.csv::s2,user_neutral,2026-07-16 11:30:37.032
Sitara-1::conversation_3547345_4336.csv::s2,user_neutral,2026-07-16 11:30:39.033
Sitara-1::conversation_3547345_4336.csv::s2,astro_callback_within,2026-07-16 11:30:46.034
Sitara-1::conversation_3547345_4336.csv::s3,user_neutral,2026-07-16 11:36:45.000
Sitara-1::conversation_3547345_4336.csv::s3,astro_other,2026-07-16 11:36:50.001
Sitara-1::conversation_3547345_4336.csv::s3,user_neutral,2026-07-16 11:37:00.002
Sitara-1::conversation_3547345_4336.csv::s3,astro_callback_prior,2026-07-16 11:37:05.003
Sitara-1::conversation_3547345_4336.csv::s3,astro_callback_prior,2026-07-16 11:37:55.004
Sitara-1::conversation_3547345_4336.csv::s3,user_neutral,2026-07-16 11:37:56.005
Sitara-1::conversation_3547345_4336.csv::s3,astro_callback_within,2026-07-16 11:38:01.006
Sitara-1::conversation_3547345_4336.csv::s3,user_neutral_factual,2026-07-16 11:38:17.007
Sitara-1::conversation_3547345_4336.csv::s3,astro_other,2026-07-16 11:38:23.008
Sitara-1::conversation_3547345_4336.csv::s3,astro_other,2026-07-16 11:38:42.009
Sitara-1::conversation_3547345_4336.csv::s3,user_neutral,2026-07-16 11:38:45.010
Sitara-1::conversation_3547345_4336.csv::s3,user_neutral,2026-07-16 11:38:48.011
Sitara-1::conversation_3547345_4336.csv::s3,astro_callback_within,2026-07-16 11:38:53.012
Sitara-1::conversation_3547345_4336.csv::s3,astro_callback_within,2026-07-16 11:38:56.013
Sitara-1::conversation_3547345_4336.csv::s3,user_neutral,2026-07-16 11:39:19.014
Sitara-1::conversation_3547345_4336.csv::s3,astro_callback_within,2026-07-16 11:39:28.015
Sitara-1::conversation_3547345_4336.csv::s3,user_neutral,2026-07-16 11:39:45.016
Sitara-1::conversation_3547345_4336.csv::s3,astro_callback_within,2026-07-16 11:39:50.017
Sitara-1::conversation_3547345_4336.csv::s3,user_neutral_factual,2026-07-16 11:40:05.018
Sitara-1::conversation_3547345_4336.csv::s3,astro_callback_prior,2026-07-16 11:40:10.019
Sitara-1::conversation_3547345_4336.csv::s3,user_emotional_disclosure,2026-07-16 11:40:37.020
Sitara-1::conversation_3547345_4336.csv::s3,astro_callback_within,2026-07-16 11:40:42.021
Sitara-1::conversation_3552080_4336.csv::s1,user_neutral,2026-07-16 15:42:40.000
Sitara-1::conversation_3552080_4336.csv::s1,astro_other,2026-07-16 15:43:00.001
Sitara-1::conversation_3552080_4336.csv::s1,astro_other,2026-07-16 15:43:33.002
Sitara-1::conversation_3552080_4336.csv::s1,user_neutral,2026-07-16 15:43:53.003
Sitara-1::conversation_3552080_4336.csv::s1,astro_callback_within,2026-07-16 15:43:58.004
Sitara-1::conversation_3552080_4336.csv::s1,user_emotional_disclosure,2026-07-16 15:44:18.005
Sitara-1::conversation_3552080_4336.csv::s1,astro_callback_within,2026-07-16 15:44:23.006
Sitara-1::conversation_3552080_4336.csv::s1,user_neutral_factual,2026-07-16 15:44:43.007
Sitara-1::conversation_3552080_4336.csv::s1,astro_other,2026-07-16 15:44:48.008
Sitara-1::conversation_3552080_4336.csv::s1,astro_callback_within,2026-07-16 15:45:02.009
Sitara-1::conversation_3552080_4336.csv::s1,user_neutral,2026-07-16 15:45:26.010
Sitara-1::conversation_3552080_4336.csv::s1,astro_callback_within,2026-07-16 15:45:31.011
Sitara-1::conversation_3552080_4336.csv::s1,user_neutral,2026-07-16 15:46:00.012
Sitara-1::conversation_3552080_4336.csv::s1,user_neutral,2026-07-16 15:46:10.013
Sitara-1::conversation_3552080_4336.csv::s1,astro_other,2026-07-16 15:46:12.014
Sitara-1::conversation_3552080_4336.csv::s1,astro_callback_within,2026-07-16 15:46:19.015
Sitara-1::conversation_3552080_4336.csv::s1,astro_dated_prediction,2026-07-16 15:46:21.016
Sitara-1::conversation_3552080_4336.csv::s1,user_neutral,2026-07-16 15:46:39.017
Sitara-1::conversation_3552080_4336.csv::s1,astro_callback_within,2026-07-16 15:46:44.018
Sitara-1::conversation_3552080_4336.csv::s1,user_neutral,2026-07-16 15:47:05.019
Sitara-1::conversation_3552080_4336.csv::s1,astro_callback_within,2026-07-16 15:47:10.020
Sitara-1::conversation_3552080_4336.csv::s1,user_neutral_factual,2026-07-16 15:47:19.021
Sitara-1::conversation_3552080_4336.csv::s1,user_neutral_factual,2026-07-16 15:47:20.022
Sitara-1::conversation_3552080_4336.csv::s1,user_emotional_disclosure,2026-07-16 15:47:27.023
Sitara-1::conversation_3552080_4336.csv::s1,astro_callback_within,2026-07-16 15:47:31.024
Sitara-1::conversation_3552080_4336.csv::s1,astro_dated_prediction,2026-07-16 15:47:41.025
Sitara-1::conversation_3552080_4336.csv::s2,user_neutral,2026-07-16 15:49:52.000
Sitara-1::conversation_3552080_4336.csv::s2,astro_other,2026-07-16 15:49:57.001
Sitara-1::conversation_3552080_4336.csv::s2,user_emotional_disclosure,2026-07-16 15:50:22.002
Sitara-1::conversation_3552080_4336.csv::s2,astro_dated_prediction,2026-07-16 15:50:28.003
Sitara-1::conversation_3552080_4336.csv::s2,user_neutral,2026-07-16 15:50:50.004
Sitara-1::conversation_3552080_4336.csv::s2,astro_dated_prediction,2026-07-16 15:51:00.005
Sitara-1::conversation_3552080_4336.csv::s2,user_neutral_factual,2026-07-16 15:51:14.006
Sitara-1::conversation_3552080_4336.csv::s2,astro_callback_prior,2026-07-16 15:51:20.007
Sitara-1::conversation_3552080_4336.csv::s2,astro_dated_prediction,2026-07-16 15:51:22.008
Sitara-1::conversation_3552080_4336.csv::s2,user_neutral,2026-07-16 15:51:47.009
Sitara-1::conversation_3552080_4336.csv::s2,astro_callback_prior,2026-07-16 15:51:52.010
Sitara-1::conversation_3552080_4336.csv::s2,user_neutral,2026-07-16 15:52:36.011
Sitara-1::conversation_3552080_4336.csv::s2,astro_callback_prior,2026-07-16 15:52:43.012
Sitara-1::conversation_3552080_4336.csv::s2,user_pushback,2026-07-16 15:53:10.013
Sitara-1::conversation_3552080_4336.csv::s2,astro_callback_within,2026-07-16 15:53:19.014
Sitara-1::conversation_3552080_4336.csv::s2,astro_callback_prior,2026-07-16 15:53:21.015
Sitara-1::conversation_3552080_4336.csv::s2,user_neutral,2026-07-16 15:53:54.016
Sitara-1::conversation_3552080_4336.csv::s2,user_neutral,2026-07-16 15:53:58.017
Sitara-1::conversation_3552080_4336.csv::s2,astro_callback_within,2026-07-16 15:53:59.018
Sitara-1::conversation_3552080_4336.csv::s2,astro_callback_within,2026-07-16 15:54:01.019
Sitara-1::conversation_3552080_4336.csv::s2,astro_callback_prior,2026-07-16 15:54:06.020
Sitara-1::conversation_3552080_4336.csv::s2,user_enthusiastic,2026-07-16 15:54:40.021
Sitara-1::conversation_3552080_4336.csv::s2,user_neutral,2026-07-16 15:54:45.022
Sitara-1::conversation_3552080_4336.csv::s2,astro_callback_within,2026-07-16 15:55:02.023
Sitara-1::conversation_3552080_4336.csv::s2,astro_other,2026-07-16 15:55:06.024
Sitara-1::conversation_3555463_4336.csv::s1,user_neutral,2026-07-16 18:19:15.000
Sitara-1::conversation_3555463_4336.csv::s1,astro_other,2026-07-16 18:19:19.001
Sitara-1::conversation_3555463_4336.csv::s1,user_neutral,2026-07-16 18:19:36.002
Sitara-1::conversation_3555463_4336.csv::s1,user_neutral,2026-07-16 18:19:38.003
Sitara-1::conversation_3555463_4336.csv::s1,astro_callback_within,2026-07-16 18:19:45.004
Sitara-1::conversation_3555463_4336.csv::s1,user_neutral_factual,2026-07-16 18:19:49.005
Sitara-1::conversation_3555463_4336.csv::s1,astro_callback_within,2026-07-16 18:19:54.006
Sitara-1::conversation_3555463_4336.csv::s1,user_neutral_factual,2026-07-16 18:20:13.007
Sitara-1::conversation_3555463_4336.csv::s1,astro_callback_within,2026-07-16 18:20:18.008
Sitara-1::conversation_3555463_4336.csv::s1,user_neutral_factual,2026-07-16 18:20:26.009
Sitara-1::conversation_3555463_4336.csv::s1,astro_callback_within,2026-07-16 18:20:30.010
Sitara-1::conversation_3555463_4336.csv::s1,user_neutral_factual,2026-07-16 18:20:38.011
Sitara-1::conversation_3555463_4336.csv::s1,astro_other,2026-07-16 18:20:43.012
Sitara-1::conversation_3555463_4336.csv::s1,astro_other,2026-07-16 18:20:45.013
Sitara-1::conversation_3555463_4336.csv::s1,astro_callback_within,2026-07-16 18:20:51.014
Sitara-1::conversation_3555463_4336.csv::s1,user_neutral_factual,2026-07-16 18:20:54.015
Sitara-1::conversation_3555463_4336.csv::s1,astro_callback_within,2026-07-16 18:20:58.016
Sitara-1::conversation_3555463_4336.csv::s1,user_neutral_factual,2026-07-16 18:21:07.017
Sitara-1::conversation_3555463_4336.csv::s1,user_neutral_factual,2026-07-16 18:21:10.018
Sitara-1::conversation_3555463_4336.csv::s1,astro_callback_within,2026-07-16 18:21:12.019
Sitara-1::conversation_3555463_4336.csv::s1,user_neutral_factual,2026-07-16 18:21:13.020
Sitara-1::conversation_3555463_4336.csv::s1,user_neutral_factual,2026-07-16 18:21:41.021
Sitara-1::conversation_3555463_4336.csv::s1,astro_callback_within,2026-07-16 18:21:46.022
Sitara-1::conversation_3555463_4336.csv::s1,user_neutral_factual,2026-07-16 18:21:54.023
Sitara-1::conversation_3555463_4336.csv::s1,astro_callback_within,2026-07-16 18:22:00.024
Sitara-1::conversation_3555463_4336.csv::s1,astro_other,2026-07-16 18:22:30.025
Sitara-1::conversation_3555463_4336.csv::s1,user_neutral_factual,2026-07-16 18:22:44.026
Sitara-1::conversation_3555463_4336.csv::s1,astro_callback_within,2026-07-16 18:22:52.027
Sitara-1::conversation_3555463_4336.csv::s1,user_neutral_factual,2026-07-16 18:23:00.028
Sitara-1::conversation_3555463_4336.csv::s1,astro_callback_within,2026-07-16 18:23:08.029
Sitara-1::conversation_3555463_4336.csv::s1,user_neutral_factual,2026-07-16 18:23:22.030
Sitara-1::conversation_3555463_4336.csv::s1,astro_callback_within,2026-07-16 18:23:29.031
Sitara-1::conversation_3555463_4336.csv::s1,user_neutral,2026-07-16 18:23:33.032
Sitara-1::conversation_3555463_4336.csv::s1,astro_callback_within,2026-07-16 18:23:40.033
Sitara-1::conversation_3555463_4336.csv::s1,user_enthusiastic,2026-07-16 18:23:47.034
Sitara-1::conversation_3555463_4336.csv::s1,astro_callback_within,2026-07-16 18:23:54.035
Sitara-1::conversation_3555463_4336.csv::s1,user_enthusiastic,2026-07-16 18:24:01.036
Sitara-1::conversation_3555463_4336.csv::s1,astro_callback_within,2026-07-16 18:24:09.037
Sitara-1::conversation_3555463_4336.csv::s2,user_neutral,2026-07-16 18:25:16.000
Sitara-1::conversation_3555463_4336.csv::s2,astro_other,2026-07-16 18:25:23.001
Sitara-1::conversation_3555463_4336.csv::s2,user_neutral_factual,2026-07-16 18:25:33.002
Sitara-1::conversation_3555463_4336.csv::s2,astro_callback_within,2026-07-16 18:25:39.003
Sitara-1::conversation_3555463_4336.csv::s2,user_pushback,2026-07-16 18:25:39.004
Sitara-1::conversation_3555463_4336.csv::s2,astro_callback_within,2026-07-16 18:25:47.005
Sitara-1::conversation_3555463_4336.csv::s2,user_neutral_factual,2026-07-16 18:26:04.006
Sitara-1::conversation_3555463_4336.csv::s2,astro_callback_within,2026-07-16 18:26:13.007
Sitara-1::conversation_3555463_4336.csv::s2,user_neutral_factual,2026-07-16 18:26:21.008
Sitara-1::conversation_3555463_4336.csv::s2,astro_callback_within,2026-07-16 18:26:28.009
Sitara-1::conversation_3555463_4336.csv::s2,user_pushback,2026-07-16 18:26:51.010
Sitara-1::conversation_3555463_4336.csv::s2,user_neutral_factual,2026-07-16 18:26:53.011
Sitara-1::conversation_3555463_4336.csv::s2,astro_callback_prior,2026-07-16 18:26:56.012
Sitara-1::conversation_3555463_4336.csv::s2,astro_other,2026-07-16 18:27:04.013
Sitara-1::conversation_3555463_4336.csv::s2,user_neutral_factual,2026-07-16 18:27:18.014
Sitara-1::conversation_3555463_4336.csv::s2,astro_callback_within,2026-07-16 18:27:25.015
Sitara-1::conversation_3555463_4336.csv::s2,user_neutral_factual,2026-07-16 18:27:28.016
Sitara-1::conversation_3555463_4336.csv::s2,user_neutral_factual,2026-07-16 18:27:31.017
Sitara-1::conversation_3555463_4336.csv::s2,user_neutral_factual,2026-07-16 18:27:32.018
Sitara-1::conversation_3555463_4336.csv::s2,astro_callback_within,2026-07-16 18:27:35.019
Sitara-1::conversation_3555463_4336.csv::s2,astro_callback_within,2026-07-16 18:27:42.020
Sitara-1::conversation_3555463_4336.csv::s2,astro_other,2026-07-16 18:27:47.021
Sitara-1::conversation_3555463_4336.csv::s2,user_neutral_factual,2026-07-16 18:27:51.022
Sitara-1::conversation_3555463_4336.csv::s2,astro_callback_within,2026-07-16 18:27:58.023
Sitara-1::conversation_3555463_4336.csv::s2,user_neutral_factual,2026-07-16 18:28:02.024
Sitara-1::conversation_3555463_4336.csv::s2,astro_callback_within,2026-07-16 18:28:09.025
Sitara-1::conversation_3555463_4336.csv::s2,user_neutral_factual,2026-07-16 18:28:18.026
Sitara-1::conversation_3555463_4336.csv::s2,astro_callback_within,2026-07-16 18:28:23.027
Sitara-1::conversation_3555463_4336.csv::s2,user_neutral_factual,2026-07-16 18:28:32.028
Sitara-1::conversation_3555463_4336.csv::s2,astro_dated_prediction,2026-07-16 18:28:38.029
Sitara-1::conversation_3555463_4336.csv::s2,user_neutral_factual,2026-07-16 18:28:51.030
Sitara-1::conversation_3555463_4336.csv::s2,user_neutral_factual,2026-07-16 18:28:55.031
Sitara-1::conversation_3555463_4336.csv::s2,astro_callback_within,2026-07-16 18:28:58.032
Sitara-1::conversation_3555463_4336.csv::s2,astro_other,2026-07-16 18:29:04.033
Sitara-1::conversation_3555463_4336.csv::s2,user_neutral_factual,2026-07-16 18:29:19.034
Sitara-1::conversation_3555463_4336.csv::s2,astro_other,2026-07-16 18:29:21.035
Sitara-1::conversation_3555463_4336.csv::s2,astro_other,2026-07-16 18:29:29.036
Sitara-1::conversation_3555463_4336.csv::s2,user_neutral_factual,2026-07-16 18:29:36.037
Sitara-1::conversation_3555463_4336.csv::s2,astro_callback_within,2026-07-16 18:29:44.038
Sitara-1::conversation_3555463_4336.csv::s2,user_neutral_factual,2026-07-16 18:29:51.039
Sitara-1::conversation_3555463_4336.csv::s2,user_neutral_factual,2026-07-16 18:29:53.040
Sitara-1::conversation_3555463_4336.csv::s2,astro_other,2026-07-16 18:30:01.041
Sitara-1::conversation_3555463_4336.csv::s2,user_emotional_disclosure,2026-07-16 18:30:05.042
Sitara-1::conversation_3555463_4336.csv::s2,astro_other,2026-07-16 18:30:06.043
Sitara-1::conversation_3555463_4336.csv::s2,astro_callback_within,2026-07-16 18:30:12.044
Sitara-1::conversation_3556062_4336.csv::s1,user_neutral_factual,2026-07-16 19:10:19.000
Sitara-1::conversation_3556062_4336.csv::s1,astro_other,2026-07-16 19:10:21.001
Sitara-1::conversation_3556062_4336.csv::s1,user_neutral_factual,2026-07-16 19:10:36.002
Sitara-1::conversation_3556062_4336.csv::s1,astro_callback_within,2026-07-16 19:10:39.003
Sitara-1::conversation_3556062_4336.csv::s1,user_neutral_factual,2026-07-16 19:10:49.004
Sitara-1::conversation_3556062_4336.csv::s1,user_neutral_factual,2026-07-16 19:11:03.005
Sitara-1::conversation_3556062_4336.csv::s1,astro_callback_within,2026-07-16 19:11:07.006
Sitara-1::conversation_3556062_4336.csv::s1,user_neutral_factual,2026-07-16 19:11:13.007
Sitara-1::conversation_3556062_4336.csv::s1,astro_callback_within,2026-07-16 19:11:17.008
Sitara-1::conversation_3556062_4336.csv::s1,astro_callback_within,2026-07-16 19:11:26.009
Sitara-1::conversation_3556062_4336.csv::s1,user_neutral_factual,2026-07-16 19:11:27.010
Sitara-1::conversation_3556062_4336.csv::s1,user_emotional_disclosure,2026-07-16 19:11:55.011
Sitara-1::conversation_3556062_4336.csv::s1,astro_callback_within,2026-07-16 19:12:02.012
Sitara-1::conversation_3556062_4336.csv::s1,user_neutral_factual,2026-07-16 19:12:07.013
Sitara-1::conversation_3556062_4336.csv::s1,astro_callback_within,2026-07-16 19:12:16.014
Sitara-1::conversation_3556062_4336.csv::s1,user_emotional_disclosure,2026-07-16 19:12:28.015
Sitara-1::conversation_3556062_4336.csv::s1,astro_callback_within,2026-07-16 19:12:35.016
Sitara-1::conversation_3556062_4336.csv::s1,user_neutral_factual,2026-07-16 19:12:36.017
Sitara-1::conversation_3556062_4336.csv::s1,astro_callback_within,2026-07-16 19:12:46.018
Sitara-1::conversation_3556062_4336.csv::s1,astro_callback_within,2026-07-16 19:12:49.019
Sitara-1::conversation_3556062_4336.csv::s1,user_neutral_factual,2026-07-16 19:13:00.020
Sitara-1::conversation_3556062_4336.csv::s1,astro_callback_within,2026-07-16 19:13:07.021
Sitara-1::conversation_3556062_4336.csv::s1,user_neutral_factual,2026-07-16 19:13:14.022
Sitara-1::conversation_3556062_4336.csv::s1,astro_callback_within,2026-07-16 19:13:24.023
Sitara-1::conversation_3556062_4336.csv::s1,user_neutral_factual,2026-07-16 19:13:30.024
Sitara-1::conversation_3556062_4336.csv::s1,user_neutral_factual,2026-07-16 19:13:41.025
Sitara-1::conversation_3556062_4336.csv::s1,astro_callback_within,2026-07-16 19:13:43.026
Sitara-1::conversation_3556062_4336.csv::s1,user_neutral_factual,2026-07-16 19:13:50.027
Sitara-1::conversation_3556062_4336.csv::s1,astro_callback_within,2026-07-16 19:13:51.028
Sitara-1::conversation_3556062_4336.csv::s1,astro_other,2026-07-16 19:13:59.029
Sitara-1::conversation_3556062_4336.csv::s1,user_neutral_factual,2026-07-16 19:14:10.030
Sitara-1::conversation_3556062_4336.csv::s1,user_neutral_factual,2026-07-16 19:14:14.031
Sitara-1::conversation_3556062_4336.csv::s1,astro_other,2026-07-16 19:14:22.032
Sitara-1::conversation_3556062_4336.csv::s1,astro_dated_prediction,2026-07-16 19:14:29.033
Sitara-1::conversation_3556062_4336.csv::s1,user_neutral_factual,2026-07-16 19:14:35.034
Sitara-1::conversation_3556062_4336.csv::s1,user_neutral_factual,2026-07-16 19:14:40.035
Sitara-1::conversation_3556062_4336.csv::s1,astro_other,2026-07-16 19:14:42.036
Sitara-1::conversation_3556062_4336.csv::s1,user_neutral_factual,2026-07-16 19:14:45.037
Sitara-1::conversation_3556062_4336.csv::s1,astro_dated_prediction,2026-07-16 19:14:49.038
Sitara-1::conversation_3556062_4336.csv::s1,astro_callback_within,2026-07-16 19:14:55.039
Sitara-1::conversation_3556062_4336.csv::s2,user_neutral,2026-07-16 19:17:00.000
Sitara-1::conversation_3556062_4336.csv::s2,astro_other,2026-07-16 19:17:08.001
Sitara-1::conversation_3556062_4336.csv::s2,user_neutral_factual,2026-07-16 19:17:19.002
Sitara-1::conversation_3556062_4336.csv::s2,astro_other,2026-07-16 19:17:25.003
Sitara-1::conversation_3556062_4336.csv::s2,user_neutral_factual,2026-07-16 19:17:25.004
Sitara-1::conversation_3556062_4336.csv::s2,user_neutral_factual,2026-07-16 19:17:31.005
Sitara-1::conversation_3556062_4336.csv::s2,user_neutral_factual,2026-07-16 19:17:33.006
Sitara-1::conversation_3556062_4336.csv::s2,astro_callback_prior,2026-07-16 19:17:33.007
Sitara-1::conversation_3556062_4336.csv::s2,astro_other,2026-07-16 19:17:40.008
Sitara-1::conversation_3556062_4336.csv::s2,astro_callback_within,2026-07-16 19:17:44.009
Sitara-1::conversation_3556062_4336.csv::s2,user_neutral_factual,2026-07-16 19:17:54.010
Sitara-1::conversation_3556062_4336.csv::s2,user_neutral_factual,2026-07-16 19:17:58.011
Sitara-1::conversation_3556062_4336.csv::s2,astro_callback_within,2026-07-16 19:18:03.012
Sitara-1::conversation_3556062_4336.csv::s2,user_neutral_factual,2026-07-16 19:18:41.013
Sitara-1::conversation_3556062_4336.csv::s2,astro_callback_within,2026-07-16 19:18:49.014
Sitara-1::conversation_3556062_4336.csv::s2,user_emotional_disclosure,2026-07-16 19:18:57.015
Sitara-1::conversation_3556062_4336.csv::s2,user_neutral_factual,2026-07-16 19:19:04.016
Sitara-1::conversation_3556062_4336.csv::s2,astro_callback_within,2026-07-16 19:19:04.017
Sitara-1::conversation_3556062_4336.csv::s2,astro_callback_prior,2026-07-16 19:19:13.018
Sitara-1::conversation_3556062_4336.csv::s2,user_neutral_factual,2026-07-16 19:19:20.019
Sitara-1::conversation_3556062_4336.csv::s2,astro_callback_prior,2026-07-16 19:19:27.020
Sitara-1::conversation_3556062_4336.csv::s2,user_neutral_factual,2026-07-16 19:19:40.021
Sitara-1::conversation_3556062_4336.csv::s2,astro_callback_prior,2026-07-16 19:19:47.022
Sitara-1::conversation_3556062_4336.csv::s2,user_neutral_factual,2026-07-16 19:19:57.023
Sitara-1::conversation_3556062_4336.csv::s2,astro_callback_prior,2026-07-16 19:20:05.024
Sitara-1::conversation_3556062_4336.csv::s2,astro_callback_prior,2026-07-16 19:20:24.025
Sitara-1::conversation_3556062_4336.csv::s2,user_emotional_disclosure,2026-07-16 19:20:29.026
Sitara-1::conversation_3556062_4336.csv::s2,astro_callback_within,2026-07-16 19:20:36.027
Sitara-1::conversation_3556062_4336.csv::s2,user_neutral_factual,2026-07-16 19:20:44.028
Sitara-1::conversation_3556062_4336.csv::s2,user_emotional_disclosure,2026-07-16 19:20:54.029
Sitara-1::conversation_3556062_4336.csv::s2,user_neutral_factual,2026-07-16 19:20:58.030
Sitara-1::conversation_3556062_4336.csv::s2,astro_callback_within,2026-07-16 19:21:08.031
Sitara-1::conversation_3556062_4336.csv::s2,user_neutral_factual,2026-07-16 19:21:27.032
Sitara-1::conversation_3556062_4336.csv::s2,astro_dated_prediction,2026-07-16 19:21:34.033
Sitara-1::conversation_3556062_4336.csv::s2,user_neutral_factual,2026-07-16 19:21:40.034
Sitara-1::conversation_3556062_4336.csv::s2,astro_callback_prior,2026-07-16 19:21:47.035
Sitara-1::conversation_3556062_4336.csv::s2,user_neutral_factual,2026-07-16 19:21:49.036
Sitara-1::conversation_3556062_4336.csv::s2,astro_callback_within,2026-07-16 19:21:56.037
Sitara-1::conversation_3557997_4336.csv::s1,user_neutral,2026-07-17 03:09:18.000
Sitara-1::conversation_3557997_4336.csv::s1,astro_other,2026-07-17 03:09:23.001
Sitara-1::conversation_3557997_4336.csv::s1,user_neutral_factual,2026-07-17 03:09:33.002
Sitara-1::conversation_3557997_4336.csv::s1,astro_other,2026-07-17 03:09:37.003
Sitara-1::conversation_3557997_4336.csv::s1,user_neutral_factual,2026-07-17 03:09:45.004
Sitara-1::conversation_3557997_4336.csv::s1,astro_validation,2026-07-17 03:09:45.005
Sitara-1::conversation_3557997_4336.csv::s1,astro_validation,2026-07-17 03:09:51.006
Sitara-1::conversation_3557997_4336.csv::s1,user_pushback,2026-07-17 03:10:01.007
Sitara-1::conversation_3557997_4336.csv::s1,user_emotional_disclosure,2026-07-17 03:10:12.008
Sitara-1::conversation_3557997_4336.csv::s1,astro_validation,2026-07-17 03:10:16.009
Sitara-1::conversation_3557997_4336.csv::s1,user_emotional_disclosure,2026-07-17 03:10:27.010
Sitara-1::conversation_3557997_4336.csv::s1,astro_validation,2026-07-17 03:10:32.011
Sitara-1::conversation_3557997_4336.csv::s1,user_neutral_factual,2026-07-17 03:10:39.012
Sitara-1::conversation_3557997_4336.csv::s1,astro_other,2026-07-17 03:10:44.013
Sitara-1::conversation_3557997_4336.csv::s1,astro_callback_within,2026-07-17 03:10:44.014
Sitara-1::conversation_3557997_4336.csv::s1,user_neutral_factual,2026-07-17 03:10:51.015
Sitara-1::conversation_3557997_4336.csv::s1,astro_callback_within,2026-07-17 03:10:56.016
Sitara-1::conversation_3557997_4336.csv::s1,user_emotional_disclosure,2026-07-17 03:11:09.017
Sitara-1::conversation_3557997_4336.csv::s1,astro_dated_prediction,2026-07-17 03:11:14.018
Sitara-1::conversation_3557997_4336.csv::s1,user_enthusiastic,2026-07-17 03:11:14.019
Sitara-1::conversation_3557997_4336.csv::s1,astro_callback_within,2026-07-17 03:11:19.020
Sitara-1::conversation_3557997_4336.csv::s1,user_neutral_factual,2026-07-17 03:11:27.021
Sitara-1::conversation_3557997_4336.csv::s1,astro_callback_within,2026-07-17 03:11:32.022
Sitara-1::conversation_3557997_4336.csv::s1,user_emotional_disclosure,2026-07-17 03:11:44.023
Sitara-1::conversation_3557997_4336.csv::s1,astro_other,2026-07-17 03:11:50.024
Sitara-1::conversation_3557997_4336.csv::s1,user_emotional_disclosure,2026-07-17 03:11:52.025
Sitara-1::conversation_3557997_4336.csv::s1,astro_other,2026-07-17 03:11:57.026
Sitara-1::conversation_3557997_4336.csv::s1,user_neutral_factual,2026-07-17 03:12:08.027
Sitara-1::conversation_3557997_4336.csv::s1,astro_callback_within,2026-07-17 03:12:12.028
Sitara-1::conversation_3557997_4336.csv::s1,user_emotional_disclosure,2026-07-17 03:12:16.029
Sitara-1::conversation_3557997_4336.csv::s1,astro_other,2026-07-17 03:12:21.030
Sitara-1::conversation_3557997_4336.csv::s1,user_emotional_disclosure,2026-07-17 03:12:54.031
Sitara-1::conversation_3557997_4336.csv::s1,astro_callback_within,2026-07-17 03:12:59.032
Sitara-1::conversation_3557997_4336.csv::s1,user_emotional_disclosure,2026-07-17 03:13:05.033
Sitara-1::conversation_3557997_4336.csv::s1,astro_validation,2026-07-17 03:13:09.034
Sitara-1::conversation_3557997_4336.csv::s1,user_emotional_disclosure,2026-07-17 03:13:21.035
Sitara-1::conversation_3557997_4336.csv::s1,astro_callback_within,2026-07-17 03:13:26.036
Sitara-1::conversation_3557997_4336.csv::s1,user_emotional_disclosure,2026-07-17 03:13:44.037
Sitara-1::conversation_3557997_4336.csv::s1,astro_callback_within,2026-07-17 03:13:49.038
Sitara-1::conversation_3557997_4336.csv::s1,user_emotional_disclosure,2026-07-17 03:13:54.039
Sitara-1::conversation_3557997_4336.csv::s1,astro_callback_within,2026-07-17 03:13:59.040
Sitara-1::conversation_3557997_4336.csv::s1,user_neutral_factual,2026-07-17 03:14:07.041
Sitara-1::conversation_3557997_4336.csv::s1,astro_dated_prediction,2026-07-17 03:14:13.042
Sitara-1::conversation_3557997_4336.csv::s1,user_enthusiastic,2026-07-17 03:14:20.043
Sitara-1::conversation_3557997_4336.csv::s1,astro_other,2026-07-17 03:14:25.044
Sitara-1::conversation_3557997_4336.csv::s1,user_emotional_disclosure,2026-07-17 03:14:31.045
Sitara-1::conversation_3557997_4336.csv::s1,astro_dated_prediction,2026-07-17 03:14:36.046
Sitara-1::conversation_3557997_4336.csv::s1,user_emotional_disclosure,2026-07-17 03:14:50.047
Sitara-1::conversation_3557997_4336.csv::s1,astro_validation,2026-07-17 03:14:55.048
Sitara-1::conversation_3557997_4336.csv::s1,user_emotional_disclosure,2026-07-17 03:14:57.049
Sitara-1::conversation_3557997_4336.csv::s1,astro_callback_within,2026-07-17 03:15:02.050
Sitara-1::conversation_3557997_4336.csv::s1,user_enthusiastic,2026-07-17 03:15:09.051
Sitara-1::conversation_3557997_4336.csv::s1,user_emotional_disclosure,2026-07-17 03:16:13.052
Sitara-1::conversation_3557997_4336.csv::s1,astro_callback_within,2026-07-17 03:16:18.053
Sitara-1::conversation_3557997_4336.csv::s1,user_emotional_disclosure,2026-07-17 03:16:31.054
Sitara-1::conversation_3557997_4336.csv::s1,astro_other,2026-07-17 03:16:36.055
Sitara-1::conversation_3557997_4336.csv::s1,user_enthusiastic,2026-07-17 03:16:45.056
Sitara-1::conversation_3557997_4336.csv::s1,user_enthusiastic,2026-07-17 03:16:58.057
Sitara-1::conversation_3557997_4336.csv::s1,user_enthusiastic,2026-07-17 03:17:01.058
Sitara-1::conversation_3557997_4336.csv::s1,astro_dated_prediction,2026-07-17 03:17:03.059
Sitara-1::conversation_3557997_4336.csv::s1,user_enthusiastic,2026-07-17 03:17:26.060
Sitara-1::conversation_3557997_4336.csv::s1,astro_dated_prediction,2026-07-17 03:17:31.061
Sitara-1::conversation_3557997_4336.csv::s1,user_enthusiastic,2026-07-17 03:17:35.062
Sitara-1::conversation_3557997_4336.csv::s1,astro_callback_within,2026-07-17 03:17:40.063
Sitara-1::conversation_3557997_4336.csv::s1,user_neutral_factual,2026-07-17 03:17:56.064
Sitara-1::conversation_3557997_4336.csv::s1,astro_callback_within,2026-07-17 03:18:01.065
Sitara-1::conversation_3557997_4336.csv::s1,user_neutral_factual,2026-07-17 03:18:11.066
Sitara-1::conversation_3557997_4336.csv::s1,astro_callback_within,2026-07-17 03:18:16.067
Sitara-1::conversation_3557997_4336.csv::s1,user_emotional_disclosure,2026-07-17 03:18:30.068
Sitara-1::conversation_3557997_4336.csv::s1,astro_reframe,2026-07-17 03:18:35.069
Sitara-1::conversation_3557997_4336.csv::s1,user_emotional_disclosure,2026-07-17 03:18:36.070
Sitara-1::conversation_3557997_4336.csv::s1,astro_dated_prediction,2026-07-17 03:18:41.071
Sitara-1::conversation_3557997_4336.csv::s1,user_emotional_disclosure,2026-07-17 03:18:50.072
Sitara-1::conversation_3557997_4336.csv::s1,astro_dated_prediction,2026-07-17 03:18:55.073
Sitara-1::conversation_3557997_4336.csv::s1,user_emotional_disclosure,2026-07-17 03:18:56.074
Sitara-1::conversation_3557997_4336.csv::s1,astro_other,2026-07-17 03:19:01.075
Sitara-1::conversation_3557997_4336.csv::s1,user_neutral_factual,2026-07-17 03:19:10.076
Sitara-1::conversation_3557997_4336.csv::s1,astro_dated_prediction,2026-07-17 03:19:14.077
Sitara-1::conversation_3557997_4336.csv::s1,user_enthusiastic,2026-07-17 03:19:15.078
Sitara-1::conversation_3557997_4336.csv::s1,user_enthusiastic,2026-07-17 03:19:36.079
Sitara-1::conversation_3557997_4336.csv::s1,astro_callback_within,2026-07-17 03:19:41.080
Sitara-1::conversation_3557997_4336.csv::s1,user_neutral_factual,2026-07-17 03:20:18.081
Sitara-1::conversation_3557997_4336.csv::s1,astro_callback_within,2026-07-17 03:20:23.082
Sitara-1::conversation_3557997_4336.csv::s1,user_emotional_disclosure,2026-07-17 03:20:31.083
Sitara-1::conversation_3557997_4336.csv::s1,astro_reframe,2026-07-17 03:20:36.084
Sitara-1::conversation_3557997_4336.csv::s1,user_enthusiastic,2026-07-17 03:20:40.085
Sitara-1::conversation_3557997_4336.csv::s1,astro_callback_within,2026-07-17 03:20:45.086
Sitara-1::conversation_3557997_4336.csv::s1,user_enthusiastic,2026-07-17 03:20:58.087
Sitara-1::conversation_3557997_4336.csv::s1,astro_other,2026-07-17 03:21:04.088
Sitara-1::conversation_3557997_4336.csv::s1,user_enthusiastic,2026-07-17 03:21:05.089
Sitara-1::conversation_3557997_4336.csv::s1,astro_callback_within,2026-07-17 03:21:10.090
Sitara-1::conversation_3557997_4336.csv::s1,astro_open_thread,2026-07-17 03:21:12.091
Sitara-1::conversation_3557997_4336.csv::s1,user_enthusiastic,2026-07-17 03:21:21.092
Sitara-1::conversation_3557997_4336.csv::s1,astro_callback_within,2026-07-17 03:21:26.093
Sitara-1::conversation_3557997_4336.csv::s1,user_emotional_disclosure,2026-07-17 03:21:26.094
Sitara-1::conversation_3557997_4336.csv::s1,astro_open_thread,2026-07-17 03:21:28.095
Sitara-1::conversation_3557997_4336.csv::s1,astro_open_thread,2026-07-17 03:21:33.096
Sitara-1::conversation_3557997_4336.csv::s1,user_emotional_disclosure,2026-07-17 03:21:41.097
Sitara-1::conversation_3557997_4336.csv::s1,astro_dated_prediction,2026-07-17 03:21:46.098
Sitara-1::conversation_3557997_4336.csv::s1,user_emotional_disclosure,2026-07-17 03:22:04.099
Sitara-1::conversation_3557997_4336.csv::s1,astro_callback_within,2026-07-17 03:22:09.100
Sitara-1::conversation_3557997_4336.csv::s1,user_emotional_disclosure,2026-07-17 03:22:25.101
Sitara-1::conversation_3557997_4336.csv::s1,astro_callback_within,2026-07-17 03:22:30.102
Sitara-1::conversation_3557997_4336.csv::s1,user_emotional_disclosure,2026-07-17 03:22:33.103
Sitara-1::conversation_3557997_4336.csv::s1,astro_callback_within,2026-07-17 03:22:38.104
Sitara-1::conversation_3557997_4336.csv::s1,user_emotional_disclosure,2026-07-17 03:22:55.105
Sitara-1::conversation_3557997_4336.csv::s1,user_emotional_disclosure,2026-07-17 03:23:02.106
Sitara-1::conversation_3557997_4336.csv::s1,astro_callback_within,2026-07-17 03:23:02.107
Sitara-1::conversation_3557997_4336.csv::s1,astro_callback_within,2026-07-17 03:23:07.108
Sitara-1::conversation_3557997_4336.csv::s1,user_enthusiastic,2026-07-17 03:23:11.109
Sitara-1::conversation_3557997_4336.csv::s1,astro_open_thread,2026-07-17 03:23:16.110
Sitara-1::conversation_3557997_4336.csv::s1,user_enthusiastic,2026-07-17 03:23:21.111
Sitara-1::conversation_3557997_4336.csv::s1,astro_callback_within,2026-07-17 03:23:25.112
Sitara-1::conversation_3557997_4336.csv::s1,user_enthusiastic,2026-07-17 03:23:30.113
Sitara-1::conversation_3557997_4336.csv::s1,astro_callback_within,2026-07-17 03:23:36.114
Sitara-1::conversation_3557997_4336.csv::s1,user_emotional_disclosure,2026-07-17 03:23:52.115
Sitara-1::conversation_3557997_4336.csv::s1,user_emotional_disclosure,2026-07-17 03:24:03.116
Sitara-1::conversation_3557997_4336.csv::s1,astro_other,2026-07-17 03:24:08.117
Sitara-1::conversation_3557997_4336.csv::s1,user_neutral_factual,2026-07-17 03:24:13.118
Sitara-1::conversation_3557997_4336.csv::s1,user_neutral_factual,2026-07-17 03:24:19.119
Sitara-1::conversation_3557997_4336.csv::s1,astro_callback_within,2026-07-17 03:24:19.120
Sitara-1::conversation_3557997_4336.csv::s1,astro_open_thread,2026-07-17 03:24:24.121
Sitara-1::conversation_3557997_4336.csv::s1,user_enthusiastic,2026-07-17 03:24:33.122
Sitara-1::conversation_3557997_4336.csv::s1,astro_open_thread,2026-07-17 03:24:38.123
Sitara-1::conversation_3557997_4336.csv::s1,user_neutral,2026-07-17 03:30:02.124
Sitara-1::conversation_3557997_4336.csv::s2,astro_other,2026-07-17 03:30:08.000
Sitara-1::conversation_3557997_4336.csv::s2,user_neutral,2026-07-17 03:30:23.001
Sitara-1::conversation_3557997_4336.csv::s2,astro_other,2026-07-17 03:30:28.002
Sitara-1::conversation_3557997_4336.csv::s2,user_neutral,2026-07-17 03:30:32.003
Sitara-1::conversation_3557997_4336.csv::s2,astro_other,2026-07-17 03:30:37.004
Sitara-1::conversation_3557997_4336.csv::s2,user_pushback,2026-07-17 03:30:38.005
Sitara-1::conversation_3557997_4336.csv::s2,astro_callback_within,2026-07-17 03:30:43.006
Sitara-1::conversation_3557997_4336.csv::s2,user_neutral_factual,2026-07-17 03:30:47.007
Sitara-1::conversation_3557997_4336.csv::s2,astro_other,2026-07-17 03:30:52.008
Sitara-1::conversation_3557997_4336.csv::s2,user_neutral_factual,2026-07-17 03:30:59.009
Sitara-1::conversation_3557997_4336.csv::s2,astro_callback_within,2026-07-17 03:31:03.010
Sitara-1::conversation_3557997_4336.csv::s2,user_neutral_factual,2026-07-17 03:31:09.011
Sitara-1::conversation_3557997_4336.csv::s2,user_neutral_factual,2026-07-17 03:31:22.012
Sitara-1::conversation_3557997_4336.csv::s2,user_pushback,2026-07-17 03:31:31.013
Sitara-1::conversation_3557997_4336.csv::s2,astro_other,2026-07-17 03:31:37.014
Sitara-1::conversation_3557997_4336.csv::s2,user_emotional_disclosure,2026-07-17 03:31:38.015
Sitara-1::conversation_3557997_4336.csv::s2,astro_other,2026-07-17 03:31:39.016
Sitara-1::conversation_3557997_4336.csv::s2,user_neutral_factual,2026-07-17 03:31:44.017
Sitara-1::conversation_3557997_4336.csv::s2,astro_callback_within,2026-07-17 03:31:44.018
Sitara-1::conversation_3557997_4336.csv::s2,astro_other,2026-07-17 03:31:47.019
Sitara-1::conversation_3557997_4336.csv::s2,astro_other,2026-07-17 03:31:49.020
Sitara-1::conversation_3557997_4336.csv::s2,astro_callback_within,2026-07-17 03:31:53.021
Sitara-1::conversation_3557997_4336.csv::s2,user_neutral,2026-07-17 03:32:05.022
Sitara-1::conversation_3557997_4336.csv::s2,astro_callback_within,2026-07-17 03:32:10.023
Sitara-1::conversation_3557997_4336.csv::s2,user_neutral_factual,2026-07-17 03:32:15.024
Sitara-1::conversation_3557997_4336.csv::s2,astro_callback_within,2026-07-17 03:32:19.025
Sitara-1::conversation_3557997_4336.csv::s2,user_neutral_factual,2026-07-17 03:32:25.026
Sitara-1::conversation_3557997_4336.csv::s2,astro_callback_within,2026-07-17 03:32:30.027
Sitara-1::conversation_3557997_4336.csv::s2,user_neutral_factual,2026-07-17 03:32:38.028
Sitara-1::conversation_3557997_4336.csv::s2,user_emotional_disclosure,2026-07-17 03:32:43.029
Sitara-1::conversation_3557997_4336.csv::s2,astro_dated_prediction,2026-07-17 03:32:48.030
Sitara-1::conversation_3557997_4336.csv::s2,user_emotional_disclosure,2026-07-17 03:32:55.031
Sitara-1::conversation_3557997_4336.csv::s2,astro_reframe,2026-07-17 03:33:00.032
Sitara-1::conversation_3557997_4336.csv::s2,user_enthusiastic,2026-07-17 03:33:25.033
Sitara-1::conversation_3557997_4336.csv::s2,astro_other,2026-07-17 03:33:30.034
Sitara-1::conversation_3557997_4336.csv::s2,user_emotional_disclosure,2026-07-17 03:33:44.035
Sitara-1::conversation_3557997_4336.csv::s2,astro_dated_prediction,2026-07-17 03:33:49.036
Sitara-1::conversation_3557997_4336.csv::s2,user_emotional_disclosure,2026-07-17 03:33:57.037
Sitara-1::conversation_3557997_4336.csv::s2,user_emotional_disclosure,2026-07-17 03:34:01.038
Sitara-1::conversation_3557997_4336.csv::s2,astro_dated_prediction,2026-07-17 03:34:02.039
Sitara-1::conversation_3557997_4336.csv::s2,astro_callback_within,2026-07-17 03:34:08.040
Sitara-1::conversation_3557997_4336.csv::s2,user_enthusiastic,2026-07-17 03:34:09.041
Sitara-1::conversation_3557997_4336.csv::s2,astro_callback_within,2026-07-17 03:34:14.042
Sitara-1::conversation_3557997_4336.csv::s2,user_enthusiastic,2026-07-17 03:34:15.043
Sitara-1::conversation_3557997_4336.csv::s2,astro_callback_within,2026-07-17 03:34:20.044
Sitara-1::conversation_3557997_4336.csv::s2,astro_callback_within,2026-07-17 03:34:35.045
Sitara-1::conversation_3557997_4336.csv::s2,user_emotional_disclosure,2026-07-17 03:35:01.046
Sitara-1::conversation_3557997_4336.csv::s2,astro_callback_within,2026-07-17 03:35:06.047
Sitara-1::conversation_3557997_4336.csv::s2,user_enthusiastic,2026-07-17 03:35:25.048
Sitara-1::conversation_3557997_4336.csv::s2,astro_other,2026-07-17 03:35:30.049
Sitara-1::conversation_3557997_4336.csv::s2,user_enthusiastic,2026-07-17 03:35:33.050
Sitara-1::conversation_3557997_4336.csv::s2,astro_callback_within,2026-07-17 03:35:38.051
Sitara-1::conversation_3557997_4336.csv::s2,astro_dated_prediction,2026-07-17 03:35:54.052
Sitara-1::conversation_3557997_4336.csv::s2,astro_dated_prediction,2026-07-17 03:35:56.053
Sitara-1::conversation_3557997_4336.csv::s2,user_emotional_disclosure,2026-07-17 03:36:03.054
Sitara-1::conversation_3557997_4336.csv::s2,astro_callback_within,2026-07-17 03:36:08.055
Sitara-1::conversation_3557997_4336.csv::s2,user_disengaging,2026-07-17 03:36:14.056
Sitara-1::conversation_3557997_4336.csv::s2,astro_reframe,2026-07-17 03:36:20.057
Sitara-1::conversation_3557997_4336.csv::s2,user_emotional_disclosure,2026-07-17 03:36:35.058
Sitara-1::conversation_3557997_4336.csv::s2,user_emotional_disclosure,2026-07-17 03:36:44.059
Sitara-1::conversation_3557997_4336.csv::s2,astro_callback_within,2026-07-17 03:36:49.060
Sitara-1::conversation_3557997_4336.csv::s2,user_neutral,2026-07-17 03:36:49.061
Sitara-1::conversation_3557997_4336.csv::s2,astro_callback_within,2026-07-17 03:36:54.062
Sitara-1::conversation_3557997_4336.csv::s2,astro_other,2026-07-17 03:36:56.063
Sitara-1::conversation_3557997_4336.csv::s2,user_pushback,2026-07-17 03:37:10.064
Sitara-1::conversation_3557997_4336.csv::s2,astro_callback_within,2026-07-17 03:37:15.065
Sitara-1::conversation_3557997_4336.csv::s2,user_emotional_disclosure,2026-07-17 03:37:18.066
Sitara-1::conversation_3557997_4336.csv::s2,astro_dated_prediction,2026-07-17 03:37:23.067
Sitara-1::conversation_3557997_4336.csv::s2,user_enthusiastic,2026-07-17 03:37:25.068
Sitara-1::conversation_3557997_4336.csv::s2,astro_callback_within,2026-07-17 03:37:31.069
Sitara-1::conversation_3557997_4336.csv::s2,user_pushback,2026-07-17 03:37:42.070
Sitara-1::conversation_3557997_4336.csv::s2,astro_callback_within,2026-07-17 03:38:00.071
Sitara-1::conversation_3557997_4336.csv::s2,user_enthusiastic,2026-07-17 03:38:02.072
Sitara-1::conversation_3557997_4336.csv::s2,astro_callback_within,2026-07-17 03:38:07.073
Sitara-1::conversation_3557997_4336.csv::s2,user_neutral,2026-07-17 03:38:12.074
Sitara-1::conversation_3557997_4336.csv::s2,astro_callback_within,2026-07-17 03:38:18.075
Sitara-1::conversation_3557997_4336.csv::s2,user_pushback,2026-07-17 03:38:30.076
Sitara-1::conversation_3557997_4336.csv::s2,astro_callback_within,2026-07-17 03:38:35.077
Sitara-1::conversation_3557997_4336.csv::s2,user_neutral,2026-07-17 03:38:38.078
Sitara-1::conversation_3557997_4336.csv::s2,astro_callback_within,2026-07-17 03:38:43.079
Sitara-1::conversation_3557997_4336.csv::s2,user_neutral_factual,2026-07-17 03:38:59.080
Sitara-1::conversation_3557997_4336.csv::s2,user_neutral_factual,2026-07-17 03:39:04.081
Sitara-1::conversation_3557997_4336.csv::s2,astro_callback_within,2026-07-17 03:39:09.082
Sitara-1::conversation_3557997_4336.csv::s2,astro_callback_within,2026-07-17 03:39:22.083
Sitara-1::conversation_3557997_4336.csv::s2,user_emotional_disclosure,2026-07-17 03:39:27.084
Sitara-1::conversation_3557997_4336.csv::s2,astro_callback_within,2026-07-17 03:39:32.085
Sitara-1::conversation_3557997_4336.csv::s2,user_emotional_disclosure,2026-07-17 03:39:37.086
Sitara-1::conversation_3557997_4336.csv::s2,astro_open_thread,2026-07-17 03:39:42.087
Sitara-1::conversation_3557997_4336.csv::s2,user_pushback,2026-07-17 03:39:49.088
Sitara-1::conversation_3557997_4336.csv::s2,astro_callback_within,2026-07-17 03:39:54.089
Sitara-1::conversation_3557997_4336.csv::s2,astro_other,2026-07-17 03:40:24.090
Sitara-1::conversation_3557997_4336.csv::s2,user_enthusiastic,2026-07-17 03:40:39.091
Sitara-1::conversation_3557997_4336.csv::s2,astro_dated_prediction,2026-07-17 03:40:44.092
Sitara-1::conversation_3557997_4336.csv::s2,user_emotional_disclosure,2026-07-17 03:40:53.093
Sitara-1::conversation_3557997_4336.csv::s2,user_emotional_disclosure,2026-07-17 03:40:57.094
Sitara-1::conversation_3557997_4336.csv::s2,astro_callback_within,2026-07-17 03:40:58.095
Sitara-1::conversation_3557997_4336.csv::s2,astro_callback_within,2026-07-17 03:41:04.096
Sitara-1::conversation_3557997_4336.csv::s2,user_enthusiastic,2026-07-17 03:41:15.097
Sitara-1::conversation_3557997_4336.csv::s2,user_enthusiastic,2026-07-17 03:41:18.098
Sitara-1::conversation_3557997_4336.csv::s2,astro_callback_within,2026-07-17 03:41:19.099
Sitara-1::conversation_3557997_4336.csv::s2,astro_callback_within,2026-07-17 03:41:24.100
Sitara-1::conversation_3557997_4336.csv::s2,user_enthusiastic,2026-07-17 03:41:43.101
Sitara-1::conversation_3557997_4336.csv::s2,astro_callback_within,2026-07-17 03:41:48.102
Sitara-1::conversation_3557997_4336.csv::s2,user_neutral,2026-07-17 03:41:57.103
Sitara-1::conversation_3557997_4336.csv::s2,astro_dated_prediction,2026-07-17 03:42:02.104
Sitara-1::conversation_3557997_4336.csv::s2,user_emotional_disclosure,2026-07-17 03:42:19.105
Sitara-1::conversation_3557997_4336.csv::s2,astro_reframe,2026-07-17 03:42:24.106
Sitara-1::conversation_3557997_4336.csv::s2,user_emotional_disclosure,2026-07-17 03:42:31.107
Sitara-1::conversation_3557997_4336.csv::s2,user_emotional_disclosure,2026-07-17 03:42:40.108
Sitara-1::conversation_3557997_4336.csv::s2,astro_callback_within,2026-07-17 03:42:46.109
Sitara-1::conversation_3557997_4336.csv::s2,user_emotional_disclosure,2026-07-17 03:42:47.110
Sitara-1::conversation_3557997_4336.csv::s2,astro_callback_within,2026-07-17 03:42:52.111
Sitara-1::conversation_3557997_4336.csv::s2,user_enthusiastic,2026-07-17 03:42:58.112
Sitara-1::conversation_3557997_4336.csv::s2,astro_dated_prediction,2026-07-17 03:43:03.113
Sitara-1::conversation_3557997_4336.csv::s2,user_neutral,2026-07-17 03:43:07.114
Sitara-1::conversation_3557997_4336.csv::s2,astro_dated_prediction,2026-07-17 03:43:13.115
Sitara-1::conversation_3557997_4336.csv::s2,user_emotional_disclosure,2026-07-17 03:43:18.116
Sitara-1::conversation_3557997_4336.csv::s2,user_emotional_disclosure,2026-07-17 03:43:24.117
Sitara-1::conversation_3557997_4336.csv::s2,astro_reframe,2026-07-17 03:43:24.118
Sitara-1::conversation_3557997_4336.csv::s2,astro_dated_prediction,2026-07-17 03:43:29.119
Sitara-1::conversation_3557997_4336.csv::s2,user_disengaging,2026-07-17 03:43:33.120
Sitara-1::conversation_3557997_4336.csv::s2,astro_reframe,2026-07-17 03:43:38.121
Sitara-1::conversation_3557997_4336.csv::s2,user_neutral,2026-07-17 03:43:47.122
Sitara-1::conversation_3557997_4336.csv::s2,astro_callback_within,2026-07-17 03:43:52.123
Sitara-1::conversation_3557997_4336.csv::s2,user_neutral,2026-07-17 03:44:03.124
Sitara-1::conversation_3557997_4336.csv::s2,astro_callback_within,2026-07-17 03:44:06.125
Sitara-1::conversation_3557997_4336.csv::s2,astro_callback_within,2026-07-17 03:44:11.126
Sitara-1::conversation_3557997_4336.csv::s2,astro_callback_within,2026-07-17 03:44:21.127
Sitara-1::conversation_3557997_4336.csv::s2,user_enthusiastic,2026-07-17 03:44:44.128
Sitara-1::conversation_3557997_4336.csv::s2,astro_callback_within,2026-07-17 03:44:49.129
Sitara-1::conversation_3557997_4336.csv::s2,user_neutral,2026-07-17 03:45:03.130
Sitara-1::conversation_3557997_4336.csv::s2,astro_callback_within,2026-07-17 03:45:08.131
Sitara-1::conversation_3557997_4336.csv::s2,user_emotional_disclosure,2026-07-17 03:45:10.132
Sitara-1::conversation_3557997_4336.csv::s2,astro_callback_within,2026-07-17 03:45:15.133
Sitara-1::conversation_3557997_4336.csv::s2,astro_callback_within,2026-07-17 03:45:22.134
Sitara-1::conversation_3557997_4336.csv::s2,astro_callback_within,2026-07-17 03:45:24.135
Sitara-1::conversation_3557997_4336.csv::s2,user_pushback,2026-07-17 03:45:38.136
Sitara-1::conversation_3557997_4336.csv::s2,user_enthusiastic,2026-07-17 03:45:55.137
Sitara-1::conversation_3557997_4336.csv::s2,user_enthusiastic,2026-07-17 03:45:58.138
Sitara-1::conversation_3557997_4336.csv::s2,astro_callback_within,2026-07-17 03:46:00.139
Sitara-1::conversation_3557997_4336.csv::s2,user_neutral,2026-07-17 03:46:02.140
Sitara-1::conversation_3557997_4336.csv::s2,astro_callback_within,2026-07-17 03:46:05.141
Sitara-1::conversation_3557997_4336.csv::s2,astro_other,2026-07-17 03:46:09.142
Sitara-1::conversation_3557997_4336.csv::s2,astro_callback_within,2026-07-17 03:46:15.143
Sitara-1::conversation_3557997_4336.csv::s2,user_enthusiastic,2026-07-17 03:46:30.144
Sitara-1::conversation_3557997_4336.csv::s2,astro_open_thread,2026-07-17 03:46:35.145
Sitara-1::conversation_3557997_4336.csv::s2,user_emotional_disclosure,2026-07-17 03:46:47.146
Sitara-1::conversation_3557997_4336.csv::s2,astro_callback_within,2026-07-17 03:47:01.147
Sitara-1::conversation_3561703_4336.csv::s1,user_neutral,2026-07-17 07:31:10.000
Sitara-1::conversation_3561703_4336.csv::s1,astro_other,2026-07-17 07:31:22.001
Sitara-1::conversation_3561703_4336.csv::s1,user_emotional_disclosure,2026-07-17 07:31:48.002
Sitara-1::conversation_3561703_4336.csv::s1,astro_callback_within,2026-07-17 07:31:56.003
Sitara-1::conversation_3561703_4336.csv::s1,user_emotional_disclosure,2026-07-17 07:32:12.004
Sitara-1::conversation_3561703_4336.csv::s1,astro_callback_within,2026-07-17 07:32:17.005
Sitara-1::conversation_3561703_4336.csv::s1,user_emotional_disclosure,2026-07-17 07:32:37.006
Sitara-1::conversation_3561703_4336.csv::s1,astro_callback_within,2026-07-17 07:32:41.007
Sitara-1::conversation_3561703_4336.csv::s1,astro_callback_within,2026-07-17 07:32:46.008
Sitara-1::conversation_3561703_4336.csv::s1,user_neutral_factual,2026-07-17 07:33:13.009
Sitara-1::conversation_3561703_4336.csv::s1,astro_callback_within,2026-07-17 07:33:18.010
Sitara-1::conversation_3561703_4336.csv::s1,user_emotional_disclosure,2026-07-17 07:33:42.011
Sitara-1::conversation_3561703_4336.csv::s1,astro_callback_within,2026-07-17 07:33:47.012
Sitara-1::conversation_3561703_4336.csv::s1,astro_callback_within,2026-07-17 07:33:49.013
Sitara-1::conversation_3561703_4336.csv::s1,user_enthusiastic,2026-07-17 07:33:58.014
Sitara-1::conversation_3561703_4336.csv::s1,astro_callback_within,2026-07-17 07:34:04.015
Sitara-1::conversation_3561703_4336.csv::s1,user_neutral_factual,2026-07-17 07:34:20.016
Sitara-1::conversation_3561703_4336.csv::s1,user_enthusiastic,2026-07-17 07:34:27.017
Sitara-1::conversation_3561703_4336.csv::s1,astro_other,2026-07-17 07:34:33.018
Sitara-1::conversation_3561703_4336.csv::s1,astro_callback_within,2026-07-17 07:34:38.019
Sitara-1::conversation_3561703_4336.csv::s1,astro_callback_within,2026-07-17 07:34:40.020
Sitara-1::conversation_3561703_4336.csv::s1,user_neutral_factual,2026-07-17 07:34:44.021
Sitara-1::conversation_3561703_4336.csv::s1,user_emotional_disclosure,2026-07-17 07:35:05.022
Sitara-1::conversation_3561703_4336.csv::s1,astro_callback_within,2026-07-17 07:35:08.023
Sitara-1::conversation_3561703_4336.csv::s1,user_enthusiastic,2026-07-17 07:35:16.024
Sitara-1::conversation_3561703_4336.csv::s1,astro_callback_within,2026-07-17 07:35:35.025
Sitara-1::conversation_3561703_4336.csv::s1,astro_callback_within,2026-07-17 07:35:37.026
Sitara-1::conversation_3561703_4336.csv::s1,astro_dated_prediction,2026-07-17 07:35:42.027
Sitara-1::conversation_3561703_4336.csv::s1,astro_reframe,2026-07-17 07:35:47.028
Sitara-1::conversation_3561703_4336.csv::s1,astro_callback_within,2026-07-17 07:36:09.029
Sitara-1::conversation_3561703_4336.csv::s1,user_disengaging,2026-07-17 07:36:17.030
Sitara-1::conversation_3561703_4336.csv::s1,astro_reframe,2026-07-17 07:36:22.031
Sitara-1::conversation_3561703_4336.csv::s2,user_neutral,2026-07-17 07:37:44.000
Sitara-1::conversation_3561703_4336.csv::s2,astro_other,2026-07-17 07:37:49.001
Sitara-1::conversation_3561703_4336.csv::s2,user_pushback,2026-07-17 07:38:10.002
Sitara-1::conversation_3561703_4336.csv::s2,user_neutral_factual,2026-07-17 07:38:15.003
Sitara-1::conversation_3561703_4336.csv::s2,astro_callback_within,2026-07-17 07:38:18.004
Sitara-1::conversation_3561703_4336.csv::s2,user_emotional_disclosure,2026-07-17 07:38:45.005
Sitara-1::conversation_3561703_4336.csv::s2,astro_callback_within,2026-07-17 07:38:50.006
Sitara-1::conversation_3561703_4336.csv::s2,user_emotional_disclosure,2026-07-17 07:39:30.007
Sitara-1::conversation_3561703_4336.csv::s2,astro_callback_within,2026-07-17 07:39:35.008
Sitara-1::conversation_3561703_4336.csv::s2,user_enthusiastic,2026-07-17 07:40:05.009
Sitara-1::conversation_3561703_4336.csv::s2,user_enthusiastic,2026-07-17 07:40:25.010
Sitara-1::conversation_3561703_4336.csv::s2,astro_callback_within,2026-07-17 07:40:38.011
Sitara-1::conversation_3561703_4336.csv::s2,user_pushback,2026-07-17 07:40:43.012
Sitara-1::conversation_3561703_4336.csv::s2,astro_callback_within,2026-07-17 07:40:55.013
Sitara-1::conversation_3561703_4336.csv::s2,user_neutral_factual,2026-07-17 07:41:04.014
Sitara-1::conversation_3561703_4336.csv::s2,astro_callback_within,2026-07-17 07:41:10.015
Sitara-1::conversation_3561703_4336.csv::s2,user_enthusiastic,2026-07-17 07:41:20.016
Sitara-1::conversation_3561703_4336.csv::s2,astro_callback_within,2026-07-17 07:41:25.017
Sitara-1::conversation_3561703_4336.csv::s2,user_neutral_factual,2026-07-17 07:41:33.018
Sitara-1::conversation_3561703_4336.csv::s2,user_enthusiastic,2026-07-17 07:41:36.019
Sitara-1::conversation_3561703_4336.csv::s2,astro_callback_within,2026-07-17 07:41:47.020
Sitara-1::conversation_3561703_4336.csv::s2,astro_callback_within,2026-07-17 07:41:53.021
Sitara-1::conversation_3561703_4336.csv::s2,user_enthusiastic,2026-07-17 07:42:06.022
Sitara-1::conversation_3561703_4336.csv::s2,user_enthusiastic,2026-07-17 07:42:10.023
Sitara-1::conversation_3561703_4336.csv::s2,astro_callback_within,2026-07-17 07:42:12.024
Sitara-1::conversation_3561703_4336.csv::s2,astro_open_thread,2026-07-17 07:42:20.025
Sitara-1::conversation_3561703_4336.csv::s2,user_enthusiastic,2026-07-17 07:42:26.026
Sitara-1::conversation_3561703_4336.csv::s2,user_enthusiastic,2026-07-17 07:42:39.027
Sitara-1::conversation_3561703_4336.csv::s2,astro_reframe,2026-07-17 07:42:44.028
Sitara-1::conversation_3565128_4336.csv::s1,astro_other,2026-07-17 07:50:59.000
Sitara-1::conversation_3565128_4336.csv::s1,user_neutral_factual,2026-07-17 07:51:05.001
Sitara-1::conversation_3565128_4336.csv::s1,user_neutral_factual,2026-07-17 07:51:06.002
Sitara-1::conversation_3565128_4336.csv::s1,astro_callback_within,2026-07-17 07:51:11.003
Sitara-1::conversation_3565128_4336.csv::s1,astro_callback_within,2026-07-17 07:51:18.004
Sitara-1::conversation_3565128_4336.csv::s1,user_emotional_disclosure,2026-07-17 07:51:23.005
Sitara-1::conversation_3565128_4336.csv::s1,user_neutral_factual,2026-07-17 07:51:27.006
Sitara-1::conversation_3565128_4336.csv::s1,astro_callback_within,2026-07-17 07:51:28.007
Sitara-1::conversation_3565128_4336.csv::s1,astro_callback_within,2026-07-17 07:51:33.008
Sitara-1::conversation_3565128_4336.csv::s1,user_emotional_disclosure,2026-07-17 07:51:56.009
Sitara-1::conversation_3565128_4336.csv::s1,user_emotional_disclosure,2026-07-17 07:51:59.010
Sitara-1::conversation_3565128_4336.csv::s1,astro_callback_within,2026-07-17 07:52:00.011
Sitara-1::conversation_3565128_4336.csv::s1,user_emotional_disclosure,2026-07-17 07:52:19.012
Sitara-1::conversation_3565128_4336.csv::s1,astro_callback_within,2026-07-17 07:52:30.013
Sitara-1::conversation_3565128_4336.csv::s1,user_neutral_factual,2026-07-17 07:52:38.014
Sitara-1::conversation_3565128_4336.csv::s1,astro_callback_within,2026-07-17 07:52:49.015
Sitara-1::conversation_3565128_4336.csv::s1,user_emotional_disclosure,2026-07-17 07:52:50.016
Sitara-1::conversation_3565128_4336.csv::s1,user_neutral_factual,2026-07-17 07:52:54.017
Sitara-1::conversation_3565128_4336.csv::s1,astro_callback_within,2026-07-17 07:52:56.018
Sitara-1::conversation_3565128_4336.csv::s1,astro_callback_within,2026-07-17 07:52:57.019
Sitara-1::conversation_3565128_4336.csv::s1,astro_callback_within,2026-07-17 07:53:02.020
Sitara-1::conversation_3565128_4336.csv::s1,user_pushback,2026-07-17 07:53:06.021
Sitara-1::conversation_3565128_4336.csv::s1,astro_callback_within,2026-07-17 07:53:11.022
Sitara-1::conversation_3565128_4336.csv::s1,user_emotional_disclosure,2026-07-17 07:53:18.023
Sitara-1::conversation_3565128_4336.csv::s1,user_neutral_factual,2026-07-17 07:53:26.024
Sitara-1::conversation_3565128_4336.csv::s1,astro_callback_within,2026-07-17 07:53:27.025
Sitara-1::conversation_3565128_4336.csv::s1,astro_callback_within,2026-07-17 07:53:32.026
Sitara-1::conversation_3565128_4336.csv::s1,user_emotional_disclosure,2026-07-17 07:54:01.027
Sitara-1::conversation_3565128_4336.csv::s1,astro_callback_within,2026-07-17 07:54:06.028
Sitara-1::conversation_3565128_4336.csv::s1,user_emotional_disclosure,2026-07-17 07:54:12.029
Sitara-1::conversation_3565128_4336.csv::s1,user_neutral_factual,2026-07-17 07:54:16.030
Sitara-1::conversation_3565128_4336.csv::s1,astro_callback_within,2026-07-17 07:54:18.031
Sitara-1::conversation_3565128_4336.csv::s1,astro_callback_within,2026-07-17 07:54:22.032
Sitara-1::conversation_3565128_4336.csv::s1,user_neutral_factual,2026-07-17 07:54:33.033
Sitara-1::conversation_3565128_4336.csv::s1,astro_callback_within,2026-07-17 07:54:38.034
Sitara-1::conversation_3565128_4336.csv::s1,astro_callback_within,2026-07-17 07:54:57.035
Sitara-1::conversation_3565128_4336.csv::s1,user_neutral_factual,2026-07-17 07:55:07.036
Sitara-1::conversation_3565128_4336.csv::s1,astro_callback_within,2026-07-17 07:55:12.037
Sitara-1::conversation_3565128_4336.csv::s1,user_neutral_factual,2026-07-17 07:55:20.038
Sitara-1::conversation_3565128_4336.csv::s1,user_neutral_factual,2026-07-17 07:55:22.039
Sitara-1::conversation_3565128_4336.csv::s1,user_enthusiastic,2026-07-17 07:55:37.040
Sitara-1::conversation_3565128_4336.csv::s1,astro_callback_within,2026-07-17 07:55:37.041
Sitara-1::conversation_3565128_4336.csv::s1,astro_callback_within,2026-07-17 07:55:42.042
Sitara-1::conversation_3565128_4336.csv::s1,astro_callback_within,2026-07-17 07:55:45.043
Sitara-1::conversation_3565128_4336.csv::s1,astro_callback_within,2026-07-17 07:55:56.044
Sitara-1::conversation_3565128_4336.csv::s2,user_neutral,2026-07-17 07:56:53.000
Sitara-1::conversation_3565128_4336.csv::s2,user_neutral_factual,2026-07-17 07:57:03.001
Sitara-1::conversation_3565128_4336.csv::s2,user_emotional_disclosure,2026-07-17 07:57:18.002
Sitara-1::conversation_3565128_4336.csv::s2,astro_validation,2026-07-17 07:57:24.003
Sitara-1::conversation_3565128_4336.csv::s2,astro_other,2026-07-17 07:57:28.004
Sitara-1::conversation_3565128_4336.csv::s2,user_enthusiastic,2026-07-17 07:57:38.005
Sitara-1::conversation_3565128_4336.csv::s2,astro_dated_prediction,2026-07-17 07:57:44.006
Sitara-1::conversation_3565128_4336.csv::s2,astro_reframe,2026-07-17 07:57:46.007
Sitara-1::conversation_3565128_4336.csv::s2,user_neutral_factual,2026-07-17 07:57:55.008
Sitara-1::conversation_3565128_4336.csv::s2,astro_other,2026-07-17 07:58:01.009
Sitara-1::conversation_3565128_4336.csv::s2,astro_reframe,2026-07-17 07:58:03.010
Sitara-1::conversation_3565128_4336.csv::s2,astro_other,2026-07-17 07:58:05.011
Sitara-1::conversation_3565128_4336.csv::s2,user_neutral_factual,2026-07-17 07:58:33.012
Sitara-1::conversation_3565128_4336.csv::s2,astro_other,2026-07-17 07:58:39.013
Sitara-1::conversation_3565128_4336.csv::s2,astro_other,2026-07-17 07:58:41.014
Sitara-1::conversation_3565128_4336.csv::s2,astro_other,2026-07-17 07:58:51.015
Sitara-1::conversation_3565128_4336.csv::s2,user_neutral_factual,2026-07-17 07:59:05.016
Sitara-1::conversation_3565128_4336.csv::s2,astro_other,2026-07-17 07:59:10.017
Sitara-1::conversation_3565128_4336.csv::s2,user_neutral_factual,2026-07-17 07:59:35.018
Sitara-1::conversation_3565128_4336.csv::s2,astro_callback_within,2026-07-17 07:59:41.019
Sitara-1::conversation_3565128_4336.csv::s2,user_neutral_factual,2026-07-17 08:00:09.020
Sitara-1::conversation_3565128_4336.csv::s2,astro_other,2026-07-17 08:00:15.021
Sitara-1::conversation_3565128_4336.csv::s2,astro_other,2026-07-17 08:00:17.022
Sitara-1::conversation_3565128_4336.csv::s2,user_neutral_factual,2026-07-17 08:00:23.023
Sitara-1::conversation_3565128_4336.csv::s2,astro_other,2026-07-17 08:00:37.024
Sitara-1::conversation_3565128_4336.csv::s2,user_neutral_factual,2026-07-17 08:00:48.025
Sitara-1::conversation_3565128_4336.csv::s2,astro_dated_prediction,2026-07-17 08:00:54.026
Sitara-1::conversation_3565128_4336.csv::s2,user_neutral_factual,2026-07-17 08:01:17.027
Sitara-1::conversation_3565128_4336.csv::s2,astro_other,2026-07-17 08:01:23.028
Sitara-1::conversation_3565128_4336.csv::s2,user_enthusiastic,2026-07-17 08:01:28.029
Sitara-1::conversation_3565128_4336.csv::s2,astro_other,2026-07-17 08:01:34.030
Sitara-1::conversation_3565128_4336.csv::s2,user_enthusiastic,2026-07-17 08:01:43.031
Sitara-1::conversation_3565128_4336.csv::s2,user_neutral_factual,2026-07-17 08:01:46.032
Sitara-1::conversation_3565128_4336.csv::s2,astro_other,2026-07-17 08:01:52.033
Sitara-1::conversation_3565128_4336.csv::s2,astro_other,2026-07-17 08:01:57.034
Sitara-1::conversation_3565128_4336.csv::s2,astro_other,2026-07-17 08:01:59.035
Sitara-1::conversation_3565128_4336.csv::s2,user_emotional_disclosure,2026-07-17 08:02:14.036
Sitara-1::conversation_3565128_4336.csv::s2,astro_callback_within,2026-07-17 08:02:19.037
Sitara-1::conversation_3565128_4336.csv::s2,user_neutral_factual,2026-07-17 08:02:38.038
Sitara-1::conversation_3565128_4336.csv::s2,astro_callback_within,2026-07-17 08:02:44.039
Sitara-1::conversation_3565128_4336.csv::s2,astro_other,2026-07-17 08:02:46.040
Sitara-1::conversation_3565128_4336.csv::s2,user_emotional_disclosure,2026-07-17 08:02:55.041
Sitara-1::conversation_3565128_4336.csv::s2,user_enthusiastic,2026-07-17 08:03:00.042
Sitara-1::conversation_3565128_4336.csv::s2,astro_callback_within,2026-07-17 08:03:01.043
Sitara-1::conversation_3565128_4336.csv::s2,astro_callback_within,2026-07-17 08:03:03.044
Sitara-1::conversation_3565128_4336.csv::s2,user_neutral_factual,2026-07-17 08:03:29.045
Sitara-1::conversation_3565128_4336.csv::s2,astro_reframe,2026-07-17 08:03:35.046
Sitara-1::conversation_3565128_4336.csv::s2,user_enthusiastic,2026-07-17 08:03:44.047
Sitara-1::conversation_3565128_4336.csv::s2,astro_callback_within,2026-07-17 08:03:49.048
Sitara-1::conversation_3565128_4336.csv::s2,user_neutral_factual,2026-07-17 08:04:12.049
Sitara-1::conversation_3565128_4336.csv::s2,astro_other,2026-07-17 08:04:17.050
Sitara-1::conversation_3565128_4336.csv::s2,user_emotional_disclosure,2026-07-17 08:04:28.051
Sitara-1::conversation_3565128_4336.csv::s2,user_emotional_disclosure,2026-07-17 08:04:37.052
Sitara-1::conversation_3565128_4336.csv::s2,astro_callback_within,2026-07-17 08:04:45.053
Sitara-1::conversation_3565128_4336.csv::s2,user_neutral_factual,2026-07-17 08:04:54.054
Sitara-1::conversation_3565128_4336.csv::s2,user_neutral_factual,2026-07-17 08:05:01.055
Sitara-1::conversation_3565128_4336.csv::s2,astro_callback_within,2026-07-17 08:05:05.056
Sitara-1::conversation_3565128_4336.csv::s2,astro_callback_within,2026-07-17 08:05:11.057
Sitara-1::conversation_3565128_4336.csv::s2,astro_callback_within,2026-07-17 08:05:22.058
Sitara-1::conversation_3565128_4336.csv::s2,user_neutral_factual,2026-07-17 08:05:33.059
Sitara-1::conversation_3565128_4336.csv::s2,astro_callback_within,2026-07-17 08:05:38.060
Sitara-1::conversation_3565128_4336.csv::s2,astro_other,2026-07-17 08:05:44.061
Sitara-1::conversation_3565128_4336.csv::s2,user_neutral_factual,2026-07-17 08:05:52.062
Sitara-1::conversation_3565128_4336.csv::s2,astro_callback_within,2026-07-17 08:06:02.063
Sitara-1::conversation_3565128_4336.csv::s2,user_neutral_factual,2026-07-17 08:06:17.064
Sitara-1::conversation_3565128_4336.csv::s2,astro_other,2026-07-17 08:06:25.065
Sitara-1::conversation_3565128_4336.csv::s2,user_enthusiastic,2026-07-17 08:06:29.066
Sitara-1::conversation_3565128_4336.csv::s2,astro_callback_within,2026-07-17 08:06:35.067
Sitara-1::conversation_3565128_4336.csv::s2,astro_callback_within,2026-07-17 08:06:50.068
Sitara-1::conversation_3567422_4336.csv::s1,user_neutral,2026-07-17 09:49:02.000
Sitara-1::conversation_3567422_4336.csv::s1,astro_other,2026-07-17 09:49:07.001
Sitara-1::conversation_3567422_4336.csv::s1,user_neutral_factual,2026-07-17 09:49:34.002
Sitara-1::conversation_3567422_4336.csv::s1,astro_callback_within,2026-07-17 09:49:47.003
Sitara-1::conversation_3567422_4336.csv::s1,user_emotional_disclosure,2026-07-17 09:51:00.004
Sitara-1::conversation_3567422_4336.csv::s1,astro_callback_within,2026-07-17 09:51:31.005
Sitara-1::conversation_3567422_4336.csv::s1,user_emotional_disclosure,2026-07-17 09:52:03.006
Sitara-1::conversation_3567422_4336.csv::s1,astro_callback_within,2026-07-17 09:52:10.007
Sitara-1::conversation_3567422_4336.csv::s1,astro_other,2026-07-17 09:52:12.008
Sitara-1::conversation_3567422_4336.csv::s1,user_emotional_disclosure,2026-07-17 09:53:47.009
Sitara-1::conversation_3567422_4336.csv::s1,astro_callback_within,2026-07-17 09:53:52.010
Sitara-1::conversation_3567422_4336.csv::s1,astro_callback_within,2026-07-17 09:53:54.011
Sitara-1::conversation_3567422_4336.csv::s1,astro_other,2026-07-17 09:53:56.012
Sitara-1::conversation_3567422_4336.csv::s1,user_emotional_disclosure,2026-07-17 09:54:55.013
Sitara-1::conversation_3567422_4336.csv::s1,astro_callback_within,2026-07-17 09:55:00.014
Sitara-1::conversation_3567422_4336.csv::s1,user_neutral_factual,2026-07-17 09:55:27.015
Sitara-1::conversation_3567422_4336.csv::s1,astro_callback_within,2026-07-17 09:55:36.016
Sitara-1::conversation_3567422_4336.csv::s1,user_emotional_disclosure,2026-07-17 09:56:32.017
Sitara-1::conversation_3567422_4336.csv::s1,astro_callback_within,2026-07-17 09:56:37.018
Sitara-1::conversation_3567422_4336.csv::s1,astro_other,2026-07-17 09:56:39.019
Sitara-1::conversation_3567422_4336.csv::s1,user_emotional_disclosure,2026-07-17 09:57:39.020
Sitara-1::conversation_3567422_4336.csv::s1,astro_callback_within,2026-07-17 09:57:44.021
Sitara-1::conversation_3567422_4336.csv::s1,user_neutral_factual,2026-07-17 09:57:55.022
Sitara-1::conversation_3567422_4336.csv::s1,astro_callback_within,2026-07-17 09:58:00.023
Sitara-1::conversation_3567422_4336.csv::s1,user_pushback,2026-07-17 09:59:16.024
Sitara-1::conversation_3567422_4336.csv::s1,astro_callback_within,2026-07-17 09:59:21.025
Sitara-1::conversation_3567422_4336.csv::s1,user_enthusiastic,2026-07-17 09:59:31.026
Sitara-1::conversation_3567422_4336.csv::s1,astro_dated_prediction,2026-07-17 09:59:36.027
Sitara-1::conversation_3567422_4336.csv::s1,astro_callback_within,2026-07-17 09:59:38.028
Sitara-1::conversation_3567422_4336.csv::s1,astro_callback_within,2026-07-17 10:00:26.029
Sitara-1::conversation_3567422_4336.csv::s1,user_emotional_disclosure,2026-07-17 10:02:09.030
Sitara-1::conversation_3567422_4336.csv::s1,astro_callback_within,2026-07-17 10:02:23.031
Sitara-1::conversation_3567422_4336.csv::s1,user_disengaging,2026-07-17 10:02:48.032
Sitara-1::conversation_3567422_4336.csv::s1,astro_callback_within,2026-07-17 10:02:57.033
Sitara-1::conversation_3567422_4336.csv::s1,astro_reframe,2026-07-17 10:02:59.034
Sitara-1::conversation_3567422_4336.csv::s1,user_enthusiastic,2026-07-17 10:03:10.035
Sitara-1::conversation_3567422_4336.csv::s1,astro_other,2026-07-17 10:03:17.036
Sitara-1::conversation_3567422_4336.csv::s1,astro_callback_within,2026-07-17 10:03:19.037
Sitara-1::conversation_3567422_4336.csv::s1,user_neutral_factual,2026-07-17 10:03:44.038
Sitara-1::conversation_3567422_4336.csv::s1,astro_callback_within,2026-07-17 10:03:50.039
Sitara-1::conversation_3567422_4336.csv::s1,astro_callback_within,2026-07-17 10:03:52.040
Sitara-1::conversation_3567422_4336.csv::s1,user_neutral,2026-07-17 10:07:41.041
Sitara-1::conversation_3567422_4336.csv::s2,user_emotional_disclosure,2026-07-17 10:08:01.000
Sitara-1::conversation_3567422_4336.csv::s2,astro_callback_prior,2026-07-17 10:08:10.001
Sitara-1::conversation_3567422_4336.csv::s2,astro_callback_within,2026-07-17 10:08:14.002
Sitara-1::conversation_3567422_4336.csv::s2,user_neutral_factual,2026-07-17 10:08:45.003
Sitara-1::conversation_3567422_4336.csv::s2,astro_callback_prior,2026-07-17 10:08:50.004
Sitara-1::conversation_3567422_4336.csv::s2,user_neutral_factual,2026-07-17 10:09:33.005
Sitara-1::conversation_3567422_4336.csv::s2,astro_callback_within,2026-07-17 10:09:39.006
Sitara-1::conversation_3567422_4336.csv::s2,user_emotional_disclosure,2026-07-17 10:10:15.007
Sitara-1::conversation_3567422_4336.csv::s2,astro_callback_prior,2026-07-17 10:10:21.008
Sitara-1::conversation_3567422_4336.csv::s2,user_pushback,2026-07-17 10:11:15.009
Sitara-1::conversation_3567422_4336.csv::s2,astro_callback_within,2026-07-17 10:11:22.010
Sitara-1::conversation_3567422_4336.csv::s2,user_enthusiastic,2026-07-17 10:11:33.011
Sitara-1::conversation_3567422_4336.csv::s2,astro_callback_within,2026-07-17 10:11:38.012
Sitara-1::conversation_3567422_4336.csv::s2,astro_callback_prior,2026-07-17 10:11:56.013
Sitara-1::conversation_3567422_4336.csv::s2,user_enthusiastic,2026-07-17 10:12:07.014
Sitara-1::conversation_3567422_4336.csv::s2,astro_callback_within,2026-07-17 10:12:13.015
Sitara-1::conversation_3567422_4336.csv::s2,user_enthusiastic,2026-07-17 10:12:21.016
Sitara-1::conversation_3567422_4336.csv::s2,astro_callback_within,2026-07-17 10:12:27.017
Sitara-1::conversation_3567422_4336.csv::s2,user_enthusiastic,2026-07-17 10:12:43.018
Sitara-1::conversation_3567422_4336.csv::s2,astro_other,2026-07-17 10:12:48.019
Sitara-1::conversation_3567422_4336.csv::s2,user_pushback,2026-07-17 10:13:29.020
Sitara-1::conversation_3567422_4336.csv::s2,astro_dated_prediction,2026-07-17 10:13:34.021
Sitara-1::conversation_3567422_4336.csv::s2,astro_callback_within,2026-07-17 10:14:11.022
Sitara-1::conversation_3567422_4336.csv::s2,user_disengaging,2026-07-17 10:14:43.023
Sitara-1::conversation_3567422_4336.csv::s2,astro_callback_within,2026-07-17 10:14:48.024
Sitara-1::conversation_3567422_4336.csv::s2,user_emotional_disclosure,2026-07-17 10:16:03.025
Sitara-1::conversation_3567422_4336.csv::s2,astro_callback_within,2026-07-17 10:16:25.026
Sitara-1::conversation_3569286_4336.csv::s1,user_neutral,2026-07-17 11:47:17.000
Sitara-1::conversation_3569286_4336.csv::s1,astro_other,2026-07-17 11:47:23.001
Sitara-1::conversation_3569286_4336.csv::s1,user_neutral,2026-07-17 11:47:28.002
Sitara-1::conversation_3569286_4336.csv::s1,user_neutral_factual,2026-07-17 11:47:31.003
Sitara-1::conversation_3569286_4336.csv::s1,astro_callback_within,2026-07-17 11:47:36.004
Sitara-1::conversation_3569286_4336.csv::s1,astro_callback_within,2026-07-17 11:47:39.005
Sitara-1::conversation_3569286_4336.csv::s1,user_neutral_factual,2026-07-17 11:48:05.006
Sitara-1::conversation_3569286_4336.csv::s1,astro_callback_within,2026-07-17 11:48:12.007
Sitara-1::conversation_3569286_4336.csv::s1,user_neutral_factual,2026-07-17 11:48:22.008
Sitara-1::conversation_3569286_4336.csv::s1,astro_callback_within,2026-07-17 11:48:28.009
Sitara-1::conversation_3569286_4336.csv::s1,astro_other,2026-07-17 11:48:30.010
Sitara-1::conversation_3569286_4336.csv::s1,astro_other,2026-07-17 11:48:47.011
Sitara-1::conversation_3569286_4336.csv::s1,user_neutral_factual,2026-07-17 11:48:49.012
Sitara-1::conversation_3569286_4336.csv::s1,astro_callback_within,2026-07-17 11:49:00.013
Sitara-1::conversation_3569286_4336.csv::s1,astro_other,2026-07-17 11:49:02.014
Sitara-1::conversation_3569286_4336.csv::s1,user_pushback,2026-07-17 11:49:20.015
Sitara-1::conversation_3569286_4336.csv::s1,user_pushback,2026-07-17 11:49:25.016
Sitara-1::conversation_3569286_4336.csv::s1,astro_callback_within,2026-07-17 11:49:27.017
Sitara-1::conversation_3569286_4336.csv::s1,astro_callback_within,2026-07-17 11:49:34.018
Sitara-1::conversation_3569286_4336.csv::s1,astro_callback_within,2026-07-17 11:49:36.019
Sitara-1::conversation_3569286_4336.csv::s1,user_pushback,2026-07-17 11:50:02.020
Sitara-1::conversation_3569286_4336.csv::s1,astro_dated_prediction,2026-07-17 11:50:10.021
Sitara-1::conversation_3569286_4336.csv::s1,user_enthusiastic,2026-07-17 11:50:41.022
Sitara-1::conversation_3569286_4336.csv::s1,astro_callback_within,2026-07-17 11:50:46.023
Sitara-1::conversation_3569286_4336.csv::s1,astro_callback_within,2026-07-17 11:51:13.024
Sitara-1::conversation_3569286_4336.csv::s1,user_enthusiastic,2026-07-17 11:52:02.025
Sitara-1::conversation_3569286_4336.csv::s1,astro_dated_prediction,2026-07-17 11:52:07.026
Sitara-1::conversation_3573213_4336.csv::s1,user_neutral,2026-07-17 15:48:58.000
Sitara-1::conversation_3573213_4336.csv::s1,astro_other,2026-07-17 15:49:03.001
Sitara-1::conversation_3573213_4336.csv::s1,user_neutral,2026-07-17 15:49:05.002
Sitara-1::conversation_3573213_4336.csv::s1,astro_other,2026-07-17 15:49:11.003
Sitara-1::conversation_3573213_4336.csv::s1,user_neutral,2026-07-17 15:49:19.004
Sitara-1::conversation_3573213_4336.csv::s1,astro_callback_within,2026-07-17 15:49:27.005
Sitara-1::conversation_3573213_4336.csv::s1,user_neutral_factual,2026-07-17 15:49:29.006
Sitara-1::conversation_3573213_4336.csv::s1,astro_callback_within,2026-07-17 15:49:34.007
Sitara-1::conversation_3573213_4336.csv::s1,user_emotional_disclosure,2026-07-17 15:50:06.008
Sitara-1::conversation_3573213_4336.csv::s1,astro_callback_within,2026-07-17 15:50:12.009
Sitara-1::conversation_3573213_4336.csv::s1,user_emotional_disclosure,2026-07-17 15:50:17.010
Sitara-1::conversation_3573213_4336.csv::s1,astro_callback_within,2026-07-17 15:50:32.011
Sitara-1::conversation_3573213_4336.csv::s1,astro_callback_within,2026-07-17 15:50:35.012
Sitara-1::conversation_3573213_4336.csv::s1,user_neutral_factual,2026-07-17 15:51:00.013
Sitara-1::conversation_3573213_4336.csv::s1,astro_callback_within,2026-07-17 15:51:12.014
Sitara-1::conversation_3573213_4336.csv::s1,user_enthusiastic,2026-07-17 15:51:39.015
Sitara-1::conversation_3573213_4336.csv::s1,astro_dated_prediction,2026-07-17 15:51:45.016
Sitara-1::conversation_3573213_4336.csv::s1,user_pushback,2026-07-17 15:52:07.017
Sitara-1::conversation_3573213_4336.csv::s1,astro_dated_prediction,2026-07-17 15:52:20.018
Sitara-1::conversation_3573213_4336.csv::s1,astro_dated_prediction,2026-07-17 15:52:37.019
Sitara-1::conversation_3573213_4336.csv::s1,user_neutral_factual,2026-07-17 15:52:52.020
Sitara-1::conversation_3573213_4336.csv::s1,astro_callback_within,2026-07-17 15:53:05.021
Sitara-1::conversation_3573213_4336.csv::s1,user_neutral_factual,2026-07-17 15:53:16.022
Sitara-1::conversation_3573213_4336.csv::s1,astro_callback_within,2026-07-17 15:53:22.023
Sitara-1::conversation_3573213_4336.csv::s1,user_enthusiastic,2026-07-17 15:53:37.024
Sitara-1::conversation_3573213_4336.csv::s1,user_neutral_factual,2026-07-17 15:53:50.025
Sitara-1::conversation_3573213_4336.csv::s1,astro_other,2026-07-17 15:53:57.026
Sitara-1::conversation_3573213_4336.csv::s1,user_enthusiastic,2026-07-17 15:54:09.027
Sitara-1::conversation_3573213_4336.csv::s1,astro_callback_within,2026-07-17 15:54:14.028
Sitara-1::conversation_3573213_4336.csv::s1,user_neutral_factual,2026-07-17 15:54:20.029
Sitara-1::conversation_3573213_4336.csv::s1,user_neutral_factual,2026-07-17 15:54:34.030
Sitara-1::conversation_3573213_4336.csv::s1,astro_other,2026-07-17 15:54:40.031
Sitara-1::conversation_3573213_4336.csv::s1,astro_callback_within,2026-07-17 15:55:00.032
Sitara-1::conversation_3573213_4336.csv::s1,user_neutral_factual,2026-07-17 15:55:12.033
Sitara-1::conversation_3573213_4336.csv::s1,astro_callback_within,2026-07-17 15:55:18.034
Sitara-1::conversation_3573213_4336.csv::s1,user_enthusiastic,2026-07-17 15:55:36.035
Sitara-1::conversation_3573213_4336.csv::s1,astro_callback_within,2026-07-17 15:55:42.036
Sitara-1::conversation_3573213_4336.csv::s1,user_neutral_factual,2026-07-17 15:55:52.037
Sitara-1::conversation_3573213_4336.csv::s1,astro_callback_within,2026-07-17 15:56:31.038
Sitara-1::conversation_3573213_4336.csv::s1,astro_callback_within,2026-07-17 15:56:33.039
Sitara-1::conversation_3573213_4336.csv::s1,user_neutral_factual,2026-07-17 15:56:43.040
Sitara-1::conversation_3573213_4336.csv::s1,astro_reframe,2026-07-17 15:56:49.041
Sitara-1::conversation_3573213_4336.csv::s1,user_enthusiastic,2026-07-17 15:56:59.042
Sitara-1::conversation_3573213_4336.csv::s1,astro_other,2026-07-17 15:57:06.043
Sitara-1::conversation_3573213_4336.csv::s1,astro_reframe,2026-07-17 15:57:18.044
Sitara-1::conversation_3573213_4336.csv::s1,user_neutral_factual,2026-07-17 15:57:25.045
Sitara-1::conversation_3573213_4336.csv::s1,astro_callback_within,2026-07-17 15:57:33.046
Sitara-1::conversation_3573213_4336.csv::s1,user_emotional_disclosure,2026-07-17 15:57:33.047
Sitara-1::conversation_3573213_4336.csv::s1,astro_callback_within,2026-07-17 15:57:44.048
Sitara-1::conversation_3573213_4336.csv::s1,user_enthusiastic,2026-07-17 15:57:53.049
Sitara-1::conversation_3573213_4336.csv::s1,astro_other,2026-07-17 15:57:59.050
Sitara-1::conversation_3574193_4336.csv::s1,user_neutral,2026-07-17 16:57:10.000
Sitara-1::conversation_3574193_4336.csv::s1,user_neutral_factual,2026-07-17 16:57:18.001
Sitara-1::conversation_3574193_4336.csv::s1,astro_other,2026-07-17 16:57:25.002
Sitara-1::conversation_3574193_4336.csv::s1,astro_other,2026-07-17 16:57:30.003
Sitara-1::conversation_3574193_4336.csv::s1,user_neutral,2026-07-17 16:57:32.004
Sitara-1::conversation_3574193_4336.csv::s1,user_neutral_factual,2026-07-17 16:57:39.005
Sitara-1::conversation_3574193_4336.csv::s1,astro_other,2026-07-17 16:57:41.006
Sitara-1::conversation_3574193_4336.csv::s1,astro_callback_within,2026-07-17 16:57:45.007
Sitara-1::conversation_3574193_4336.csv::s1,user_neutral_factual,2026-07-17 16:57:55.008
Sitara-1::conversation_3574193_4336.csv::s1,user_emotional_disclosure,2026-07-17 16:58:05.009
Sitara-1::conversation_3574193_4336.csv::s1,astro_other,2026-07-17 16:58:05.010
Sitara-1::conversation_3574193_4336.csv::s1,astro_callback_within,2026-07-17 16:58:10.011
Sitara-1::conversation_3574193_4336.csv::s1,user_neutral,2026-07-17 16:58:10.012
Sitara-1::conversation_3574193_4336.csv::s1,user_emotional_disclosure,2026-07-17 16:58:13.013
Sitara-1::conversation_3574193_4336.csv::s1,astro_callback_within,2026-07-17 16:58:19.014
Sitara-1::conversation_3574193_4336.csv::s1,astro_callback_within,2026-07-17 16:58:20.015
Sitara-1::conversation_3574193_4336.csv::s1,astro_callback_within,2026-07-17 16:58:25.016
Sitara-1::conversation_3574193_4336.csv::s1,user_neutral_factual,2026-07-17 16:58:29.017
Sitara-1::conversation_3574193_4336.csv::s1,user_neutral_factual,2026-07-17 16:58:33.018
Sitara-1::conversation_3574193_4336.csv::s1,astro_callback_within,2026-07-17 16:58:35.019
Sitara-1::conversation_3574193_4336.csv::s1,user_neutral_factual,2026-07-17 16:58:41.020
Sitara-1::conversation_3574193_4336.csv::s1,astro_callback_within,2026-07-17 16:58:46.021
Sitara-1::conversation_3574193_4336.csv::s1,astro_callback_within,2026-07-17 16:58:48.022
Sitara-1::conversation_3574193_4336.csv::s1,user_neutral_factual,2026-07-17 16:59:03.023
Sitara-1::conversation_3574193_4336.csv::s1,user_neutral,2026-07-17 16:59:08.024
Sitara-1::conversation_3574193_4336.csv::s1,astro_callback_within,2026-07-17 16:59:08.025
Sitara-1::conversation_3574193_4336.csv::s1,astro_callback_within,2026-07-17 16:59:16.026
Sitara-1::conversation_3574193_4336.csv::s1,astro_callback_within,2026-07-17 16:59:22.027
Sitara-1::conversation_3574193_4336.csv::s1,user_neutral_factual,2026-07-17 16:59:26.028
Sitara-1::conversation_3574193_4336.csv::s1,user_emotional_disclosure,2026-07-17 16:59:31.029
Sitara-1::conversation_3574193_4336.csv::s1,user_neutral_factual,2026-07-17 16:59:33.030
Sitara-1::conversation_3574193_4336.csv::s1,astro_callback_within,2026-07-17 16:59:34.031
Sitara-1::conversation_3574193_4336.csv::s1,astro_callback_within,2026-07-17 16:59:39.032
Sitara-1::conversation_3574193_4336.csv::s1,user_neutral_factual,2026-07-17 16:59:41.033
Sitara-1::conversation_3574193_4336.csv::s1,astro_other,2026-07-17 16:59:44.034
Sitara-1::conversation_3574193_4336.csv::s1,astro_other,2026-07-17 16:59:49.035
Sitara-1::conversation_3574193_4336.csv::s1,astro_callback_within,2026-07-17 16:59:52.036
Sitara-1::conversation_3574193_4336.csv::s1,user_neutral_factual,2026-07-17 16:59:52.037
Sitara-1::conversation_3574193_4336.csv::s1,user_neutral_factual,2026-07-17 16:59:54.038
Sitara-1::conversation_3574193_4336.csv::s1,astro_callback_within,2026-07-17 16:59:59.039
Sitara-1::conversation_3574193_4336.csv::s1,astro_callback_within,2026-07-17 17:00:01.040
Sitara-1::conversation_3574193_4336.csv::s1,user_neutral_factual,2026-07-17 17:00:03.041
Sitara-1::conversation_3574193_4336.csv::s1,astro_callback_within,2026-07-17 17:00:09.042
Sitara-1::conversation_3574193_4336.csv::s1,user_emotional_disclosure,2026-07-17 17:00:10.043
Sitara-1::conversation_3574193_4336.csv::s1,astro_callback_within,2026-07-17 17:00:14.044
Sitara-1::conversation_3574193_4336.csv::s1,astro_callback_within,2026-07-17 17:00:16.045
Sitara-1::conversation_3574193_4336.csv::s1,user_emotional_disclosure,2026-07-17 17:00:18.046
Sitara-1::conversation_3574193_4336.csv::s1,astro_callback_within,2026-07-17 17:00:23.047
Sitara-1::conversation_3574193_4336.csv::s1,astro_other,2026-07-17 17:00:25.048
Sitara-1::conversation_3574193_4336.csv::s1,user_neutral_factual,2026-07-17 17:00:40.049
Sitara-1::conversation_3574193_4336.csv::s1,astro_callback_within,2026-07-17 17:00:49.050
Sitara-1::conversation_3574193_4336.csv::s1,user_neutral,2026-07-17 17:00:50.051
Sitara-1::conversation_3574193_4336.csv::s1,user_neutral,2026-07-17 17:00:51.052
Sitara-1::conversation_3574193_4336.csv::s1,user_neutral,2026-07-17 17:00:53.053
Sitara-1::conversation_3574193_4336.csv::s1,user_emotional_disclosure,2026-07-17 17:00:56.054
Sitara-1::conversation_3574193_4336.csv::s1,astro_callback_within,2026-07-17 17:00:59.055
Sitara-1::conversation_3574193_4336.csv::s1,astro_callback_within,2026-07-17 17:01:02.056
Sitara-1::conversation_3574193_4336.csv::s1,astro_callback_within,2026-07-17 17:01:04.057
Sitara-1::conversation_3574193_4336.csv::s1,astro_other,2026-07-17 17:01:06.058
Sitara-1::conversation_3574193_4336.csv::s1,astro_callback_within,2026-07-17 17:01:11.059
Sitara-1::conversation_3574193_4336.csv::s1,astro_callback_within,2026-07-17 17:01:13.060
Sitara-1::conversation_3574193_4336.csv::s1,user_neutral,2026-07-17 17:01:15.061
Sitara-1::conversation_3574193_4336.csv::s1,astro_other,2026-07-17 17:01:15.062
Sitara-1::conversation_3574193_4336.csv::s1,user_neutral,2026-07-17 17:01:17.063
Sitara-1::conversation_3574193_4336.csv::s1,astro_callback_within,2026-07-17 17:01:18.064
Sitara-1::conversation_3574193_4336.csv::s1,astro_other,2026-07-17 17:01:20.065
Sitara-1::conversation_3574193_4336.csv::s1,user_emotional_disclosure,2026-07-17 17:01:26.066
Sitara-1::conversation_3574193_4336.csv::s1,astro_callback_within,2026-07-17 17:01:26.067
Sitara-1::conversation_3574193_4336.csv::s1,astro_callback_within,2026-07-17 17:01:29.068
Sitara-1::conversation_3574193_4336.csv::s1,astro_callback_within,2026-07-17 17:01:35.069
Sitara-1::conversation_3574193_4336.csv::s1,user_neutral_factual,2026-07-17 17:01:42.070
Sitara-1::conversation_3574193_4336.csv::s1,astro_callback_within,2026-07-17 17:01:48.071
Sitara-1::conversation_3574193_4336.csv::s1,user_emotional_disclosure,2026-07-17 17:01:52.072
Sitara-1::conversation_3574193_4336.csv::s1,astro_callback_within,2026-07-17 17:01:57.073
Sitara-1::conversation_3574193_4336.csv::s1,user_neutral_factual,2026-07-17 17:02:07.074
Sitara-1::conversation_3574193_4336.csv::s1,user_neutral,2026-07-17 17:02:11.075
Sitara-1::conversation_3574193_4336.csv::s1,astro_callback_within,2026-07-17 17:02:13.076
Sitara-1::conversation_3574193_4336.csv::s1,user_emotional_disclosure,2026-07-17 17:02:16.077
Sitara-1::conversation_3574193_4336.csv::s1,astro_callback_within,2026-07-17 17:02:18.078
Sitara-1::conversation_3574193_4336.csv::s1,astro_callback_within,2026-07-17 17:02:25.079
Sitara-1::conversation_3574193_4336.csv::s1,user_neutral_factual,2026-07-17 17:02:34.080
Sitara-1::conversation_3574193_4336.csv::s1,user_neutral_factual,2026-07-17 17:02:35.081
Sitara-1::conversation_3574193_4336.csv::s1,user_enthusiastic,2026-07-17 17:02:40.082
Sitara-1::conversation_3574193_4336.csv::s1,astro_callback_within,2026-07-17 17:02:41.083
Sitara-1::conversation_3574193_4336.csv::s1,user_enthusiastic,2026-07-17 17:02:42.084
Sitara-1::conversation_3574193_4336.csv::s1,astro_reframe,2026-07-17 17:02:47.085
Sitara-1::conversation_3574193_4336.csv::s1,astro_callback_within,2026-07-17 17:02:50.086
Sitara-1::conversation_3574193_4336.csv::s1,astro_callback_within,2026-07-17 17:02:53.087
Sitara-1::conversation_3574193_4336.csv::s1,astro_callback_within,2026-07-17 17:02:55.088
Sitara-1::conversation_3574193_4336.csv::s1,user_enthusiastic,2026-07-17 17:03:09.089
Sitara-1::conversation_3574193_4336.csv::s1,user_neutral,2026-07-17 17:03:13.090
Sitara-1::conversation_3574193_4336.csv::s1,astro_callback_within,2026-07-17 17:03:15.091
Sitara-1::conversation_3574193_4336.csv::s1,user_neutral_factual,2026-07-17 17:03:18.092
Sitara-1::conversation_3574193_4336.csv::s1,astro_callback_within,2026-07-17 17:03:23.093
Sitara-1::conversation_3574193_4336.csv::s1,astro_callback_within,2026-07-17 17:03:28.094
Sitara-1::conversation_3574193_4336.csv::s1,user_neutral,2026-07-17 17:03:31.095
Sitara-1::conversation_3574193_4336.csv::s1,astro_callback_within,2026-07-17 17:03:38.096
Sitara-1::conversation_3574193_4336.csv::s1,user_neutral_factual,2026-07-17 17:03:48.097
Sitara-1::conversation_3574193_4336.csv::s1,astro_callback_within,2026-07-17 17:03:53.098
Sitara-1::conversation_3574193_4336.csv::s1,user_neutral_factual,2026-07-17 17:03:59.099
Sitara-1::conversation_3574193_4336.csv::s1,user_emotional_disclosure,2026-07-17 17:04:05.100
Sitara-1::conversation_3574193_4336.csv::s1,user_emotional_disclosure,2026-07-17 17:04:08.101
Sitara-1::conversation_3574193_4336.csv::s1,user_emotional_disclosure,2026-07-17 17:04:09.102
Sitara-1::conversation_3574193_4336.csv::s1,astro_other,2026-07-17 17:04:09.103
Sitara-1::conversation_3574193_4336.csv::s1,user_emotional_disclosure,2026-07-17 17:04:14.104
Sitara-1::conversation_3574193_4336.csv::s1,astro_callback_within,2026-07-17 17:04:16.105
Sitara-1::conversation_3574193_4336.csv::s1,astro_callback_within,2026-07-17 17:04:19.106
Sitara-1::conversation_3574193_4336.csv::s1,astro_callback_within,2026-07-17 17:04:23.107
Sitara-1::conversation_3574193_4336.csv::s1,astro_callback_within,2026-07-17 17:04:30.108
Sitara-1::conversation_3574193_4336.csv::s1,user_neutral,2026-07-17 17:04:38.109
Sitara-1::conversation_3574193_4336.csv::s1,astro_callback_within,2026-07-17 17:04:43.110
Sitara-1::conversation_3574193_4336.csv::s1,user_neutral,2026-07-17 17:04:47.111
Sitara-1::conversation_3574193_4336.csv::s1,astro_dated_prediction,2026-07-17 17:04:52.112
Sitara-1::conversation_3574193_4336.csv::s1,user_enthusiastic,2026-07-17 17:04:58.113
Sitara-1::conversation_3574193_4336.csv::s1,astro_callback_within,2026-07-17 17:05:04.114
Sitara-1::conversation_3574193_4336.csv::s1,user_neutral_factual,2026-07-17 17:05:11.115
Sitara-1::conversation_3574193_4336.csv::s1,astro_reframe,2026-07-17 17:05:16.116
Sitara-1::conversation_3574193_4336.csv::s1,user_emotional_disclosure,2026-07-17 17:05:19.117
Sitara-1::conversation_3574193_4336.csv::s1,user_neutral_factual,2026-07-17 17:05:21.118
Sitara-1::conversation_3574193_4336.csv::s1,astro_callback_within,2026-07-17 17:05:26.119
Sitara-1::conversation_3574193_4336.csv::s1,user_emotional_disclosure,2026-07-17 17:05:30.120
Sitara-1::conversation_3574193_4336.csv::s1,user_emotional_disclosure,2026-07-17 17:05:31.121
Sitara-1::conversation_3574193_4336.csv::s1,astro_callback_within,2026-07-17 17:05:32.122
Sitara-1::conversation_3574193_4336.csv::s1,user_neutral_factual,2026-07-17 17:05:42.123
Sitara-1::conversation_3574193_4336.csv::s1,astro_callback_within,2026-07-17 17:05:43.124
Sitara-1::conversation_3574193_4336.csv::s1,user_neutral,2026-07-17 17:05:47.125
Sitara-1::conversation_3574193_4336.csv::s1,astro_callback_within,2026-07-17 17:05:48.126
Sitara-1::conversation_3574193_4336.csv::s1,user_neutral,2026-07-17 17:05:51.127
Sitara-1::conversation_3574193_4336.csv::s1,user_neutral,2026-07-17 17:05:52.128
Sitara-1::conversation_3574193_4336.csv::s1,astro_callback_within,2026-07-17 17:05:56.129
Sitara-1::conversation_3574193_4336.csv::s1,user_neutral,2026-07-17 17:06:02.130
Sitara-1::conversation_3574193_4336.csv::s1,astro_callback_within,2026-07-17 17:06:05.131
Sitara-1::conversation_3574193_4336.csv::s1,user_neutral,2026-07-17 17:06:07.132
Sitara-1::conversation_3574193_4336.csv::s1,astro_validation,2026-07-17 17:06:13.133
Sitara-1::conversation_3574193_4336.csv::s1,astro_callback_within,2026-07-17 17:06:22.134
Sitara-1::conversation_3574193_4336.csv::s1,user_neutral_factual,2026-07-17 17:06:31.135
Sitara-1::conversation_3574193_4336.csv::s1,user_enthusiastic,2026-07-17 17:06:34.136
Sitara-1::conversation_3574193_4336.csv::s1,astro_reframe,2026-07-17 17:06:53.137
Sitara-1::conversation_3574193_4336.csv::s1,user_neutral_factual,2026-07-17 17:07:01.138
Sitara-1::conversation_3574193_4336.csv::s1,astro_callback_within,2026-07-17 17:07:01.139
Sitara-1::conversation_3574193_4336.csv::s1,user_emotional_disclosure,2026-07-17 17:07:04.140
Sitara-1::conversation_3574193_4336.csv::s1,astro_callback_within,2026-07-17 17:07:07.141
Sitara-1::conversation_3574193_4336.csv::s1,astro_callback_within,2026-07-17 17:07:15.142
Sitara-1::conversation_3574193_4336.csv::s1,astro_callback_within,2026-07-17 17:07:17.143
Sitara-1::conversation_3576263_4336.csv::s1,user_neutral,2026-07-17 18:17:33.000
Sitara-1::conversation_3576263_4336.csv::s1,astro_other,2026-07-17 18:17:38.001
Sitara-1::conversation_3576263_4336.csv::s1,user_neutral_factual,2026-07-17 18:17:50.002
Sitara-1::conversation_3576263_4336.csv::s1,astro_callback_within,2026-07-17 18:17:56.003
Sitara-1::conversation_3576263_4336.csv::s1,user_neutral_factual,2026-07-17 18:18:08.004
Sitara-1::conversation_3576263_4336.csv::s1,astro_callback_within,2026-07-17 18:18:13.005
Sitara-1::conversation_3576263_4336.csv::s1,user_emotional_disclosure,2026-07-17 18:18:34.006
Sitara-1::conversation_3576263_4336.csv::s1,astro_other,2026-07-17 18:18:42.007
Sitara-1::conversation_3576263_4336.csv::s1,astro_callback_within,2026-07-17 18:18:48.008
Sitara-1::conversation_3576263_4336.csv::s1,astro_callback_within,2026-07-17 18:19:02.009
Sitara-1::conversation_3576263_4336.csv::s1,user_neutral_factual,2026-07-17 18:19:29.010
Sitara-1::conversation_3576263_4336.csv::s1,user_emotional_disclosure,2026-07-17 18:19:35.011
Sitara-1::conversation_3576263_4336.csv::s1,user_emotional_disclosure,2026-07-17 18:19:39.012
Sitara-1::conversation_3576263_4336.csv::s1,astro_callback_within,2026-07-17 18:19:44.013
Sitara-1::conversation_3576263_4336.csv::s1,astro_other,2026-07-17 18:19:46.014
Sitara-1::conversation_3576263_4336.csv::s1,astro_callback_within,2026-07-17 18:19:52.015
Sitara-1::conversation_3576263_4336.csv::s1,user_pushback,2026-07-17 18:20:19.016
Sitara-1::conversation_3576263_4336.csv::s1,astro_callback_within,2026-07-17 18:20:24.017
Sitara-1::conversation_3576263_4336.csv::s1,user_neutral_factual,2026-07-17 18:20:26.018
Sitara-1::conversation_3576263_4336.csv::s1,astro_callback_within,2026-07-17 18:20:31.019
Sitara-1::conversation_3576263_4336.csv::s1,user_neutral_factual,2026-07-17 18:20:47.020
Sitara-1::conversation_3576263_4336.csv::s1,user_neutral,2026-07-17 18:20:51.021
Sitara-1::conversation_3576263_4336.csv::s1,astro_callback_within,2026-07-17 18:20:53.022
Sitara-1::conversation_3576263_4336.csv::s1,astro_callback_within,2026-07-17 18:20:59.023
Sitara-1::conversation_3576263_4336.csv::s1,user_emotional_disclosure,2026-07-17 18:21:01.024
Sitara-1::conversation_3576263_4336.csv::s1,astro_callback_within,2026-07-17 18:21:08.025
Sitara-1::conversation_3576263_4336.csv::s1,astro_callback_within,2026-07-17 18:21:12.026
Sitara-1::conversation_3576263_4336.csv::s1,user_emotional_disclosure,2026-07-17 18:21:17.027
Sitara-1::conversation_3576263_4336.csv::s1,astro_callback_within,2026-07-17 18:21:23.028
Sitara-1::conversation_3576263_4336.csv::s1,astro_callback_within,2026-07-17 18:21:25.029
Sitara-1::conversation_3576263_4336.csv::s1,user_neutral_factual,2026-07-17 18:21:29.030
Sitara-1::conversation_3576263_4336.csv::s1,astro_callback_within,2026-07-17 18:21:34.031
Sitara-1::conversation_3576263_4336.csv::s1,user_neutral_factual,2026-07-17 18:21:42.032
Sitara-1::conversation_3576263_4336.csv::s1,user_emotional_disclosure,2026-07-17 18:22:08.033
Sitara-1::conversation_3576263_4336.csv::s1,astro_callback_within,2026-07-17 18:22:13.034
Sitara-1::conversation_3576263_4336.csv::s1,astro_other,2026-07-17 18:22:15.035
Sitara-1::conversation_3576263_4336.csv::s1,user_emotional_disclosure,2026-07-17 18:22:31.036
Sitara-1::conversation_3576263_4336.csv::s1,astro_callback_within,2026-07-17 18:22:36.037
Sitara-1::conversation_3576263_4336.csv::s1,user_emotional_disclosure,2026-07-17 18:22:36.038
Sitara-1::conversation_3576263_4336.csv::s1,astro_callback_within,2026-07-17 18:22:45.039
Sitara-1::conversation_3576263_4336.csv::s1,user_emotional_disclosure,2026-07-17 18:22:49.040
Sitara-1::conversation_3576263_4336.csv::s1,astro_callback_within,2026-07-17 18:22:58.041
Sitara-1::conversation_3576263_4336.csv::s1,user_neutral,2026-07-17 18:23:11.042
Sitara-1::conversation_3576263_4336.csv::s1,astro_callback_within,2026-07-17 18:23:16.043
Sitara-1::conversation_3576263_4336.csv::s1,user_neutral_factual,2026-07-17 18:23:28.044
Sitara-1::conversation_3576263_4336.csv::s1,astro_other,2026-07-17 18:23:36.045
Sitara-1::conversation_3576263_4336.csv::s1,user_neutral,2026-07-17 18:23:53.046
Sitara-1::conversation_3576263_4336.csv::s1,astro_callback_within,2026-07-17 18:23:59.047
Sitara-1::conversation_3576263_4336.csv::s1,astro_other,2026-07-17 18:24:01.048
Sitara-1::conversation_3576263_4336.csv::s1,user_emotional_disclosure,2026-07-17 18:24:14.049
Sitara-1::conversation_3576263_4336.csv::s1,astro_dated_prediction,2026-07-17 18:24:21.050
Sitara-1::conversation_3576263_4336.csv::s1,user_neutral_factual,2026-07-17 18:24:39.051
Sitara-1::conversation_3576263_4336.csv::s1,astro_reframe,2026-07-17 18:24:44.052
Sitara-1::conversation_3576263_4336.csv::s1,user_emotional_disclosure,2026-07-17 18:25:02.053
Sitara-1::conversation_3576263_4336.csv::s1,astro_callback_within,2026-07-17 18:25:08.054
Sitara-1::conversation_3576263_4336.csv::s1,astro_callback_within,2026-07-17 18:25:10.055
Sitara-1::conversation_3576263_4336.csv::s1,user_neutral_factual,2026-07-17 18:25:29.056
Sitara-1::conversation_3576263_4336.csv::s1,astro_callback_within,2026-07-17 18:25:38.057
Sitara-1::conversation_3576263_4336.csv::s1,astro_callback_within,2026-07-17 18:25:40.058
Sitara-1::conversation_3576263_4336.csv::s1,user_disengaging,2026-07-17 18:26:11.059
Sitara-1::conversation_3576263_4336.csv::s1,astro_callback_within,2026-07-17 18:26:16.060
Sitara-1::conversation_3576263_4336.csv::s1,astro_callback_within,2026-07-17 18:26:18.061
Sitara-1::conversation_3576263_4336.csv::s1,user_disengaging,2026-07-17 18:26:21.062
Sitara-1::conversation_3576263_4336.csv::s1,astro_callback_within,2026-07-17 18:26:28.063
Sitara-1::conversation_3576263_4336.csv::s1,user_neutral_factual,2026-07-17 18:26:47.064
Sitara-1::conversation_3576263_4336.csv::s1,user_enthusiastic,2026-07-17 18:26:49.065
Sitara-1::conversation_3576263_4336.csv::s1,astro_reframe,2026-07-17 18:26:51.066
Sitara-1::conversation_3576263_4336.csv::s1,astro_callback_within,2026-07-17 18:26:58.067
Sitara-1::conversation_3576263_4336.csv::s1,astro_reframe,2026-07-17 18:27:13.068
Sitara-1::conversation_3576263_4336.csv::s1,astro_other,2026-07-17 18:27:20.069
Sitara-1::conversation_3576263_4336.csv::s1,user_enthusiastic,2026-07-17 18:27:29.070
Sitara-1::conversation_3576263_4336.csv::s1,astro_other,2026-07-17 18:27:35.071
Sitara-1::conversation_3577422_4336.csv::s1,user_neutral,2026-07-17 19:29:33.000
Sitara-1::conversation_3577422_4336.csv::s1,astro_other,2026-07-17 19:29:38.001
Sitara-1::conversation_3577422_4336.csv::s1,user_neutral_factual,2026-07-17 19:29:44.002
Sitara-1::conversation_3577422_4336.csv::s1,user_emotional_disclosure,2026-07-17 19:29:59.003
Sitara-1::conversation_3577422_4336.csv::s1,astro_callback_within,2026-07-17 19:30:07.004
Sitara-1::conversation_3577422_4336.csv::s1,user_neutral_factual,2026-07-17 19:30:11.005
Sitara-1::conversation_3577422_4336.csv::s1,astro_callback_within,2026-07-17 19:30:20.006
Sitara-1::conversation_3577422_4336.csv::s1,user_neutral_factual,2026-07-17 19:30:27.007
Sitara-1::conversation_3577422_4336.csv::s1,user_neutral_factual,2026-07-17 19:30:34.008
Sitara-1::conversation_3577422_4336.csv::s1,astro_callback_within,2026-07-17 19:30:38.009
Sitara-1::conversation_3577422_4336.csv::s1,astro_callback_within,2026-07-17 19:30:40.010
Sitara-1::conversation_3577422_4336.csv::s1,user_neutral_factual,2026-07-17 19:30:46.011
Sitara-1::conversation_3577422_4336.csv::s1,astro_callback_within,2026-07-17 19:30:51.012
Sitara-1::conversation_3577422_4336.csv::s1,user_neutral_factual,2026-07-17 19:31:01.013
Sitara-1::conversation_3577422_4336.csv::s1,user_neutral_factual,2026-07-17 19:31:06.014
Sitara-1::conversation_3577422_4336.csv::s1,astro_callback_within,2026-07-17 19:31:06.015
Sitara-1::conversation_3577422_4336.csv::s1,astro_callback_within,2026-07-17 19:31:13.016
Sitara-1::conversation_3577422_4336.csv::s1,astro_callback_within,2026-07-17 19:31:15.017
Sitara-1::conversation_3577422_4336.csv::s1,user_emotional_disclosure,2026-07-17 19:31:24.018
Sitara-1::conversation_3577422_4336.csv::s1,user_neutral_factual,2026-07-17 19:31:26.019
Sitara-1::conversation_3577422_4336.csv::s1,astro_dated_prediction,2026-07-17 19:31:34.020
Sitara-1::conversation_3577422_4336.csv::s1,astro_callback_within,2026-07-17 19:31:39.021
Sitara-1::conversation_3577422_4336.csv::s1,user_neutral_factual,2026-07-17 19:31:44.022
Sitara-1::conversation_3577422_4336.csv::s1,user_emotional_disclosure,2026-07-17 19:31:54.023
Sitara-1::conversation_3577422_4336.csv::s1,astro_callback_within,2026-07-17 19:32:05.024
Sitara-1::conversation_3577422_4336.csv::s1,user_emotional_disclosure,2026-07-17 19:32:08.025
Sitara-1::conversation_3577422_4336.csv::s1,astro_other,2026-07-17 19:32:13.026
Sitara-1::conversation_3577422_4336.csv::s1,user_enthusiastic,2026-07-17 19:32:17.027
Sitara-1::conversation_3577422_4336.csv::s1,astro_dated_prediction,2026-07-17 19:32:22.028
Sitara-1::conversation_3577422_4336.csv::s1,user_emotional_disclosure,2026-07-17 19:32:25.029
Sitara-1::conversation_3577422_4336.csv::s1,astro_callback_within,2026-07-17 19:32:32.030
Sitara-1::conversation_3577422_4336.csv::s1,user_emotional_disclosure,2026-07-17 19:32:38.031
Sitara-1::conversation_3577422_4336.csv::s1,user_pushback,2026-07-17 19:32:44.032
Sitara-1::conversation_3577422_4336.csv::s1,astro_callback_within,2026-07-17 19:32:46.033
Sitara-1::conversation_3577422_4336.csv::s1,astro_callback_within,2026-07-17 19:32:51.034
Sitara-1::conversation_3577422_4336.csv::s1,user_enthusiastic,2026-07-17 19:33:01.035
Sitara-1::conversation_3577422_4336.csv::s1,astro_callback_within,2026-07-17 19:33:06.036
Sitara-1::conversation_3577422_4336.csv::s1,user_neutral_factual,2026-07-17 19:33:06.037
Sitara-1::conversation_3577422_4336.csv::s1,astro_callback_within,2026-07-17 19:33:12.038
Sitara-1::conversation_3577422_4336.csv::s1,user_enthusiastic,2026-07-17 19:33:16.039
Sitara-1::conversation_3577422_4336.csv::s1,astro_callback_within,2026-07-17 19:33:24.040
Sitara-1::conversation_3577422_4336.csv::s1,user_enthusiastic,2026-07-17 19:33:33.041
Sitara-1::conversation_3577422_4336.csv::s1,user_emotional_disclosure,2026-07-17 19:33:44.042
Sitara-1::conversation_3577422_4336.csv::s1,user_neutral,2026-07-17 19:34:06.043
Sitara-1::conversation_3577422_4336.csv::s1,astro_callback_within,2026-07-17 19:34:13.044
Sitara-1::conversation_3577422_4336.csv::s1,user_emotional_disclosure,2026-07-17 19:34:20.045
Sitara-1::conversation_3577422_4336.csv::s1,user_emotional_disclosure,2026-07-17 19:34:23.046
Sitara-1::conversation_3577422_4336.csv::s1,user_enthusiastic,2026-07-17 19:34:30.047
Sitara-1::conversation_3577422_4336.csv::s1,astro_callback_within,2026-07-17 19:34:30.048
Sitara-1::conversation_3577422_4336.csv::s1,astro_callback_within,2026-07-17 19:34:38.049
Sitara-1::conversation_3577598_4336.csv::s1,user_neutral,2026-07-17 19:53:06.000
Sitara-1::conversation_3577598_4336.csv::s1,astro_other,2026-07-17 19:53:11.001
Sitara-1::conversation_3577598_4336.csv::s1,user_emotional_disclosure,2026-07-17 19:55:06.002
Sitara-1::conversation_3577598_4336.csv::s1,astro_callback_within,2026-07-17 19:55:11.003
Sitara-1::conversation_3577598_4336.csv::s1,user_neutral_factual,2026-07-17 19:55:16.004
Sitara-1::conversation_3577598_4336.csv::s1,astro_callback_within,2026-07-17 19:55:21.005
Sitara-1::conversation_3577598_4336.csv::s1,astro_callback_within,2026-07-17 19:56:10.006
Sitara-1::conversation_3577598_4336.csv::s2,user_neutral,2026-07-18 15:54:34.000
Sitara-1::conversation_3577598_4336.csv::s2,astro_other,2026-07-18 15:54:42.001
Sitara-1::conversation_3577598_4336.csv::s2,astro_validation,2026-07-18 15:55:09.002
Sitara-1::conversation_3577598_4336.csv::s2,user_emotional_disclosure,2026-07-18 15:55:19.003
Sitara-1::conversation_3577598_4336.csv::s2,user_neutral_factual,2026-07-18 15:55:27.004
Sitara-1::conversation_3577598_4336.csv::s2,astro_validation,2026-07-18 15:55:27.005
Sitara-1::conversation_3577598_4336.csv::s2,astro_validation,2026-07-18 15:55:35.006
Sitara-1::conversation_3577598_4336.csv::s2,astro_validation,2026-07-18 15:56:00.007
Sitara-1::conversation_3577598_4336.csv::s2,user_emotional_disclosure,2026-07-18 15:56:13.008
Sitara-1::conversation_3577598_4336.csv::s2,astro_other,2026-07-18 15:56:23.009
Sitara-1::conversation_3577598_4336.csv::s2,user_emotional_disclosure,2026-07-18 15:56:42.010
Sitara-1::conversation_3577598_4336.csv::s2,astro_validation,2026-07-18 15:56:55.011
Sitara-1::conversation_3577598_4336.csv::s2,user_enthusiastic,2026-07-18 15:57:36.012
Sitara-1::conversation_3577598_4336.csv::s2,user_enthusiastic,2026-07-18 15:57:39.013
Sitara-1::conversation_3577598_4336.csv::s2,user_enthusiastic,2026-07-18 15:57:45.014
Sitara-1::conversation_3577598_4336.csv::s2,user_emotional_disclosure,2026-07-18 15:57:49.015
Sitara-1::conversation_3577598_4336.csv::s2,user_emotional_disclosure,2026-07-18 15:57:51.016
Sitara-1::conversation_3577598_4336.csv::s2,astro_other,2026-07-18 15:57:54.017
Sitara-1::conversation_3577598_4336.csv::s2,astro_validation,2026-07-18 15:57:59.018
Sitara-1::conversation_3577598_4336.csv::s2,astro_other,2026-07-18 15:58:06.019
Sitara-1::conversation_3577598_4336.csv::s2,user_enthusiastic,2026-07-18 15:58:07.020
Sitara-1::conversation_3577598_4336.csv::s2,astro_other,2026-07-18 15:58:12.021
Sitara-1::conversation_3577598_4336.csv::s2,astro_validation,2026-07-18 15:58:18.022
Sitara-1::conversation_3577598_4336.csv::s2,user_neutral_factual,2026-07-18 15:58:26.023
Sitara-1::conversation_3577598_4336.csv::s2,astro_other,2026-07-18 15:58:33.024
Sitara-1::conversation_3577598_4336.csv::s2,astro_other,2026-07-18 15:58:49.025
Sitara-1::conversation_3577598_4336.csv::s2,user_emotional_disclosure,2026-07-18 15:59:07.026
Sitara-1::conversation_3577598_4336.csv::s2,astro_other,2026-07-18 15:59:17.027
Sitara-1::conversation_3577598_4336.csv::s2,user_enthusiastic,2026-07-18 15:59:30.028
Sitara-1::conversation_3577598_4336.csv::s2,user_enthusiastic,2026-07-18 15:59:33.029
Sitara-1::conversation_3577598_4336.csv::s2,astro_other,2026-07-18 15:59:38.030
Sitara-1::conversation_3577598_4336.csv::s2,astro_other,2026-07-18 15:59:47.031
Sitara-1::conversation_3577598_4336.csv::s2,user_emotional_disclosure,2026-07-18 16:00:14.032
Sitara-1::conversation_3577598_4336.csv::s2,user_emotional_disclosure,2026-07-18 16:00:18.033
Sitara-1::conversation_3577598_4336.csv::s2,astro_reframe,2026-07-18 16:00:22.034
Sitara-1::conversation_3577598_4336.csv::s2,astro_other,2026-07-18 16:00:31.035
Sitara-1::conversation_3577798_4336.csv::s1,user_neutral,2026-07-17 20:29:38.000
Sitara-1::conversation_3577798_4336.csv::s1,astro_other,2026-07-17 20:29:43.001
Sitara-1::conversation_3577798_4336.csv::s1,astro_other,2026-07-17 20:29:45.002
Sitara-1::conversation_3577798_4336.csv::s1,user_neutral_factual,2026-07-17 20:30:12.003
Sitara-1::conversation_3577798_4336.csv::s1,astro_other,2026-07-17 20:30:17.004
Sitara-1::conversation_3577798_4336.csv::s1,user_neutral_factual,2026-07-17 20:30:30.005
Sitara-1::conversation_3577798_4336.csv::s1,user_neutral_factual,2026-07-17 20:30:32.006
Sitara-1::conversation_3577798_4336.csv::s1,astro_validation,2026-07-17 20:30:36.007
Sitara-1::conversation_3577798_4336.csv::s1,astro_other,2026-07-17 20:30:44.008
Sitara-1::conversation_3577798_4336.csv::s1,astro_other,2026-07-17 20:30:55.009
Sitara-1::conversation_3577798_4336.csv::s1,user_neutral_factual,2026-07-17 20:31:05.010
Sitara-1::conversation_3577798_4336.csv::s1,astro_callback_within,2026-07-17 20:31:10.011
Sitara-1::conversation_3577798_4336.csv::s1,user_emotional_disclosure,2026-07-17 20:31:25.012
Sitara-1::conversation_3577798_4336.csv::s1,astro_validation,2026-07-17 20:31:34.013
Sitara-1::conversation_3577798_4336.csv::s1,astro_other,2026-07-17 20:31:43.014
Sitara-1::conversation_3577798_4336.csv::s1,astro_other,2026-07-17 20:31:45.015
Sitara-1::conversation_3577798_4336.csv::s1,user_neutral_factual,2026-07-17 20:31:55.016
Sitara-1::conversation_3577798_4336.csv::s1,user_emotional_disclosure,2026-07-17 20:32:10.017
Sitara-1::conversation_3577798_4336.csv::s1,astro_other,2026-07-17 20:32:19.018
Sitara-1::conversation_3577798_4336.csv::s1,user_enthusiastic,2026-07-17 20:32:22.019
Sitara-1::conversation_3577798_4336.csv::s1,astro_dated_prediction,2026-07-17 20:32:27.020
Sitara-1::conversation_3577798_4336.csv::s1,user_neutral_factual,2026-07-17 20:32:35.021
Sitara-1::conversation_3577798_4336.csv::s1,astro_other,2026-07-17 20:32:41.022
Sitara-1::conversation_3577798_4336.csv::s1,user_pushback,2026-07-17 20:32:51.023
Sitara-1::conversation_3577798_4336.csv::s1,astro_other,2026-07-17 20:32:59.024
Sitara-1::conversation_3577798_4336.csv::s1,user_emotional_disclosure,2026-07-17 20:33:11.025
Sitara-1::conversation_3577798_4336.csv::s1,user_emotional_disclosure,2026-07-17 20:33:22.026
Sitara-1::conversation_3577798_4336.csv::s1,astro_other,2026-07-17 20:33:32.027
Sitara-1::conversation_3577798_4336.csv::s1,user_neutral_factual,2026-07-17 20:33:40.028
Sitara-1::conversation_3577798_4336.csv::s1,astro_other,2026-07-17 20:33:45.029
Sitara-1::conversation_3577798_4336.csv::s1,user_pushback,2026-07-17 20:33:57.030
Sitara-1::conversation_3577798_4336.csv::s1,astro_other,2026-07-17 20:34:06.031
Sitara-1::conversation_3577798_4336.csv::s1,user_neutral_factual,2026-07-17 20:34:10.032
Sitara-1::conversation_3577798_4336.csv::s1,astro_dated_prediction,2026-07-17 20:34:11.033
Sitara-1::conversation_3577798_4336.csv::s1,astro_other,2026-07-17 20:34:16.034
Sitara-1::conversation_3577798_4336.csv::s1,user_emotional_disclosure,2026-07-17 20:34:19.035
Sitara-1::conversation_3577798_4336.csv::s2,user_neutral,2026-07-17 20:36:26.000
Sitara-1::conversation_3577798_4336.csv::s2,astro_other,2026-07-17 20:36:31.001
Sitara-1::conversation_3577798_4336.csv::s2,user_pushback,2026-07-17 20:36:38.002
Sitara-1::conversation_3577798_4336.csv::s2,astro_other,2026-07-17 20:36:43.003
Sitara-1::conversation_3577798_4336.csv::s2,user_pushback,2026-07-17 20:37:05.004
Sitara-1::conversation_3577798_4336.csv::s2,astro_other,2026-07-17 20:37:31.005
Sitara-1::conversation_3577798_4336.csv::s2,user_neutral_factual,2026-07-17 20:37:45.006
Sitara-1::conversation_3577798_4336.csv::s2,astro_other,2026-07-17 20:37:51.007
Sitara-1::conversation_3577798_4336.csv::s2,astro_other,2026-07-17 20:37:53.008
Sitara-1::conversation_3577798_4336.csv::s2,user_neutral,2026-07-17 20:37:59.009
Sitara-1::conversation_3577798_4336.csv::s2,user_neutral,2026-07-17 20:38:13.010
Sitara-1::conversation_3577798_4336.csv::s2,astro_callback_prior,2026-07-17 20:38:19.011
Sitara-1::conversation_3577798_4336.csv::s2,astro_other,2026-07-17 20:38:21.012
Sitara-1::conversation_3577798_4336.csv::s2,astro_other,2026-07-17 20:38:37.013
Sitara-1::conversation_3577798_4336.csv::s2,user_emotional_disclosure,2026-07-17 20:38:40.014
Sitara-1::conversation_3577798_4336.csv::s2,astro_other,2026-07-17 20:38:45.015
Sitara-1::conversation_3577798_4336.csv::s2,astro_other,2026-07-17 20:38:47.016
Sitara-1::conversation_3577798_4336.csv::s2,user_emotional_disclosure,2026-07-17 20:38:58.017
Sitara-1::conversation_3577798_4336.csv::s2,astro_other,2026-07-17 20:39:06.018
Sitara-1::conversation_3577798_4336.csv::s2,user_emotional_disclosure,2026-07-17 20:39:14.019
Sitara-1::conversation_3577798_4336.csv::s2,user_emotional_disclosure,2026-07-17 20:39:23.020
Sitara-1::conversation_3577798_4336.csv::s2,astro_validation,2026-07-17 20:39:29.021
Sitara-1::conversation_3577798_4336.csv::s2,astro_other,2026-07-17 20:39:41.022
Sitara-1::conversation_3577798_4336.csv::s2,user_neutral_factual,2026-07-17 20:39:47.023
Sitara-1::conversation_3577798_4336.csv::s2,astro_other,2026-07-17 20:39:52.024
Sitara-1::conversation_3577798_4336.csv::s2,user_emotional_disclosure,2026-07-17 20:40:04.025
Sitara-1::conversation_3577798_4336.csv::s2,astro_validation,2026-07-17 20:40:09.026
Sitara-1::conversation_3577798_4336.csv::s2,user_emotional_disclosure,2026-07-17 20:40:14.027
Sitara-1::conversation_3577798_4336.csv::s2,astro_other,2026-07-17 20:40:23.028
Sitara-1::conversation_3577798_4336.csv::s2,user_emotional_disclosure,2026-07-17 20:40:42.029
Sitara-1::conversation_3577798_4336.csv::s2,astro_other,2026-07-17 20:40:47.030
Sitara-1::conversation_3577798_4336.csv::s2,astro_open_thread,2026-07-17 20:40:49.031
Sitara-1::conversation_3577798_4336.csv::s2,user_emotional_disclosure,2026-07-17 20:40:51.032
Sitara-1::conversation_3577798_4336.csv::s2,astro_other,2026-07-17 20:40:56.033
Sitara-1::conversation_3577798_4336.csv::s2,user_neutral_factual,2026-07-17 20:41:12.034
Sitara-1::conversation_3577798_4336.csv::s2,astro_other,2026-07-17 20:41:17.035
Sitara-1::conversation_3577798_4336.csv::s2,user_neutral_factual,2026-07-17 20:41:26.036
Sitara-1::conversation_3577798_4336.csv::s2,astro_other,2026-07-17 20:41:31.037
Sitara-1::conversation_3577798_4336.csv::s2,user_neutral_factual,2026-07-17 20:41:41.038
Sitara-1::conversation_3577798_4336.csv::s2,astro_other,2026-07-17 20:41:47.039
Sitara-1::conversation_3577798_4336.csv::s2,user_emotional_disclosure,2026-07-17 20:41:49.040
Sitara-1::conversation_3577798_4336.csv::s2,astro_other,2026-07-17 20:41:49.041
Sitara-1::conversation_3577798_4336.csv::s2,user_emotional_disclosure,2026-07-17 20:41:53.042
Sitara-1::conversation_3577798_4336.csv::s2,astro_other,2026-07-17 20:41:54.043
Sitara-1::conversation_3577798_4336.csv::s2,astro_other,2026-07-17 20:42:00.044
Sitara-1::conversation_3577798_4336.csv::s2,user_neutral_factual,2026-07-17 20:42:18.045
Sitara-1::conversation_3577798_4336.csv::s2,astro_other,2026-07-17 20:42:23.046
Sitara-1::conversation_3577798_4336.csv::s2,astro_other,2026-07-17 20:42:25.047
Sitara-1::conversation_3577798_4336.csv::s2,user_emotional_disclosure,2026-07-17 20:42:44.048
Sitara-1::conversation_3577798_4336.csv::s2,astro_dated_prediction,2026-07-17 20:42:49.049
Sitara-1::conversation_3577798_4336.csv::s2,astro_dated_prediction,2026-07-17 20:43:04.050
Sitara-1::conversation_3577798_4336.csv::s2,user_neutral_factual,2026-07-17 20:43:07.051
Sitara-1::conversation_3577798_4336.csv::s2,astro_other,2026-07-17 20:43:12.052
Sitara-1::conversation_3577798_4336.csv::s2,user_enthusiastic,2026-07-17 20:43:25.053
Sitara-1::conversation_3577798_4336.csv::s2,astro_other,2026-07-17 20:43:33.054
Sitara-1::conversation_3577798_4336.csv::s2,user_enthusiastic,2026-07-17 20:43:36.055
Sitara-1::conversation_3577798_4336.csv::s2,astro_open_thread,2026-07-17 20:43:41.056
Sitara-1::conversation_3577798_4336.csv::s2,user_pushback,2026-07-17 20:44:07.057
Sitara-1::conversation_3577798_4336.csv::s2,astro_other,2026-07-17 20:44:12.058
Sitara-1::conversation_3577798_4336.csv::s2,user_emotional_disclosure,2026-07-17 20:44:18.059
Sitara-1::conversation_3577798_4336.csv::s2,astro_other,2026-07-17 20:44:26.060
Sitara-1::conversation_3577798_4336.csv::s2,user_enthusiastic,2026-07-17 20:44:28.061
Sitara-1::conversation_3577798_4336.csv::s2,user_neutral_factual,2026-07-17 20:44:58.062
Sitara-1::conversation_3577798_4336.csv::s2,astro_other,2026-07-17 20:45:05.063
Sitara-1::conversation_3577798_4336.csv::s2,user_enthusiastic,2026-07-17 20:45:22.064
Sitara-1::conversation_3577798_4336.csv::s2,astro_other,2026-07-17 20:45:28.065
Sitara-1::conversation_3577798_4336.csv::s2,astro_open_thread,2026-07-17 20:45:42.066
Sitara-1::conversation_3577798_4336.csv::s2,user_emotional_disclosure,2026-07-17 20:45:51.067
Sitara-1::conversation_3577798_4336.csv::s2,astro_open_thread,2026-07-17 20:45:56.068
Sitara-1::conversation_3577798_4336.csv::s2,user_enthusiastic,2026-07-17 20:46:08.069
Sitara-1::conversation_3577798_4336.csv::s2,astro_other,2026-07-17 20:46:14.070
Sitara-1::conversation_3577798_4336.csv::s2,user_neutral_factual,2026-07-17 20:46:26.071
Sitara-1::conversation_3577798_4336.csv::s2,astro_other,2026-07-17 20:46:32.072
Sitara-1::conversation_3577798_4336.csv::s2,astro_open_thread,2026-07-17 20:46:34.073
Sitara-1::conversation_3577987_4336.csv::s1,user_neutral,2026-07-17 21:21:59.000
Sitara-1::conversation_3577987_4336.csv::s1,astro_other,2026-07-17 21:22:05.001
Sitara-1::conversation_3577987_4336.csv::s1,user_neutral,2026-07-17 21:22:08.002
Sitara-1::conversation_3577987_4336.csv::s1,astro_other,2026-07-17 21:22:13.003
Sitara-1::conversation_3577987_4336.csv::s1,user_neutral,2026-07-17 21:22:23.004
Sitara-1::conversation_3577987_4336.csv::s1,astro_validation,2026-07-17 21:22:28.005
Sitara-1::conversation_3577987_4336.csv::s1,user_neutral_factual,2026-07-17 21:22:35.006
Sitara-1::conversation_3577987_4336.csv::s1,astro_callback_within,2026-07-17 21:22:39.007
Sitara-1::conversation_3577987_4336.csv::s1,user_neutral,2026-07-17 21:22:57.008
Sitara-1::conversation_3577987_4336.csv::s1,astro_other,2026-07-17 21:23:02.009
Sitara-1::conversation_3577987_4336.csv::s1,user_neutral,2026-07-17 21:23:27.010
Sitara-1::conversation_3577987_4336.csv::s1,astro_dated_prediction,2026-07-17 21:23:32.011
Sitara-1::conversation_3577987_4336.csv::s1,astro_callback_within,2026-07-17 21:23:34.012
Sitara-1::conversation_3577987_4336.csv::s1,user_emotional_disclosure,2026-07-17 21:23:37.013
Sitara-1::conversation_3577987_4336.csv::s1,astro_validation,2026-07-17 21:23:43.014
Sitara-1::conversation_3577987_4336.csv::s1,astro_callback_within,2026-07-17 21:23:45.015
Sitara-1::conversation_3577987_4336.csv::s1,astro_callback_within,2026-07-17 21:23:50.016
Sitara-1::conversation_3577987_4336.csv::s1,user_neutral_factual,2026-07-17 21:24:03.017
Sitara-1::conversation_3577987_4336.csv::s1,astro_dated_prediction,2026-07-17 21:24:08.018
Sitara-1::conversation_3577987_4336.csv::s1,user_enthusiastic,2026-07-17 21:24:10.019
Sitara-1::conversation_3577987_4336.csv::s1,astro_callback_within,2026-07-17 21:24:15.020
Sitara-1::conversation_3577987_4336.csv::s1,user_enthusiastic,2026-07-17 21:24:23.021
Sitara-1::conversation_3577987_4336.csv::s1,astro_other,2026-07-17 21:24:28.022
Sitara-1::conversation_3577987_4336.csv::s1,astro_callback_within,2026-07-17 21:24:30.023
Sitara-1::conversation_3577987_4336.csv::s1,astro_callback_within,2026-07-17 21:24:32.024
Sitara-1::conversation_3577987_4336.csv::s1,user_enthusiastic,2026-07-17 21:24:51.025
Sitara-1::conversation_3577987_4336.csv::s1,astro_callback_within,2026-07-17 21:25:00.026
Sitara-1::conversation_3577987_4336.csv::s1,astro_callback_within,2026-07-17 21:25:15.027
Sitara-1::conversation_3577987_4336.csv::s1,user_neutral,2026-07-17 21:25:37.028
Sitara-1::conversation_3577987_4336.csv::s1,astro_callback_within,2026-07-17 21:25:42.029
Sitara-1::conversation_3577987_4336.csv::s1,user_neutral,2026-07-17 21:26:07.030
Sitara-1::conversation_3577987_4336.csv::s1,astro_callback_within,2026-07-17 21:26:12.031
Sitara-1::conversation_3577987_4336.csv::s1,astro_callback_within,2026-07-17 21:26:14.032
Sitara-1::conversation_3577987_4336.csv::s1,astro_callback_within,2026-07-17 21:26:24.033
Sitara-1::conversation_3577987_4336.csv::s1,user_neutral_factual,2026-07-17 21:26:52.034
Sitara-1::conversation_3577987_4336.csv::s1,astro_other,2026-07-17 21:26:57.035
Sitara-1::conversation_3577987_4336.csv::s1,astro_callback_within,2026-07-17 21:26:59.036
Sitara-1::conversation_3577987_4336.csv::s1,user_neutral,2026-07-17 21:27:01.037
Sitara-1::conversation_3577987_4336.csv::s1,astro_callback_within,2026-07-17 21:27:10.038
Sitara-1::conversation_3577987_4336.csv::s1,user_enthusiastic,2026-07-17 21:27:18.039
Sitara-1::conversation_3577987_4336.csv::s1,astro_callback_within,2026-07-17 21:27:23.040
Sitara-1::conversation_3577987_4336.csv::s1,user_pushback,2026-07-17 21:27:40.041
Sitara-1::conversation_3577987_4336.csv::s1,astro_callback_within,2026-07-17 21:27:46.042
Sitara-1::conversation_3577987_4336.csv::s1,astro_callback_within,2026-07-17 21:27:48.043
Sitara-1::conversation_3577987_4336.csv::s1,astro_dated_prediction,2026-07-17 21:27:50.044
Sitara-1::conversation_3577987_4336.csv::s1,user_pushback,2026-07-17 21:27:54.045
Sitara-1::conversation_3577987_4336.csv::s1,astro_callback_within,2026-07-17 21:28:02.046
Sitara-1::conversation_3577987_4336.csv::s1,user_enthusiastic,2026-07-17 21:28:06.047
Sitara-1::conversation_3577987_4336.csv::s1,user_enthusiastic,2026-07-17 21:28:11.048
Sitara-1::conversation_3577987_4336.csv::s1,astro_callback_within,2026-07-17 21:28:12.049
Sitara-1::conversation_3577987_4336.csv::s1,astro_callback_within,2026-07-17 21:28:14.050
Sitara-1::conversation_3577987_4336.csv::s1,astro_callback_within,2026-07-17 21:28:24.051
Sitara-1::conversation_3577987_4336.csv::s1,astro_other,2026-07-17 21:28:51.052
Sitara-1::conversation_3577987_4336.csv::s1,user_enthusiastic,2026-07-17 21:33:36.053
Sitara-1::conversation_3577987_4336.csv::s1,astro_other,2026-07-17 21:33:41.054
Sitara-1::conversation_3577987_4336.csv::s1,astro_callback_within,2026-07-17 21:33:58.055
Sitara-1::conversation_3577987_4336.csv::s1,user_enthusiastic,2026-07-17 21:34:19.056
Sitara-1::conversation_3577987_4336.csv::s1,astro_callback_within,2026-07-17 21:34:24.057
Sitara-1::conversation_3577987_4336.csv::s1,astro_other,2026-07-17 21:34:58.058
Sitara-1::conversation_3577987_4336.csv::s1,user_neutral,2026-07-17 21:35:15.059
Sitara-1::conversation_3577987_4336.csv::s1,astro_callback_within,2026-07-17 21:35:21.060
Sitara-1::conversation_3577987_4336.csv::s1,user_neutral,2026-07-17 21:35:28.061
Sitara-1::conversation_3577987_4336.csv::s1,astro_other,2026-07-17 21:35:34.062
Sitara-1::conversation_3577987_4336.csv::s1,user_enthusiastic,2026-07-17 21:35:42.063
Sitara-1::conversation_3577987_4336.csv::s1,astro_callback_within,2026-07-17 21:35:47.064
Sitara-1::conversation_3577987_4336.csv::s1,astro_callback_within,2026-07-17 21:35:49.065
Sitara-1::conversation_3577987_4336.csv::s1,user_neutral_factual,2026-07-17 21:38:34.066
Sitara-1::conversation_3577987_4336.csv::s1,user_enthusiastic,2026-07-17 21:38:35.067
Sitara-1::conversation_3577987_4336.csv::s1,astro_dated_prediction,2026-07-17 21:38:40.068
Sitara-1::conversation_3577987_4336.csv::s1,astro_callback_within,2026-07-17 21:38:43.069
Sitara-1::conversation_3577987_4336.csv::s1,astro_callback_within,2026-07-17 21:38:45.070
Sitara-1::conversation_3577987_4336.csv::s1,astro_callback_within,2026-07-17 21:38:48.071
Sitara-1::conversation_3577987_4336.csv::s1,user_disengaging,2026-07-17 21:38:54.072
Sitara-1::conversation_3577987_4336.csv::s1,astro_callback_within,2026-07-17 21:39:02.073
Sitara-1::conversation_3577987_4336.csv::s1,user_neutral,2026-07-17 21:39:12.074
Sitara-1::conversation_3577987_4336.csv::s1,astro_callback_within,2026-07-17 21:39:16.075
Sitara-1::conversation_3577987_4336.csv::s1,user_neutral_factual,2026-07-17 21:39:21.076
Sitara-1::conversation_3577987_4336.csv::s1,user_pushback,2026-07-17 21:39:25.077
Sitara-1::conversation_3577987_4336.csv::s1,astro_other,2026-07-17 21:39:27.078
Sitara-1::conversation_3577987_4336.csv::s1,astro_callback_within,2026-07-17 21:39:29.079
Sitara-1::conversation_3577987_4336.csv::s1,user_neutral,2026-07-17 21:39:32.080
Sitara-1::conversation_3577987_4336.csv::s1,astro_callback_within,2026-07-17 21:39:34.081
Sitara-1::conversation_3577987_4336.csv::s1,astro_callback_within,2026-07-17 21:39:39.082
Sitara-1::conversation_3577987_4336.csv::s1,user_neutral_factual,2026-07-17 21:39:52.083
Sitara-1::conversation_3577987_4336.csv::s1,user_neutral,2026-07-17 21:39:57.084
Sitara-1::conversation_3577987_4336.csv::s1,astro_callback_within,2026-07-17 21:40:01.085
Sitara-1::conversation_3577987_4336.csv::s1,user_emotional_disclosure,2026-07-17 21:40:06.086
Sitara-1::conversation_3577987_4336.csv::s1,user_neutral,2026-07-17 21:40:08.087
Sitara-1::conversation_3577987_4336.csv::s1,astro_callback_within,2026-07-17 21:40:09.088
Sitara-1::conversation_3577987_4336.csv::s1,astro_callback_within,2026-07-17 21:40:16.089
Sitara-1::conversation_3577987_4336.csv::s1,astro_callback_within,2026-07-17 21:40:19.090
Sitara-1::conversation_3577987_4336.csv::s1,user_neutral_factual,2026-07-17 21:40:28.091
Sitara-1::conversation_3577987_4336.csv::s1,astro_reframe,2026-07-17 21:40:33.092
Sitara-1::conversation_3577987_4336.csv::s1,astro_callback_within,2026-07-17 21:40:35.093
Sitara-1::conversation_3577987_4336.csv::s1,astro_callback_within,2026-07-17 21:40:43.094
Sitara-1::conversation_3577987_4336.csv::s1,user_neutral_factual,2026-07-17 21:40:52.095
Sitara-1::conversation_3577987_4336.csv::s1,astro_callback_within,2026-07-17 21:41:00.096
Sitara-1::conversation_3577987_4336.csv::s1,user_emotional_disclosure,2026-07-17 21:41:06.097
Sitara-1::conversation_3577987_4336.csv::s1,astro_callback_within,2026-07-17 21:41:11.098
Sitara-1::conversation_3577987_4336.csv::s1,user_emotional_disclosure,2026-07-17 21:41:20.099
Sitara-1::conversation_3577987_4336.csv::s1,astro_callback_within,2026-07-17 21:41:26.100
Sitara-1::conversation_3577987_4336.csv::s1,user_neutral_factual,2026-07-17 21:41:51.101
Sitara-1::conversation_3577987_4336.csv::s1,astro_callback_within,2026-07-17 21:41:56.102
Sitara-1::conversation_3577987_4336.csv::s1,user_enthusiastic,2026-07-17 21:41:58.103
Sitara-1::conversation_3577987_4336.csv::s1,astro_callback_within,2026-07-17 21:42:08.104
Sitara-1::conversation_3580611_4336.csv::s1,user_neutral,2026-07-18 03:51:23.000
Sitara-1::conversation_3580611_4336.csv::s1,user_neutral,2026-07-18 03:51:47.001
Sitara-1::conversation_3580611_4336.csv::s1,astro_other,2026-07-18 03:51:54.002
Sitara-1::conversation_3580611_4336.csv::s1,user_neutral_factual,2026-07-18 03:52:00.003
Sitara-1::conversation_3580611_4336.csv::s1,astro_callback_within,2026-07-18 03:52:07.004
Sitara-1::conversation_3580611_4336.csv::s1,user_neutral_factual,2026-07-18 03:52:21.005
Sitara-1::conversation_3580611_4336.csv::s1,astro_callback_within,2026-07-18 03:52:28.006
Sitara-1::conversation_3580611_4336.csv::s1,user_pushback,2026-07-18 03:52:36.007
Sitara-1::conversation_3580611_4336.csv::s1,astro_callback_within,2026-07-18 03:52:41.008
Sitara-1::conversation_3580611_4336.csv::s1,user_neutral,2026-07-18 03:52:44.009
Sitara-1::conversation_3580611_4336.csv::s1,astro_callback_within,2026-07-18 03:52:52.010
Sitara-1::conversation_3580611_4336.csv::s1,user_pushback,2026-07-18 03:53:14.011
Sitara-1::conversation_3580611_4336.csv::s1,astro_dated_prediction,2026-07-18 03:53:23.012
Sitara-1::conversation_3580611_4336.csv::s1,astro_callback_within,2026-07-18 03:53:53.013
Sitara-1::conversation_3580611_4336.csv::s1,user_neutral_factual,2026-07-18 03:54:07.014
Sitara-1::conversation_3580611_4336.csv::s1,astro_callback_within,2026-07-18 03:54:15.015
Sitara-1::conversation_3580611_4336.csv::s1,user_pushback,2026-07-18 03:54:21.016
Sitara-1::conversation_3580611_4336.csv::s1,astro_callback_within,2026-07-18 03:54:28.017
Sitara-1::conversation_3580611_4336.csv::s1,user_enthusiastic,2026-07-18 03:54:42.018
Sitara-1::conversation_3580611_4336.csv::s1,astro_callback_within,2026-07-18 03:54:47.019
Sitara-1::conversation_3580611_4336.csv::s1,user_neutral,2026-07-18 03:54:58.020
Sitara-1::conversation_3580611_4336.csv::s1,astro_callback_within,2026-07-18 03:55:06.021
Sitara-1::conversation_3580611_4336.csv::s1,user_neutral,2026-07-18 03:55:27.022
Sitara-1::conversation_3580611_4336.csv::s1,astro_callback_within,2026-07-18 03:55:35.023
Sitara-1::conversation_3580611_4336.csv::s1,user_neutral_factual,2026-07-18 03:55:40.024
Sitara-1::conversation_3580611_4336.csv::s1,astro_callback_within,2026-07-18 03:55:44.025
Sitara-1::conversation_3580611_4336.csv::s1,user_enthusiastic,2026-07-18 03:55:56.026
Sitara-1::conversation_3580611_4336.csv::s1,astro_callback_within,2026-07-18 03:56:04.027
Sitara-1::conversation_3580611_4336.csv::s1,user_pushback,2026-07-18 03:56:25.028
Sitara-1::conversation_3580611_4336.csv::s1,astro_callback_within,2026-07-18 03:56:33.029
Sitara-1::conversation_3580611_4336.csv::s1,user_enthusiastic,2026-07-18 03:56:41.030
Sitara-1::conversation_3580611_4336.csv::s1,astro_callback_within,2026-07-18 03:56:45.031
Sitara-1::conversation_3580611_4336.csv::s1,user_neutral,2026-07-18 03:56:52.032
Sitara-1::conversation_3580611_4336.csv::s1,astro_callback_within,2026-07-18 03:57:00.033
Sitara-1::conversation_3580611_4336.csv::s1,user_neutral,2026-07-18 03:57:11.034
Sitara-1::conversation_3580611_4336.csv::s1,astro_callback_within,2026-07-18 03:57:18.035
Sitara-1::conversation_3580611_4336.csv::s1,user_neutral,2026-07-18 03:57:33.036
Sitara-1::conversation_3580611_4336.csv::s1,astro_callback_within,2026-07-18 03:57:42.037
Sitara-1::conversation_3580611_4336.csv::s1,user_neutral,2026-07-18 03:58:02.038
Sitara-1::conversation_3580611_4336.csv::s1,user_disengaging,2026-07-18 03:58:14.039
Sitara-1::conversation_3580611_4336.csv::s1,user_disengaging,2026-07-18 03:58:32.040
Sitara-1::conversation_3580611_4336.csv::s1,astro_callback_within,2026-07-18 03:58:41.041
Sitara-1::conversation_3580611_4336.csv::s1,user_neutral,2026-07-18 03:59:00.042
Sitara-1::conversation_3580611_4336.csv::s1,astro_callback_within,2026-07-18 03:59:07.043
Sitara-1::conversation_3580611_4336.csv::s1,user_neutral,2026-07-18 03:59:26.044
Sitara-1::conversation_3580611_4336.csv::s1,astro_callback_within,2026-07-18 03:59:36.045
Sitara-1::conversation_3580611_4336.csv::s1,user_neutral,2026-07-18 03:59:47.046
Sitara-1::conversation_3580611_4336.csv::s1,astro_callback_within,2026-07-18 03:59:56.047
Sitara-1::conversation_3580611_4336.csv::s1,astro_callback_within,2026-07-18 04:00:10.048
Sitara-1::conversation_3580611_4336.csv::s1,astro_callback_within,2026-07-18 04:00:28.049
Sitara-1::conversation_3580611_4336.csv::s1,user_neutral,2026-07-18 04:00:41.050
Sitara-1::conversation_3580611_4336.csv::s1,astro_callback_within,2026-07-18 04:00:46.051
Sitara-1::conversation_3580611_4336.csv::s1,astro_callback_within,2026-07-18 04:00:48.052
Sitara-1::conversation_3580611_4336.csv::s1,user_neutral_factual,2026-07-18 04:01:02.053
Sitara-1::conversation_3580611_4336.csv::s1,astro_callback_within,2026-07-18 04:01:09.054
Sitara-1::conversation_3580611_4336.csv::s1,user_enthusiastic,2026-07-18 04:01:19.055
Sitara-1::conversation_3580611_4336.csv::s1,astro_dated_prediction,2026-07-18 04:01:26.056
Sitara-1::conversation_3580611_4336.csv::s1,user_pushback,2026-07-18 04:01:45.057
Sitara-1::conversation_3580611_4336.csv::s1,astro_callback_within,2026-07-18 04:01:55.058
Sitara-1::conversation_3580611_4336.csv::s1,user_neutral,2026-07-18 04:02:10.059
Sitara-1::conversation_3580611_4336.csv::s1,astro_callback_within,2026-07-18 04:02:17.060
Sitara-1::conversation_3580611_4336.csv::s1,user_neutral,2026-07-18 04:02:44.061
Sitara-1::conversation_3580611_4336.csv::s1,user_pushback,2026-07-18 04:03:04.062
Sitara-1::conversation_3580611_4336.csv::s1,user_neutral,2026-07-18 04:03:15.063
Sitara-1::conversation_3580611_4336.csv::s1,astro_dated_prediction,2026-07-18 04:03:19.064
Sitara-1::conversation_3580611_4336.csv::s1,user_neutral,2026-07-18 04:03:32.065
Sitara-1::conversation_3580611_4336.csv::s1,astro_dated_prediction,2026-07-18 04:03:39.066
Sitara-1::conversation_3580611_4336.csv::s1,user_pushback,2026-07-18 04:04:02.067
Sitara-1::conversation_3580611_4336.csv::s1,astro_callback_within,2026-07-18 04:04:09.068
Sitara-1::conversation_3580611_4336.csv::s1,user_neutral,2026-07-18 04:04:32.069
Sitara-1::conversation_3580611_4336.csv::s1,user_emotional_disclosure,2026-07-18 04:04:52.070
Sitara-1::conversation_3580611_4336.csv::s1,astro_callback_within,2026-07-18 04:05:02.071
Sitara-1::conversation_3580611_4336.csv::s1,user_neutral,2026-07-18 04:05:09.072
Sitara-1::conversation_3580611_4336.csv::s1,user_neutral,2026-07-18 04:05:29.073
Sitara-1::conversation_3580611_4336.csv::s1,user_pushback,2026-07-18 04:05:34.074
Sitara-1::conversation_3580611_4336.csv::s1,astro_dated_prediction,2026-07-18 04:05:38.075
Sitara-1::conversation_3580611_4336.csv::s1,astro_other,2026-07-18 04:05:47.076
Sitara-1::conversation_3580611_4336.csv::s1,user_neutral,2026-07-18 04:05:55.077
Sitara-1::conversation_3580611_4336.csv::s1,astro_dated_prediction,2026-07-18 04:06:01.078
Sitara-1::conversation_3580611_4336.csv::s1,user_disengaging,2026-07-18 04:06:14.079
Sitara-1::conversation_3580611_4336.csv::s1,astro_callback_within,2026-07-18 04:06:19.080
Sitara-1::conversation_3580611_4336.csv::s1,astro_callback_within,2026-07-18 04:06:21.081
Sitara-1::conversation_3580611_4336.csv::s1,astro_callback_within,2026-07-18 04:06:23.082
Sitara-1::conversation_3582827_4336.csv::s1,user_neutral,2026-07-18 05:15:44.000
Sitara-1::conversation_3582827_4336.csv::s1,astro_other,2026-07-18 05:15:51.001
Sitara-1::conversation_3582827_4336.csv::s1,user_neutral_factual,2026-07-18 05:16:05.002
Sitara-1::conversation_3582827_4336.csv::s1,user_neutral,2026-07-18 05:16:09.003
Sitara-1::conversation_3582827_4336.csv::s1,astro_other,2026-07-18 05:16:12.004
Sitara-1::conversation_3582827_4336.csv::s1,astro_other,2026-07-18 05:16:19.005
Sitara-1::conversation_3582827_4336.csv::s1,user_neutral_factual,2026-07-18 05:16:31.006
Sitara-1::conversation_3582827_4336.csv::s1,astro_callback_within,2026-07-18 05:16:37.007
Sitara-1::conversation_3582827_4336.csv::s1,user_emotional_disclosure,2026-07-18 05:16:52.008
Sitara-1::conversation_3582827_4336.csv::s1,astro_callback_within,2026-07-18 05:17:00.009
Sitara-1::conversation_3582827_4336.csv::s1,astro_other,2026-07-18 05:17:00.010
Sitara-1::conversation_3582827_4336.csv::s1,user_emotional_disclosure,2026-07-18 05:17:02.011
Sitara-1::conversation_3582827_4336.csv::s1,astro_dated_prediction,2026-07-18 05:17:28.012
Sitara-1::conversation_3582827_4336.csv::s1,user_pushback,2026-07-18 05:17:49.013
Sitara-1::conversation_3582827_4336.csv::s1,astro_dated_prediction,2026-07-18 05:17:57.014
Sitara-1::conversation_3582827_4336.csv::s1,astro_callback_within,2026-07-18 05:18:05.015
Sitara-1::conversation_3582827_4336.csv::s1,user_emotional_disclosure,2026-07-18 05:18:06.016
Sitara-1::conversation_3582827_4336.csv::s1,user_emotional_disclosure,2026-07-18 05:18:14.017
Sitara-1::conversation_3582827_4336.csv::s1,astro_callback_within,2026-07-18 05:18:19.018
Sitara-1::conversation_3582827_4336.csv::s1,user_emotional_disclosure,2026-07-18 05:18:23.019
Sitara-1::conversation_3582827_4336.csv::s1,astro_callback_within,2026-07-18 05:18:27.020
Sitara-1::conversation_3582827_4336.csv::s1,astro_callback_within,2026-07-18 05:18:35.021
Sitara-1::conversation_3582827_4336.csv::s1,user_neutral_factual,2026-07-18 05:18:57.022
Sitara-1::conversation_3582827_4336.csv::s1,astro_callback_within,2026-07-18 05:19:07.023
Sitara-1::conversation_3582827_4336.csv::s1,astro_callback_within,2026-07-18 05:19:28.024
Sitara-1::conversation_3582827_4336.csv::s1,user_emotional_disclosure,2026-07-18 05:19:31.025
Sitara-1::conversation_3582827_4336.csv::s1,user_emotional_disclosure,2026-07-18 05:19:37.026
Sitara-1::conversation_3582827_4336.csv::s1,user_emotional_disclosure,2026-07-18 05:19:42.027
Sitara-1::conversation_3582827_4336.csv::s1,astro_callback_within,2026-07-18 05:19:47.028
Sitara-1::conversation_3582827_4336.csv::s1,astro_callback_within,2026-07-18 05:19:54.029
Sitara-1::conversation_3582827_4336.csv::s1,astro_callback_within,2026-07-18 05:20:15.030
Sitara-1::conversation_3582827_4336.csv::s1,user_neutral,2026-07-18 05:22:25.031
Sitara-1::conversation_3582827_4336.csv::s1,astro_callback_within,2026-07-18 05:22:34.032
Sitara-1::conversation_3582827_4336.csv::s1,user_emotional_disclosure,2026-07-18 05:22:34.033
Sitara-1::conversation_3582827_4336.csv::s1,astro_callback_within,2026-07-18 05:22:41.034
Sitara-1::conversation_3582827_4336.csv::s1,user_emotional_disclosure,2026-07-18 05:22:42.035
Sitara-1::conversation_3582827_4336.csv::s1,user_emotional_disclosure,2026-07-18 05:22:44.036
Sitara-1::conversation_3582827_4336.csv::s1,astro_callback_within,2026-07-18 05:22:55.037
Sitara-1::conversation_3582827_4336.csv::s1,astro_callback_within,2026-07-18 05:23:02.038
Sitara-1::conversation_3582827_4336.csv::s1,user_emotional_disclosure,2026-07-18 05:23:17.039
Sitara-1::conversation_3582827_4336.csv::s1,astro_callback_within,2026-07-18 05:23:25.040
Sitara-1::conversation_3582827_4336.csv::s1,user_emotional_disclosure,2026-07-18 05:23:47.041
Sitara-1::conversation_3582827_4336.csv::s1,user_emotional_disclosure,2026-07-18 05:24:02.042
Sitara-1::conversation_3582827_4336.csv::s1,user_emotional_disclosure,2026-07-18 05:24:10.043
Sitara-1::conversation_3582827_4336.csv::s1,user_emotional_disclosure,2026-07-18 05:24:22.044
Sitara-1::conversation_3582827_4336.csv::s1,astro_callback_within,2026-07-18 05:24:22.045
Sitara-1::conversation_3582827_4336.csv::s1,astro_callback_within,2026-07-18 05:24:46.046
Sitara-1::conversation_3582827_4336.csv::s1,user_neutral,2026-07-18 05:26:07.047
Sitara-1::conversation_3582827_4336.csv::s1,astro_callback_within,2026-07-18 05:26:18.048
Sitara-1::conversation_3582827_4336.csv::s1,user_neutral_factual,2026-07-18 05:26:18.049
Sitara-1::conversation_3582827_4336.csv::s1,user_neutral_factual,2026-07-18 05:26:22.050
Sitara-1::conversation_3582827_4336.csv::s1,astro_callback_within,2026-07-18 05:26:38.051
Sitara-1::conversation_3582827_4336.csv::s1,astro_callback_within,2026-07-18 05:26:45.052
Sitara-1::conversation_3582827_4336.csv::s1,user_disengaging,2026-07-18 05:26:48.053
Sitara-1::conversation_3582827_4336.csv::s1,user_neutral_factual,2026-07-18 05:27:01.054
Sitara-1::conversation_3582827_4336.csv::s1,astro_callback_within,2026-07-18 05:27:19.055
Sitara-1::conversation_3582827_4336.csv::s1,astro_callback_within,2026-07-18 05:27:25.056
Sitara-1::conversation_3582827_4336.csv::s1,user_neutral_factual,2026-07-18 05:27:34.057
Sitara-1::conversation_3582827_4336.csv::s1,astro_callback_within,2026-07-18 05:27:41.058
Sitara-1::conversation_3582827_4336.csv::s1,user_emotional_disclosure,2026-07-18 05:27:43.059
Sitara-1::conversation_3582827_4336.csv::s1,astro_callback_within,2026-07-18 05:27:51.060
Sitara-1::conversation_3582827_4336.csv::s1,user_emotional_disclosure,2026-07-18 05:27:56.061
Sitara-1::conversation_3582827_4336.csv::s1,astro_callback_within,2026-07-18 05:28:04.062
Sitara-1::conversation_3582827_4336.csv::s1,user_emotional_disclosure,2026-07-18 05:28:12.063
Sitara-1::conversation_3582827_4336.csv::s1,astro_callback_within,2026-07-18 05:28:20.064
Sitara-1::conversation_3582827_4336.csv::s1,astro_callback_within,2026-07-18 05:28:40.065
Sitara-1::conversation_3582827_4336.csv::s1,user_emotional_disclosure,2026-07-18 05:28:45.066
Sitara-1::conversation_3582827_4336.csv::s1,user_neutral_factual,2026-07-18 05:29:05.067
Sitara-1::conversation_3582827_4336.csv::s1,astro_callback_within,2026-07-18 05:29:12.068
Sitara-1::conversation_3582827_4336.csv::s1,user_neutral,2026-07-18 05:29:33.069
Sitara-1::conversation_3582827_4336.csv::s1,astro_dated_prediction,2026-07-18 05:29:42.070
Sitara-1::conversation_3582827_4336.csv::s1,user_neutral,2026-07-18 05:29:44.071
Sitara-1::conversation_3582827_4336.csv::s1,user_pushback,2026-07-18 05:30:04.072
Sitara-1::conversation_3582827_4336.csv::s1,astro_callback_within,2026-07-18 05:30:13.073
Sitara-1::conversation_3582827_4336.csv::s1,astro_callback_within,2026-07-18 05:30:23.074
Sitara-1::conversation_3582827_4336.csv::s1,user_pushback,2026-07-18 05:30:39.075
Sitara-1::conversation_3582827_4336.csv::s1,astro_callback_within,2026-07-18 05:30:47.076
Sitara-1::conversation_3582827_4336.csv::s1,user_pushback,2026-07-18 05:30:49.077
Sitara-1::conversation_3582827_4336.csv::s1,astro_callback_within,2026-07-18 05:30:56.078
Sitara-1::conversation_3582827_4336.csv::s1,user_neutral,2026-07-18 05:31:25.079
Sitara-1::conversation_3582827_4336.csv::s1,user_emotional_disclosure,2026-07-18 05:31:43.080
Sitara-1::conversation_3582827_4336.csv::s1,astro_callback_within,2026-07-18 05:31:55.081
Sitara-1::conversation_3582827_4336.csv::s1,user_emotional_disclosure,2026-07-18 05:32:17.082
Sitara-1::conversation_3582827_4336.csv::s1,astro_callback_within,2026-07-18 05:32:24.083
Sitara-1::conversation_3582827_4336.csv::s1,user_emotional_disclosure,2026-07-18 05:32:24.084
Sitara-1::conversation_3582827_4336.csv::s1,user_disengaging,2026-07-18 05:32:27.085
Sitara-1::conversation_3582827_4336.csv::s1,astro_callback_within,2026-07-18 05:32:32.086
Sitara-1::conversation_3582827_4336.csv::s1,astro_callback_within,2026-07-18 05:32:42.087
Sitara-1::conversation_3582827_4336.csv::s1,user_emotional_disclosure,2026-07-18 05:32:49.088
Sitara-1::conversation_3582827_4336.csv::s1,astro_callback_within,2026-07-18 05:32:57.089
Sitara-1::conversation_3582827_4336.csv::s1,astro_callback_within,2026-07-18 05:33:26.090
Sitara-1::conversation_3582827_4336.csv::s1,user_emotional_disclosure,2026-07-18 05:33:37.091
Sitara-1::conversation_3582827_4336.csv::s1,astro_callback_within,2026-07-18 05:33:46.092
Sitara-1::conversation_3582827_4336.csv::s1,user_emotional_disclosure,2026-07-18 05:34:35.093
Sitara-1::conversation_3582827_4336.csv::s1,astro_callback_within,2026-07-18 05:34:42.094
Sitara-1::conversation_3582827_4336.csv::s1,user_emotional_disclosure,2026-07-18 05:35:03.095
Sitara-1::conversation_3582827_4336.csv::s1,astro_callback_within,2026-07-18 05:35:11.096
Sitara-1::conversation_3582827_4336.csv::s1,user_neutral_factual,2026-07-18 05:35:22.097
Sitara-1::conversation_3582827_4336.csv::s1,astro_callback_within,2026-07-18 05:35:32.098
Sitara-1::conversation_3582827_4336.csv::s1,user_neutral,2026-07-18 05:35:34.099
Sitara-1::conversation_3582827_4336.csv::s1,astro_callback_within,2026-07-18 05:35:43.100
Sitara-1::conversation_3583157_4336.csv::s1,user_neutral,2026-07-18 05:47:55.000
Sitara-1::conversation_3583157_4336.csv::s1,astro_other,2026-07-18 05:48:05.001
Sitara-1::conversation_3583157_4336.csv::s1,user_neutral_factual,2026-07-18 05:48:16.002
Sitara-1::conversation_3583157_4336.csv::s1,user_emotional_disclosure,2026-07-18 05:48:28.003
Sitara-1::conversation_3583157_4336.csv::s1,astro_callback_within,2026-07-18 05:48:33.004
Sitara-1::conversation_3583157_4336.csv::s1,astro_callback_within,2026-07-18 05:48:40.005
Sitara-1::conversation_3583157_4336.csv::s1,user_neutral_factual,2026-07-18 05:48:51.006
Sitara-1::conversation_3583157_4336.csv::s1,user_neutral,2026-07-18 05:48:54.007
Sitara-1::conversation_3583157_4336.csv::s1,user_emotional_disclosure,2026-07-18 05:49:14.008
Sitara-1::conversation_3583157_4336.csv::s1,astro_callback_within,2026-07-18 05:49:15.009
Sitara-1::conversation_3583157_4336.csv::s1,user_neutral_factual,2026-07-18 05:49:21.010
Sitara-1::conversation_3583157_4336.csv::s1,astro_callback_within,2026-07-18 05:49:38.011
Sitara-1::conversation_3583157_4336.csv::s1,user_emotional_disclosure,2026-07-18 05:49:47.012
Sitara-1::conversation_3583157_4336.csv::s1,astro_callback_within,2026-07-18 05:49:51.013
Sitara-1::conversation_3583157_4336.csv::s1,user_neutral_factual,2026-07-18 05:49:51.014
Sitara-1::conversation_3583157_4336.csv::s1,user_neutral_factual,2026-07-18 05:50:03.015
Sitara-1::conversation_3583157_4336.csv::s1,user_neutral_factual,2026-07-18 05:50:18.016
Sitara-1::conversation_3583157_4336.csv::s1,astro_callback_within,2026-07-18 05:50:21.017
Sitara-1::conversation_3583157_4336.csv::s1,user_emotional_disclosure,2026-07-18 05:50:31.018
Sitara-1::conversation_3583157_4336.csv::s1,astro_callback_within,2026-07-18 05:50:51.019
Sitara-1::conversation_3583157_4336.csv::s1,user_neutral_factual,2026-07-18 05:50:51.020
Sitara-1::conversation_3583157_4336.csv::s1,astro_callback_within,2026-07-18 05:50:55.021
Sitara-1::conversation_3583157_4336.csv::s1,user_neutral_factual,2026-07-18 05:51:03.022
Sitara-1::conversation_3583157_4336.csv::s1,astro_callback_within,2026-07-18 05:51:05.023
Sitara-1::conversation_3583157_4336.csv::s1,astro_callback_within,2026-07-18 05:51:13.024
Sitara-1::conversation_3583157_4336.csv::s1,user_neutral_factual,2026-07-18 05:51:22.025
Sitara-1::conversation_3583157_4336.csv::s1,user_neutral,2026-07-18 05:51:37.026
Sitara-1::conversation_3583157_4336.csv::s1,user_emotional_disclosure,2026-07-18 05:51:43.027
Sitara-1::conversation_3583157_4336.csv::s1,astro_callback_within,2026-07-18 05:51:44.028
Sitara-1::conversation_3583157_4336.csv::s1,astro_callback_within,2026-07-18 05:51:52.029
Sitara-1::conversation_3583157_4336.csv::s1,user_neutral_factual,2026-07-18 05:51:56.030
Sitara-1::conversation_3583157_4336.csv::s1,astro_callback_within,2026-07-18 05:52:04.031
Sitara-1::conversation_3583157_4336.csv::s1,user_neutral_factual,2026-07-18 05:52:16.032
Sitara-1::conversation_3583157_4336.csv::s1,astro_callback_within,2026-07-18 05:52:23.033
Sitara-1::conversation_3583157_4336.csv::s1,astro_dated_prediction,2026-07-18 05:52:42.034
Sitara-1::conversation_3583157_4336.csv::s1,astro_callback_within,2026-07-18 05:52:50.035
Sitara-1::conversation_3583157_4336.csv::s1,user_enthusiastic,2026-07-18 05:52:56.036
Sitara-1::conversation_3583157_4336.csv::s1,astro_callback_within,2026-07-18 05:53:02.037
Sitara-1::conversation_3583157_4336.csv::s1,user_neutral_factual,2026-07-18 05:53:11.038
Sitara-1::conversation_3583157_4336.csv::s1,astro_other,2026-07-18 05:53:20.039
Sitara-1::conversation_3583157_4336.csv::s1,user_enthusiastic,2026-07-18 05:53:26.040
Sitara-1::conversation_3583157_4336.csv::s1,astro_dated_prediction,2026-07-18 05:53:33.041
Sitara-1::conversation_3583157_4336.csv::s1,user_neutral,2026-07-18 05:53:46.042
Sitara-1::conversation_3583157_4336.csv::s1,astro_callback_within,2026-07-18 05:53:56.043
Sitara-1::conversation_3583157_4336.csv::s2,user_neutral,2026-07-18 05:54:57.000
Sitara-1::conversation_3583157_4336.csv::s2,astro_other,2026-07-18 05:55:20.001
Sitara-1::conversation_3583157_4336.csv::s2,user_neutral_factual,2026-07-18 05:55:29.002
Sitara-1::conversation_3583157_4336.csv::s2,astro_callback_within,2026-07-18 05:55:37.003
Sitara-1::conversation_3583157_4336.csv::s2,user_enthusiastic,2026-07-18 05:55:48.004
Sitara-1::conversation_3583157_4336.csv::s2,user_neutral_factual,2026-07-18 05:56:16.005
Sitara-1::conversation_3583157_4336.csv::s2,astro_other,2026-07-18 05:56:24.006
Sitara-1::conversation_3583157_4336.csv::s2,user_neutral_factual,2026-07-18 05:56:34.007
Sitara-1::conversation_3583157_4336.csv::s2,astro_callback_within,2026-07-18 05:56:42.008
Sitara-1::conversation_3583157_4336.csv::s2,user_neutral_factual,2026-07-18 05:56:50.009
Sitara-1::conversation_3583157_4336.csv::s2,astro_callback_within,2026-07-18 05:56:55.010
Sitara-1::conversation_3583157_4336.csv::s2,user_emotional_disclosure,2026-07-18 05:57:01.011
Sitara-1::conversation_3583157_4336.csv::s2,user_enthusiastic,2026-07-18 05:57:08.012
Sitara-1::conversation_3583157_4336.csv::s2,astro_callback_within,2026-07-18 05:57:09.013
Sitara-1::conversation_3583157_4336.csv::s2,astro_other,2026-07-18 05:57:17.014
Sitara-1::conversation_3583157_4336.csv::s2,user_enthusiastic,2026-07-18 05:57:30.015
Sitara-1::conversation_3583157_4336.csv::s2,user_enthusiastic,2026-07-18 05:57:38.016
Sitara-1::conversation_3583157_4336.csv::s2,astro_callback_within,2026-07-18 05:57:39.017
Sitara-1::conversation_3583157_4336.csv::s2,user_enthusiastic,2026-07-18 05:57:45.018
Sitara-1::conversation_3583157_4336.csv::s2,astro_dated_prediction,2026-07-18 05:57:46.019
Sitara-1::conversation_3583157_4336.csv::s2,astro_callback_within,2026-07-18 05:57:54.020
Sitara-1::conversation_3583157_4336.csv::s2,user_enthusiastic,2026-07-18 05:58:08.021
Sitara-1::conversation_3583157_4336.csv::s2,astro_callback_within,2026-07-18 05:58:16.022
Sitara-1::conversation_3583157_4336.csv::s2,user_enthusiastic,2026-07-18 05:58:31.023
Sitara-1::conversation_3583157_4336.csv::s2,astro_other,2026-07-18 05:58:40.024
Sitara-1::conversation_3583157_4336.csv::s2,user_enthusiastic,2026-07-18 05:58:46.025
Sitara-1::conversation_3583157_4336.csv::s2,user_neutral_factual,2026-07-18 05:59:08.026
Sitara-1::conversation_3583157_4336.csv::s2,astro_callback_within,2026-07-18 05:59:16.027
Sitara-1::conversation_3583157_4336.csv::s2,user_enthusiastic,2026-07-18 05:59:30.028
Sitara-1::conversation_3583157_4336.csv::s2,user_enthusiastic,2026-07-18 05:59:36.029
Sitara-1::conversation_3583157_4336.csv::s2,astro_callback_within,2026-07-18 05:59:38.030
Sitara-1::conversation_3583157_4336.csv::s2,astro_callback_within,2026-07-18 05:59:47.031
Sitara-1::conversation_3583157_4336.csv::s2,user_neutral,2026-07-18 05:59:59.032
Sitara-1::conversation_3583157_4336.csv::s2,astro_callback_within,2026-07-18 06:00:07.033
Sitara-1::conversation_3583157_4336.csv::s2,user_enthusiastic,2026-07-18 06:00:14.034
Sitara-1::conversation_3583157_4336.csv::s2,user_pushback,2026-07-18 06:00:32.035
Sitara-1::conversation_3583157_4336.csv::s2,astro_callback_within,2026-07-18 06:00:38.036
Sitara-1::conversation_3583157_4336.csv::s2,user_enthusiastic,2026-07-18 06:00:45.037
Sitara-1::conversation_3583157_4336.csv::s2,astro_callback_within,2026-07-18 06:00:54.038
Sitara-1::conversation_3583157_4336.csv::s2,user_enthusiastic,2026-07-18 06:01:07.039
Sitara-1::conversation_3583157_4336.csv::s2,astro_callback_within,2026-07-18 06:01:15.040
Sitara-1::conversation_3583157_4336.csv::s2,user_neutral_factual,2026-07-18 06:01:23.041
Sitara-1::conversation_3583157_4336.csv::s2,user_enthusiastic,2026-07-18 06:01:28.042
Sitara-1::conversation_3583157_4336.csv::s2,astro_callback_within,2026-07-18 06:01:31.043
Sitara-1::conversation_3583157_4336.csv::s2,user_neutral_factual,2026-07-18 06:01:39.044
Sitara-1::conversation_3583157_4336.csv::s2,astro_other,2026-07-18 06:01:41.045
Sitara-1::conversation_3583157_4336.csv::s2,user_neutral_factual,2026-07-18 06:01:54.046
Sitara-1::conversation_3583157_4336.csv::s2,astro_callback_within,2026-07-18 06:02:02.047
Sitara-1::conversation_3583157_4336.csv::s2,user_neutral_factual,2026-07-18 06:02:12.048
Sitara-1::conversation_3583157_4336.csv::s2,astro_other,2026-07-18 06:02:19.049
Sitara-1::conversation_3583157_4336.csv::s2,user_enthusiastic,2026-07-18 06:02:20.050
Sitara-1::conversation_3583157_4336.csv::s2,user_neutral_factual,2026-07-18 06:02:37.051
Sitara-1::conversation_3583157_4336.csv::s2,user_pushback,2026-07-18 06:03:04.052
Sitara-1::conversation_3583157_4336.csv::s2,user_pushback,2026-07-18 06:03:11.053
Sitara-1::conversation_3583157_4336.csv::s2,astro_callback_within,2026-07-18 06:03:21.054
Sitara-1::conversation_3583157_4336.csv::s2,user_neutral_factual,2026-07-18 06:03:29.055
Sitara-1::conversation_3583157_4336.csv::s2,astro_callback_within,2026-07-18 06:03:29.056
Sitara-1::conversation_3583157_4336.csv::s2,user_enthusiastic,2026-07-18 06:03:44.057
Sitara-1::conversation_3583157_4336.csv::s2,astro_callback_within,2026-07-18 06:03:51.058
Sitara-1::conversation_3583157_4336.csv::s2,user_enthusiastic,2026-07-18 06:03:55.059
Sitara-1::conversation_3583157_4336.csv::s2,astro_callback_within,2026-07-18 06:04:02.060
Sitara-1::conversation_3583157_4336.csv::s2,user_enthusiastic,2026-07-18 06:04:18.061
Sitara-1::conversation_3583157_4336.csv::s2,user_enthusiastic,2026-07-18 06:04:26.062
Sitara-1::conversation_3583157_4336.csv::s2,astro_other,2026-07-18 06:04:28.063
Sitara-1::conversation_3583157_4336.csv::s2,user_neutral_factual,2026-07-18 06:04:35.064
Sitara-1::conversation_3583157_4336.csv::s2,astro_callback_within,2026-07-18 06:04:43.065
Sitara-1::conversation_3583157_4336.csv::s2,user_enthusiastic,2026-07-18 06:04:53.066
Sitara-1::conversation_3583157_4336.csv::s2,astro_other,2026-07-18 06:05:02.067
Sitara-1::conversation_3583157_4336.csv::s2,astro_other,2026-07-18 06:05:06.068
Sitara-1::conversation_3583564_4336.csv::s1,astro_other,2026-07-18 05:47:49.000
Sitara-1::conversation_3583564_4336.csv::s1,user_neutral_factual,2026-07-18 05:48:05.001
Sitara-1::conversation_3583564_4336.csv::s1,astro_callback_within,2026-07-18 05:48:22.002
Sitara-1::conversation_3583564_4336.csv::s1,user_neutral_factual,2026-07-18 05:48:36.003
Sitara-1::conversation_3583564_4336.csv::s1,user_neutral_factual,2026-07-18 05:48:52.004
Sitara-1::conversation_3583564_4336.csv::s1,astro_callback_within,2026-07-18 05:48:58.005
Sitara-1::conversation_3583564_4336.csv::s1,astro_callback_within,2026-07-18 05:49:18.006
Sitara-1::conversation_3583564_4336.csv::s1,astro_callback_within,2026-07-18 05:49:21.007
Sitara-1::conversation_3583564_4336.csv::s1,user_neutral_factual,2026-07-18 05:49:32.008
Sitara-1::conversation_3583564_4336.csv::s1,astro_callback_within,2026-07-18 05:50:09.009
Sitara-1::conversation_3583564_4336.csv::s1,user_enthusiastic,2026-07-18 05:50:12.010
Sitara-1::conversation_3583564_4336.csv::s1,user_neutral_factual,2026-07-18 05:50:38.011
Sitara-1::conversation_3583564_4336.csv::s1,astro_callback_within,2026-07-18 05:50:54.012
Sitara-1::conversation_3583564_4336.csv::s1,astro_callback_within,2026-07-18 05:51:00.013
Sitara-1::conversation_3583564_4336.csv::s1,user_emotional_disclosure,2026-07-18 05:51:50.014
Sitara-1::conversation_3583564_4336.csv::s1,astro_callback_within,2026-07-18 05:51:59.015
Sitara-1::conversation_3583564_4336.csv::s1,user_enthusiastic,2026-07-18 05:52:26.016
Sitara-1::conversation_3583564_4336.csv::s1,astro_callback_within,2026-07-18 05:52:34.017
Sitara-1::conversation_3583564_4336.csv::s2,astro_other,2026-07-18 05:52:55.000
Sitara-1::conversation_3583564_4336.csv::s2,user_pushback,2026-07-18 05:53:09.001
Sitara-1::conversation_3583564_4336.csv::s2,user_neutral_factual,2026-07-18 05:53:24.002
Sitara-1::conversation_3583564_4336.csv::s2,astro_callback_within,2026-07-18 05:53:31.003
Sitara-1::conversation_3583564_4336.csv::s2,user_neutral_factual,2026-07-18 05:54:03.004
Sitara-1::conversation_3583564_4336.csv::s2,user_neutral_factual,2026-07-18 05:54:22.005
Sitara-1::conversation_3583564_4336.csv::s2,astro_callback_within,2026-07-18 05:54:31.006
Sitara-1::conversation_3583564_4336.csv::s2,user_neutral_factual,2026-07-18 05:54:43.007
Sitara-1::conversation_3583564_4336.csv::s2,astro_callback_within,2026-07-18 05:54:51.008
Sitara-1::conversation_3583564_4336.csv::s2,user_neutral_factual,2026-07-18 05:55:00.009
Sitara-1::conversation_3583564_4336.csv::s2,user_enthusiastic,2026-07-18 05:55:07.010
Sitara-1::conversation_3583564_4336.csv::s2,astro_callback_prior,2026-07-18 05:55:11.011
Sitara-1::conversation_3583564_4336.csv::s2,astro_callback_prior,2026-07-18 05:55:20.012
Sitara-1::conversation_3583564_4336.csv::s2,user_neutral_factual,2026-07-18 05:55:20.013
Sitara-1::conversation_3583564_4336.csv::s2,astro_callback_prior,2026-07-18 05:55:28.014
Sitara-1::conversation_3583564_4336.csv::s2,user_emotional_disclosure,2026-07-18 05:55:36.015
Sitara-1::conversation_3583564_4336.csv::s2,astro_callback_within,2026-07-18 05:55:45.016
Sitara-1::conversation_3583564_4336.csv::s2,user_neutral_factual,2026-07-18 05:55:52.017
Sitara-1::conversation_3583564_4336.csv::s2,astro_callback_prior,2026-07-18 05:56:07.018
Sitara-1::conversation_3583564_4336.csv::s2,astro_callback_within,2026-07-18 05:56:13.019
Sitara-1::conversation_3583564_4336.csv::s2,user_enthusiastic,2026-07-18 05:56:24.020
Sitara-1::conversation_3583564_4336.csv::s2,astro_callback_within,2026-07-18 05:56:32.021
Sitara-1::conversation_3583564_4336.csv::s2,user_enthusiastic,2026-07-18 05:56:45.022
Sitara-1::conversation_3583564_4336.csv::s2,astro_callback_within,2026-07-18 05:56:51.023
Sitara-1::conversation_3583564_4336.csv::s2,user_enthusiastic,2026-07-18 05:57:00.024
Sitara-1::conversation_3583564_4336.csv::s2,astro_callback_within,2026-07-18 05:57:08.025
Sitara-1::conversation_3583564_4336.csv::s2,user_enthusiastic,2026-07-18 05:57:20.026
Sitara-1::conversation_3583564_4336.csv::s2,astro_callback_within,2026-07-18 05:57:28.027
Sitara-1::conversation_3583564_4336.csv::s2,user_enthusiastic,2026-07-18 05:57:41.028
Sitara-1::conversation_3583564_4336.csv::s2,astro_callback_within,2026-07-18 05:57:49.029
Sitara-1::conversation_3583564_4336.csv::s2,user_enthusiastic,2026-07-18 05:57:59.030
Sitara-1::conversation_3583564_4336.csv::s2,astro_dated_prediction,2026-07-18 05:58:07.031
Sitara-1::conversation_3583564_4336.csv::s2,user_neutral_factual,2026-07-18 05:58:17.032
Sitara-1::conversation_3583564_4336.csv::s2,astro_dated_prediction,2026-07-18 05:58:24.033
Sitara-1::conversation_3583564_4336.csv::s2,astro_callback_within,2026-07-18 05:58:39.034
Sitara-1::conversation_3583564_4336.csv::s2,user_neutral_factual,2026-07-18 05:58:46.035
Sitara-1::conversation_3583564_4336.csv::s2,astro_callback_within,2026-07-18 05:58:52.036
Sitara-1::conversation_3583564_4336.csv::s2,user_neutral_factual,2026-07-18 05:59:09.037
Sitara-1::conversation_3583564_4336.csv::s2,astro_callback_within,2026-07-18 05:59:16.038
Sitara-1::conversation_3583564_4336.csv::s2,user_neutral_factual,2026-07-18 05:59:36.039
Sitara-1::conversation_3583564_4336.csv::s2,astro_other,2026-07-18 05:59:45.040
Sitara-1::conversation_3583564_4336.csv::s2,user_enthusiastic,2026-07-18 06:00:05.041
Sitara-1::conversation_3583564_4336.csv::s2,astro_callback_within,2026-07-18 06:00:12.042
Sitara-1::conversation_3583564_4336.csv::s2,user_neutral_factual,2026-07-18 06:00:24.043
Sitara-1::conversation_3583564_4336.csv::s2,astro_reframe,2026-07-18 06:00:33.044
Sitara-1::conversation_3583564_4336.csv::s2,user_neutral_factual,2026-07-18 06:00:43.045
Sitara-1::conversation_3583564_4336.csv::s2,astro_other,2026-07-18 06:00:51.046
Sitara-1::conversation_3583564_4336.csv::s2,user_neutral_factual,2026-07-18 06:00:56.047
Sitara-1::conversation_3583564_4336.csv::s2,astro_callback_within,2026-07-18 06:01:05.048
Sitara-1::conversation_3583564_4336.csv::s2,user_neutral_factual,2026-07-18 06:01:22.049
Sitara-1::conversation_3583564_4336.csv::s2,user_enthusiastic,2026-07-18 06:01:41.050
Sitara-1::conversation_3583564_4336.csv::s2,user_neutral_factual,2026-07-18 06:02:02.051
Sitara-1::conversation_3583564_4336.csv::s2,astro_callback_within,2026-07-18 06:02:09.052
Sitara-1::conversation_3583564_4336.csv::s2,user_neutral_factual,2026-07-18 06:02:16.053
Sitara-1::conversation_3583564_4336.csv::s2,user_neutral_factual,2026-07-18 06:02:33.054
Sitara-1::conversation_3583564_4336.csv::s2,astro_callback_within,2026-07-18 06:02:40.055
Sitara-1::conversation_3583564_4336.csv::s2,user_neutral_factual,2026-07-18 06:02:48.056
Sitara-1::conversation_3583564_4336.csv::s2,astro_other,2026-07-18 06:02:55.057
Sitara-1::conversation_3592610_4336.csv::s1,user_neutral,2026-07-19 06:03:23.000
Sitara-1::conversation_3592610_4336.csv::s1,astro_other,2026-07-19 06:03:30.001
Sitara-1::conversation_3592610_4336.csv::s1,user_neutral_factual,2026-07-19 06:03:49.002
Sitara-1::conversation_3592610_4336.csv::s1,astro_validation,2026-07-19 06:03:58.003
Sitara-1::conversation_3592610_4336.csv::s1,user_neutral,2026-07-19 06:04:03.004
Sitara-1::conversation_3592610_4336.csv::s1,astro_other,2026-07-19 06:04:11.005
Sitara-1::conversation_3592610_4336.csv::s1,user_neutral,2026-07-19 06:04:31.006
Sitara-1::conversation_3592610_4336.csv::s1,astro_other,2026-07-19 06:04:39.007
Sitara-1::conversation_3592610_4336.csv::s1,user_enthusiastic,2026-07-19 06:04:54.008
Sitara-1::conversation_3592610_4336.csv::s1,astro_other,2026-07-19 06:05:03.009
Sitara-1::conversation_3592610_4336.csv::s1,astro_other,2026-07-19 06:05:12.010
Sitara-1::conversation_3592610_4336.csv::s1,user_enthusiastic,2026-07-19 06:05:31.011
Sitara-1::conversation_3592610_4336.csv::s1,astro_other,2026-07-19 06:05:44.012
Sitara-1::conversation_3592610_4336.csv::s1,user_neutral_factual,2026-07-19 06:06:06.013
Sitara-1::conversation_3592610_4336.csv::s1,astro_callback_within,2026-07-19 06:06:17.014
Sitara-1::conversation_3592610_4336.csv::s1,user_enthusiastic,2026-07-19 06:06:36.015
Sitara-1::conversation_3592610_4336.csv::s1,astro_other,2026-07-19 06:06:44.016
Sitara-1::conversation_3592610_4336.csv::s1,user_neutral_factual,2026-07-19 06:07:12.017
Sitara-1::conversation_3592610_4336.csv::s1,user_neutral_factual,2026-07-19 06:07:42.018
Sitara-1::conversation_3592610_4336.csv::s1,astro_callback_within,2026-07-19 06:07:51.019
Sitara-1::conversation_3592610_4336.csv::s1,user_enthusiastic,2026-07-19 06:08:23.020
Sitara-1::conversation_3592610_4336.csv::s1,user_enthusiastic,2026-07-19 06:08:54.021
Sitara-1::conversation_3592610_4336.csv::s1,astro_dated_prediction,2026-07-19 06:09:04.022
Sitara-1::conversation_3592610_4336.csv::s1,user_enthusiastic,2026-07-19 06:09:20.023
Sitara-1::conversation_3592610_4336.csv::s1,astro_other,2026-07-19 06:09:27.024
Sitara-1::conversation_3592610_4336.csv::s1,user_enthusiastic,2026-07-19 06:09:47.025
Sitara-1::conversation_3592610_4336.csv::s1,astro_callback_within,2026-07-19 06:09:54.026
Sitara-1::conversation_3592610_4336.csv::s1,user_enthusiastic,2026-07-19 06:10:12.027
Sitara-1::conversation_3592610_4336.csv::s1,astro_callback_within,2026-07-19 06:10:20.028
Sitara-1::conversation_3592610_4336.csv::s1,user_enthusiastic,2026-07-19 06:10:33.029
Sitara-1::conversation_3592610_4336.csv::s1,astro_other,2026-07-19 06:10:44.030
Sitara-1::conversation_3592610_4336.csv::s1,user_enthusiastic,2026-07-19 06:10:57.031
Sitara-1::conversation_3592610_4336.csv::s1,astro_reframe,2026-07-19 06:11:04.032
Sitara-1::conversation_3592610_4336.csv::s1,user_enthusiastic,2026-07-19 06:11:18.033
Sitara-1::conversation_3592610_4336.csv::s1,user_neutral,2026-07-19 06:13:30.034
Sitara-1::conversation_3592610_4336.csv::s1,astro_other,2026-07-19 06:13:39.035
Sitara-1::conversation_3592610_4336.csv::s1,user_neutral,2026-07-19 06:13:55.036
Sitara-1::conversation_3592610_4336.csv::s1,user_neutral,2026-07-19 06:14:54.037
Sitara-1::conversation_3592610_4336.csv::s1,astro_dated_prediction,2026-07-19 06:15:08.038
Sitara-1::conversation_3592610_4336.csv::s1,astro_callback_within,2026-07-19 06:15:41.039
Sitara-1::conversation_3592610_4336.csv::s1,user_disengaging,2026-07-19 06:16:11.040
Sitara-1::conversation_3592610_4336.csv::s1,astro_open_thread,2026-07-19 06:16:18.041
Sitara-1::conversation_3592610_4336.csv::s1,astro_callback_within,2026-07-19 06:16:22.042
Sitara-1::conversation_3592610_4336.csv::s1,user_enthusiastic,2026-07-19 06:16:49.043
Sitara-1::conversation_3592610_4336.csv::s1,astro_callback_within,2026-07-19 06:17:00.044
Sitara-1::conversation_3592610_4336.csv::s1,user_enthusiastic,2026-07-19 06:17:20.045
Sitara-1::conversation_3592610_4336.csv::s1,astro_callback_within,2026-07-19 06:17:27.046
Sitara-1::conversation_3592610_4336.csv::s1,user_disengaging,2026-07-19 06:18:15.047
Sitara-1::conversation_3592610_4336.csv::s1,user_disengaging,2026-07-19 06:18:42.048
Sitara-1::conversation_3592610_4336.csv::s1,astro_callback_within,2026-07-19 06:18:52.049
Sitara-1::conversation_3592610_4336.csv::s1,astro_reframe,2026-07-19 06:19:40.050
Sitara-1::conversation_3592610_4336.csv::s1,user_neutral_factual,2026-07-19 06:20:04.051
Sitara-1::conversation_3592610_4336.csv::s1,astro_callback_within,2026-07-19 06:20:11.052
Sitara-1::conversation_3592610_4336.csv::s1,user_emotional_disclosure,2026-07-19 06:20:32.053
Sitara-1::conversation_3592610_4336.csv::s1,astro_reframe,2026-07-19 06:20:41.054
Sitara-1::conversation_3592610_4336.csv::s1,user_enthusiastic,2026-07-19 06:21:11.055
Sitara-1::conversation_3592610_4336.csv::s1,astro_dated_prediction,2026-07-19 06:21:19.056
Sitara-1::conversation_3592610_4336.csv::s1,user_disengaging,2026-07-19 06:21:44.057
Sitara-1::conversation_3592610_4336.csv::s1,user_disengaging,2026-07-19 06:21:47.058
Sitara-1::conversation_3592610_4336.csv::s1,astro_reframe,2026-07-19 06:21:51.059
Sitara-1::conversation_3592610_4336.csv::s1,astro_reframe,2026-07-19 06:21:59.060
Sitara-1::conversation_3592610_4336.csv::s1,user_enthusiastic,2026-07-19 06:22:10.061
Sitara-1::conversation_3592610_4336.csv::s1,astro_callback_within,2026-07-19 06:22:17.062
Sitara-1::conversation_3597138_4336.csv::s1,user_neutral,2026-07-18 15:59:52.000
Sitara-1::conversation_3597138_4336.csv::s1,astro_other,2026-07-18 15:59:59.001
Sitara-1::conversation_3597138_4336.csv::s1,user_neutral_factual,2026-07-18 16:00:06.002
Sitara-1::conversation_3597138_4336.csv::s1,astro_other,2026-07-18 16:00:14.003
Sitara-1::conversation_3597138_4336.csv::s1,user_enthusiastic,2026-07-18 16:00:28.004
Sitara-1::conversation_3597138_4336.csv::s1,astro_other,2026-07-18 16:00:35.005
Sitara-1::conversation_3597138_4336.csv::s1,astro_other,2026-07-18 16:00:55.006
Sitara-1::conversation_3597138_4336.csv::s1,astro_other,2026-07-18 16:01:12.007
Sitara-1::conversation_3597138_4336.csv::s1,astro_other,2026-07-18 16:01:25.008
Sitara-1::conversation_3597138_4336.csv::s1,user_neutral_factual,2026-07-18 16:01:39.009
Sitara-1::conversation_3597138_4336.csv::s1,astro_callback_within,2026-07-18 16:01:50.010
Sitara-1::conversation_3597138_4336.csv::s1,user_emotional_disclosure,2026-07-18 16:01:57.011
Sitara-1::conversation_3597138_4336.csv::s1,astro_callback_within,2026-07-18 16:02:06.012
Sitara-1::conversation_3597138_4336.csv::s1,user_neutral_factual,2026-07-18 16:02:12.013
Sitara-1::conversation_3597138_4336.csv::s1,astro_other,2026-07-18 16:02:20.014
Sitara-1::conversation_3597138_4336.csv::s1,user_enthusiastic,2026-07-18 16:02:23.015
Sitara-1::conversation_3597138_4336.csv::s1,astro_callback_within,2026-07-18 16:02:38.016
Sitara-1::conversation_3597138_4336.csv::s1,user_neutral_factual,2026-07-18 16:02:47.017
Sitara-1::conversation_3597138_4336.csv::s1,user_emotional_disclosure,2026-07-18 16:03:01.018
Sitara-1::conversation_3597138_4336.csv::s1,astro_callback_within,2026-07-18 16:03:09.019
Sitara-1::conversation_3597138_4336.csv::s1,user_neutral,2026-07-18 16:03:32.020
Sitara-1::conversation_3597138_4336.csv::s1,user_enthusiastic,2026-07-18 16:03:36.021
Sitara-1::conversation_3597138_4336.csv::s1,astro_callback_within,2026-07-18 16:03:45.022
Sitara-1::conversation_3597138_4336.csv::s1,astro_other,2026-07-18 16:03:53.023
Sitara-1::conversation_3597138_4336.csv::s1,user_enthusiastic,2026-07-18 16:04:22.024
Sitara-1::conversation_3597138_4336.csv::s1,astro_callback_within,2026-07-18 16:04:33.025
Sitara-1::conversation_3597138_4336.csv::s1,user_emotional_disclosure,2026-07-18 16:04:50.026
Sitara-1::conversation_3597138_4336.csv::s1,user_emotional_disclosure,2026-07-18 16:04:54.027
Sitara-1::conversation_3597138_4336.csv::s1,astro_callback_within,2026-07-18 16:05:06.028
Sitara-1::conversation_3597138_4336.csv::s2,user_neutral,2026-07-18 16:33:47.000
Sitara-1::conversation_3597138_4336.csv::s2,astro_other,2026-07-18 16:33:55.001
Sitara-1::conversation_3597138_4336.csv::s2,user_enthusiastic,2026-07-18 16:34:11.002
Sitara-1::conversation_3597138_4336.csv::s2,user_enthusiastic,2026-07-18 16:34:20.003
Sitara-1::conversation_3597138_4336.csv::s2,user_neutral_factual,2026-07-18 16:34:31.004
Sitara-1::conversation_3597138_4336.csv::s2,astro_callback_within,2026-07-18 16:34:39.005
Sitara-1::conversation_3597138_4336.csv::s2,astro_callback_within,2026-07-18 16:34:59.006
Sitara-1::conversation_3597138_4336.csv::s2,user_emotional_disclosure,2026-07-18 16:35:09.007
Sitara-1::conversation_3597138_4336.csv::s2,astro_callback_within,2026-07-18 16:35:27.008
Sitara-1::conversation_3597138_4336.csv::s2,user_emotional_disclosure,2026-07-18 16:35:30.009
Sitara-1::conversation_3597138_4336.csv::s2,astro_callback_within,2026-07-18 16:35:46.010
Sitara-1::conversation_3597138_4336.csv::s2,user_enthusiastic,2026-07-18 16:36:01.011
Sitara-1::conversation_3597138_4336.csv::s2,astro_callback_within,2026-07-18 16:36:13.012
Sitara-1::conversation_3597138_4336.csv::s2,user_emotional_disclosure,2026-07-18 16:36:26.013
Sitara-1::conversation_3597138_4336.csv::s2,astro_callback_within,2026-07-18 16:36:38.014
Sitara-1::conversation_3597138_4336.csv::s2,user_emotional_disclosure,2026-07-18 16:36:39.015
Sitara-1::conversation_3597138_4336.csv::s2,astro_callback_within,2026-07-18 16:36:53.016
Sitara-1::conversation_3597138_4336.csv::s2,user_enthusiastic,2026-07-18 16:37:05.017
Sitara-1::conversation_3597138_4336.csv::s2,astro_dated_prediction,2026-07-18 16:37:13.018
Sitara-1::conversation_3597138_4336.csv::s2,user_neutral,2026-07-18 16:37:30.019
Sitara-1::conversation_3597138_4336.csv::s2,astro_callback_within,2026-07-18 16:37:41.020
Sitara-1::conversation_3597138_4336.csv::s2,astro_callback_within,2026-07-18 16:37:46.021
Sitara-1::conversation_3597138_4336.csv::s2,user_neutral_factual,2026-07-18 16:38:06.022
Sitara-1::conversation_3597138_4336.csv::s2,astro_callback_within,2026-07-18 16:38:16.023
Sitara-1::conversation_3597138_4336.csv::s2,user_emotional_disclosure,2026-07-18 16:38:21.024
Sitara-1::conversation_3597138_4336.csv::s2,user_neutral_factual,2026-07-18 16:38:22.025
Sitara-1::conversation_3597138_4336.csv::s2,astro_callback_prior,2026-07-18 16:38:33.026
Sitara-1::conversation_3597138_4336.csv::s2,user_enthusiastic,2026-07-18 16:38:36.027
Sitara-1::conversation_3597138_4336.csv::s2,astro_callback_prior,2026-07-18 16:38:39.028
Sitara-1::conversation_3597138_4336.csv::s2,astro_callback_prior,2026-07-18 16:38:55.029
Sitara-1::conversation_3600598_4336.csv::s1,user_neutral,2026-07-20 14:34:42.000
Sitara-1::conversation_3600598_4336.csv::s1,astro_other,2026-07-20 14:34:49.001
Sitara-1::conversation_3600598_4336.csv::s1,user_neutral_factual,2026-07-20 14:35:13.002
Sitara-1::conversation_3600598_4336.csv::s1,astro_other,2026-07-20 14:35:24.003
Sitara-1::conversation_3600598_4336.csv::s1,astro_callback_within,2026-07-20 14:35:33.004
Sitara-1::conversation_3600598_4336.csv::s1,user_neutral_factual,2026-07-20 14:35:38.005
Sitara-1::conversation_3600598_4336.csv::s1,astro_callback_within,2026-07-20 14:36:05.006
Sitara-1::conversation_3600598_4336.csv::s1,user_emotional_disclosure,2026-07-20 14:36:14.007
Sitara-1::conversation_3600598_4336.csv::s1,user_emotional_disclosure,2026-07-20 14:36:20.008
Sitara-1::conversation_3600598_4336.csv::s1,astro_validation,2026-07-20 14:36:26.009
Sitara-1::conversation_3600598_4336.csv::s1,user_neutral_factual,2026-07-20 14:36:43.010
Sitara-1::conversation_3600598_4336.csv::s1,astro_validation,2026-07-20 14:36:50.011
Sitara-1::conversation_3600598_4336.csv::s1,astro_validation,2026-07-20 14:36:56.012
Sitara-1::conversation_3600598_4336.csv::s1,user_emotional_disclosure,2026-07-20 14:37:13.013
Sitara-1::conversation_3600598_4336.csv::s1,user_emotional_disclosure,2026-07-20 14:37:39.014
Sitara-1::conversation_3600598_4336.csv::s1,astro_callback_within,2026-07-20 14:37:39.015
Sitara-1::conversation_3600598_4336.csv::s1,astro_validation,2026-07-20 14:37:46.016
Sitara-1::conversation_3600598_4336.csv::s1,astro_validation,2026-07-20 14:38:03.017
Sitara-1::conversation_3600598_4336.csv::s1,user_neutral_factual,2026-07-20 14:38:10.018
Sitara-1::conversation_3600598_4336.csv::s1,user_emotional_disclosure,2026-07-20 14:38:23.019
Sitara-1::conversation_3600598_4336.csv::s1,astro_dated_prediction,2026-07-20 14:38:26.020
Sitara-1::conversation_3600598_4336.csv::s1,astro_validation,2026-07-20 14:38:26.021
Sitara-1::conversation_3600598_4336.csv::s1,astro_dated_prediction,2026-07-20 14:38:33.022
Sitara-1::conversation_3600598_4336.csv::s1,user_pushback,2026-07-20 14:38:49.023
Sitara-1::conversation_3600598_4336.csv::s1,astro_other,2026-07-20 14:38:58.024
Sitara-1::conversation_3600598_4336.csv::s1,user_neutral_factual,2026-07-20 14:39:04.025
Sitara-1::conversation_3600598_4336.csv::s1,astro_other,2026-07-20 14:39:13.026
Sitara-1::conversation_3600598_4336.csv::s1,user_emotional_disclosure,2026-07-20 14:39:30.027
Sitara-1::conversation_3600598_4336.csv::s1,user_emotional_disclosure,2026-07-20 14:39:39.028
Sitara-1::conversation_3600598_4336.csv::s1,astro_validation,2026-07-20 14:39:53.029
Sitara-1::conversation_3600598_4336.csv::s1,astro_other,2026-07-20 14:40:11.030
Sitara-1::conversation_3600598_4336.csv::s2,user_neutral,2026-07-20 14:44:59.000
Sitara-1::conversation_3600598_4336.csv::s2,astro_callback_prior,2026-07-20 14:45:06.001
Sitara-1::conversation_3600598_4336.csv::s2,user_emotional_disclosure,2026-07-20 14:45:09.002
Sitara-1::conversation_3600598_4336.csv::s2,astro_validation,2026-07-20 14:45:19.003
Sitara-1::conversation_3600598_4336.csv::s2,user_neutral_factual,2026-07-20 14:45:25.004
Sitara-1::conversation_3600598_4336.csv::s2,user_neutral_factual,2026-07-20 14:45:32.005
Sitara-1::conversation_3600598_4336.csv::s2,astro_validation,2026-07-20 14:45:34.006
Sitara-1::conversation_3600598_4336.csv::s2,astro_dated_prediction,2026-07-20 14:45:43.007
Sitara-1::conversation_3600598_4336.csv::s2,user_neutral_factual,2026-07-20 14:45:47.008
Sitara-1::conversation_3600598_4336.csv::s2,astro_validation,2026-07-20 14:45:55.009
Sitara-1::conversation_3600598_4336.csv::s2,user_neutral_factual,2026-07-20 14:46:05.010
Sitara-1::conversation_3600598_4336.csv::s2,astro_validation,2026-07-20 14:46:15.011
Sitara-1::conversation_3600598_4336.csv::s2,user_neutral_factual,2026-07-20 14:46:19.012
Sitara-1::conversation_3600598_4336.csv::s2,astro_reframe,2026-07-20 14:46:28.013
Sitara-1::conversation_3600598_4336.csv::s2,user_neutral_factual,2026-07-20 14:46:28.014
Sitara-1::conversation_3600598_4336.csv::s2,astro_other,2026-07-20 14:46:38.015
Sitara-1::conversation_3600598_4336.csv::s2,user_neutral_factual,2026-07-20 14:46:50.016
Sitara-1::conversation_3600598_4336.csv::s2,astro_other,2026-07-20 14:46:58.017
Sitara-1::conversation_3600598_4336.csv::s2,user_neutral_factual,2026-07-20 14:47:00.018
Sitara-1::conversation_3600598_4336.csv::s2,astro_other,2026-07-20 14:47:11.019
Sitara-1::conversation_3600598_4336.csv::s2,user_emotional_disclosure,2026-07-20 14:47:40.020
Sitara-1::conversation_3600598_4336.csv::s2,astro_reframe,2026-07-20 14:47:49.021
Sitara-1::conversation_3600598_4336.csv::s2,user_emotional_disclosure,2026-07-20 14:47:55.022
Sitara-1::conversation_3600598_4336.csv::s2,user_emotional_disclosure,2026-07-20 14:48:06.023
Sitara-1::conversation_3600598_4336.csv::s2,astro_validation,2026-07-20 14:48:08.024
Sitara-1::conversation_3600598_4336.csv::s2,astro_other,2026-07-20 14:48:26.025
Sitara-1::conversation_3600598_4336.csv::s2,astro_other,2026-07-20 14:48:35.026
Sitara-1::conversation_3600598_4336.csv::s2,astro_callback_within,2026-07-20 14:48:47.027
Sitara-1::conversation_3600598_4336.csv::s2,user_neutral_factual,2026-07-20 14:48:56.028
Sitara-1::conversation_3600598_4336.csv::s2,user_neutral_factual,2026-07-20 14:49:00.029
Sitara-1::conversation_3600598_4336.csv::s2,astro_reframe,2026-07-20 14:49:19.030
Sitara-1::conversation_3600598_4336.csv::s2,user_emotional_disclosure,2026-07-20 14:49:32.031
Sitara-1::conversation_3600598_4336.csv::s2,astro_validation,2026-07-20 14:49:41.032
Sitara-1::conversation_3600598_4336.csv::s2,user_neutral_factual,2026-07-20 14:50:00.033
Sitara-1::conversation_3600598_4336.csv::s2,astro_reframe,2026-07-20 14:50:10.034
Sitara-1::conversation_3600598_4336.csv::s2,user_emotional_disclosure,2026-07-20 14:50:26.035
Sitara-1::conversation_3600598_4336.csv::s2,astro_other,2026-07-20 14:50:37.036
Sitara-1::conversation_3600598_4336.csv::s2,astro_other,2026-07-20 14:51:07.037
Sitara-1::conversation_3600598_4336.csv::s2,user_emotional_disclosure,2026-07-20 14:51:21.038
Sitara-1::conversation_3600598_4336.csv::s2,astro_other,2026-07-20 14:51:32.039
Sitara-1::conversation_3600598_4336.csv::s2,user_neutral_factual,2026-07-20 14:51:42.040
Sitara-1::conversation_3600598_4336.csv::s2,astro_other,2026-07-20 14:51:50.041
Sitara-1::conversation_3600598_4336.csv::s2,user_neutral_factual,2026-07-20 14:51:58.042
Sitara-1::conversation_3600598_4336.csv::s2,astro_other,2026-07-20 14:52:10.043
Sitara-1::conversation_3600598_4336.csv::s2,user_emotional_disclosure,2026-07-20 14:52:13.044
Sitara-1::conversation_3600598_4336.csv::s2,astro_reframe,2026-07-20 14:52:22.045
Sitara-1::conversation_3600598_4336.csv::s2,astro_validation,2026-07-20 14:52:44.046
Sitara-1::conversation_3600598_4336.csv::s2,user_emotional_disclosure,2026-07-20 14:52:48.047
Sitara-1::conversation_3600598_4336.csv::s2,user_emotional_disclosure,2026-07-20 14:53:13.048
Sitara-1::conversation_3600598_4336.csv::s2,astro_other,2026-07-20 14:53:23.049
Sitara-1::conversation_3600598_4336.csv::s2,user_neutral_factual,2026-07-20 14:53:32.050
Sitara-1::conversation_3600598_4336.csv::s2,user_emotional_disclosure,2026-07-20 14:53:47.051
Sitara-1::conversation_3600598_4336.csv::s2,user_emotional_disclosure,2026-07-20 14:53:59.052
Sitara-1::conversation_3600598_4336.csv::s2,astro_open_thread,2026-07-20 14:54:00.053
Sitara-1::conversation_3600598_4336.csv::s2,user_emotional_disclosure,2026-07-20 14:54:08.054
Sitara-1::conversation_3600598_4336.csv::s2,astro_other,2026-07-20 14:54:10.055
Sitara-1::conversation_3600598_4336.csv::s2,astro_other,2026-07-20 14:54:23.056
Sitara-1::conversation_3600598_4336.csv::s2,astro_other,2026-07-20 14:54:34.057
Sitara-1::conversation_3600598_4336.csv::s2,astro_other,2026-07-20 14:54:42.058
Sitara-1::conversation_3600598_4336.csv::s2,user_enthusiastic,2026-07-20 14:54:54.059
Sitara-1::conversation_3600598_4336.csv::s2,astro_open_thread,2026-07-20 14:55:03.060
Sitara-1::conversation_3600765_4336.csv::s1,user_neutral,2026-07-20 09:23:25.000
Sitara-1::conversation_3600765_4336.csv::s1,astro_other,2026-07-20 09:23:32.001
Sitara-1::conversation_3600765_4336.csv::s1,user_neutral_factual,2026-07-20 09:23:40.002
Sitara-1::conversation_3600765_4336.csv::s1,astro_callback_within,2026-07-20 09:23:48.003
Sitara-1::conversation_3600765_4336.csv::s1,user_neutral_factual,2026-07-20 09:24:14.004
Sitara-1::conversation_3600765_4336.csv::s1,astro_open_thread,2026-07-20 09:24:21.005
Sitara-1::conversation_3600765_4336.csv::s1,user_neutral_factual,2026-07-20 09:24:27.006
Sitara-1::conversation_3600765_4336.csv::s1,astro_validation,2026-07-20 09:24:37.007
Sitara-1::conversation_3600765_4336.csv::s1,astro_validation,2026-07-20 09:24:51.008
Sitara-1::conversation_3600765_4336.csv::s1,user_emotional_disclosure,2026-07-20 09:24:59.009
Sitara-1::conversation_3600765_4336.csv::s1,astro_validation,2026-07-20 09:25:14.010
Sitara-1::conversation_3600765_4336.csv::s1,user_emotional_disclosure,2026-07-20 09:25:58.011
Sitara-1::conversation_3600765_4336.csv::s1,astro_dated_prediction,2026-07-20 09:26:33.012
Sitara-1::conversation_3600765_4336.csv::s1,user_neutral_factual,2026-07-20 09:26:42.013
Sitara-1::conversation_3600765_4336.csv::s1,user_pushback,2026-07-20 09:27:03.014
Sitara-1::conversation_3600765_4336.csv::s1,user_pushback,2026-07-20 09:27:27.015
Sitara-1::conversation_3600765_4336.csv::s1,astro_other,2026-07-20 09:27:40.016
Sitara-1::conversation_3600765_4336.csv::s1,user_neutral_factual,2026-07-20 09:27:52.017
Sitara-1::conversation_3600765_4336.csv::s1,astro_dated_prediction,2026-07-20 09:28:08.018
Sitara-1::conversation_3600765_4336.csv::s1,astro_validation,2026-07-20 09:28:14.019
Sitara-1::conversation_3600765_4336.csv::s1,user_neutral_factual,2026-07-20 09:28:14.020
Sitara-1::conversation_3600765_4336.csv::s1,user_neutral_factual,2026-07-20 09:28:24.021
Sitara-1::conversation_3600765_4336.csv::s1,astro_callback_within,2026-07-20 09:28:39.022
Sitara-1::conversation_3600765_4336.csv::s1,astro_reframe,2026-07-20 09:28:46.023
Sitara-1::conversation_3600765_4336.csv::s1,astro_other,2026-07-20 09:28:53.024
Sitara-1::conversation_3600765_4336.csv::s1,astro_other,2026-07-20 09:29:13.025
Sitara-1::conversation_3600765_4336.csv::s2,user_neutral,2026-07-20 09:30:12.000
Sitara-1::conversation_3600765_4336.csv::s2,astro_callback_prior,2026-07-20 09:30:19.001
Sitara-1::conversation_3600765_4336.csv::s2,user_pushback,2026-07-20 09:30:29.002
Sitara-1::conversation_3600765_4336.csv::s2,astro_self_correction,2026-07-20 09:30:38.003
Sitara-1::conversation_3600765_4336.csv::s2,user_neutral_factual,2026-07-20 09:30:41.004
Sitara-1::conversation_3600765_4336.csv::s2,user_neutral_factual,2026-07-20 09:31:20.005
Sitara-1::conversation_3600765_4336.csv::s2,user_pushback,2026-07-20 09:31:36.006
Sitara-1::conversation_3600765_4336.csv::s2,astro_dated_prediction,2026-07-20 09:31:48.007
Sitara-1::conversation_3600765_4336.csv::s2,user_neutral_factual,2026-07-20 09:31:52.008
Sitara-1::conversation_3600765_4336.csv::s2,astro_other,2026-07-20 09:32:00.009
Sitara-1::conversation_3600765_4336.csv::s2,astro_validation,2026-07-20 09:32:13.010
Sitara-1::conversation_3600765_4336.csv::s2,user_neutral_factual,2026-07-20 09:32:18.011
Sitara-1::conversation_3600765_4336.csv::s2,astro_validation,2026-07-20 09:32:27.012
Sitara-1::conversation_3600765_4336.csv::s2,user_neutral_factual,2026-07-20 09:32:36.013
Sitara-1::conversation_3600765_4336.csv::s2,astro_callback_prior,2026-07-20 09:32:44.014
Sitara-1::conversation_3600765_4336.csv::s2,user_neutral_factual,2026-07-20 09:32:48.015
Sitara-1::conversation_3600765_4336.csv::s2,astro_callback_prior,2026-07-20 09:32:59.016
Sitara-1::conversation_3600765_4336.csv::s2,user_neutral_factual,2026-07-20 09:33:07.017
Sitara-1::conversation_3600765_4336.csv::s2,astro_open_thread,2026-07-20 09:33:16.018
Sitara-1::conversation_3600765_4336.csv::s2,user_enthusiastic,2026-07-20 09:33:21.019
Sitara-1::conversation_3600765_4336.csv::s2,astro_other,2026-07-20 09:33:33.020
Sitara-1::conversation_3600765_4336.csv::s2,user_enthusiastic,2026-07-20 09:33:39.021
Sitara-1::conversation_3600765_4336.csv::s2,astro_dated_prediction,2026-07-20 09:33:47.022
Sitara-1::conversation_3600765_4336.csv::s2,user_neutral_factual,2026-07-20 09:33:59.023
Sitara-1::conversation_3600765_4336.csv::s2,astro_open_thread,2026-07-20 09:34:20.024
Sitara-1::conversation_3600765_4336.csv::s2,user_enthusiastic,2026-07-20 09:34:26.025
Sitara-1::conversation_3600765_4336.csv::s2,astro_other,2026-07-20 09:34:37.026
Sitara-1::conversation_3600765_4336.csv::s2,user_pushback,2026-07-20 09:34:52.027
Sitara-1::conversation_3600765_4336.csv::s2,astro_other,2026-07-20 09:34:54.028
Sitara-1::conversation_3600765_4336.csv::s2,astro_callback_within,2026-07-20 09:35:03.029
Sitara-1::conversation_3600765_4336.csv::s2,user_neutral_factual,2026-07-20 09:35:14.030
Sitara-1::conversation_3600765_4336.csv::s2,astro_other,2026-07-20 09:35:32.031
Sitara-1::conversation_3600765_4336.csv::s3,user_neutral,2026-07-20 09:36:22.000
Sitara-1::conversation_3600765_4336.csv::s3,astro_other,2026-07-20 09:36:36.001
Sitara-1::conversation_3600765_4336.csv::s3,astro_other,2026-07-20 09:36:54.002
Sitara-1::conversation_3600765_4336.csv::s3,user_emotional_disclosure,2026-07-20 09:37:24.003
Sitara-1::conversation_3600765_4336.csv::s3,astro_dated_prediction,2026-07-20 09:37:37.004
Sitara-1::conversation_3600765_4336.csv::s3,user_neutral_factual,2026-07-20 09:37:45.005
Sitara-1::conversation_3600765_4336.csv::s3,astro_dated_prediction,2026-07-20 09:38:08.006
Sitara-1::conversation_3600765_4336.csv::s3,user_disengaging,2026-07-20 09:38:20.007
Sitara-1::conversation_3600765_4336.csv::s3,user_neutral_factual,2026-07-20 09:38:27.008
Sitara-1::conversation_3600765_4336.csv::s3,user_disengaging,2026-07-20 09:38:59.009
Sitara-1::conversation_3600765_4336.csv::s3,astro_reframe,2026-07-20 09:39:09.010
Sitara-1::conversation_3600765_4336.csv::s3,astro_other,2026-07-20 09:39:17.011
Sitara-1::conversation_3600765_4336.csv::s3,user_neutral,2026-07-20 09:39:43.012
Sitara-1::conversation_3600765_4336.csv::s3,astro_callback_within,2026-07-20 09:39:52.013
Sitara-1::conversation_3600765_4336.csv::s3,astro_other,2026-07-20 09:40:28.014
Sitara-1::conversation_3600765_4336.csv::s3,user_pushback,2026-07-20 09:41:03.015
Sitara-1::conversation_3600765_4336.csv::s3,astro_other,2026-07-20 09:41:10.016
Sitara-1::conversation_3600765_4336.csv::s3,user_disengaging,2026-07-20 09:41:17.017
Sitara-1::conversation_3600765_4336.csv::s3,astro_other,2026-07-20 09:41:25.018
Sitara-1::conversation_3600765_4336.csv::s3,user_neutral_factual,2026-07-20 09:41:38.019
Sitara-1::conversation_3600765_4336.csv::s3,astro_other,2026-07-20 09:41:40.020
Sitara-1::conversation_3600765_4336.csv::s3,user_pushback,2026-07-20 09:41:47.021
Sitara-1::conversation_3600765_4336.csv::s3,user_pushback,2026-07-20 09:42:39.022
Sitara-1::conversation_3600765_4336.csv::s3,astro_other,2026-07-20 09:42:53.023
Sitara-1::conversation_3600765_4336.csv::s3,astro_other,2026-07-20 09:42:54.024
Sitara-1::conversation_3600765_4336.csv::s3,astro_other,2026-07-20 09:43:06.025
Sitara-1::conversation_3600765_4336.csv::s3,user_neutral_factual,2026-07-20 09:43:16.026
Sitara-1::conversation_3600765_4336.csv::s3,astro_dated_prediction,2026-07-20 09:43:31.027
Sitara-1::conversation_3600765_4336.csv::s3,user_pushback,2026-07-20 09:43:41.028
Sitara-1::conversation_3600765_4336.csv::s3,astro_other,2026-07-20 09:43:50.029
Sitara-1::conversation_3600765_4336.csv::s3,user_pushback,2026-07-20 09:43:50.030
Sitara-1::conversation_3600765_4336.csv::s3,astro_validation,2026-07-20 09:43:59.031
Sitara-1::conversation_3607679_4336.csv::s1,user_neutral,2026-07-19 05:30:01.000
Sitara-1::conversation_3607679_4336.csv::s1,astro_other,2026-07-19 05:30:08.001
Sitara-1::conversation_3607679_4336.csv::s1,user_neutral_factual,2026-07-19 05:30:13.002
Sitara-1::conversation_3607679_4336.csv::s1,user_emotional_disclosure,2026-07-19 05:30:18.003
Sitara-1::conversation_3607679_4336.csv::s1,user_enthusiastic,2026-07-19 05:30:21.004
Sitara-1::conversation_3607679_4336.csv::s1,astro_validation,2026-07-19 05:30:30.005
Sitara-1::conversation_3607679_4336.csv::s1,astro_other,2026-07-19 05:30:35.006
Sitara-1::conversation_3607679_4336.csv::s1,user_neutral_factual,2026-07-19 05:30:44.007
Sitara-1::conversation_3607679_4336.csv::s1,user_emotional_disclosure,2026-07-19 05:30:49.008
Sitara-1::conversation_3607679_4336.csv::s1,astro_other,2026-07-19 05:30:51.009
Sitara-1::conversation_3607679_4336.csv::s1,user_emotional_disclosure,2026-07-19 05:30:55.010
Sitara-1::conversation_3607679_4336.csv::s1,astro_validation,2026-07-19 05:31:06.011
Sitara-1::conversation_3607679_4336.csv::s1,user_emotional_disclosure,2026-07-19 05:31:08.012
Sitara-1::conversation_3607679_4336.csv::s1,astro_other,2026-07-19 05:31:17.013
Sitara-1::conversation_3607679_4336.csv::s1,user_emotional_disclosure,2026-07-19 05:31:35.014
Sitara-1::conversation_3607679_4336.csv::s1,user_emotional_disclosure,2026-07-19 05:31:38.015
Sitara-1::conversation_3607679_4336.csv::s1,astro_other,2026-07-19 05:31:41.016
Sitara-1::conversation_3607679_4336.csv::s1,user_emotional_disclosure,2026-07-19 05:31:43.017
Sitara-1::conversation_3607679_4336.csv::s1,astro_other,2026-07-19 05:31:44.018
Sitara-1::conversation_3607679_4336.csv::s1,astro_validation,2026-07-19 05:31:53.019
Sitara-1::conversation_3607679_4336.csv::s1,astro_other,2026-07-19 05:31:57.020
Sitara-1::conversation_3607679_4336.csv::s1,user_emotional_disclosure,2026-07-19 05:32:06.021
Sitara-1::conversation_3607679_4336.csv::s1,user_emotional_disclosure,2026-07-19 05:32:14.022
Sitara-1::conversation_3607679_4336.csv::s1,astro_other,2026-07-19 05:32:15.023
Sitara-1::conversation_3607679_4336.csv::s1,astro_reframe,2026-07-19 05:32:23.024
Sitara-1::conversation_3607679_4336.csv::s1,user_neutral_factual,2026-07-19 05:32:34.025
Sitara-1::conversation_3607679_4336.csv::s1,user_neutral,2026-07-19 05:32:40.026
Sitara-1::conversation_3607679_4336.csv::s1,astro_dated_prediction,2026-07-19 05:32:42.027
Sitara-1::conversation_3607679_4336.csv::s1,astro_other,2026-07-19 05:32:48.028
Sitara-1::conversation_3607679_4336.csv::s1,user_neutral_factual,2026-07-19 05:32:56.029
Sitara-1::conversation_3607679_4336.csv::s1,user_emotional_disclosure,2026-07-19 05:33:02.030
Sitara-1::conversation_3607679_4336.csv::s1,user_neutral,2026-07-19 05:33:05.031
Sitara-1::conversation_3607679_4336.csv::s1,astro_reframe,2026-07-19 05:33:06.032
Sitara-1::conversation_3607679_4336.csv::s1,astro_callback_within,2026-07-19 05:33:13.033
Sitara-1::conversation_3607679_4336.csv::s1,astro_reframe,2026-07-19 05:33:20.034
Sitara-1::conversation_3607679_4336.csv::s1,user_emotional_disclosure,2026-07-19 05:33:32.035
Sitara-1::conversation_3607679_4336.csv::s1,astro_reframe,2026-07-19 05:33:40.036
Sitara-1::conversation_3607679_4336.csv::s1,user_emotional_disclosure,2026-07-19 05:33:51.037
Sitara-1::conversation_3607679_4336.csv::s1,astro_other,2026-07-19 05:33:59.038
Sitara-1::conversation_3607679_4336.csv::s1,user_neutral,2026-07-19 05:34:20.039
Sitara-1::conversation_3607679_4336.csv::s1,user_disengaging,2026-07-19 05:34:38.040
Sitara-1::conversation_3607679_4336.csv::s1,user_neutral_factual,2026-07-19 05:34:44.041
Sitara-1::conversation_3607679_4336.csv::s1,astro_other,2026-07-19 05:34:47.042
Sitara-1::conversation_3607679_4336.csv::s1,astro_dated_prediction,2026-07-19 05:34:54.043
Sitara-1::conversation_3607679_4336.csv::s1,user_neutral_factual,2026-07-19 05:35:02.044
Sitara-1::conversation_3607679_4336.csv::s1,astro_reframe,2026-07-19 05:35:10.045
Sitara-1::conversation_3607679_4336.csv::s1,user_enthusiastic,2026-07-19 05:35:15.046
Sitara-1::conversation_3607679_4336.csv::s1,user_enthusiastic,2026-07-19 05:35:28.047
Sitara-1::conversation_3607679_4336.csv::s1,user_neutral_factual,2026-07-19 05:35:33.048
Sitara-1::conversation_3607679_4336.csv::s1,astro_callback_within,2026-07-19 05:35:41.049
Sitara-1::conversation_3607679_4336.csv::s1,user_emotional_disclosure,2026-07-19 05:35:54.050
Sitara-1::conversation_3607679_4336.csv::s1,user_emotional_disclosure,2026-07-19 05:35:56.051
Sitara-1::conversation_3607679_4336.csv::s1,astro_reframe,2026-07-19 05:36:03.052
Sitara-1::conversation_3607679_4336.csv::s1,astro_other,2026-07-19 05:36:10.053
Sitara-1::conversation_3607679_4336.csv::s1,user_emotional_disclosure,2026-07-19 05:36:24.054
Sitara-1::conversation_3607679_4336.csv::s1,astro_reframe,2026-07-19 05:36:33.055
Sitara-1::conversation_3607679_4336.csv::s1,user_emotional_disclosure,2026-07-19 05:36:34.056
Sitara-1::conversation_3607679_4336.csv::s1,astro_callback_within,2026-07-19 05:36:43.057
Sitara-1::conversation_3607679_4336.csv::s1,user_emotional_disclosure,2026-07-19 05:37:00.058
Sitara-1::conversation_3607679_4336.csv::s1,user_emotional_disclosure,2026-07-19 05:37:07.059
Sitara-1::conversation_3607679_4336.csv::s1,astro_reframe,2026-07-19 05:37:12.060
Sitara-1::conversation_3607679_4336.csv::s1,astro_callback_within,2026-07-19 05:37:20.061
Sitara-1::conversation_3607679_4336.csv::s1,user_emotional_disclosure,2026-07-19 05:37:22.062
Sitara-1::conversation_3607679_4336.csv::s1,user_emotional_disclosure,2026-07-19 05:37:42.063
Sitara-1::conversation_3607679_4336.csv::s1,astro_reframe,2026-07-19 05:37:50.064
Sitara-1::conversation_3607679_4336.csv::s1,user_emotional_disclosure,2026-07-19 05:38:05.065
Sitara-1::conversation_3607679_4336.csv::s1,astro_reframe,2026-07-19 05:38:13.066
Sitara-1::conversation_3607679_4336.csv::s1,user_emotional_disclosure,2026-07-19 05:38:24.067
Sitara-1::conversation_3607679_4336.csv::s1,astro_callback_within,2026-07-19 05:38:35.068
Sitara-1::conversation_3607679_4336.csv::s1,user_emotional_disclosure,2026-07-19 05:38:48.069
Sitara-1::conversation_3607679_4336.csv::s1,astro_callback_within,2026-07-19 05:38:55.070
Sitara-1::conversation_3607679_4336.csv::s1,user_emotional_disclosure,2026-07-19 05:39:07.071
Sitara-1::conversation_3607679_4336.csv::s1,user_neutral_factual,2026-07-19 05:39:14.072
Sitara-1::conversation_3607679_4336.csv::s1,user_disengaging,2026-07-19 05:39:21.073
Sitara-1::conversation_3607679_4336.csv::s1,user_neutral,2026-07-19 05:39:27.074
Sitara-1::conversation_3607679_4336.csv::s1,astro_reframe,2026-07-19 05:39:36.075
Sitara-1::conversation_3607679_4336.csv::s1,astro_callback_within,2026-07-19 05:39:42.076
Sitara-1::conversation_3607679_4336.csv::s1,user_neutral_factual,2026-07-19 05:39:49.077
Sitara-1::conversation_3607679_4336.csv::s1,user_enthusiastic,2026-07-19 05:39:57.078
Sitara-1::conversation_3607679_4336.csv::s1,astro_reframe,2026-07-19 05:40:20.079
Sitara-1::conversation_3607679_4336.csv::s1,astro_open_thread,2026-07-19 05:40:27.080
Sitara-1::conversation_3607679_4336.csv::s1,user_enthusiastic,2026-07-19 05:40:44.081
Sitara-1::conversation_3607679_4336.csv::s1,astro_callback_within,2026-07-19 05:40:52.082
Sitara-1::conversation_3607679_4336.csv::s1,user_emotional_disclosure,2026-07-19 05:41:08.083
Sitara-1::conversation_3607679_4336.csv::s1,user_emotional_disclosure,2026-07-19 05:41:49.084
Sitara-1::conversation_3607679_4336.csv::s1,astro_callback_within,2026-07-19 05:41:56.085
Sitara-1::conversation_3607679_4336.csv::s1,user_pushback,2026-07-19 05:42:14.086
Sitara-1::conversation_3607679_4336.csv::s1,astro_other,2026-07-19 05:42:29.087
Sitara-1::conversation_3607679_4336.csv::s1,user_pushback,2026-07-19 05:42:29.088
Sitara-1::conversation_3607679_4336.csv::s1,astro_callback_within,2026-07-19 05:42:37.089
Sitara-1::conversation_3607679_4336.csv::s1,user_pushback,2026-07-19 05:42:56.090
Sitara-1::conversation_3607679_4336.csv::s1,astro_callback_within,2026-07-19 05:43:05.091
Sitara-1::conversation_3607679_4336.csv::s1,user_neutral_factual,2026-07-19 05:43:20.092
Sitara-1::conversation_3607679_4336.csv::s1,astro_dated_prediction,2026-07-19 05:43:29.093
Sitara-1::conversation_3607679_4336.csv::s1,user_neutral_factual,2026-07-19 05:43:38.094
Sitara-1::conversation_3607679_4336.csv::s1,user_neutral_factual,2026-07-19 05:43:44.095
Sitara-1::conversation_3607679_4336.csv::s1,astro_other,2026-07-19 05:43:52.096
Sitara-1::conversation_3607679_4336.csv::s1,astro_dated_prediction,2026-07-19 05:43:59.097
Sitara-1::conversation_3607679_4336.csv::s1,user_neutral_factual,2026-07-19 05:44:23.098
Sitara-1::conversation_3607679_4336.csv::s1,user_neutral_factual,2026-07-19 05:44:28.099
Sitara-1::conversation_3607679_4336.csv::s1,astro_callback_within,2026-07-19 05:44:32.100
Sitara-1::conversation_3607679_4336.csv::s1,user_emotional_disclosure,2026-07-19 05:44:33.101
Sitara-1::conversation_3607679_4336.csv::s1,astro_callback_within,2026-07-19 05:44:43.102
Sitara-1::conversation_3607679_4336.csv::s1,astro_reframe,2026-07-19 05:44:45.103
Sitara-1::conversation_3607679_4336.csv::s1,astro_open_thread,2026-07-19 05:45:09.104
Sitara-1::conversation_3608753_4336.csv::s1,user_neutral,2026-07-19 05:53:55.000
Sitara-1::conversation_3608753_4336.csv::s1,astro_other,2026-07-19 05:54:05.001
Sitara-1::conversation_3608753_4336.csv::s1,user_neutral_factual,2026-07-19 05:54:30.002
Sitara-1::conversation_3608753_4336.csv::s1,astro_other,2026-07-19 05:54:38.003
Sitara-1::conversation_3608753_4336.csv::s1,user_emotional_disclosure,2026-07-19 05:55:22.004
Sitara-1::conversation_3608753_4336.csv::s1,astro_validation,2026-07-19 05:55:31.005
Sitara-1::conversation_3608753_4336.csv::s1,astro_other,2026-07-19 05:55:44.006
Sitara-1::conversation_3608753_4336.csv::s1,astro_validation,2026-07-19 05:56:15.007
Sitara-1::conversation_3608753_4336.csv::s1,user_neutral_factual,2026-07-19 05:56:25.008
Sitara-1::conversation_3608753_4336.csv::s1,astro_other,2026-07-19 05:56:34.009
Sitara-1::conversation_3608753_4336.csv::s1,user_neutral_factual,2026-07-19 05:56:38.010
Sitara-1::conversation_3608753_4336.csv::s1,astro_other,2026-07-19 05:56:48.011
Sitara-1::conversation_3608753_4336.csv::s1,user_neutral_factual,2026-07-19 05:57:06.012
Sitara-1::conversation_3608753_4336.csv::s1,astro_other,2026-07-19 05:57:15.013
Sitara-1::conversation_3608753_4336.csv::s1,user_neutral_factual,2026-07-19 05:57:24.014
Sitara-1::conversation_3608753_4336.csv::s1,user_neutral_factual,2026-07-19 05:57:30.015
Sitara-1::conversation_3608753_4336.csv::s1,astro_other,2026-07-19 05:57:35.016
Sitara-1::conversation_3608753_4336.csv::s1,astro_dated_prediction,2026-07-19 05:57:45.017
Sitara-1::conversation_3608753_4336.csv::s1,user_pushback,2026-07-19 05:57:50.018
Sitara-1::conversation_3608753_4336.csv::s1,astro_callback_within,2026-07-19 05:58:00.019
Sitara-1::conversation_3608753_4336.csv::s1,astro_other,2026-07-19 05:58:59.020
Sitara-1::conversation_3608753_4336.csv::s2,user_neutral,2026-07-19 05:59:04.000
Sitara-1::conversation_3608753_4336.csv::s2,astro_callback_prior,2026-07-19 05:59:16.001
Sitara-1::conversation_3608753_4336.csv::s2,user_neutral,2026-07-19 05:59:22.002
Sitara-1::conversation_3608753_4336.csv::s2,astro_other,2026-07-19 05:59:40.003
Sitara-1::conversation_3608753_4336.csv::s2,user_neutral_factual,2026-07-19 05:59:49.004
Sitara-1::conversation_3608753_4336.csv::s2,astro_other,2026-07-19 05:59:59.005
Sitara-1::conversation_3608753_4336.csv::s2,user_emotional_disclosure,2026-07-19 06:00:05.006
Sitara-1::conversation_3608753_4336.csv::s2,astro_other,2026-07-19 06:00:15.007
Sitara-1::conversation_3608753_4336.csv::s2,user_neutral_factual,2026-07-19 06:00:25.008
Sitara-1::conversation_3608753_4336.csv::s2,astro_other,2026-07-19 06:00:35.009
Sitara-1::conversation_3608753_4336.csv::s2,user_neutral,2026-07-19 06:01:01.010
Sitara-1::conversation_3608753_4336.csv::s2,user_neutral_factual,2026-07-19 06:01:16.011
Sitara-1::conversation_3608753_4336.csv::s2,astro_other,2026-07-19 06:01:19.012
Sitara-1::conversation_3608753_4336.csv::s2,astro_callback_within,2026-07-19 06:01:39.013
Sitara-1::conversation_3608753_4336.csv::s2,user_emotional_disclosure,2026-07-19 06:02:20.014
Sitara-1::conversation_3608753_4336.csv::s2,astro_callback_within,2026-07-19 06:02:31.015
Sitara-1::conversation_3608753_4336.csv::s2,user_neutral_factual,2026-07-19 06:02:41.016
Sitara-1::conversation_3608753_4336.csv::s2,user_neutral,2026-07-19 06:02:53.017
Sitara-1::conversation_3608753_4336.csv::s2,astro_other,2026-07-19 06:02:58.018
Sitara-1::conversation_3608753_4336.csv::s2,astro_other,2026-07-19 06:03:07.019
Sitara-1::conversation_3608753_4336.csv::s2,user_neutral_factual,2026-07-19 06:03:13.020
Sitara-1::conversation_3608753_4336.csv::s2,astro_callback_within,2026-07-19 06:03:22.021
Sitara-1::conversation_3608753_4336.csv::s2,user_neutral,2026-07-19 06:03:41.022
Sitara-1::conversation_3608753_4336.csv::s2,astro_dated_prediction,2026-07-19 06:03:49.023
Sitara-1::conversation_3608753_4336.csv::s2,user_neutral_factual,2026-07-19 06:03:58.024
Sitara-1::conversation_3608753_4336.csv::s2,astro_callback_within,2026-07-19 06:04:11.025
Sitara-1::conversation_3608753_4336.csv::s2,user_neutral,2026-07-19 06:04:13.026
Sitara-1::conversation_3608753_4336.csv::s2,user_neutral_factual,2026-07-19 06:04:25.027
Sitara-1::conversation_3608753_4336.csv::s2,astro_callback_within,2026-07-19 06:04:33.028
Sitara-1::conversation_3608753_4336.csv::s2,user_neutral_factual,2026-07-19 06:04:42.029
Sitara-1::conversation_3608753_4336.csv::s2,astro_other,2026-07-19 06:04:50.030
Sitara-1::conversation_3608753_4336.csv::s2,user_enthusiastic,2026-07-19 06:05:05.031
Sitara-1::conversation_3608753_4336.csv::s2,astro_callback_within,2026-07-19 06:05:14.032
Sitara-1::conversation_3608753_4336.csv::s2,user_neutral,2026-07-19 06:05:32.033
Sitara-1::conversation_3608753_4336.csv::s2,user_enthusiastic,2026-07-19 06:05:42.034
Sitara-1::conversation_3608753_4336.csv::s2,astro_callback_within,2026-07-19 06:05:51.035
Sitara-1::conversation_3608753_4336.csv::s2,user_neutral_factual,2026-07-19 06:06:04.036
Sitara-1::conversation_3608753_4336.csv::s2,astro_other,2026-07-19 06:06:13.037
Sitara-1::conversation_3608753_4336.csv::s2,user_neutral,2026-07-19 06:06:21.038
Sitara-1::conversation_3608753_4336.csv::s2,astro_callback_within,2026-07-19 06:06:29.039
Sitara-1::conversation_3608753_4336.csv::s2,user_neutral,2026-07-19 06:06:53.040
Sitara-1::conversation_3608753_4336.csv::s2,user_neutral_factual,2026-07-19 06:07:15.041
Sitara-1::conversation_3608753_4336.csv::s2,astro_callback_within,2026-07-19 06:07:24.042
Sitara-1::conversation_3608753_4336.csv::s2,user_neutral_factual,2026-07-19 06:08:01.043
Sitara-1::conversation_3608753_4336.csv::s2,astro_other,2026-07-19 06:08:08.044
Sitara-1::conversation_3609689_4336.csv::s1,user_neutral,2026-07-19 06:24:30.000
Sitara-1::conversation_3609689_4336.csv::s1,astro_other,2026-07-19 06:24:37.001
Sitara-1::conversation_3609689_4336.csv::s1,user_neutral_factual,2026-07-19 06:24:40.002
Sitara-1::conversation_3609689_4336.csv::s1,astro_other,2026-07-19 06:24:48.003
Sitara-1::conversation_3609689_4336.csv::s1,user_neutral_factual,2026-07-19 06:24:54.004
Sitara-1::conversation_3609689_4336.csv::s1,astro_other,2026-07-19 06:25:03.005
Sitara-1::conversation_3609689_4336.csv::s1,user_neutral,2026-07-19 06:25:15.006
Sitara-1::conversation_3609689_4336.csv::s1,user_neutral_factual,2026-07-19 06:25:20.007
Sitara-1::conversation_3609689_4336.csv::s1,astro_callback_within,2026-07-19 06:25:25.008
Sitara-1::conversation_3609689_4336.csv::s1,user_neutral_factual,2026-07-19 06:25:41.009
Sitara-1::conversation_3609689_4336.csv::s1,astro_callback_within,2026-07-19 06:25:49.010
Sitara-1::conversation_3609689_4336.csv::s1,astro_other,2026-07-19 06:26:04.011
Sitara-1::conversation_3609689_4336.csv::s1,astro_callback_within,2026-07-19 06:26:06.012
Sitara-1::conversation_3609689_4336.csv::s1,astro_dated_prediction,2026-07-19 06:26:25.013
Sitara-1::conversation_3609689_4336.csv::s1,user_pushback,2026-07-19 06:26:55.014
Sitara-1::conversation_3609689_4336.csv::s1,user_neutral_factual,2026-07-19 06:27:26.015
Sitara-1::conversation_3609689_4336.csv::s1,astro_callback_within,2026-07-19 06:27:35.016
Sitara-1::conversation_3609689_4336.csv::s1,user_emotional_disclosure,2026-07-19 06:27:38.017
Sitara-1::conversation_3609689_4336.csv::s1,user_pushback,2026-07-19 06:27:52.018
Sitara-1::conversation_3609689_4336.csv::s1,astro_callback_within,2026-07-19 06:28:00.019
Sitara-1::conversation_3609689_4336.csv::s1,user_neutral_factual,2026-07-19 06:28:08.020
Sitara-1::conversation_3609689_4336.csv::s1,astro_callback_within,2026-07-19 06:28:16.021
Sitara-1::conversation_3609689_4336.csv::s1,user_neutral_factual,2026-07-19 06:29:03.022
Sitara-1::conversation_3609689_4336.csv::s1,astro_callback_within,2026-07-19 06:29:10.023
Sitara-1::conversation_3609689_4336.csv::s1,user_neutral,2026-07-19 06:29:27.024
Sitara-1::conversation_3609689_4336.csv::s1,user_neutral_factual,2026-07-19 06:29:33.025
Sitara-1::conversation_3609689_4336.csv::s1,astro_callback_within,2026-07-19 06:29:35.026
Sitara-1::conversation_3609689_4336.csv::s1,astro_callback_within,2026-07-19 06:29:42.027
Sitara-1::conversation_3609689_4336.csv::s1,user_neutral_factual,2026-07-19 06:29:58.028
Sitara-1::conversation_3609689_4336.csv::s1,astro_callback_within,2026-07-19 06:30:07.029
Sitara-1::conversation_3609689_4336.csv::s1,user_neutral_factual,2026-07-19 06:30:20.030
Sitara-1::conversation_3609689_4336.csv::s1,astro_other,2026-07-19 06:30:27.031
Sitara-1::conversation_3609689_4336.csv::s1,user_neutral_factual,2026-07-19 06:30:37.032
Sitara-1::conversation_3609689_4336.csv::s1,astro_other,2026-07-19 06:30:46.033
Sitara-1::conversation_3609689_4336.csv::s1,user_neutral_factual,2026-07-19 06:31:19.034
Sitara-1::conversation_3609689_4336.csv::s1,astro_callback_within,2026-07-19 06:31:34.035
Sitara-1::conversation_3609689_4336.csv::s1,user_neutral_factual,2026-07-19 06:31:49.036
Sitara-1::conversation_3609689_4336.csv::s1,astro_callback_within,2026-07-19 06:31:56.037
Sitara-1::conversation_3609689_4336.csv::s1,user_emotional_disclosure,2026-07-19 06:32:12.038
Sitara-1::conversation_3609689_4336.csv::s1,astro_callback_within,2026-07-19 06:32:20.039
Sitara-1::conversation_3609689_4336.csv::s1,user_pushback,2026-07-19 06:33:00.040
Sitara-1::conversation_3609689_4336.csv::s1,astro_callback_within,2026-07-19 06:33:09.041
Sitara-1::conversation_3609689_4336.csv::s1,user_enthusiastic,2026-07-19 06:33:27.042
Sitara-1::conversation_3609689_4336.csv::s1,user_neutral_factual,2026-07-19 06:33:33.043
Sitara-1::conversation_3609689_4336.csv::s1,astro_callback_within,2026-07-19 06:33:38.044
Sitara-1::conversation_3609689_4336.csv::s1,astro_other,2026-07-19 06:33:45.045
Sitara-1::conversation_3609689_4336.csv::s1,user_enthusiastic,2026-07-19 06:34:01.046
Sitara-1::conversation_3609689_4336.csv::s1,astro_other,2026-07-19 06:34:08.047
Sitara-1::conversation_3609689_4336.csv::s1,user_neutral_factual,2026-07-19 06:34:21.048
Sitara-1::conversation_3609689_4336.csv::s1,astro_other,2026-07-19 06:34:32.049
Sitara-1::conversation_3609751_4336.csv::s1,user_neutral,2026-07-19 06:31:44.000
Sitara-1::conversation_3609751_4336.csv::s1,astro_other,2026-07-19 06:31:50.001
Sitara-1::conversation_3609751_4336.csv::s1,user_neutral_factual,2026-07-19 06:31:59.002
Sitara-1::conversation_3609751_4336.csv::s1,astro_other,2026-07-19 06:32:09.003
Sitara-1::conversation_3609751_4336.csv::s1,user_neutral_factual,2026-07-19 06:32:27.004
Sitara-1::conversation_3609751_4336.csv::s1,astro_other,2026-07-19 06:32:35.005
Sitara-1::conversation_3609751_4336.csv::s1,astro_other,2026-07-19 06:32:56.006
Sitara-1::conversation_3609751_4336.csv::s1,astro_other,2026-07-19 06:32:59.007
Sitara-1::conversation_3609751_4336.csv::s1,user_pushback,2026-07-19 06:33:21.008
Sitara-1::conversation_3609751_4336.csv::s1,astro_callback_within,2026-07-19 06:33:28.009
Sitara-1::conversation_3609751_4336.csv::s1,user_neutral,2026-07-19 06:33:37.010
Sitara-1::conversation_3609751_4336.csv::s1,astro_callback_within,2026-07-19 06:33:45.011
Sitara-1::conversation_3609751_4336.csv::s1,user_neutral,2026-07-19 06:33:59.012
Sitara-1::conversation_3609751_4336.csv::s1,astro_dated_prediction,2026-07-19 06:34:08.013
Sitara-1::conversation_3609751_4336.csv::s1,user_pushback,2026-07-19 06:34:32.014
Sitara-1::conversation_3609751_4336.csv::s1,astro_dated_prediction,2026-07-19 06:34:41.015
Sitara-1::conversation_3609751_4336.csv::s1,user_enthusiastic,2026-07-19 06:34:52.016
Sitara-1::conversation_3609751_4336.csv::s1,astro_callback_within,2026-07-19 06:35:02.017
Sitara-1::conversation_3609751_4336.csv::s1,user_neutral,2026-07-19 06:35:17.018
Sitara-1::conversation_3609751_4336.csv::s1,astro_callback_within,2026-07-19 06:35:25.019
Sitara-1::conversation_3609751_4336.csv::s1,user_neutral_factual,2026-07-19 06:35:33.020
Sitara-1::conversation_3609751_4336.csv::s1,user_neutral_factual,2026-07-19 06:35:45.021
Sitara-1::conversation_3609751_4336.csv::s1,astro_callback_within,2026-07-19 06:35:53.022
Sitara-1::conversation_3609751_4336.csv::s1,user_neutral,2026-07-19 06:35:57.023
Sitara-1::conversation_3609751_4336.csv::s1,astro_callback_within,2026-07-19 06:36:05.024
Sitara-1::conversation_3609751_4336.csv::s1,user_neutral_factual,2026-07-19 06:36:14.025
Sitara-1::conversation_3609751_4336.csv::s1,astro_callback_within,2026-07-19 06:36:22.026
Sitara-1::conversation_3609751_4336.csv::s2,user_neutral,2026-07-19 06:38:28.000
Sitara-1::conversation_3609751_4336.csv::s2,astro_callback_prior,2026-07-19 06:38:35.001
Sitara-1::conversation_3609751_4336.csv::s3,user_neutral,2026-07-19 06:45:12.000
Sitara-1::conversation_3609751_4336.csv::s3,user_neutral,2026-07-19 06:45:28.001
Sitara-1::conversation_3609751_4336.csv::s3,astro_other,2026-07-19 06:45:35.002
Sitara-1::conversation_3609751_4336.csv::s3,user_neutral,2026-07-19 06:45:38.003
Sitara-1::conversation_3609751_4336.csv::s3,astro_other,2026-07-19 06:45:45.004
Sitara-1::conversation_3609751_4336.csv::s3,user_neutral_factual,2026-07-19 06:46:09.005
Sitara-1::conversation_3609751_4336.csv::s3,astro_other,2026-07-19 06:46:17.006
Sitara-1::conversation_3609751_4336.csv::s3,user_emotional_disclosure,2026-07-19 06:46:28.007
Sitara-1::conversation_3609751_4336.csv::s3,astro_callback_within,2026-07-19 06:46:35.008
Sitara-1::conversation_3609751_4336.csv::s3,user_neutral,2026-07-19 06:46:49.009
Sitara-1::conversation_3609751_4336.csv::s3,astro_other,2026-07-19 06:47:00.010
Sitara-1::conversation_3609751_4336.csv::s3,user_neutral_factual,2026-07-19 06:47:06.011
Sitara-1::conversation_3609751_4336.csv::s3,astro_other,2026-07-19 06:47:16.012
Sitara-1::conversation_3609751_4336.csv::s3,user_neutral_factual,2026-07-19 06:47:22.013
Sitara-1::conversation_3609751_4336.csv::s3,astro_other,2026-07-19 06:47:30.014
Sitara-1::conversation_3609751_4336.csv::s3,user_pushback,2026-07-19 06:47:53.015
Sitara-1::conversation_3609751_4336.csv::s3,user_neutral,2026-07-19 06:48:21.016
Sitara-1::conversation_3609751_4336.csv::s3,astro_callback_within,2026-07-19 06:48:29.017
Sitara-1::conversation_3609751_4336.csv::s3,user_pushback,2026-07-19 06:48:51.018
Sitara-1::conversation_3609751_4336.csv::s3,astro_callback_within,2026-07-19 06:48:58.019
Sitara-1::conversation_3609751_4336.csv::s3,user_enthusiastic,2026-07-19 06:49:05.020
Sitara-1::conversation_3609751_4336.csv::s3,astro_reframe,2026-07-19 06:49:14.021
Sitara-1::conversation_3609751_4336.csv::s3,user_neutral,2026-07-19 06:49:33.022
Sitara-1::conversation_3609751_4336.csv::s3,astro_dated_prediction,2026-07-19 06:49:40.023
Sitara-1::conversation_3609751_4336.csv::s3,user_neutral,2026-07-19 06:49:52.024
Sitara-1::conversation_3609751_4336.csv::s3,astro_dated_prediction,2026-07-19 06:50:01.025
Sitara-1::conversation_3609751_4336.csv::s3,user_neutral_factual,2026-07-19 06:50:36.026
Sitara-1::conversation_3609751_4336.csv::s3,astro_other,2026-07-19 06:50:45.027
Sitara-1::conversation_3609751_4336.csv::s3,user_emotional_disclosure,2026-07-19 06:51:16.028
Sitara-1::conversation_3609751_4336.csv::s3,astro_callback_within,2026-07-19 06:51:25.029
Sitara-1::conversation_3609751_4336.csv::s3,user_neutral,2026-07-19 06:51:46.030
Sitara-1::conversation_3609751_4336.csv::s3,astro_callback_within,2026-07-19 06:51:53.031
Sitara-1::conversation_3609751_4336.csv::s3,user_disengaging,2026-07-19 06:52:07.032
Sitara-1::conversation_3609751_4336.csv::s3,astro_other,2026-07-19 06:52:15.033
Sitara-1::conversation_3609751_4336.csv::s3,user_neutral_factual,2026-07-19 06:52:22.034
Sitara-1::conversation_3609751_4336.csv::s3,astro_other,2026-07-19 06:52:30.035
Sitara-1::conversation_3609751_4336.csv::s3,user_neutral,2026-07-19 06:52:39.036
Sitara-1::conversation_3609751_4336.csv::s3,astro_other,2026-07-19 06:52:48.037
Sitara-1::conversation_3609751_4336.csv::s3,user_neutral,2026-07-19 06:53:04.038
Sitara-1::conversation_3609751_4336.csv::s3,astro_callback_within,2026-07-19 06:53:11.039
Sitara-1::conversation_3609751_4336.csv::s3,user_neutral,2026-07-19 06:53:17.040
Sitara-1::conversation_3609751_4336.csv::s3,astro_callback_within,2026-07-19 06:53:25.041
Sitara-1::conversation_3609751_4336.csv::s3,astro_callback_within,2026-07-19 06:53:48.042
Sitara-1::conversation_3609751_4336.csv::s3,user_enthusiastic,2026-07-19 06:53:56.043
Sitara-1::conversation_3609751_4336.csv::s3,astro_other,2026-07-19 06:54:04.044
Sitara-1::conversation_3609751_4336.csv::s3,user_neutral,2026-07-19 06:54:33.045
Sitara-1::conversation_3609751_4336.csv::s3,astro_other,2026-07-19 06:54:39.046
Sitara-1::conversation_3609751_4336.csv::s3,astro_callback_within,2026-07-19 06:54:57.047
Sitara-1::conversation_3609751_4336.csv::s3,user_neutral_factual,2026-07-19 06:55:07.048
Sitara-1::conversation_3609751_4336.csv::s3,astro_callback_within,2026-07-19 06:55:13.049
Sitara-1::conversation_3611235_4336.csv::s1,astro_other,2026-07-19 07:27:48.000
Sitara-1::conversation_3611235_4336.csv::s1,user_neutral_factual,2026-07-19 07:27:54.001
Sitara-1::conversation_3611235_4336.csv::s1,astro_callback_within,2026-07-19 07:28:02.002
Sitara-1::conversation_3611235_4336.csv::s1,user_neutral,2026-07-19 07:28:11.003
Sitara-1::conversation_3611235_4336.csv::s1,astro_callback_within,2026-07-19 07:28:20.004
Sitara-1::conversation_3611235_4336.csv::s1,user_emotional_disclosure,2026-07-19 07:28:35.005
Sitara-1::conversation_3611235_4336.csv::s1,astro_callback_within,2026-07-19 07:28:42.006
Sitara-1::conversation_3611235_4336.csv::s1,user_neutral_factual,2026-07-19 07:28:52.007
Sitara-1::conversation_3611235_4336.csv::s1,astro_callback_within,2026-07-19 07:29:00.008
Sitara-1::conversation_3611235_4336.csv::s1,user_neutral,2026-07-19 07:29:12.009
Sitara-1::conversation_3611235_4336.csv::s1,astro_callback_within,2026-07-19 07:29:15.010
Sitara-1::conversation_3611235_4336.csv::s1,user_neutral,2026-07-19 07:29:15.011
Sitara-1::conversation_3611235_4336.csv::s1,astro_callback_within,2026-07-19 07:29:22.012
Sitara-1::conversation_3611235_4336.csv::s1,user_emotional_disclosure,2026-07-19 07:29:39.013
Sitara-1::conversation_3611235_4336.csv::s1,astro_dated_prediction,2026-07-19 07:29:54.014
Sitara-1::conversation_3611235_4336.csv::s1,user_emotional_disclosure,2026-07-19 07:29:59.015
Sitara-1::conversation_3611235_4336.csv::s1,astro_callback_within,2026-07-19 07:30:14.016
Sitara-1::conversation_3611235_4336.csv::s1,user_enthusiastic,2026-07-19 07:30:19.017
Sitara-1::conversation_3611235_4336.csv::s1,user_enthusiastic,2026-07-19 07:30:26.018
Sitara-1::conversation_3611235_4336.csv::s1,astro_callback_within,2026-07-19 07:30:36.019
Sitara-1::conversation_3611235_4336.csv::s1,user_emotional_disclosure,2026-07-19 07:30:44.020
Sitara-1::conversation_3611235_4336.csv::s1,astro_callback_within,2026-07-19 07:30:54.021
Sitara-1::conversation_3611235_4336.csv::s1,user_neutral,2026-07-19 07:31:04.022
Sitara-1::conversation_3611235_4336.csv::s1,user_neutral,2026-07-19 07:31:12.023
Sitara-1::conversation_3611235_4336.csv::s1,astro_dated_prediction,2026-07-19 07:31:12.024
Sitara-1::conversation_3611235_4336.csv::s1,astro_dated_prediction,2026-07-19 07:31:22.025
Sitara-1::conversation_3611235_4336.csv::s1,user_enthusiastic,2026-07-19 07:31:43.026
Sitara-1::conversation_3611235_4336.csv::s1,astro_callback_within,2026-07-19 07:31:51.027
Sitara-1::conversation_3611235_4336.csv::s1,user_neutral,2026-07-19 07:31:59.028
Sitara-1::conversation_3611235_4336.csv::s1,user_pushback,2026-07-19 07:32:18.029
Sitara-1::conversation_3611235_4336.csv::s1,astro_callback_within,2026-07-19 07:32:18.030
Sitara-1::conversation_3611235_4336.csv::s1,astro_callback_within,2026-07-19 07:32:27.031
Sitara-1::conversation_3611235_4336.csv::s1,user_enthusiastic,2026-07-19 07:32:32.032
Sitara-1::conversation_3611235_4336.csv::s2,user_neutral,2026-07-19 07:34:42.000
Sitara-1::conversation_3611235_4336.csv::s2,astro_callback_prior,2026-07-19 07:34:50.001
Sitara-1::conversation_3611235_4336.csv::s2,user_neutral_factual,2026-07-19 07:35:02.002
Sitara-1::conversation_3611235_4336.csv::s2,astro_callback_prior,2026-07-19 07:35:10.003
Sitara-1::conversation_3611235_4336.csv::s2,user_neutral_factual,2026-07-19 07:35:16.004
Sitara-1::conversation_3611235_4336.csv::s2,user_emotional_disclosure,2026-07-19 07:35:23.005
Sitara-1::conversation_3611235_4336.csv::s2,astro_callback_within,2026-07-19 07:35:24.006
Sitara-1::conversation_3611235_4336.csv::s2,astro_callback_within,2026-07-19 07:35:32.007
Sitara-1::conversation_3611235_4336.csv::s2,astro_callback_within,2026-07-19 07:35:40.008
Sitara-1::conversation_3611235_4336.csv::s2,user_enthusiastic,2026-07-19 07:35:44.009
Sitara-1::conversation_3611235_4336.csv::s2,astro_dated_prediction,2026-07-19 07:35:51.010
Sitara-1::conversation_3611235_4336.csv::s2,user_enthusiastic,2026-07-19 07:36:06.011
Sitara-1::conversation_3611235_4336.csv::s2,astro_reframe,2026-07-19 07:36:33.012
Sitara-1::conversation_3611235_4336.csv::s2,user_emotional_disclosure,2026-07-19 07:37:01.013
Sitara-1::conversation_3611235_4336.csv::s2,astro_callback_within,2026-07-19 07:37:09.014
Sitara-1::conversation_3611235_4336.csv::s2,user_enthusiastic,2026-07-19 07:37:37.015
Sitara-1::conversation_3611235_4336.csv::s2,astro_callback_within,2026-07-19 07:37:44.016
Sitara-1::conversation_3611235_4336.csv::s2,user_neutral_factual,2026-07-19 07:37:53.017
Sitara-1::conversation_3611235_4336.csv::s2,astro_callback_within,2026-07-19 07:38:01.018
Sitara-1::conversation_3611235_4336.csv::s2,user_enthusiastic,2026-07-19 07:38:16.019
Sitara-1::conversation_3611235_4336.csv::s2,astro_callback_within,2026-07-19 07:38:23.020
Sitara-1::conversation_3611235_4336.csv::s2,user_enthusiastic,2026-07-19 07:38:40.021
Sitara-1::conversation_3611235_4336.csv::s2,astro_callback_within,2026-07-19 07:38:47.022
Sitara-1::conversation_3611235_4336.csv::s2,user_emotional_disclosure,2026-07-19 07:39:08.023
Sitara-1::conversation_3611235_4336.csv::s2,astro_callback_within,2026-07-19 07:39:16.024
Sitara-1::conversation_3611235_4336.csv::s2,user_emotional_disclosure,2026-07-19 07:39:31.025
Sitara-1::conversation_3611235_4336.csv::s2,astro_callback_within,2026-07-19 07:39:39.026
Sitara-1::conversation_3611235_4336.csv::s2,user_neutral_factual,2026-07-19 07:40:39.027
Sitara-1::conversation_3611235_4336.csv::s2,user_neutral_factual,2026-07-19 07:40:44.028
Sitara-1::conversation_3611235_4336.csv::s2,astro_callback_within,2026-07-19 07:40:47.029
Sitara-1::conversation_3611235_4336.csv::s2,astro_callback_within,2026-07-19 07:40:55.030
Sitara-1::conversation_3611235_4336.csv::s2,user_neutral_factual,2026-07-19 07:40:57.031
Sitara-1::conversation_3611235_4336.csv::s2,user_enthusiastic,2026-07-19 07:41:02.032
Sitara-1::conversation_3611235_4336.csv::s2,astro_callback_within,2026-07-19 07:41:05.033
Sitara-1::conversation_3611235_4336.csv::s2,astro_callback_within,2026-07-19 07:41:15.034
Sitara-1::conversation_3611235_4336.csv::s2,user_enthusiastic,2026-07-19 07:41:21.035
Sitara-1::conversation_3611235_4336.csv::s2,astro_callback_within,2026-07-19 07:41:29.036
Sitara-1::conversation_3611235_4336.csv::s2,user_enthusiastic,2026-07-19 07:41:38.037
Sitara-1::conversation_3611235_4336.csv::s2,astro_callback_within,2026-07-19 07:41:44.038
Sitara-1::conversation_3611235_4336.csv::s2,user_emotional_disclosure,2026-07-19 07:42:00.039
Sitara-1::conversation_3611235_4336.csv::s2,user_emotional_disclosure,2026-07-19 07:42:04.040
Sitara-1::conversation_3611235_4336.csv::s2,user_neutral,2026-07-19 07:42:07.041
Sitara-1::conversation_3611235_4336.csv::s2,astro_callback_within,2026-07-19 07:42:09.042
Sitara-1::conversation_3611235_4336.csv::s2,astro_callback_within,2026-07-19 07:42:17.043
Sitara-1::conversation_3611235_4336.csv::s2,astro_callback_within,2026-07-19 07:42:21.044
Sitara-1::conversation_3611235_4336.csv::s2,user_enthusiastic,2026-07-19 07:42:30.045
Sitara-1::conversation_3611235_4336.csv::s2,user_neutral_factual,2026-07-19 07:42:45.046
Sitara-1::conversation_3611235_4336.csv::s2,astro_callback_within,2026-07-19 07:42:53.047
Sitara-1::conversation_3611235_4336.csv::s2,user_neutral_factual,2026-07-19 07:42:58.048
Sitara-1::conversation_3611235_4336.csv::s2,user_enthusiastic,2026-07-19 07:43:01.049
Sitara-1::conversation_3611235_4336.csv::s2,astro_callback_within,2026-07-19 07:43:06.050
Sitara-1::conversation_3611235_4336.csv::s2,user_neutral_factual,2026-07-19 07:43:12.051
Sitara-1::conversation_3611235_4336.csv::s2,astro_callback_within,2026-07-19 07:43:13.052
Sitara-1::conversation_3611235_4336.csv::s2,astro_callback_within,2026-07-19 07:43:21.053
Sitara-1::conversation_3611235_4336.csv::s2,user_emotional_disclosure,2026-07-19 07:43:21.054
Sitara-1::conversation_3611235_4336.csv::s2,astro_callback_within,2026-07-19 07:43:29.055
Sitara-1::conversation_3611235_4336.csv::s2,astro_callback_within,2026-07-19 07:43:55.056
Sitara-1::conversation_3611235_4336.csv::s2,user_emotional_disclosure,2026-07-19 07:44:19.057
Sitara-1::conversation_3611235_4336.csv::s2,astro_callback_within,2026-07-19 07:44:25.058
Sitara-1::conversation_3611235_4336.csv::s2,user_neutral_factual,2026-07-19 07:44:32.059
Sitara-1::conversation_3611235_4336.csv::s2,user_emotional_disclosure,2026-07-19 07:44:42.060
Sitara-1::conversation_3611235_4336.csv::s2,user_enthusiastic,2026-07-19 07:44:56.061
Sitara-1::conversation_3611235_4336.csv::s2,astro_callback_within,2026-07-19 07:45:05.062
Sitara-1::conversation_3611235_4336.csv::s2,user_enthusiastic,2026-07-19 07:45:14.063
Sitara-1::conversation_3611235_4336.csv::s2,user_emotional_disclosure,2026-07-19 07:45:49.064
Sitara-1::conversation_3611235_4336.csv::s2,user_neutral,2026-07-19 07:45:54.065
Sitara-1::conversation_3611235_4336.csv::s2,astro_callback_within,2026-07-19 07:45:58.066
Sitara-1::conversation_3611235_4336.csv::s2,user_neutral_factual,2026-07-19 07:46:05.067
Sitara-1::conversation_3611235_4336.csv::s2,astro_callback_within,2026-07-19 07:46:06.068
Sitara-1::conversation_3611235_4336.csv::s2,astro_open_thread,2026-07-19 07:46:13.069
Sitara-1::conversation_3611235_4336.csv::s2,user_neutral_factual,2026-07-19 07:46:19.070
Sitara-1::conversation_3611235_4336.csv::s2,user_enthusiastic,2026-07-19 07:46:23.071
Sitara-1::conversation_3611235_4336.csv::s2,astro_callback_within,2026-07-19 07:46:27.072
Sitara-1::conversation_3611235_4336.csv::s2,astro_callback_within,2026-07-19 07:46:36.073
Sitara-1::conversation_3611235_4336.csv::s2,user_enthusiastic,2026-07-19 07:46:48.074
Sitara-1::conversation_3611235_4336.csv::s2,astro_callback_within,2026-07-19 07:46:56.075
Sitara-1::conversation_3611235_4336.csv::s2,user_enthusiastic,2026-07-19 07:46:56.076
Sitara-1::conversation_3611235_4336.csv::s2,user_enthusiastic,2026-07-19 07:47:28.077
Sitara-1::conversation_3611235_4336.csv::s2,astro_dated_prediction,2026-07-19 07:47:34.078
Sitara-1::conversation_3611235_4336.csv::s2,user_neutral_factual,2026-07-19 07:47:42.079
Sitara-1::conversation_3611235_4336.csv::s2,astro_other,2026-07-19 07:47:49.080
Sitara-1::conversation_3611235_4336.csv::s2,user_emotional_disclosure,2026-07-19 07:47:51.081
Sitara-1::conversation_3611235_4336.csv::s2,astro_callback_within,2026-07-19 07:47:59.082
Sitara-1::conversation_3611235_4336.csv::s2,user_enthusiastic,2026-07-19 07:48:00.083
Sitara-1::conversation_3611235_4336.csv::s2,astro_callback_within,2026-07-19 07:48:08.084
Sitara-1::conversation_3611235_4336.csv::s2,user_enthusiastic,2026-07-19 07:48:32.085
Sitara-1::conversation_3611235_4336.csv::s2,astro_callback_within,2026-07-19 07:48:39.086
Sitara-1::conversation_3611235_4336.csv::s2,user_emotional_disclosure,2026-07-19 07:48:55.087
Sitara-1::conversation_3611235_4336.csv::s2,astro_callback_within,2026-07-19 07:49:02.088
Sitara-1::conversation_3611235_4336.csv::s2,user_enthusiastic,2026-07-19 07:49:12.089
Sitara-1::conversation_3611235_4336.csv::s2,user_neutral_factual,2026-07-19 07:49:14.090
Sitara-1::conversation_3611235_4336.csv::s2,astro_other,2026-07-19 07:49:22.091
Sitara-1::conversation_3611235_4336.csv::s2,astro_callback_within,2026-07-19 07:49:28.092
Sitara-1::conversation_3611235_4336.csv::s2,user_neutral_factual,2026-07-19 07:49:33.093
Sitara-1::conversation_3611235_4336.csv::s2,user_neutral_factual,2026-07-19 07:49:36.094
Sitara-1::conversation_3611235_4336.csv::s2,user_neutral_factual,2026-07-19 07:49:37.095
Sitara-1::conversation_3611235_4336.csv::s2,astro_callback_within,2026-07-19 07:49:42.096
Sitara-1::conversation_3611235_4336.csv::s2,astro_other,2026-07-19 07:49:50.097
Sitara-1::conversation_3611235_4336.csv::s2,astro_other,2026-07-19 07:49:54.098
Sitara-1::conversation_3612597_4336.csv::s1,user_neutral,2026-07-19 08:10:47.000
Sitara-1::conversation_3612597_4336.csv::s1,astro_other,2026-07-19 08:10:58.001
Sitara-1::conversation_3612597_4336.csv::s1,user_neutral,2026-07-19 08:11:10.002
Sitara-1::conversation_3612597_4336.csv::s1,user_neutral_factual,2026-07-19 08:11:15.003
Sitara-1::conversation_3612597_4336.csv::s1,astro_other,2026-07-19 08:11:23.004
Sitara-1::conversation_3612597_4336.csv::s1,astro_other,2026-07-19 08:11:30.005
Sitara-1::conversation_3612597_4336.csv::s1,user_neutral_factual,2026-07-19 08:11:45.006
Sitara-1::conversation_3612597_4336.csv::s1,astro_other,2026-07-19 08:12:02.007
Sitara-1::conversation_3612597_4336.csv::s1,astro_other,2026-07-19 08:12:31.008
Sitara-1::conversation_3612597_4336.csv::s1,user_neutral_factual,2026-07-19 08:12:44.009
Sitara-1::conversation_3612597_4336.csv::s1,astro_other,2026-07-19 08:12:53.010
Sitara-1::conversation_3612597_4336.csv::s1,user_enthusiastic,2026-07-19 08:13:04.011
Sitara-1::conversation_3612597_4336.csv::s1,astro_other,2026-07-19 08:13:12.012
Sitara-1::conversation_3612597_4336.csv::s1,user_neutral_factual,2026-07-19 08:13:19.013
Sitara-1::conversation_3612597_4336.csv::s1,astro_other,2026-07-19 08:13:30.014
Sitara-1::conversation_3612597_4336.csv::s1,user_neutral_factual,2026-07-19 08:13:39.015
Sitara-1::conversation_3612597_4336.csv::s1,astro_other,2026-07-19 08:13:45.016
Sitara-1::conversation_3612597_4336.csv::s1,user_emotional_disclosure,2026-07-19 08:14:10.017
Sitara-1::conversation_3612597_4336.csv::s1,astro_open_thread,2026-07-19 08:14:18.018
Sitara-1::conversation_3612597_4336.csv::s1,user_neutral,2026-07-19 08:14:59.019
Sitara-1::conversation_3612597_4336.csv::s1,astro_other,2026-07-19 08:15:08.020
Sitara-1::conversation_3612597_4336.csv::s1,astro_other,2026-07-19 08:15:29.021
Sitara-1::conversation_3612597_4336.csv::s1,user_neutral,2026-07-19 08:15:48.022
Sitara-1::conversation_3612597_4336.csv::s1,astro_other,2026-07-19 08:15:56.023
Sitara-1::conversation_3612597_4336.csv::s1,user_neutral_factual,2026-07-19 08:16:04.024
Sitara-1::conversation_3612597_4336.csv::s1,astro_other,2026-07-19 08:16:12.025
Sitara-1::conversation_3612597_4336.csv::s1,user_neutral_factual,2026-07-19 08:16:22.026
Sitara-1::conversation_3612597_4336.csv::s1,user_pushback,2026-07-19 08:17:09.027
Sitara-1::conversation_3612597_4336.csv::s1,astro_other,2026-07-19 08:17:18.028
Sitara-1::conversation_3612597_4336.csv::s1,user_pushback,2026-07-19 08:17:36.029
Sitara-1::conversation_3612597_4336.csv::s1,astro_other,2026-07-19 08:17:44.030
Sitara-1::conversation_3612597_4336.csv::s1,user_neutral_factual,2026-07-19 08:17:50.031
Sitara-1::conversation_3612597_4336.csv::s1,astro_other,2026-07-19 08:17:58.032
Sitara-1::conversation_3612597_4336.csv::s1,user_pushback,2026-07-19 08:18:17.033
Sitara-1::conversation_3612597_4336.csv::s1,user_pushback,2026-07-19 08:18:20.034
Sitara-1::conversation_3612597_4336.csv::s1,astro_callback_within,2026-07-19 08:18:24.035
Sitara-1::conversation_3612597_4336.csv::s1,user_neutral_factual,2026-07-19 08:18:30.036
Sitara-1::conversation_3612597_4336.csv::s1,astro_callback_within,2026-07-19 08:18:32.037
Sitara-1::conversation_3612597_4336.csv::s1,astro_other,2026-07-19 08:18:39.038
Sitara-1::conversation_3612597_4336.csv::s1,user_emotional_disclosure,2026-07-19 08:20:03.039
Sitara-1::conversation_3612597_4336.csv::s1,astro_callback_within,2026-07-19 08:20:13.040
Sitara-1::conversation_3612597_4336.csv::s1,user_emotional_disclosure,2026-07-19 08:20:40.041
Sitara-1::conversation_3612597_4336.csv::s1,astro_callback_within,2026-07-19 08:20:47.042
Sitara-1::conversation_3612597_4336.csv::s1,user_emotional_disclosure,2026-07-19 08:20:48.043
Sitara-1::conversation_3612597_4336.csv::s1,astro_callback_within,2026-07-19 08:20:56.044
Sitara-1::conversation_3612597_4336.csv::s1,user_pushback,2026-07-19 08:21:16.045
Sitara-1::conversation_3612597_4336.csv::s1,astro_other,2026-07-19 08:21:25.046
Sitara-1::conversation_3612597_4336.csv::s1,user_neutral_factual,2026-07-19 08:21:32.047
Sitara-1::conversation_3612597_4336.csv::s1,astro_callback_within,2026-07-19 08:21:41.048
Sitara-1::conversation_3612597_4336.csv::s1,user_pushback,2026-07-19 08:21:59.049
Sitara-1::conversation_3612597_4336.csv::s1,astro_callback_within,2026-07-19 08:22:07.050
Sitara-1::conversation_3612597_4336.csv::s1,user_pushback,2026-07-19 08:22:41.051
Sitara-1::conversation_3612597_4336.csv::s1,user_pushback,2026-07-19 08:22:57.052
Sitara-1::conversation_3612597_4336.csv::s1,astro_other,2026-07-19 08:23:05.053
Sitara-1::conversation_3612597_4336.csv::s1,user_neutral_factual,2026-07-19 08:23:14.054
Sitara-1::conversation_3612597_4336.csv::s1,astro_other,2026-07-19 08:23:21.055
Sitara-1::conversation_3612597_4336.csv::s1,astro_callback_within,2026-07-19 08:23:36.056
Sitara-1::conversation_3612597_4336.csv::s1,user_enthusiastic,2026-07-19 08:23:52.057
Sitara-1::conversation_3612597_4336.csv::s1,astro_callback_within,2026-07-19 08:24:04.058
Sitara-1::conversation_3612597_4336.csv::s1,user_enthusiastic,2026-07-19 08:24:55.059
Sitara-1::conversation_3612597_4336.csv::s1,astro_callback_within,2026-07-19 08:25:05.060
Sitara-1::conversation_3612597_4336.csv::s1,user_enthusiastic,2026-07-19 08:25:21.061
Sitara-1::conversation_3612597_4336.csv::s1,astro_dated_prediction,2026-07-19 08:25:28.062
Sitara-1::conversation_3612597_4336.csv::s1,user_emotional_disclosure,2026-07-19 08:26:23.063
Sitara-1::conversation_3612597_4336.csv::s1,astro_callback_within,2026-07-19 08:26:36.064
Sitara-1::conversation_3612597_4336.csv::s1,user_pushback,2026-07-19 08:27:29.065
Sitara-1::conversation_3612597_4336.csv::s1,astro_callback_within,2026-07-19 08:27:38.066
Sitara-1::conversation_3612597_4336.csv::s1,user_emotional_disclosure,2026-07-19 08:28:16.067
Sitara-1::conversation_3612597_4336.csv::s1,astro_callback_within,2026-07-19 08:28:24.068
Sitara-1::conversation_3612597_4336.csv::s1,user_emotional_disclosure,2026-07-19 08:28:49.069
Sitara-1::conversation_3612597_4336.csv::s1,user_emotional_disclosure,2026-07-19 08:29:25.070
Sitara-1::conversation_3612597_4336.csv::s1,astro_callback_within,2026-07-19 08:29:33.071
Sitara-1::conversation_3612597_4336.csv::s1,user_neutral,2026-07-19 08:29:36.072
Sitara-1::conversation_3612597_4336.csv::s1,astro_dated_prediction,2026-07-19 08:29:44.073
Sitara-1::conversation_3612597_4336.csv::s1,user_neutral,2026-07-19 08:29:55.074
Sitara-1::conversation_3612597_4336.csv::s1,astro_callback_within,2026-07-19 08:30:02.075
Sitara-1::conversation_3615408_4336.csv::s1,user_neutral,2026-07-19 09:22:44.000
Sitara-1::conversation_3615408_4336.csv::s1,user_neutral,2026-07-19 09:23:00.001
Sitara-1::conversation_3615408_4336.csv::s1,astro_other,2026-07-19 09:23:10.002
Sitara-1::conversation_3615408_4336.csv::s1,user_neutral_factual,2026-07-19 09:23:19.003
Sitara-1::conversation_3615408_4336.csv::s1,astro_other,2026-07-19 09:23:28.004
Sitara-1::conversation_3615408_4336.csv::s1,user_emotional_disclosure,2026-07-19 09:23:41.005
Sitara-1::conversation_3615408_4336.csv::s1,astro_callback_within,2026-07-19 09:24:01.006
Sitara-1::conversation_3615408_4336.csv::s1,astro_other,2026-07-19 09:24:18.007
Sitara-1::conversation_3615408_4336.csv::s1,user_neutral,2026-07-19 09:25:03.008
Sitara-1::conversation_3615408_4336.csv::s1,astro_callback_within,2026-07-19 09:25:13.009
Sitara-1::conversation_3615408_4336.csv::s1,user_neutral_factual,2026-07-19 09:25:40.010
Sitara-1::conversation_3615408_4336.csv::s1,astro_callback_within,2026-07-19 09:25:49.011
Sitara-1::conversation_3615408_4336.csv::s1,user_neutral_factual,2026-07-19 09:25:55.012
Sitara-1::conversation_3615408_4336.csv::s1,user_enthusiastic,2026-07-19 09:26:01.013
Sitara-1::conversation_3615408_4336.csv::s1,astro_dated_prediction,2026-07-19 09:26:03.014
Sitara-1::conversation_3615408_4336.csv::s1,astro_dated_prediction,2026-07-19 09:26:13.015
Sitara-1::conversation_3615408_4336.csv::s1,user_neutral_factual,2026-07-19 09:26:24.016
Sitara-1::conversation_3615408_4336.csv::s1,user_enthusiastic,2026-07-19 09:26:31.017
Sitara-1::conversation_3615408_4336.csv::s1,astro_callback_within,2026-07-19 09:26:33.018
Sitara-1::conversation_3615408_4336.csv::s1,astro_callback_within,2026-07-19 09:26:39.019
Sitara-1::conversation_3615408_4336.csv::s1,user_neutral,2026-07-19 09:27:10.020
Sitara-1::conversation_3615408_4336.csv::s1,astro_callback_within,2026-07-19 09:27:21.021
Sitara-1::conversation_3615408_4336.csv::s1,user_neutral,2026-07-19 09:29:19.022
Sitara-1::conversation_3615408_4336.csv::s1,user_enthusiastic,2026-07-19 09:29:27.023
Sitara-1::conversation_3615408_4336.csv::s1,astro_other,2026-07-19 09:29:42.024
Sitara-1::conversation_3615408_4336.csv::s1,astro_other,2026-07-19 09:29:50.025
Sitara-1::conversation_3615408_4336.csv::s1,user_pushback,2026-07-19 09:30:07.026
Sitara-1::conversation_3615408_4336.csv::s1,astro_callback_within,2026-07-19 09:30:14.027
Sitara-1::conversation_3615408_4336.csv::s1,user_enthusiastic,2026-07-19 09:30:43.028
Sitara-1::conversation_3615408_4336.csv::s1,astro_callback_within,2026-07-19 09:30:51.029
Sitara-1::conversation_3615408_4336.csv::s1,user_neutral_factual,2026-07-19 09:31:11.030
Sitara-1::conversation_3615408_4336.csv::s1,user_neutral,2026-07-19 09:31:31.031
Sitara-1::conversation_3615408_4336.csv::s1,astro_callback_within,2026-07-19 09:31:32.032
Sitara-1::conversation_3615408_4336.csv::s1,astro_callback_within,2026-07-19 09:31:49.033
Sitara-1::conversation_3615408_4336.csv::s1,user_neutral,2026-07-19 09:32:20.034
Sitara-1::conversation_3615408_4336.csv::s1,astro_dated_prediction,2026-07-19 09:32:32.035
Sitara-1::conversation_3615408_4336.csv::s1,user_enthusiastic,2026-07-19 09:32:42.036
Sitara-1::conversation_3615408_4336.csv::s1,astro_callback_within,2026-07-19 09:32:50.037
Sitara-1::conversation_3615408_4336.csv::s1,user_emotional_disclosure,2026-07-19 09:33:26.038
Sitara-1::conversation_3615408_4336.csv::s1,astro_callback_within,2026-07-19 09:33:35.039
Sitara-1::conversation_3615408_4336.csv::s1,user_neutral_factual,2026-07-19 09:34:04.040
Sitara-1::conversation_3615408_4336.csv::s1,astro_callback_within,2026-07-19 09:34:12.041
Sitara-1::conversation_3621169_4336.csv::s1,user_neutral,2026-07-20 09:30:52.000
Sitara-1::conversation_3621169_4336.csv::s1,astro_other,2026-07-20 09:31:02.001
Sitara-1::conversation_3621169_4336.csv::s1,user_neutral,2026-07-20 09:31:03.002
Sitara-1::conversation_3621169_4336.csv::s1,astro_other,2026-07-20 09:31:11.003
Sitara-1::conversation_3621169_4336.csv::s1,user_neutral_factual,2026-07-20 09:31:18.004
Sitara-1::conversation_3621169_4336.csv::s1,astro_other,2026-07-20 09:31:26.005
Sitara-1::conversation_3621169_4336.csv::s1,user_neutral_factual,2026-07-20 09:31:37.006
Sitara-1::conversation_3621169_4336.csv::s1,astro_other,2026-07-20 09:31:48.007
Sitara-1::conversation_3621169_4336.csv::s1,user_emotional_disclosure,2026-07-20 09:32:00.008
Sitara-1::conversation_3621169_4336.csv::s1,astro_callback_within,2026-07-20 09:32:08.009
Sitara-1::conversation_3621169_4336.csv::s1,user_neutral_factual,2026-07-20 09:32:11.010
Sitara-1::conversation_3621169_4336.csv::s1,astro_callback_within,2026-07-20 09:32:22.011
Sitara-1::conversation_3621169_4336.csv::s1,user_emotional_disclosure,2026-07-20 09:32:27.012
Sitara-1::conversation_3621169_4336.csv::s1,astro_callback_within,2026-07-20 09:32:36.013
Sitara-1::conversation_3621169_4336.csv::s1,user_enthusiastic,2026-07-20 09:32:44.014
Sitara-1::conversation_3621169_4336.csv::s1,user_neutral_factual,2026-07-20 09:33:05.015
Sitara-1::conversation_3621169_4336.csv::s1,astro_other,2026-07-20 09:33:14.016
Sitara-1::conversation_3621169_4336.csv::s1,user_neutral,2026-07-20 09:33:21.017
Sitara-1::conversation_3621169_4336.csv::s1,astro_callback_within,2026-07-20 09:33:30.018
Sitara-1::conversation_3621169_4336.csv::s1,user_neutral,2026-07-20 09:33:49.019
Sitara-1::conversation_3621169_4336.csv::s1,astro_callback_within,2026-07-20 09:33:57.020
Sitara-1::conversation_3621169_4336.csv::s1,user_neutral_factual,2026-07-20 09:34:09.021
Sitara-1::conversation_3621169_4336.csv::s1,astro_callback_within,2026-07-20 09:34:29.022
Sitara-1::conversation_3621169_4336.csv::s1,user_enthusiastic,2026-07-20 09:34:35.023
Sitara-1::conversation_3621169_4336.csv::s1,astro_callback_within,2026-07-20 09:34:50.024
Sitara-1::conversation_3621169_4336.csv::s1,user_enthusiastic,2026-07-20 09:34:58.025
Sitara-1::conversation_3621169_4336.csv::s1,astro_dated_prediction,2026-07-20 09:35:07.026
Sitara-1::conversation_3621169_4336.csv::s1,user_neutral,2026-07-20 09:35:11.027
Sitara-1::conversation_3621169_4336.csv::s1,astro_callback_within,2026-07-20 09:35:26.028
Sitara-1::conversation_3621169_4336.csv::s1,user_enthusiastic,2026-07-20 09:35:31.029
Sitara-1::conversation_3622058_4336.csv::s1,user_neutral,2026-07-19 13:18:10.000
Sitara-1::conversation_3622058_4336.csv::s1,astro_other,2026-07-19 13:18:16.001
Sitara-1::conversation_3622058_4336.csv::s1,user_neutral_factual,2026-07-19 13:18:37.002
Sitara-1::conversation_3622058_4336.csv::s1,astro_other,2026-07-19 13:18:44.003
Sitara-1::conversation_3622058_4336.csv::s1,user_neutral_factual,2026-07-19 13:18:56.004
Sitara-1::conversation_3622058_4336.csv::s1,astro_callback_within,2026-07-19 13:19:04.005
Sitara-1::conversation_3622058_4336.csv::s1,user_neutral_factual,2026-07-19 13:19:28.006
Sitara-1::conversation_3622058_4336.csv::s1,astro_validation,2026-07-19 13:19:36.007
Sitara-1::conversation_3622058_4336.csv::s1,user_neutral_factual,2026-07-19 13:19:42.008
Sitara-1::conversation_3622058_4336.csv::s1,astro_validation,2026-07-19 13:19:50.009
Sitara-1::conversation_3622058_4336.csv::s1,astro_other,2026-07-19 13:20:02.010
Sitara-1::conversation_3622058_4336.csv::s1,user_emotional_disclosure,2026-07-19 13:20:03.011
Sitara-1::conversation_3622058_4336.csv::s1,astro_reframe,2026-07-19 13:20:12.012
Sitara-1::conversation_3622058_4336.csv::s1,user_neutral,2026-07-19 13:20:19.013
Sitara-1::conversation_3622058_4336.csv::s1,astro_other,2026-07-19 13:20:28.014
Sitara-1::conversation_3622058_4336.csv::s1,user_neutral,2026-07-19 13:20:49.015
Sitara-1::conversation_3622058_4336.csv::s1,user_neutral,2026-07-19 13:21:01.016
Sitara-1::conversation_3622058_4336.csv::s1,astro_dated_prediction,2026-07-19 13:21:08.017
Sitara-1::conversation_3622058_4336.csv::s1,user_neutral,2026-07-19 13:21:16.018
Sitara-1::conversation_3622058_4336.csv::s1,astro_other,2026-07-19 13:21:24.019
Sitara-1::conversation_3622058_4336.csv::s1,astro_other,2026-07-19 13:21:46.020
Sitara-1::conversation_3622058_4336.csv::s1,user_neutral,2026-07-19 13:21:47.021
Sitara-1::conversation_3622058_4336.csv::s1,astro_other,2026-07-19 13:21:54.022
Sitara-1::conversation_3622058_4336.csv::s1,user_enthusiastic,2026-07-19 13:22:05.023
Sitara-1::conversation_3622058_4336.csv::s1,astro_other,2026-07-19 13:22:12.024
Sitara-1::conversation_3622058_4336.csv::s1,user_neutral,2026-07-19 13:22:23.025
Sitara-1::conversation_3622058_4336.csv::s1,astro_dated_prediction,2026-07-19 13:22:29.026
Sitara-1::conversation_3622058_4336.csv::s1,user_neutral_factual,2026-07-19 13:23:15.027
Sitara-1::conversation_3622058_4336.csv::s1,astro_other,2026-07-19 13:23:21.028
Sitara-1::conversation_3622058_4336.csv::s1,astro_other,2026-07-19 13:23:34.029
Sitara-1::conversation_3622058_4336.csv::s1,user_pushback,2026-07-19 13:24:06.030
Sitara-1::conversation_3622058_4336.csv::s1,astro_dated_prediction,2026-07-19 13:24:14.031
Sitara-1::conversation_3622058_4336.csv::s1,user_neutral_factual,2026-07-19 13:24:24.032
Sitara-1::conversation_3622058_4336.csv::s1,astro_reframe,2026-07-19 13:24:33.033
Sitara-1::conversation_3622058_4336.csv::s1,user_pushback,2026-07-19 13:25:07.034
Sitara-1::conversation_3622058_4336.csv::s1,astro_reframe,2026-07-19 13:25:14.035
Sitara-1::conversation_3622058_4336.csv::s1,user_neutral,2026-07-19 13:25:36.036
Sitara-1::conversation_3622058_4336.csv::s1,user_neutral,2026-07-19 13:25:44.037
Sitara-1::conversation_3622058_4336.csv::s1,astro_other,2026-07-19 13:25:52.038
Sitara-1::conversation_3622058_4336.csv::s1,astro_other,2026-07-19 13:26:20.039
Sitara-1::conversation_3622058_4336.csv::s1,user_neutral_factual,2026-07-19 13:26:38.040
Sitara-1::conversation_3622058_4336.csv::s1,astro_reframe,2026-07-19 13:26:47.041
Sitara-1::conversation_3622058_4336.csv::s1,user_neutral,2026-07-19 13:27:12.042
Sitara-1::conversation_3622058_4336.csv::s1,astro_other,2026-07-19 13:27:21.043
Sitara-1::conversation_3622058_4336.csv::s1,user_neutral_factual,2026-07-19 13:27:26.044
Sitara-1::conversation_3622058_4336.csv::s1,astro_other,2026-07-19 13:27:36.045
Sitara-1::conversation_3622058_4336.csv::s1,user_neutral,2026-07-19 13:27:45.046
Sitara-1::conversation_3622058_4336.csv::s1,astro_dated_prediction,2026-07-19 13:27:53.047
Sitara-1::conversation_3622058_4336.csv::s1,user_neutral_factual,2026-07-19 13:27:59.048
Sitara-1::conversation_3622058_4336.csv::s1,astro_other,2026-07-19 13:28:08.049
Sitara-1::conversation_3622058_4336.csv::s1,astro_other,2026-07-19 13:28:14.050
Sitara-1::conversation_3622058_4336.csv::s1,user_enthusiastic,2026-07-19 13:28:24.051
Sitara-1::conversation_3622058_4336.csv::s1,astro_other,2026-07-19 13:28:33.052
Sitara-1::conversation_3622058_4336.csv::s1,user_neutral_factual,2026-07-19 13:28:40.053
Sitara-1::conversation_3622058_4336.csv::s1,astro_other,2026-07-19 13:28:51.054
Sitara-1::conversation_3622058_4336.csv::s1,user_neutral_factual,2026-07-19 13:29:03.055
Sitara-1::conversation_3622058_4336.csv::s1,astro_other,2026-07-19 13:29:12.056
Sitara-1::conversation_3622058_4336.csv::s1,user_neutral_factual,2026-07-19 13:29:21.057
Sitara-1::conversation_3622058_4336.csv::s1,astro_other,2026-07-19 13:29:33.058
Sitara-1::conversation_3622058_4336.csv::s1,user_neutral,2026-07-19 13:29:48.059
Sitara-1::conversation_3622058_4336.csv::s1,astro_callback_within,2026-07-19 13:29:54.060
Sitara-1::conversation_3622058_4336.csv::s1,astro_other,2026-07-19 13:30:07.061
Sitara-1::conversation_3622058_4336.csv::s1,user_enthusiastic,2026-07-19 13:30:09.062
Sitara-1::conversation_3622058_4336.csv::s1,astro_callback_within,2026-07-19 13:30:25.063
Sitara-1::conversation_3622058_4336.csv::s1,user_enthusiastic,2026-07-19 13:30:37.064
Sitara-1::conversation_3622058_4336.csv::s1,astro_other,2026-07-19 13:30:45.065
Sitara-1::conversation_3622058_4336.csv::s1,user_neutral_factual,2026-07-19 13:30:50.066
Sitara-1::conversation_3622058_4336.csv::s1,user_neutral_factual,2026-07-19 13:31:07.067
Sitara-1::conversation_3622058_4336.csv::s1,astro_reframe,2026-07-19 13:31:22.068
Sitara-1::conversation_3622058_4336.csv::s1,user_neutral,2026-07-19 13:31:43.069
Sitara-1::conversation_3622058_4336.csv::s1,astro_other,2026-07-19 13:31:50.070
Sitara-1::conversation_3622058_4336.csv::s1,user_enthusiastic,2026-07-19 13:31:53.071
Sitara-1::conversation_3622058_4336.csv::s1,astro_other,2026-07-19 13:32:01.072
Sitara-1::conversation_3622058_4336.csv::s1,user_neutral,2026-07-19 13:32:15.073
Sitara-1::conversation_3622058_4336.csv::s1,user_neutral_factual,2026-07-19 13:32:16.074
Sitara-1::conversation_3622058_4336.csv::s1,astro_callback_within,2026-07-19 13:32:23.075
Sitara-1::conversation_3622058_4336.csv::s1,astro_other,2026-07-19 13:32:28.076
Sitara-1::conversation_3622058_4336.csv::s1,user_enthusiastic,2026-07-19 13:32:35.077
Sitara-1::conversation_3622058_4336.csv::s1,user_enthusiastic,2026-07-19 13:32:44.078
Sitara-1::conversation_3622058_4336.csv::s1,astro_other,2026-07-19 13:32:47.079
Sitara-1::conversation_3622058_4336.csv::s1,user_neutral_factual,2026-07-19 13:33:05.080
Sitara-1::conversation_3622058_4336.csv::s1,astro_other,2026-07-19 13:33:14.081
Sitara-1::conversation_3626523_4336.csv::s1,astro_other,2026-07-20 01:50:48.000
Sitara-1::conversation_3626523_4336.csv::s1,user_neutral_factual,2026-07-20 01:50:48.001
Sitara-1::conversation_3626523_4336.csv::s1,astro_other,2026-07-20 01:50:56.002
Sitara-1::conversation_3626523_4336.csv::s1,user_neutral_factual,2026-07-20 01:50:57.003
Sitara-1::conversation_3626523_4336.csv::s1,astro_other,2026-07-20 01:51:04.004
Sitara-1::conversation_3626523_4336.csv::s1,user_neutral_factual,2026-07-20 01:51:11.005
Sitara-1::conversation_3626523_4336.csv::s1,astro_other,2026-07-20 01:51:19.006
Sitara-1::conversation_3626523_4336.csv::s1,user_neutral_factual,2026-07-20 01:51:31.007
Sitara-1::conversation_3626523_4336.csv::s1,astro_validation,2026-07-20 01:51:39.008
Sitara-1::conversation_3626523_4336.csv::s1,astro_reframe,2026-07-20 01:52:00.009
Sitara-1::conversation_3626523_4336.csv::s1,user_neutral,2026-07-20 01:52:14.010
Sitara-1::conversation_3626523_4336.csv::s1,astro_callback_within,2026-07-20 01:52:21.011
Sitara-1::conversation_3626523_4336.csv::s1,user_neutral_factual,2026-07-20 01:52:34.012
Sitara-1::conversation_3626523_4336.csv::s1,astro_other,2026-07-20 01:52:42.013
Sitara-1::conversation_3626523_4336.csv::s1,astro_validation,2026-07-20 01:53:06.014
Sitara-1::conversation_3626523_4336.csv::s1,user_emotional_disclosure,2026-07-20 01:53:35.015
Sitara-1::conversation_3626523_4336.csv::s1,astro_dated_prediction,2026-07-20 01:53:43.016
Sitara-1::conversation_3626523_4336.csv::s1,user_emotional_disclosure,2026-07-20 01:53:47.017
Sitara-1::conversation_3626523_4336.csv::s1,astro_callback_within,2026-07-20 01:53:55.018
Sitara-1::conversation_3626523_4336.csv::s1,user_emotional_disclosure,2026-07-20 01:54:15.019
Sitara-1::conversation_3626523_4336.csv::s1,astro_validation,2026-07-20 01:54:24.020
Sitara-1::conversation_3626523_4336.csv::s1,user_emotional_disclosure,2026-07-20 01:54:28.021
Sitara-1::conversation_3626523_4336.csv::s1,astro_other,2026-07-20 01:54:34.022
Sitara-1::conversation_3626523_4336.csv::s1,astro_reframe,2026-07-20 01:55:02.023
Sitara-1::conversation_3626523_4336.csv::s1,user_neutral,2026-07-20 01:55:24.024
Sitara-1::conversation_3626523_4336.csv::s1,astro_dated_prediction,2026-07-20 01:55:32.025
Sitara-1::conversation_3626523_4336.csv::s2,user_neutral,2026-07-20 08:33:26.000
Sitara-1::conversation_3626523_4336.csv::s2,user_neutral_factual,2026-07-20 08:33:32.001
Sitara-1::conversation_3626523_4336.csv::s2,user_neutral,2026-07-20 08:33:51.002
Sitara-1::conversation_3626523_4336.csv::s2,astro_other,2026-07-20 08:33:56.003
Sitara-1::conversation_3626523_4336.csv::s2,user_neutral_factual,2026-07-20 08:34:07.004
Sitara-1::conversation_3626523_4336.csv::s2,astro_callback_within,2026-07-20 08:34:15.005
Sitara-1::conversation_3626523_4336.csv::s2,user_neutral_factual,2026-07-20 08:34:19.006
Sitara-1::conversation_3626523_4336.csv::s2,astro_callback_within,2026-07-20 08:34:22.007
Sitara-1::conversation_3626523_4336.csv::s2,user_neutral_factual,2026-07-20 08:34:31.008
Sitara-1::conversation_3626523_4336.csv::s2,user_neutral_factual,2026-07-20 08:34:42.009
Sitara-1::conversation_3626523_4336.csv::s2,user_neutral,2026-07-20 08:34:48.010
Sitara-1::conversation_3626523_4336.csv::s2,user_neutral,2026-07-20 08:35:13.011
Sitara-1::conversation_3626523_4336.csv::s2,astro_other,2026-07-20 08:35:15.012
Sitara-1::conversation_3626523_4336.csv::s2,user_emotional_disclosure,2026-07-20 08:35:36.013
Sitara-1::conversation_3626523_4336.csv::s2,astro_callback_within,2026-07-20 08:35:47.014
Sitara-1::conversation_3626523_4336.csv::s2,astro_other,2026-07-20 08:36:05.015
Sitara-1::conversation_3626523_4336.csv::s2,user_neutral,2026-07-20 08:36:05.016
Sitara-1::conversation_3626523_4336.csv::s2,astro_other,2026-07-20 08:36:13.017
Sitara-1::conversation_3626523_4336.csv::s2,user_neutral,2026-07-20 08:36:36.018
Sitara-1::conversation_3626523_4336.csv::s2,user_neutral,2026-07-20 08:36:53.019
Sitara-1::conversation_3626523_4336.csv::s2,user_emotional_disclosure,2026-07-20 08:37:06.020
Sitara-1::conversation_3626523_4336.csv::s2,astro_other,2026-07-20 08:37:19.021
Sitara-1::conversation_3626523_4336.csv::s2,astro_other,2026-07-20 08:37:20.022
Sitara-1::conversation_3626523_4336.csv::s2,astro_callback_within,2026-07-20 08:37:36.023
Sitara-1::conversation_3626523_4336.csv::s2,astro_other,2026-07-20 08:37:43.024
Sitara-1::conversation_3626523_4336.csv::s2,user_neutral_factual,2026-07-20 08:37:49.025
Sitara-1::conversation_3626523_4336.csv::s2,astro_other,2026-07-20 08:37:51.026
Sitara-1::conversation_3626523_4336.csv::s2,astro_callback_within,2026-07-20 08:37:58.027
Sitara-1::conversation_3626523_4336.csv::s2,astro_other,2026-07-20 08:38:03.028
Sitara-1::conversation_3626523_4336.csv::s2,astro_callback_within,2026-07-20 08:38:08.029
Sitara-1::conversation_3626523_4336.csv::s2,user_neutral_factual,2026-07-20 08:38:13.030
Sitara-1::conversation_3626523_4336.csv::s2,astro_other,2026-07-20 08:38:22.031
Sitara-1::conversation_3626523_4336.csv::s3,user_neutral,2026-07-20 08:33:26.000
Sitara-1::conversation_3626523_4336.csv::s3,user_neutral_factual,2026-07-20 08:33:32.001
Sitara-1::conversation_3626523_4336.csv::s3,user_neutral_factual,2026-07-20 08:33:51.002
Sitara-1::conversation_3626523_4336.csv::s3,astro_other,2026-07-20 08:33:56.003
Sitara-1::conversation_3626523_4336.csv::s3,user_neutral_factual,2026-07-20 08:34:07.004
Sitara-1::conversation_3626523_4336.csv::s3,astro_other,2026-07-20 08:34:15.005
Sitara-1::conversation_3626523_4336.csv::s3,user_neutral_factual,2026-07-20 08:34:19.006
Sitara-1::conversation_3626523_4336.csv::s3,astro_other,2026-07-20 08:34:22.007
Sitara-1::conversation_3626523_4336.csv::s3,user_neutral_factual,2026-07-20 08:34:31.008
Sitara-1::conversation_3626523_4336.csv::s3,user_neutral_factual,2026-07-20 08:34:42.009
Sitara-1::conversation_3626523_4336.csv::s3,user_neutral_factual,2026-07-20 08:34:48.010
Sitara-1::conversation_3626523_4336.csv::s3,user_neutral_factual,2026-07-20 08:35:13.011
Sitara-1::conversation_3626523_4336.csv::s3,astro_other,2026-07-20 08:35:15.012
Sitara-1::conversation_3626523_4336.csv::s3,user_emotional_disclosure,2026-07-20 08:35:36.013
Sitara-1::conversation_3626523_4336.csv::s3,astro_callback_within,2026-07-20 08:35:47.014
Sitara-1::conversation_3626523_4336.csv::s3,astro_other,2026-07-20 08:36:05.015
Sitara-1::conversation_3626523_4336.csv::s3,user_emotional_disclosure,2026-07-20 08:36:05.016
Sitara-1::conversation_3626523_4336.csv::s3,astro_other,2026-07-20 08:36:13.017
Sitara-1::conversation_3626523_4336.csv::s3,user_enthusiastic,2026-07-20 08:36:36.018
Sitara-1::conversation_3626523_4336.csv::s3,user_emotional_disclosure,2026-07-20 08:36:53.019
Sitara-1::conversation_3626523_4336.csv::s3,user_emotional_disclosure,2026-07-20 08:37:06.020
Sitara-1::conversation_3626523_4336.csv::s3,astro_dated_prediction,2026-07-20 08:37:19.021
Sitara-1::conversation_3626523_4336.csv::s3,astro_other,2026-07-20 08:37:20.022
Sitara-1::conversation_3626523_4336.csv::s3,astro_other,2026-07-20 08:37:36.023
Sitara-1::conversation_3626523_4336.csv::s3,astro_other,2026-07-20 08:37:43.024
Sitara-1::conversation_3626523_4336.csv::s3,user_neutral_factual,2026-07-20 08:37:49.025
Sitara-1::conversation_3626523_4336.csv::s3,astro_other,2026-07-20 08:37:51.026
Sitara-1::conversation_3626523_4336.csv::s3,astro_other,2026-07-20 08:37:58.027
Sitara-1::conversation_3626523_4336.csv::s3,astro_dated_prediction,2026-07-20 08:38:03.028
Sitara-1::conversation_3626523_4336.csv::s3,astro_other,2026-07-20 08:38:08.029
Sitara-1::conversation_3626523_4336.csv::s3,user_emotional_disclosure,2026-07-20 08:38:13.030
Sitara-1::conversation_3626523_4336.csv::s3,astro_other,2026-07-20 08:38:22.031
Sitara-1::conversation_3627551_4336.csv::s1,user_neutral,2026-07-19 19:14:06.000
Sitara-1::conversation_3627551_4336.csv::s1,astro_other,2026-07-19 19:14:12.001
Sitara-1::conversation_3627551_4336.csv::s1,user_neutral,2026-07-19 19:14:19.002
Sitara-1::conversation_3627551_4336.csv::s1,user_neutral_factual,2026-07-19 19:14:25.003
Sitara-1::conversation_3627551_4336.csv::s1,astro_other,2026-07-19 19:14:33.004
Sitara-1::conversation_3627551_4336.csv::s1,user_neutral,2026-07-19 19:14:51.005
Sitara-1::conversation_3627551_4336.csv::s1,astro_other,2026-07-19 19:14:59.006
Sitara-1::conversation_3627551_4336.csv::s1,user_neutral_factual,2026-07-19 19:15:13.007
Sitara-1::conversation_3627551_4336.csv::s1,astro_other,2026-07-19 19:15:21.008
Sitara-1::conversation_3627551_4336.csv::s1,user_emotional_disclosure,2026-07-19 19:15:26.009
Sitara-1::conversation_3627551_4336.csv::s1,astro_validation,2026-07-19 19:15:34.010
Sitara-1::conversation_3627551_4336.csv::s1,astro_other,2026-07-19 19:15:35.011
Sitara-1::conversation_3627551_4336.csv::s1,user_neutral_factual,2026-07-19 19:15:51.012
Sitara-1::conversation_3627551_4336.csv::s1,astro_other,2026-07-19 19:16:00.013
Sitara-1::conversation_3627551_4336.csv::s1,user_neutral,2026-07-19 19:16:06.014
Sitara-1::conversation_3627551_4336.csv::s1,astro_dated_prediction,2026-07-19 19:16:13.015
Sitara-1::conversation_3627551_4336.csv::s1,user_enthusiastic,2026-07-19 19:16:24.016
Sitara-1::conversation_3627551_4336.csv::s1,astro_other,2026-07-19 19:16:33.017
Sitara-1::conversation_3627551_4336.csv::s1,user_neutral,2026-07-19 19:17:05.018
Sitara-1::conversation_3627551_4336.csv::s1,astro_other,2026-07-19 19:17:14.019
Sitara-1::conversation_3627551_4336.csv::s1,user_neutral,2026-07-19 19:17:30.020
Sitara-1::conversation_3627551_4336.csv::s1,astro_open_thread,2026-07-19 19:17:38.021
Sitara-1::conversation_3627551_4336.csv::s1,user_neutral_factual,2026-07-19 19:17:54.022
Sitara-1::conversation_3627551_4336.csv::s1,user_neutral_factual,2026-07-19 19:17:58.023
Sitara-1::conversation_3627551_4336.csv::s1,astro_other,2026-07-19 19:18:03.024
Sitara-1::conversation_3627551_4336.csv::s1,astro_other,2026-07-19 19:18:11.025
Sitara-1::conversation_3627551_4336.csv::s1,user_emotional_disclosure,2026-07-19 19:18:41.026
Sitara-1::conversation_3627551_4336.csv::s1,astro_validation,2026-07-19 19:18:48.027
Sitara-1::conversation_3627551_4336.csv::s1,user_neutral_factual,2026-07-19 19:19:06.028
Sitara-1::conversation_3627551_4336.csv::s1,user_emotional_disclosure,2026-07-19 19:19:15.029
Sitara-1::conversation_3627551_4336.csv::s1,astro_validation,2026-07-19 19:19:18.030
Sitara-1::conversation_3627551_4336.csv::s1,astro_reframe,2026-07-19 19:19:26.031
Sitara-1::conversation_3627551_4336.csv::s1,user_neutral,2026-07-19 19:19:38.032
Sitara-1::conversation_3627551_4336.csv::s1,astro_other,2026-07-19 19:19:46.033
Sitara-1::conversation_3627551_4336.csv::s1,user_neutral,2026-07-19 19:19:53.034
Sitara-1::conversation_3627551_4336.csv::s1,astro_other,2026-07-19 19:20:01.035
Sitara-1::conversation_3627551_4336.csv::s1,user_neutral,2026-07-19 19:20:17.036
Sitara-1::conversation_3627551_4336.csv::s1,astro_other,2026-07-19 19:20:24.037
Sitara-1::conversation_3627551_4336.csv::s1,user_neutral,2026-07-19 19:20:41.038
Sitara-1::conversation_3627551_4336.csv::s1,astro_other,2026-07-19 19:20:49.039
Sitara-1::conversation_3627551_4336.csv::s1,user_neutral,2026-07-19 19:21:05.040
Sitara-1::conversation_3627551_4336.csv::s1,astro_other,2026-07-19 19:21:12.041
Sitara-1::conversation_3627551_4336.csv::s1,user_neutral,2026-07-19 19:21:32.042
Sitara-1::conversation_3627551_4336.csv::s1,user_emotional_disclosure,2026-07-19 19:21:41.043
Sitara-1::conversation_3627551_4336.csv::s1,astro_dated_prediction,2026-07-19 19:21:42.044
Sitara-1::conversation_3627551_4336.csv::s1,astro_other,2026-07-19 19:21:50.045
Sitara-1::conversation_3627551_4336.csv::s1,user_neutral,2026-07-19 19:22:00.046
Sitara-1::conversation_3627551_4336.csv::s1,astro_reframe,2026-07-19 19:22:08.047
Sitara-1::conversation_3627551_4336.csv::s1,user_neutral,2026-07-19 19:22:34.048
Sitara-1::conversation_3627551_4336.csv::s1,astro_reframe,2026-07-19 19:22:45.049
Sitara-1::conversation_3627551_4336.csv::s1,astro_dated_prediction,2026-07-19 19:23:04.050
Sitara-1::conversation_3627551_4336.csv::s1,user_emotional_disclosure,2026-07-19 19:23:21.051
Sitara-1::conversation_3627551_4336.csv::s1,user_emotional_disclosure,2026-07-19 19:23:27.052
Sitara-1::conversation_3627551_4336.csv::s1,user_emotional_disclosure,2026-07-19 19:23:52.053
Sitara-1::conversation_3627551_4336.csv::s1,astro_reframe,2026-07-19 19:24:00.054
Sitara-1::conversation_3628759_4336.csv::s1,user_neutral,2026-07-19 17:53:15.000
Sitara-1::conversation_3628759_4336.csv::s1,astro_other,2026-07-19 17:53:31.001
Sitara-1::conversation_3628759_4336.csv::s1,user_pushback,2026-07-19 17:53:44.002
Sitara-1::conversation_3628759_4336.csv::s1,astro_self_correction,2026-07-19 17:53:52.003
Sitara-1::conversation_3628759_4336.csv::s1,user_neutral_factual,2026-07-19 17:54:07.004
Sitara-1::conversation_3628759_4336.csv::s1,astro_other,2026-07-19 17:54:14.005
Sitara-1::conversation_3628759_4336.csv::s1,user_neutral_factual,2026-07-19 17:54:23.006
Sitara-1::conversation_3628759_4336.csv::s1,astro_other,2026-07-19 17:54:29.007
Sitara-1::conversation_3628759_4336.csv::s1,user_pushback,2026-07-19 17:55:04.008
Sitara-1::conversation_3628759_4336.csv::s1,astro_self_correction,2026-07-19 17:55:12.009
Sitara-1::conversation_3628759_4336.csv::s1,user_emotional_disclosure,2026-07-19 17:55:49.010
Sitara-1::conversation_3628759_4336.csv::s1,astro_validation,2026-07-19 17:56:08.011
Sitara-1::conversation_3628759_4336.csv::s1,user_neutral_factual,2026-07-19 17:56:14.012
Sitara-1::conversation_3628759_4336.csv::s1,astro_other,2026-07-19 17:56:28.013
Sitara-1::conversation_3628759_4336.csv::s1,user_neutral_factual,2026-07-19 17:56:36.014
Sitara-1::conversation_3628759_4336.csv::s1,astro_other,2026-07-19 17:56:52.015
Sitara-1::conversation_3628759_4336.csv::s1,user_neutral_factual,2026-07-19 17:56:57.016
Sitara-1::conversation_3628759_4336.csv::s1,astro_validation,2026-07-19 17:57:03.017
Sitara-1::conversation_3628759_4336.csv::s1,user_neutral,2026-07-19 17:57:10.018
Sitara-1::conversation_3628759_4336.csv::s1,user_neutral,2026-07-19 17:57:20.019
Sitara-1::conversation_3628759_4336.csv::s1,astro_other,2026-07-19 17:57:24.020
Sitara-1::conversation_3628759_4336.csv::s1,user_neutral_factual,2026-07-19 17:57:48.021
Sitara-1::conversation_3628759_4336.csv::s1,user_neutral_factual,2026-07-19 17:57:54.022
Sitara-1::conversation_3628759_4336.csv::s1,astro_other,2026-07-19 17:58:03.023
Sitara-1::conversation_3628759_4336.csv::s1,user_disengaging,2026-07-19 17:58:15.024
Sitara-1::conversation_3628759_4336.csv::s1,astro_other,2026-07-19 17:58:16.025
Sitara-1::conversation_3628759_4336.csv::s1,astro_other,2026-07-19 17:58:32.026
Sitara-1::conversation_3628786_4336.csv::s1,user_neutral,2026-07-19 18:03:36.000
Sitara-1::conversation_3628786_4336.csv::s1,user_neutral_factual,2026-07-19 18:03:41.001
Sitara-1::conversation_3628786_4336.csv::s1,astro_other,2026-07-19 18:03:43.002
Sitara-1::conversation_3628786_4336.csv::s1,user_neutral_factual,2026-07-19 18:03:44.003
Sitara-1::conversation_3628786_4336.csv::s1,user_neutral_factual,2026-07-19 18:03:49.004
Sitara-1::conversation_3628786_4336.csv::s1,user_neutral_factual,2026-07-19 18:03:50.005
Sitara-1::conversation_3628786_4336.csv::s1,astro_other,2026-07-19 18:03:52.006
Sitara-1::conversation_3628786_4336.csv::s1,user_neutral_factual,2026-07-19 18:03:56.007
Sitara-1::conversation_3628786_4336.csv::s1,astro_other,2026-07-19 18:03:57.008
Sitara-1::conversation_3628786_4336.csv::s1,astro_other,2026-07-19 18:04:03.009
Sitara-1::conversation_3628786_4336.csv::s1,astro_other,2026-07-19 18:04:08.010
Sitara-1::conversation_3628786_4336.csv::s1,user_emotional_disclosure,2026-07-19 18:04:11.011
Sitara-1::conversation_3628786_4336.csv::s1,astro_callback_within,2026-07-19 18:04:18.012
Sitara-1::conversation_3628786_4336.csv::s1,user_enthusiastic,2026-07-19 18:04:23.013
Sitara-1::conversation_3628786_4336.csv::s1,astro_validation,2026-07-19 18:04:32.014
Sitara-1::conversation_3628786_4336.csv::s1,user_emotional_disclosure,2026-07-19 18:04:46.015
Sitara-1::conversation_3628786_4336.csv::s1,astro_other,2026-07-19 18:04:54.016
Sitara-1::conversation_3628786_4336.csv::s1,astro_other,2026-07-19 18:04:59.017
Sitara-1::conversation_3628786_4336.csv::s1,user_enthusiastic,2026-07-19 18:05:15.018
Sitara-1::conversation_3628786_4336.csv::s1,astro_other,2026-07-19 18:05:21.019
Sitara-1::conversation_3628786_4336.csv::s1,astro_validation,2026-07-19 18:05:40.020
Sitara-1::conversation_3628786_4336.csv::s1,astro_other,2026-07-19 18:05:47.021
Sitara-1::conversation_3628786_4336.csv::s1,user_emotional_disclosure,2026-07-19 18:05:56.022
Sitara-1::conversation_3628786_4336.csv::s1,astro_other,2026-07-19 18:06:06.023
Sitara-1::conversation_3628786_4336.csv::s1,user_emotional_disclosure,2026-07-19 18:06:19.024
Sitara-1::conversation_3628786_4336.csv::s1,astro_reframe,2026-07-19 18:06:33.025
Sitara-1::conversation_3628786_4336.csv::s1,user_emotional_disclosure,2026-07-19 18:06:57.026
Sitara-1::conversation_3628786_4336.csv::s1,astro_other,2026-07-19 18:07:04.027
Sitara-1::conversation_3628786_4336.csv::s1,user_enthusiastic,2026-07-19 18:07:19.028
Sitara-1::conversation_3628786_4336.csv::s1,user_enthusiastic,2026-07-19 18:07:28.029
Sitara-1::conversation_3628786_4336.csv::s1,astro_other,2026-07-19 18:07:28.030
Sitara-1::conversation_3628786_4336.csv::s1,astro_other,2026-07-19 18:07:36.031
Sitara-1::conversation_3628786_4336.csv::s1,user_neutral_factual,2026-07-19 18:07:47.032
Sitara-1::conversation_3628786_4336.csv::s1,astro_other,2026-07-19 18:07:55.033
Sitara-1::conversation_3628786_4336.csv::s1,user_emotional_disclosure,2026-07-19 18:08:13.034
Sitara-1::conversation_3628786_4336.csv::s1,user_emotional_disclosure,2026-07-19 18:08:21.035
Sitara-1::conversation_3628786_4336.csv::s1,astro_other,2026-07-19 18:08:22.036
Sitara-1::conversation_3628786_4336.csv::s1,astro_other,2026-07-19 18:08:31.037
Sitara-1::conversation_3628786_4336.csv::s1,user_emotional_disclosure,2026-07-19 18:08:50.038
Sitara-1::conversation_3628786_4336.csv::s1,user_emotional_disclosure,2026-07-19 18:08:52.039
Sitara-1::conversation_3628786_4336.csv::s1,user_emotional_disclosure,2026-07-19 18:08:56.040
Sitara-1::conversation_3628786_4336.csv::s1,astro_other,2026-07-19 18:09:00.041
Sitara-1::conversation_3628786_4336.csv::s1,astro_other,2026-07-19 18:09:07.042
Sitara-1::conversation_3628786_4336.csv::s1,astro_other,2026-07-19 18:09:16.043
Sitara-1::conversation_3628786_4336.csv::s1,user_emotional_disclosure,2026-07-19 18:09:36.044
Sitara-1::conversation_3628786_4336.csv::s1,user_emotional_disclosure,2026-07-19 18:09:39.045
Sitara-1::conversation_3628786_4336.csv::s1,astro_other,2026-07-19 18:09:45.046
Sitara-1::conversation_3628786_4336.csv::s1,astro_other,2026-07-19 18:09:53.047
Sitara-1::conversation_3628786_4336.csv::s1,user_emotional_disclosure,2026-07-19 18:10:05.048
Sitara-1::conversation_3628786_4336.csv::s1,user_emotional_disclosure,2026-07-19 18:10:10.049
Sitara-1::conversation_3628786_4336.csv::s1,user_emotional_disclosure,2026-07-19 18:10:11.050
Sitara-1::conversation_3628786_4336.csv::s1,astro_reframe,2026-07-19 18:10:13.051
Sitara-1::conversation_3628786_4336.csv::s1,astro_reframe,2026-07-19 18:10:21.052
Sitara-1::conversation_3628786_4336.csv::s1,astro_other,2026-07-19 18:10:26.053
Sitara-1::conversation_3628786_4336.csv::s1,user_emotional_disclosure,2026-07-19 18:10:51.054
Sitara-1::conversation_3628786_4336.csv::s1,user_emotional_disclosure,2026-07-19 18:10:57.055
Sitara-1::conversation_3628786_4336.csv::s1,astro_other,2026-07-19 18:10:59.056
Sitara-1::conversation_3628786_4336.csv::s1,user_neutral_factual,2026-07-19 18:11:01.057
Sitara-1::conversation_3628786_4336.csv::s1,astro_callback_within,2026-07-19 18:11:07.058
Sitara-1::conversation_3628786_4336.csv::s1,user_neutral_factual,2026-07-19 18:11:07.059
Sitara-1::conversation_3628786_4336.csv::s1,astro_callback_within,2026-07-19 18:11:14.060
Sitara-1::conversation_3628786_4336.csv::s1,astro_other,2026-07-19 18:11:20.061
Sitara-1::conversation_3628786_4336.csv::s1,user_enthusiastic,2026-07-19 18:11:31.062
Sitara-1::conversation_3628786_4336.csv::s1,user_enthusiastic,2026-07-19 18:11:33.063
Sitara-1::conversation_3628786_4336.csv::s1,user_enthusiastic,2026-07-19 18:11:39.064
Sitara-1::conversation_3628786_4336.csv::s1,astro_other,2026-07-19 18:11:40.065
Sitara-1::conversation_3628786_4336.csv::s1,user_enthusiastic,2026-07-19 18:11:41.066
Sitara-1::conversation_3628786_4336.csv::s1,astro_other,2026-07-19 18:11:45.067
Sitara-1::conversation_3628786_4336.csv::s1,astro_other,2026-07-19 18:11:53.068
Sitara-1::conversation_3628786_4336.csv::s1,astro_other,2026-07-19 18:11:58.069
Sitara-1::conversation_3628786_4336.csv::s1,user_enthusiastic,2026-07-19 18:12:14.070
Sitara-1::conversation_3628786_4336.csv::s1,astro_reframe,2026-07-19 18:12:23.071
Sitara-1::conversation_3628786_4336.csv::s1,user_enthusiastic,2026-07-19 18:12:30.072
Sitara-1::conversation_3628786_4336.csv::s1,user_enthusiastic,2026-07-19 18:12:32.073
Sitara-1::conversation_3628786_4336.csv::s1,astro_dated_prediction,2026-07-19 18:12:38.074
Sitara-1::conversation_3628786_4336.csv::s1,user_enthusiastic,2026-07-19 18:12:42.075
Sitara-1::conversation_3628786_4336.csv::s1,astro_dated_prediction,2026-07-19 18:12:46.076
Sitara-1::conversation_3628786_4336.csv::s1,astro_other,2026-07-19 18:12:50.077
Sitara-1::conversation_3628786_4336.csv::s1,astro_dated_prediction,2026-07-19 18:12:57.078
Sitara-1::conversation_3628786_4336.csv::s1,user_enthusiastic,2026-07-19 18:13:02.079
Sitara-1::conversation_3628786_4336.csv::s1,user_enthusiastic,2026-07-19 18:13:15.080
Sitara-1::conversation_3628786_4336.csv::s1,user_enthusiastic,2026-07-19 18:13:18.081
Sitara-1::conversation_3628786_4336.csv::s1,astro_other,2026-07-19 18:13:23.082
Sitara-1::conversation_3628786_4336.csv::s1,user_enthusiastic,2026-07-19 18:13:27.083
Sitara-1::conversation_3628786_4336.csv::s1,astro_callback_within,2026-07-19 18:13:31.084
Sitara-1::conversation_3628786_4336.csv::s1,astro_reframe,2026-07-19 18:13:40.085
Sitara-1::conversation_3628786_4336.csv::s2,astro_callback_prior,2026-07-19 18:15:11.000
Sitara-1::conversation_3628786_4336.csv::s2,astro_callback_prior,2026-07-19 18:15:22.001
Sitara-1::conversation_3628786_4336.csv::s2,user_neutral_factual,2026-07-19 18:15:30.002
Sitara-1::conversation_3628786_4336.csv::s2,astro_callback_prior,2026-07-19 18:15:31.003
Sitara-1::conversation_3628786_4336.csv::s2,user_neutral_factual,2026-07-19 18:15:36.004
Sitara-1::conversation_3628786_4336.csv::s2,astro_callback_within,2026-07-19 18:15:39.005
Sitara-1::conversation_3628786_4336.csv::s2,astro_other,2026-07-19 18:15:46.006
Sitara-1::conversation_3628786_4336.csv::s2,user_enthusiastic,2026-07-19 18:15:50.007
Sitara-1::conversation_3628786_4336.csv::s2,astro_callback_prior,2026-07-19 18:15:53.008
Sitara-1::conversation_3628786_4336.csv::s2,user_neutral_factual,2026-07-19 18:15:58.009
Sitara-1::conversation_3628786_4336.csv::s2,astro_callback_prior,2026-07-19 18:16:01.010
Sitara-1::conversation_3628786_4336.csv::s2,user_emotional_disclosure,2026-07-19 18:16:10.011
Sitara-1::conversation_3628786_4336.csv::s2,astro_other,2026-07-19 18:16:10.012
Sitara-1::conversation_3628786_4336.csv::s2,user_neutral_factual,2026-07-19 18:16:24.013
Sitara-1::conversation_3628786_4336.csv::s2,astro_callback_within,2026-07-19 18:16:32.014
Sitara-1::conversation_3628786_4336.csv::s2,user_enthusiastic,2026-07-19 18:16:45.015
Sitara-1::conversation_3628786_4336.csv::s2,astro_other,2026-07-19 18:16:49.016
Sitara-1::conversation_3628786_4336.csv::s2,astro_other,2026-07-19 18:16:57.017
Sitara-1::conversation_3628786_4336.csv::s2,user_enthusiastic,2026-07-19 18:17:31.018
Sitara-1::conversation_3628786_4336.csv::s2,user_enthusiastic,2026-07-19 18:17:34.019
Sitara-1::conversation_3628786_4336.csv::s2,user_enthusiastic,2026-07-19 18:17:36.020
Sitara-1::conversation_3628786_4336.csv::s2,astro_callback_within,2026-07-19 18:17:42.021
Sitara-1::conversation_3628786_4336.csv::s2,astro_reframe,2026-07-19 18:17:51.022
Sitara-1::conversation_3628786_4336.csv::s2,astro_other,2026-07-19 18:17:57.023
Sitara-1::conversation_3628786_4336.csv::s2,user_enthusiastic,2026-07-19 18:18:05.024
Sitara-1::conversation_3628786_4336.csv::s2,user_enthusiastic,2026-07-19 18:18:08.025
Sitara-1::conversation_3628786_4336.csv::s2,astro_callback_within,2026-07-19 18:18:13.026
Sitara-1::conversation_3628786_4336.csv::s2,astro_reframe,2026-07-19 18:18:21.027
Sitara-1::conversation_3628786_4336.csv::s2,user_pushback,2026-07-19 18:18:34.028
Sitara-1::conversation_3628786_4336.csv::s2,user_emotional_disclosure,2026-07-19 18:18:43.029
Sitara-1::conversation_3628786_4336.csv::s2,astro_dated_prediction,2026-07-19 18:18:44.030
Sitara-1::conversation_3628786_4336.csv::s2,astro_reframe,2026-07-19 18:18:52.031
Sitara-1::conversation_3628786_4336.csv::s2,user_enthusiastic,2026-07-19 18:19:06.032
Sitara-1::conversation_3628786_4336.csv::s2,user_neutral_factual,2026-07-19 18:19:20.033
Sitara-1::conversation_3628786_4336.csv::s2,astro_callback_within,2026-07-19 18:19:28.034
Sitara-1::conversation_3628786_4336.csv::s2,user_neutral_factual,2026-07-19 18:19:32.035
Sitara-1::conversation_3628786_4336.csv::s2,astro_reframe,2026-07-19 18:19:41.036
Sitara-1::conversation_3628786_4336.csv::s2,user_enthusiastic,2026-07-19 18:19:47.037
Sitara-1::conversation_3628786_4336.csv::s2,astro_callback_within,2026-07-19 18:19:56.038
Sitara-1::conversation_3628786_4336.csv::s2,user_enthusiastic,2026-07-19 18:20:03.039
Sitara-1::conversation_3628786_4336.csv::s2,astro_other,2026-07-19 18:20:12.040
Sitara-1::conversation_3629097_4336.csv::s1,user_neutral,2026-07-19 17:54:33.000
Sitara-1::conversation_3629097_4336.csv::s1,astro_other,2026-07-19 17:54:40.001
Sitara-1::conversation_3629097_4336.csv::s1,user_neutral_factual,2026-07-19 17:54:48.002
Sitara-1::conversation_3629097_4336.csv::s1,astro_callback_within,2026-07-19 17:54:57.003
Sitara-1::conversation_3629097_4336.csv::s1,user_neutral_factual,2026-07-19 17:55:09.004
Sitara-1::conversation_3629097_4336.csv::s1,astro_callback_within,2026-07-19 17:55:19.005
Sitara-1::conversation_3629097_4336.csv::s1,user_neutral_factual,2026-07-19 17:55:36.006
Sitara-1::conversation_3629097_4336.csv::s1,astro_other,2026-07-19 17:55:39.007
Sitara-1::conversation_3629097_4336.csv::s1,astro_callback_within,2026-07-19 17:55:44.008
Sitara-1::conversation_3629097_4336.csv::s1,astro_callback_within,2026-07-19 17:55:57.009
Sitara-1::conversation_3629097_4336.csv::s1,user_neutral_factual,2026-07-19 17:56:15.010
Sitara-1::conversation_3629097_4336.csv::s1,astro_callback_within,2026-07-19 17:56:19.011
Sitara-1::conversation_3629097_4336.csv::s1,user_emotional_disclosure,2026-07-19 17:56:22.012
Sitara-1::conversation_3629097_4336.csv::s1,astro_callback_within,2026-07-19 17:56:35.013
Sitara-1::conversation_3629097_4336.csv::s1,astro_callback_within,2026-07-19 17:56:46.014
Sitara-1::conversation_3629097_4336.csv::s1,user_neutral_factual,2026-07-19 17:57:02.015
Sitara-1::conversation_3629097_4336.csv::s1,user_neutral,2026-07-19 17:57:13.016
Sitara-1::conversation_3629097_4336.csv::s1,astro_other,2026-07-19 17:57:16.017
Sitara-1::conversation_3629097_4336.csv::s1,user_enthusiastic,2026-07-19 17:57:23.018
Sitara-1::conversation_3629097_4336.csv::s1,astro_callback_within,2026-07-19 17:57:31.019
Sitara-1::conversation_3629097_4336.csv::s1,user_enthusiastic,2026-07-19 17:57:35.020
Sitara-1::conversation_3629097_4336.csv::s1,astro_other,2026-07-19 17:57:48.021
Sitara-1::conversation_3629097_4336.csv::s1,user_neutral_factual,2026-07-19 17:57:51.022
Sitara-1::conversation_3629097_4336.csv::s1,astro_callback_within,2026-07-19 17:57:57.023
Sitara-1::conversation_3629097_4336.csv::s1,astro_callback_within,2026-07-19 17:58:11.024
Sitara-1::conversation_3629097_4336.csv::s1,user_neutral_factual,2026-07-19 17:58:11.025
Sitara-1::conversation_3629097_4336.csv::s1,user_emotional_disclosure,2026-07-19 17:58:38.026
Sitara-1::conversation_3629097_4336.csv::s1,astro_callback_within,2026-07-19 17:58:46.027
Sitara-1::conversation_3629097_4336.csv::s1,user_enthusiastic,2026-07-19 17:58:57.028
Sitara-1::conversation_3629097_4336.csv::s1,astro_callback_within,2026-07-19 17:59:06.029
Sitara-1::conversation_3629097_4336.csv::s1,user_emotional_disclosure,2026-07-19 17:59:24.030
Sitara-1::conversation_3629097_4336.csv::s1,astro_callback_within,2026-07-19 17:59:33.031
Sitara-1::conversation_3629097_4336.csv::s2,user_neutral,2026-07-19 18:04:06.000
Sitara-1::conversation_3629097_4336.csv::s2,user_neutral_factual,2026-07-19 18:04:22.001
Sitara-1::conversation_3629097_4336.csv::s2,astro_other,2026-07-19 18:04:27.002
Sitara-1::conversation_3629097_4336.csv::s2,user_neutral_factual,2026-07-19 18:04:36.003
Sitara-1::conversation_3629097_4336.csv::s2,astro_callback_within,2026-07-19 18:04:47.004
Sitara-1::conversation_3629097_4336.csv::s2,astro_other,2026-07-19 18:05:13.005
Sitara-1::conversation_3629097_4336.csv::s2,astro_validation,2026-07-19 18:05:28.006
Sitara-1::conversation_3629097_4336.csv::s2,user_neutral_factual,2026-07-19 18:05:51.007
Sitara-1::conversation_3629097_4336.csv::s2,astro_callback_prior,2026-07-19 18:06:27.008
Sitara-1::conversation_3629097_4336.csv::s2,user_enthusiastic,2026-07-19 18:06:31.009
Sitara-1::conversation_3629097_4336.csv::s2,astro_callback_within,2026-07-19 18:06:41.010
Sitara-1::conversation_3629097_4336.csv::s2,user_neutral_factual,2026-07-19 18:06:43.011
Sitara-1::conversation_3629097_4336.csv::s2,astro_callback_within,2026-07-19 18:06:53.012
Sitara-1::conversation_3629097_4336.csv::s2,user_enthusiastic,2026-07-19 18:07:17.013
Sitara-1::conversation_3629097_4336.csv::s2,astro_callback_within,2026-07-19 18:07:20.014
Sitara-1::conversation_3629097_4336.csv::s2,user_enthusiastic,2026-07-19 18:07:29.015
Sitara-1::conversation_3629097_4336.csv::s2,astro_callback_within,2026-07-19 18:07:38.016
Sitara-1::conversation_3629097_4336.csv::s2,user_neutral_factual,2026-07-19 18:07:51.017
Sitara-1::conversation_3629097_4336.csv::s2,astro_callback_within,2026-07-19 18:07:59.018
Sitara-1::conversation_3629097_4336.csv::s2,user_neutral_factual,2026-07-19 18:08:05.019
Sitara-1::conversation_3629097_4336.csv::s2,astro_callback_within,2026-07-19 18:08:14.020
Sitara-1::conversation_3629097_4336.csv::s2,user_enthusiastic,2026-07-19 18:08:23.021
Sitara-1::conversation_3629097_4336.csv::s2,astro_dated_prediction,2026-07-19 18:08:30.022
Sitara-1::conversation_3629097_4336.csv::s2,user_emotional_disclosure,2026-07-19 18:08:31.023
Sitara-1::conversation_3629097_4336.csv::s2,user_neutral_factual,2026-07-19 18:08:34.024
Sitara-1::conversation_3629097_4336.csv::s2,astro_callback_within,2026-07-19 18:08:38.025
Sitara-1::conversation_3629097_4336.csv::s2,astro_callback_within,2026-07-19 18:08:46.026
Sitara-1::conversation_3629097_4336.csv::s2,user_neutral_factual,2026-07-19 18:08:56.027
Sitara-1::conversation_3629097_4336.csv::s2,astro_callback_within,2026-07-19 18:09:04.028
Sitara-1::conversation_3629097_4336.csv::s2,astro_callback_prior,2026-07-19 18:09:16.029
Sitara-1::conversation_3629097_4336.csv::s2,user_enthusiastic,2026-07-19 18:09:24.030
Sitara-1::conversation_3629097_4336.csv::s2,astro_callback_within,2026-07-19 18:09:31.031
Sitara-1::conversation_3629097_4336.csv::s2,user_enthusiastic,2026-07-19 18:09:45.032
Sitara-1::conversation_3629097_4336.csv::s2,astro_other,2026-07-19 18:09:52.033
Sitara-1::conversation_3629097_4336.csv::s2,user_enthusiastic,2026-07-19 18:10:01.034
Sitara-1::conversation_3629097_4336.csv::s2,astro_callback_within,2026-07-19 18:10:09.035
Sitara-1::conversation_3629097_4336.csv::s2,user_enthusiastic,2026-07-19 18:10:23.036
Sitara-1::conversation_3629097_4336.csv::s2,astro_dated_prediction,2026-07-19 18:10:30.037
Sitara-1::conversation_3629097_4336.csv::s2,user_enthusiastic,2026-07-19 18:10:35.038
Sitara-1::conversation_3629097_4336.csv::s2,astro_callback_within,2026-07-19 18:10:44.039
Sitara-1::conversation_3629097_4336.csv::s2,user_neutral_factual,2026-07-19 18:11:00.040
Sitara-1::conversation_3629097_4336.csv::s2,user_neutral_factual,2026-07-19 18:11:11.041
Sitara-1::conversation_3629097_4336.csv::s2,astro_callback_within,2026-07-19 18:11:19.042
Sitara-1::conversation_3629097_4336.csv::s2,user_enthusiastic,2026-07-19 18:11:24.043
Sitara-1::conversation_3629097_4336.csv::s2,astro_callback_within,2026-07-19 18:11:32.044
Sitara-1::conversation_3629097_4336.csv::s2,astro_callback_within,2026-07-19 18:11:39.045
Sitara-1::conversation_3629097_4336.csv::s2,user_pushback,2026-07-19 18:11:49.046
Sitara-1::conversation_3629097_4336.csv::s2,user_enthusiastic,2026-07-19 18:12:21.047
Sitara-1::conversation_3629097_4336.csv::s2,user_enthusiastic,2026-07-19 18:12:36.048
Sitara-1::conversation_3629097_4336.csv::s2,user_enthusiastic,2026-07-19 18:12:41.049
Sitara-1::conversation_3629097_4336.csv::s2,astro_callback_within,2026-07-19 18:12:44.050
Sitara-1::conversation_3629097_4336.csv::s2,astro_callback_within,2026-07-19 18:12:52.051
Sitara-1::conversation_3629097_4336.csv::s2,user_pushback,2026-07-19 18:13:10.052
Sitara-1::conversation_3629097_4336.csv::s2,user_neutral_factual,2026-07-19 18:13:17.053
Sitara-1::conversation_3629097_4336.csv::s2,astro_callback_within,2026-07-19 18:13:19.054
Sitara-1::conversation_3629097_4336.csv::s2,user_enthusiastic,2026-07-19 18:13:31.055
Sitara-1::conversation_3629097_4336.csv::s2,astro_callback_within,2026-07-19 18:13:38.056
Sitara-1::conversation_3629097_4336.csv::s2,user_enthusiastic,2026-07-19 18:13:44.057
Sitara-1::conversation_3629097_4336.csv::s2,user_enthusiastic,2026-07-19 18:13:47.058
Sitara-1::conversation_3629097_4336.csv::s2,astro_callback_within,2026-07-19 18:13:51.059
Sitara-1::conversation_3629097_4336.csv::s2,astro_callback_within,2026-07-19 18:13:57.060
Sitara-1::conversation_3629097_4336.csv::s2,user_enthusiastic,2026-07-19 18:14:00.061
Sitara-1::conversation_3629097_4336.csv::s2,astro_callback_within,2026-07-19 18:14:08.062
Sitara-1::conversation_3630142_4336.csv::s1,user_neutral,2026-07-19 18:40:42.000
Sitara-1::conversation_3630142_4336.csv::s1,astro_other,2026-07-19 18:40:49.001
Sitara-1::conversation_3630142_4336.csv::s1,user_neutral_factual,2026-07-19 18:40:59.002
Sitara-1::conversation_3630142_4336.csv::s1,astro_other,2026-07-19 18:41:06.003
Sitara-1::conversation_3630142_4336.csv::s1,user_neutral_factual,2026-07-19 18:41:15.004
Sitara-1::conversation_3630142_4336.csv::s1,astro_other,2026-07-19 18:41:22.005
Sitara-1::conversation_3630142_4336.csv::s1,user_emotional_disclosure,2026-07-19 18:41:49.006
Sitara-1::conversation_3630142_4336.csv::s1,astro_validation,2026-07-19 18:41:57.007
Sitara-1::conversation_3630142_4336.csv::s1,user_neutral_factual,2026-07-19 18:41:58.008
Sitara-1::conversation_3630142_4336.csv::s1,astro_other,2026-07-19 18:42:11.009
Sitara-1::conversation_3630142_4336.csv::s1,astro_other,2026-07-19 18:42:25.010
Sitara-1::conversation_3630142_4336.csv::s1,user_neutral_factual,2026-07-19 18:42:58.011
Sitara-1::conversation_3630142_4336.csv::s1,astro_other,2026-07-19 18:43:07.012
Sitara-1::conversation_3630142_4336.csv::s1,user_emotional_disclosure,2026-07-19 18:43:54.013
Sitara-1::conversation_3630142_4336.csv::s1,astro_other,2026-07-19 18:44:03.014
Sitara-1::conversation_3630142_4336.csv::s1,user_emotional_disclosure,2026-07-19 18:45:59.015
Sitara-1::conversation_3630142_4336.csv::s1,astro_callback_within,2026-07-19 18:46:09.016
Sitara-1::conversation_3630142_4336.csv::s1,user_emotional_disclosure,2026-07-19 18:46:29.017
Sitara-1::conversation_3630142_4336.csv::s1,astro_callback_within,2026-07-19 18:46:39.018
Sitara-1::conversation_3630142_4336.csv::s1,user_neutral_factual,2026-07-19 18:46:58.019
Sitara-1::conversation_3630142_4336.csv::s1,astro_callback_within,2026-07-19 18:47:07.020
Sitara-1::conversation_3630142_4336.csv::s1,user_emotional_disclosure,2026-07-19 18:47:10.021
Sitara-1::conversation_3630142_4336.csv::s1,astro_dated_prediction,2026-07-19 18:47:25.022
Sitara-1::conversation_3630142_4336.csv::s1,user_emotional_disclosure,2026-07-19 18:47:43.023
Sitara-1::conversation_3630142_4336.csv::s1,astro_callback_within,2026-07-19 18:47:54.024
Sitara-1::conversation_3630142_4336.csv::s1,user_neutral,2026-07-19 18:48:35.025
Sitara-1::conversation_3630142_4336.csv::s1,astro_other,2026-07-19 18:48:53.026
Sitara-1::conversation_3630142_4336.csv::s1,user_neutral_factual,2026-07-19 18:49:17.027
Sitara-1::conversation_3630142_4336.csv::s1,astro_callback_within,2026-07-19 18:49:31.028
Sitara-1::conversation_3630142_4336.csv::s1,user_neutral,2026-07-19 18:50:13.029
Sitara-1::conversation_3630142_4336.csv::s1,astro_dated_prediction,2026-07-19 18:50:22.030
Sitara-1::conversation_3630142_4336.csv::s1,user_neutral,2026-07-19 18:50:51.031
Sitara-1::conversation_3630142_4336.csv::s1,astro_callback_within,2026-07-19 18:50:59.032
Sitara-1::conversation_3630142_4336.csv::s1,user_neutral_factual,2026-07-19 18:51:34.033
Sitara-1::conversation_3630142_4336.csv::s1,astro_callback_within,2026-07-19 18:51:43.034
Sitara-1::conversation_3630142_4336.csv::s1,user_emotional_disclosure,2026-07-19 18:52:09.035
Sitara-1::conversation_3630142_4336.csv::s1,astro_callback_within,2026-07-19 18:52:17.036
Sitara-1::conversation_3630142_4336.csv::s1,user_neutral,2026-07-19 18:52:36.037
Sitara-1::conversation_3630142_4336.csv::s1,astro_callback_within,2026-07-19 18:52:44.038
Sitara-1::conversation_3630142_4336.csv::s1,astro_dated_prediction,2026-07-19 18:53:07.039
Sitara-1::conversation_3630142_4336.csv::s1,user_neutral,2026-07-19 18:53:50.040
Sitara-1::conversation_3630142_4336.csv::s1,astro_callback_within,2026-07-19 18:53:57.041
Sitara-1::conversation_3630142_4336.csv::s1,user_pushback,2026-07-19 18:54:22.042
Sitara-1::conversation_3630142_4336.csv::s1,astro_callback_within,2026-07-19 18:54:31.043
Sitara-1::conversation_3630142_4336.csv::s1,user_neutral,2026-07-19 18:55:09.044
Sitara-1::conversation_3630142_4336.csv::s1,astro_callback_within,2026-07-19 18:55:17.045
Sitara-1::conversation_3630142_4336.csv::s1,user_neutral,2026-07-20 09:51:36.046
Sitara-1::conversation_3630142_4336.csv::s1,astro_other,2026-07-20 09:51:44.047
Sitara-1::conversation_3630142_4336.csv::s1,user_neutral_factual,2026-07-20 09:52:23.048
Sitara-1::conversation_3630142_4336.csv::s1,astro_other,2026-07-20 09:52:34.049
Sitara-1::conversation_3630142_4336.csv::s1,user_neutral_factual,2026-07-20 09:52:37.050
Sitara-1::conversation_3630142_4336.csv::s1,astro_other,2026-07-20 09:52:46.051
Sitara-1::conversation_3630142_4336.csv::s1,astro_other,2026-07-20 09:53:32.052
Sitara-1::conversation_3630142_4336.csv::s1,astro_dated_prediction,2026-07-20 09:53:40.053
Sitara-1::conversation_3630142_4336.csv::s1,user_pushback,2026-07-20 09:53:41.054
Sitara-1::conversation_3630142_4336.csv::s1,astro_callback_within,2026-07-20 09:53:51.055
Sitara-1::conversation_3630142_4336.csv::s1,user_neutral_factual,2026-07-20 09:54:00.056
Sitara-1::conversation_3630142_4336.csv::s1,astro_callback_within,2026-07-20 09:54:07.057
Sitara-1::conversation_3630142_4336.csv::s1,user_emotional_disclosure,2026-07-20 09:54:09.058
Sitara-1::conversation_3630142_4336.csv::s1,astro_callback_within,2026-07-20 09:54:20.059
Sitara-1::conversation_3630142_4336.csv::s1,user_neutral_factual,2026-07-20 09:54:42.060
Sitara-1::conversation_3630142_4336.csv::s1,astro_callback_within,2026-07-20 09:54:49.061
Sitara-1::conversation_3630142_4336.csv::s1,user_disengaging,2026-07-20 09:54:53.062
Sitara-1::conversation_3630142_4336.csv::s1,user_disengaging,2026-07-20 09:54:59.063
Sitara-1::conversation_3630142_4336.csv::s1,astro_callback_within,2026-07-20 09:55:01.064
Sitara-1::conversation_3630142_4336.csv::s1,user_neutral_factual,2026-07-20 09:55:36.065
Sitara-1::conversation_3630142_4336.csv::s1,user_neutral,2026-07-20 09:55:43.066
Sitara-1::conversation_3630142_4336.csv::s1,astro_callback_within,2026-07-20 09:55:43.067
Sitara-1::conversation_3630142_4336.csv::s1,astro_reframe,2026-07-20 09:55:52.068
Sitara-1::conversation_3630142_4336.csv::s1,user_enthusiastic,2026-07-20 09:56:18.069
Sitara-1::conversation_3630452_4336.csv::s1,user_neutral,2026-07-19 18:58:59.000
Sitara-1::conversation_3630452_4336.csv::s1,astro_other,2026-07-19 18:59:06.001
Sitara-1::conversation_3630452_4336.csv::s1,user_neutral_factual,2026-07-19 18:59:11.002
Sitara-1::conversation_3630452_4336.csv::s1,astro_other,2026-07-19 18:59:24.003
Sitara-1::conversation_3630452_4336.csv::s1,user_neutral,2026-07-19 18:59:33.004
Sitara-1::conversation_3630452_4336.csv::s1,astro_callback_within,2026-07-19 18:59:39.005
Sitara-1::conversation_3630452_4336.csv::s1,user_emotional_disclosure,2026-07-19 18:59:47.006
Sitara-1::conversation_3630452_4336.csv::s1,astro_callback_within,2026-07-19 18:59:54.007
Sitara-1::conversation_3630452_4336.csv::s1,user_emotional_disclosure,2026-07-19 19:00:09.008
Sitara-1::conversation_3630452_4336.csv::s1,astro_callback_within,2026-07-19 19:00:19.009
Sitara-1::conversation_3630452_4336.csv::s1,user_neutral_factual,2026-07-19 19:00:26.010
Sitara-1::conversation_3630452_4336.csv::s1,astro_validation,2026-07-19 19:00:27.011
Sitara-1::conversation_3630452_4336.csv::s1,astro_callback_within,2026-07-19 19:00:35.012
Sitara-1::conversation_3630452_4336.csv::s1,user_neutral_factual,2026-07-19 19:00:49.013
Sitara-1::conversation_3630452_4336.csv::s1,user_neutral,2026-07-19 19:01:07.014
Sitara-1::conversation_3630452_4336.csv::s1,astro_dated_prediction,2026-07-19 19:01:21.015
Sitara-1::conversation_3630452_4336.csv::s1,user_neutral,2026-07-19 19:01:34.016
Sitara-1::conversation_3630452_4336.csv::s1,astro_callback_within,2026-07-19 19:01:43.017
Sitara-1::conversation_3630452_4336.csv::s1,user_pushback,2026-07-19 19:01:47.018
Sitara-1::conversation_3630452_4336.csv::s1,user_enthusiastic,2026-07-19 19:01:54.019
Sitara-1::conversation_3630452_4336.csv::s1,astro_callback_within,2026-07-19 19:01:59.020
Sitara-1::conversation_3630452_4336.csv::s1,astro_callback_within,2026-07-19 19:02:08.021
Sitara-1::conversation_3630452_4336.csv::s1,astro_other,2026-07-19 19:02:21.022
Sitara-1::conversation_3630452_4336.csv::s1,user_enthusiastic,2026-07-19 19:02:39.023
Sitara-1::conversation_3630452_4336.csv::s1,astro_other,2026-07-19 19:02:48.024
Sitara-1::conversation_3630452_4336.csv::s1,user_neutral,2026-07-19 19:02:48.025
Sitara-1::conversation_3630452_4336.csv::s1,astro_dated_prediction,2026-07-19 19:02:55.026
Sitara-1::conversation_3630452_4336.csv::s1,user_neutral_factual,2026-07-19 19:02:55.027
Sitara-1::conversation_3630452_4336.csv::s1,astro_callback_within,2026-07-19 19:03:03.028
Sitara-1::conversation_3630452_4336.csv::s1,astro_reframe,2026-07-19 19:03:33.029
Sitara-1::conversation_3630452_4336.csv::s1,user_disengaging,2026-07-19 19:03:43.030
Sitara-1::conversation_3630452_4336.csv::s1,user_neutral,2026-07-19 19:03:51.031
Sitara-1::conversation_3630452_4336.csv::s1,astro_other,2026-07-19 19:03:51.032
Sitara-1::conversation_3630452_4336.csv::s2,user_neutral,2026-07-19 19:06:13.000
Sitara-1::conversation_3630452_4336.csv::s2,astro_other,2026-07-19 19:06:19.001
Sitara-1::conversation_3630452_4336.csv::s2,user_neutral,2026-07-19 19:06:34.002
Sitara-1::conversation_3630452_4336.csv::s2,user_neutral,2026-07-19 19:06:39.003
Sitara-1::conversation_3630452_4336.csv::s2,astro_other,2026-07-19 19:06:43.004
Sitara-1::conversation_3630452_4336.csv::s2,user_neutral_factual,2026-07-19 19:06:50.005
Sitara-1::conversation_3630452_4336.csv::s2,astro_other,2026-07-19 19:06:52.006
Sitara-1::conversation_3630452_4336.csv::s2,astro_other,2026-07-19 19:06:59.007
Sitara-1::conversation_3630452_4336.csv::s2,user_pushback,2026-07-19 19:07:04.008
Sitara-1::conversation_3630452_4336.csv::s2,user_neutral_factual,2026-07-19 19:07:07.009
Sitara-1::conversation_3630452_4336.csv::s2,astro_callback_within,2026-07-19 19:07:14.010
Sitara-1::conversation_3630452_4336.csv::s2,user_neutral_factual,2026-07-19 19:07:18.011
Sitara-1::conversation_3630452_4336.csv::s2,astro_callback_within,2026-07-19 19:07:21.012
Sitara-1::conversation_3630452_4336.csv::s2,user_neutral_factual,2026-07-19 19:07:26.013
Sitara-1::conversation_3630452_4336.csv::s2,astro_other,2026-07-19 19:07:29.014
Sitara-1::conversation_3630452_4336.csv::s2,astro_other,2026-07-19 19:07:38.015
Sitara-1::conversation_3630452_4336.csv::s2,user_neutral_factual,2026-07-19 19:07:48.016
Sitara-1::conversation_3630452_4336.csv::s2,astro_callback_within,2026-07-19 19:07:57.017
Sitara-1::conversation_3630452_4336.csv::s2,user_neutral_factual,2026-07-19 19:08:01.018
Sitara-1::conversation_3630452_4336.csv::s2,user_neutral,2026-07-19 19:08:36.019
Sitara-1::conversation_3630452_4336.csv::s2,astro_callback_within,2026-07-19 19:08:43.020
Sitara-1::conversation_3630452_4336.csv::s2,user_neutral,2026-07-19 19:08:52.021
Sitara-1::conversation_3630452_4336.csv::s2,astro_dated_prediction,2026-07-19 19:09:01.022
Sitara-1::conversation_3630452_4336.csv::s2,user_neutral_factual,2026-07-19 19:09:07.023
Sitara-1::conversation_3630452_4336.csv::s2,astro_other,2026-07-19 19:09:14.024
Sitara-1::conversation_3630452_4336.csv::s2,astro_other,2026-07-19 19:09:23.025
Sitara-1::conversation_3630452_4336.csv::s2,user_neutral_factual,2026-07-19 19:09:34.026
Sitara-1::conversation_3630452_4336.csv::s2,user_pushback,2026-07-19 19:09:44.027
Sitara-1::conversation_3630452_4336.csv::s2,user_neutral,2026-07-19 19:09:51.028
Sitara-1::conversation_3630452_4336.csv::s2,astro_callback_within,2026-07-19 19:09:54.029
Sitara-1::conversation_3630452_4336.csv::s2,astro_other,2026-07-19 19:10:02.030
Sitara-1::conversation_3630452_4336.csv::s2,user_pushback,2026-07-19 19:10:21.031
Sitara-1::conversation_3630452_4336.csv::s2,astro_callback_within,2026-07-19 19:10:30.032
Sitara-1::conversation_3630452_4336.csv::s2,user_emotional_disclosure,2026-07-19 19:10:42.033
Sitara-1::conversation_3630452_4336.csv::s2,astro_callback_within,2026-07-19 19:10:50.034
Sitara-1::conversation_3630452_4336.csv::s2,user_enthusiastic,2026-07-19 19:11:01.035
Sitara-1::conversation_3630452_4336.csv::s2,astro_callback_within,2026-07-19 19:11:08.036
Sitara-1::conversation_3630452_4336.csv::s2,user_neutral_factual,2026-07-19 19:11:25.037
Sitara-1::conversation_3630452_4336.csv::s2,astro_other,2026-07-19 19:11:33.038
Sitara-1::conversation_3630452_4336.csv::s2,user_neutral,2026-07-19 19:11:41.039
Sitara-1::conversation_3630452_4336.csv::s2,astro_callback_within,2026-07-19 19:11:49.040
Sitara-1::conversation_3630452_4336.csv::s2,user_neutral_factual,2026-07-19 19:11:54.041
Sitara-1::conversation_3630452_4336.csv::s2,astro_other,2026-07-19 19:12:02.042
Sitara-1::conversation_3630452_4336.csv::s2,user_neutral,2026-07-19 19:12:09.043
Sitara-1::conversation_3630452_4336.csv::s2,astro_callback_within,2026-07-19 19:12:17.044
Sitara-1::conversation_3630452_4336.csv::s2,user_neutral_factual,2026-07-19 19:12:22.045
Sitara-1::conversation_3630452_4336.csv::s2,astro_other,2026-07-19 19:12:31.046
Sitara-1::conversation_3630452_4336.csv::s2,user_neutral,2026-07-19 19:12:39.047
Sitara-1::conversation_3630452_4336.csv::s2,astro_callback_within,2026-07-19 19:12:47.048
Sitara-1::conversation_3630452_4336.csv::s2,user_neutral_factual,2026-07-19 19:12:53.049
Sitara-1::conversation_3630452_4336.csv::s2,astro_callback_within,2026-07-19 19:13:01.050
Sitara-1::conversation_3630452_4336.csv::s2,user_neutral,2026-07-19 19:13:17.051
Sitara-1::conversation_3630452_4336.csv::s2,astro_callback_within,2026-07-19 19:13:24.052
Sitara-1::conversation_3630452_4336.csv::s2,user_pushback,2026-07-19 19:13:33.053
Sitara-1::conversation_3630452_4336.csv::s2,astro_other,2026-07-19 19:13:43.054
Sitara-1::conversation_3630452_4336.csv::s2,user_pushback,2026-07-19 19:13:52.055
Sitara-1::conversation_3630452_4336.csv::s2,astro_callback_within,2026-07-19 19:13:59.056
Sitara-1::conversation_3633289_4336.csv::s1,user_neutral,2026-07-20 02:54:48.000
Sitara-1::conversation_3633289_4336.csv::s1,astro_other,2026-07-20 02:54:55.001
Sitara-1::conversation_3633289_4336.csv::s1,user_neutral,2026-07-20 02:54:59.002
Sitara-1::conversation_3633289_4336.csv::s1,user_neutral,2026-07-20 02:55:02.003
Sitara-1::conversation_3633289_4336.csv::s1,astro_callback_within,2026-07-20 02:55:06.004
Sitara-1::conversation_3633289_4336.csv::s1,astro_other,2026-07-20 02:55:14.005
Sitara-1::conversation_3633289_4336.csv::s1,user_emotional_disclosure,2026-07-20 02:55:17.006
Sitara-1::conversation_3633289_4336.csv::s1,astro_callback_within,2026-07-20 02:55:19.007
Sitara-1::conversation_3633289_4336.csv::s1,astro_callback_within,2026-07-20 02:55:28.008
Sitara-1::conversation_3633289_4336.csv::s1,user_neutral_factual,2026-07-20 02:55:35.009
Sitara-1::conversation_3633289_4336.csv::s1,astro_callback_within,2026-07-20 02:55:42.010
Sitara-1::conversation_3633289_4336.csv::s1,user_neutral_factual,2026-07-20 02:55:47.011
Sitara-1::conversation_3633289_4336.csv::s1,astro_callback_within,2026-07-20 02:55:54.012
Sitara-1::conversation_3633289_4336.csv::s1,user_neutral,2026-07-20 02:55:55.013
Sitara-1::conversation_3633289_4336.csv::s1,user_neutral,2026-07-20 02:56:04.014
Sitara-1::conversation_3633289_4336.csv::s1,astro_callback_within,2026-07-20 02:56:12.015
Sitara-1::conversation_3633289_4336.csv::s1,user_neutral_factual,2026-07-20 02:56:17.016
Sitara-1::conversation_3633289_4336.csv::s1,astro_callback_within,2026-07-20 02:56:24.017
Sitara-1::conversation_3633289_4336.csv::s1,user_neutral,2026-07-20 02:56:41.018
Sitara-1::conversation_3633289_4336.csv::s1,user_neutral,2026-07-20 02:56:45.019
Sitara-1::conversation_3633289_4336.csv::s1,astro_other,2026-07-20 02:56:46.020
Sitara-1::conversation_3633289_4336.csv::s1,user_neutral,2026-07-20 02:56:48.021
Sitara-1::conversation_3633289_4336.csv::s1,astro_callback_within,2026-07-20 02:56:54.022
Sitara-1::conversation_3633289_4336.csv::s1,astro_callback_within,2026-07-20 02:57:01.023
Sitara-1::conversation_3633289_4336.csv::s1,user_neutral,2026-07-20 02:57:12.024
Sitara-1::conversation_3633289_4336.csv::s1,user_neutral,2026-07-20 02:57:15.025
Sitara-1::conversation_3633289_4336.csv::s1,astro_callback_within,2026-07-20 02:57:20.026
Sitara-1::conversation_3633289_4336.csv::s1,user_enthusiastic,2026-07-20 02:57:26.027
Sitara-1::conversation_3633289_4336.csv::s1,astro_callback_within,2026-07-20 02:57:28.028
Sitara-1::conversation_3633289_4336.csv::s1,astro_other,2026-07-20 02:57:34.029
Sitara-1::conversation_3633289_4336.csv::s1,user_neutral,2026-07-20 02:57:36.030
Sitara-1::conversation_3633289_4336.csv::s1,astro_dated_prediction,2026-07-20 02:57:43.031
Sitara-1::conversation_3633289_4336.csv::s1,astro_callback_within,2026-07-20 02:57:52.032
Sitara-1::conversation_3633289_4336.csv::s1,user_neutral_factual,2026-07-20 02:57:56.033
Sitara-1::conversation_3633289_4336.csv::s1,user_neutral_factual,2026-07-20 02:57:59.034
Sitara-1::conversation_3633289_4336.csv::s1,astro_callback_within,2026-07-20 02:58:12.035
Sitara-1::conversation_3633289_4336.csv::s1,user_neutral,2026-07-20 02:58:13.036
Sitara-1::conversation_3633289_4336.csv::s1,astro_callback_within,2026-07-20 02:58:21.037
Sitara-1::conversation_3633289_4336.csv::s1,user_neutral,2026-07-20 02:58:21.038
Sitara-1::conversation_3633289_4336.csv::s1,user_neutral_factual,2026-07-20 02:58:26.039
Sitara-1::conversation_3633289_4336.csv::s1,user_neutral,2026-07-20 02:58:28.040
Sitara-1::conversation_3633289_4336.csv::s1,astro_callback_within,2026-07-20 02:58:29.041
Sitara-1::conversation_3633289_4336.csv::s1,astro_other,2026-07-20 02:58:39.042
Sitara-1::conversation_3633289_4336.csv::s1,user_neutral,2026-07-20 02:58:40.043
Sitara-1::conversation_3633289_4336.csv::s1,astro_callback_within,2026-07-20 02:58:44.044
Sitara-1::conversation_3633289_4336.csv::s1,astro_other,2026-07-20 02:58:50.045
Sitara-1::conversation_3633289_4336.csv::s1,user_neutral,2026-07-20 02:58:53.046
Sitara-1::conversation_3633289_4336.csv::s1,astro_dated_prediction,2026-07-20 02:59:01.047
Sitara-1::conversation_3633289_4336.csv::s1,user_enthusiastic,2026-07-20 02:59:14.048
Sitara-1::conversation_3633289_4336.csv::s1,astro_callback_within,2026-07-20 02:59:15.049
Sitara-1::conversation_3633289_4336.csv::s1,astro_other,2026-07-20 02:59:22.050
Sitara-1::conversation_3633289_4336.csv::s1,user_neutral_factual,2026-07-20 02:59:27.051
Sitara-1::conversation_3633289_4336.csv::s1,user_neutral,2026-07-20 02:59:32.052
Sitara-1::conversation_3633289_4336.csv::s1,astro_other,2026-07-20 02:59:35.053
Sitara-1::conversation_3633289_4336.csv::s1,astro_dated_prediction,2026-07-20 02:59:43.054
Sitara-1::conversation_3635399_4336.csv::s1,user_neutral,2026-07-20 17:39:26.000
Sitara-1::conversation_3635399_4336.csv::s1,astro_other,2026-07-20 17:39:33.001
Sitara-1::conversation_3635399_4336.csv::s1,user_neutral,2026-07-20 17:39:37.002
Sitara-1::conversation_3635399_4336.csv::s1,user_neutral_factual,2026-07-20 17:39:45.003
Sitara-1::conversation_3635399_4336.csv::s1,astro_other,2026-07-20 17:39:51.004
Sitara-1::conversation_3635399_4336.csv::s1,user_emotional_disclosure,2026-07-20 17:40:02.005
Sitara-1::conversation_3635399_4336.csv::s1,astro_other,2026-07-20 17:40:06.006
Sitara-1::conversation_3635399_4336.csv::s1,user_emotional_disclosure,2026-07-20 17:40:26.007
Sitara-1::conversation_3635399_4336.csv::s1,astro_validation,2026-07-20 17:40:50.008
Sitara-1::conversation_3635399_4336.csv::s1,user_neutral_factual,2026-07-20 17:41:10.009
Sitara-1::conversation_3635399_4336.csv::s1,user_neutral_factual,2026-07-20 17:41:12.010
Sitara-1::conversation_3635399_4336.csv::s1,user_neutral_factual,2026-07-20 17:41:17.011
Sitara-1::conversation_3635399_4336.csv::s1,astro_validation,2026-07-20 17:41:21.012
Sitara-1::conversation_3635399_4336.csv::s1,user_neutral,2026-07-20 17:41:27.013
Sitara-1::conversation_3635399_4336.csv::s1,user_neutral_factual,2026-07-20 17:41:33.014
Sitara-1::conversation_3635399_4336.csv::s1,astro_other,2026-07-20 17:41:41.015
Sitara-1::conversation_3635399_4336.csv::s1,user_neutral_factual,2026-07-20 17:41:46.016
Sitara-1::conversation_3635399_4336.csv::s1,astro_callback_within,2026-07-20 17:41:47.017
Sitara-1::conversation_3635399_4336.csv::s1,user_neutral_factual,2026-07-20 17:41:59.018
Sitara-1::conversation_3635399_4336.csv::s1,astro_callback_within,2026-07-20 17:42:15.019
Sitara-1::conversation_3635399_4336.csv::s1,user_neutral,2026-07-20 17:42:19.020
Sitara-1::conversation_3635399_4336.csv::s1,user_disengaging,2026-07-20 17:42:30.021
Sitara-1::conversation_3635399_4336.csv::s1,user_neutral,2026-07-20 17:42:42.022
Sitara-1::conversation_3635399_4336.csv::s1,astro_callback_within,2026-07-20 17:42:46.023
Sitara-1::conversation_3635399_4336.csv::s1,user_pushback,2026-07-20 17:43:01.024
Sitara-1::conversation_3635399_4336.csv::s1,astro_callback_within,2026-07-20 17:43:14.025
Sitara-1::conversation_3635399_4336.csv::s1,astro_other,2026-07-20 17:43:20.026
Sitara-1::conversation_3635399_4336.csv::s1,astro_callback_within,2026-07-20 17:43:25.027
Sitara-1::conversation_3635399_4336.csv::s1,user_neutral,2026-07-20 17:43:33.028
Sitara-1::conversation_3635399_4336.csv::s1,astro_callback_within,2026-07-20 17:43:54.029
Sitara-1::conversation_3635399_4336.csv::s1,user_disengaging,2026-07-20 17:44:06.030
Sitara-1::conversation_3635399_4336.csv::s1,astro_other,2026-07-20 17:44:11.031
Sitara-1::conversation_3635399_4336.csv::s1,user_pushback,2026-07-20 17:44:18.032
Sitara-1::conversation_3635399_4336.csv::s1,user_neutral_factual,2026-07-20 17:44:26.033
Sitara-1::conversation_3635399_4336.csv::s1,user_neutral,2026-07-20 17:44:31.034
Sitara-1::conversation_3635399_4336.csv::s1,astro_callback_within,2026-07-20 17:44:33.035
Sitara-1::conversation_3635399_4336.csv::s1,user_pushback,2026-07-20 17:44:51.036
Sitara-1::conversation_3635399_4336.csv::s1,astro_other,2026-07-20 17:44:57.037
Sitara-1::conversation_3635399_4336.csv::s1,user_neutral_factual,2026-07-20 17:45:01.038
Sitara-1::conversation_3635399_4336.csv::s1,astro_dated_prediction,2026-07-20 17:45:09.039
Sitara-1::conversation_3635399_4336.csv::s1,user_neutral,2026-07-20 17:45:19.040
Sitara-1::conversation_3635399_4336.csv::s1,user_neutral,2026-07-20 17:45:24.041
Sitara-1::conversation_3635399_4336.csv::s1,user_neutral,2026-07-20 17:45:29.042
Sitara-1::conversation_3635399_4336.csv::s1,astro_callback_within,2026-07-20 17:45:33.043
Sitara-1::conversation_3635399_4336.csv::s1,user_neutral,2026-07-20 17:45:42.044
Sitara-1::conversation_3635399_4336.csv::s1,user_disengaging,2026-07-20 17:45:44.045
Sitara-1::conversation_3635399_4336.csv::s1,astro_other,2026-07-20 17:45:52.046
Sitara-1::conversation_3635399_4336.csv::s1,user_pushback,2026-07-20 17:46:02.047
Sitara-1::conversation_3635399_4336.csv::s1,astro_other,2026-07-20 17:46:14.048
Sitara-1::conversation_3635399_4336.csv::s1,astro_other,2026-07-20 17:46:15.049
Sitara-1::conversation_3635399_4336.csv::s1,astro_callback_within,2026-07-20 17:46:23.050
Sitara-1::conversation_3635399_4336.csv::s1,astro_callback_within,2026-07-20 17:46:30.051
Sitara-1::conversation_3635399_4336.csv::s1,astro_callback_within,2026-07-20 17:46:36.052
Sitara-1::conversation_3635399_4336.csv::s1,astro_callback_within,2026-07-20 17:46:43.053
Sitara-1::conversation_3635399_4336.csv::s1,astro_callback_within,2026-07-20 17:46:54.054
Sitara-1::conversation_3635399_4336.csv::s1,astro_validation,2026-07-20 17:47:01.055
Sitara-1::conversation_3635399_4336.csv::s1,astro_callback_within,2026-07-20 17:47:18.056
Sitara-1::conversation_3635399_4336.csv::s1,astro_callback_within,2026-07-20 17:47:26.057
Sitara-1::conversation_3635399_4336.csv::s1,astro_callback_within,2026-07-20 17:47:36.058
Sitara-1::conversation_3635399_4336.csv::s1,astro_dated_prediction,2026-07-20 17:48:29.059
Sitara-1::conversation_3638627_4336.csv::s1,user_neutral,2026-07-20 07:47:22.000
Sitara-1::conversation_3638627_4336.csv::s1,astro_other,2026-07-20 07:47:29.001
Sitara-1::conversation_3638627_4336.csv::s1,user_neutral_factual,2026-07-20 07:47:33.002
Sitara-1::conversation_3638627_4336.csv::s1,user_neutral,2026-07-20 07:47:49.003
Sitara-1::conversation_3638627_4336.csv::s1,astro_callback_within,2026-07-20 07:47:57.004
Sitara-1::conversation_3638627_4336.csv::s1,astro_callback_within,2026-07-20 07:48:06.005
Sitara-1::conversation_3638627_4336.csv::s1,user_neutral_factual,2026-07-20 07:48:08.006
Sitara-1::conversation_3638627_4336.csv::s1,astro_callback_within,2026-07-20 07:48:17.007
Sitara-1::conversation_3638627_4336.csv::s1,astro_other,2026-07-20 07:48:32.008
Sitara-1::conversation_3638627_4336.csv::s1,user_emotional_disclosure,2026-07-20 07:48:33.009
Sitara-1::conversation_3638627_4336.csv::s1,astro_callback_within,2026-07-20 07:48:42.010
Sitara-1::conversation_3638627_4336.csv::s1,user_neutral_factual,2026-07-20 07:48:51.011
Sitara-1::conversation_3638627_4336.csv::s1,astro_callback_within,2026-07-20 07:49:03.012
Sitara-1::conversation_3638627_4336.csv::s1,astro_callback_within,2026-07-20 07:49:20.013
Sitara-1::conversation_3638627_4336.csv::s1,user_emotional_disclosure,2026-07-20 07:49:35.014
Sitara-1::conversation_3638627_4336.csv::s1,astro_callback_within,2026-07-20 07:49:46.015
Sitara-1::conversation_3638627_4336.csv::s1,astro_callback_within,2026-07-20 07:49:49.016
Sitara-1::conversation_3638627_4336.csv::s1,user_pushback,2026-07-20 07:50:02.017
Sitara-1::conversation_3638627_4336.csv::s1,user_emotional_disclosure,2026-07-20 07:50:09.018
Sitara-1::conversation_3638627_4336.csv::s1,astro_callback_within,2026-07-20 07:50:11.019
Sitara-1::conversation_3638627_4336.csv::s1,astro_callback_within,2026-07-20 07:50:17.020
Sitara-1::conversation_3638627_4336.csv::s1,user_neutral_factual,2026-07-20 07:50:30.021
Sitara-1::conversation_3638627_4336.csv::s1,astro_callback_within,2026-07-20 07:50:39.022
Sitara-1::conversation_3638627_4336.csv::s1,user_neutral,2026-07-20 07:50:42.023
Sitara-1::conversation_3638627_4336.csv::s1,astro_dated_prediction,2026-07-20 07:50:50.024
Sitara-1::conversation_3638627_4336.csv::s1,user_neutral,2026-07-20 07:51:09.025
Sitara-1::conversation_3638627_4336.csv::s1,user_neutral,2026-07-20 07:51:14.026
Sitara-1::conversation_3638627_4336.csv::s1,astro_callback_within,2026-07-20 07:51:17.027
Sitara-1::conversation_3638627_4336.csv::s1,astro_callback_within,2026-07-20 07:51:29.028
Sitara-1::conversation_3638627_4336.csv::s1,user_neutral,2026-07-20 07:51:40.029
Sitara-1::conversation_3638627_4336.csv::s1,user_neutral,2026-07-20 07:51:54.030
Sitara-1::conversation_3638627_4336.csv::s1,user_neutral,2026-07-20 07:51:59.031
Sitara-1::conversation_3638627_4336.csv::s1,astro_callback_within,2026-07-20 07:52:04.032
Sitara-1::conversation_3638627_4336.csv::s1,astro_other,2026-07-20 07:52:13.033
Sitara-1::conversation_3638627_4336.csv::s1,user_enthusiastic,2026-07-20 07:53:02.034
Sitara-1::conversation_3638627_4336.csv::s1,astro_other,2026-07-20 07:53:09.035
Sitara-1::conversation_3638627_4336.csv::s1,user_neutral_factual,2026-07-20 07:53:18.036
Sitara-1::conversation_3638627_4336.csv::s1,user_neutral_factual,2026-07-20 07:53:32.037
Sitara-1::conversation_3638627_4336.csv::s1,astro_callback_within,2026-07-20 07:53:33.038
Sitara-1::conversation_3638627_4336.csv::s1,astro_callback_within,2026-07-20 07:53:48.039
Sitara-1::conversation_3638627_4336.csv::s1,user_emotional_disclosure,2026-07-20 07:54:15.040
Sitara-1::conversation_3638627_4336.csv::s1,user_enthusiastic,2026-07-20 07:54:43.041
Sitara-1::conversation_3638627_4336.csv::s1,user_neutral,2026-07-20 07:55:07.042
Sitara-1::conversation_3638627_4336.csv::s1,user_neutral,2026-07-20 07:55:13.043
Sitara-1::conversation_3638627_4336.csv::s1,astro_callback_within,2026-07-20 07:55:25.044
Sitara-1::conversation_3638627_4336.csv::s1,user_emotional_disclosure,2026-07-20 07:55:45.045
Sitara-1::conversation_3638627_4336.csv::s1,user_neutral,2026-07-20 07:55:58.046
Sitara-1::conversation_3638627_4336.csv::s1,astro_callback_within,2026-07-20 07:56:17.047
Sitara-1::conversation_3638627_4336.csv::s1,user_emotional_disclosure,2026-07-20 07:56:18.048
Sitara-1::conversation_3638627_4336.csv::s1,astro_callback_within,2026-07-20 07:56:21.049
Sitara-1::conversation_3638627_4336.csv::s1,astro_callback_within,2026-07-20 07:56:46.050
Sitara-1::conversation_3638627_4336.csv::s1,user_neutral,2026-07-20 07:57:00.051
Sitara-1::conversation_3638627_4336.csv::s1,user_neutral,2026-07-20 07:57:09.052
Sitara-1::conversation_3638627_4336.csv::s1,astro_callback_within,2026-07-20 07:57:28.053
Sitara-1::conversation_3638627_4336.csv::s1,astro_callback_within,2026-07-20 07:57:40.054
Sitara-1::conversation_3638627_4336.csv::s1,astro_dated_prediction,2026-07-20 07:57:45.055
Sitara-1::conversation_3638627_4336.csv::s1,astro_dated_prediction,2026-07-20 07:58:09.056
Sitara-1::conversation_3638635_4336.csv::s1,user_neutral,2026-07-20 06:03:27.000
Sitara-1::conversation_3638635_4336.csv::s1,astro_other,2026-07-20 06:03:33.001
Sitara-1::conversation_3638635_4336.csv::s1,user_neutral_factual,2026-07-20 06:03:40.002
Sitara-1::conversation_3638635_4336.csv::s1,astro_callback_within,2026-07-20 06:03:49.003
Sitara-1::conversation_3638635_4336.csv::s1,user_neutral_factual,2026-07-20 06:03:53.004
Sitara-1::conversation_3638635_4336.csv::s1,astro_other,2026-07-20 06:04:08.005
Sitara-1::conversation_3638635_4336.csv::s1,user_neutral_factual,2026-07-20 06:04:13.006
Sitara-1::conversation_3638635_4336.csv::s1,astro_callback_within,2026-07-20 06:04:21.007
Sitara-1::conversation_3638635_4336.csv::s1,user_neutral,2026-07-20 06:04:39.008
Sitara-1::conversation_3638635_4336.csv::s1,user_neutral_factual,2026-07-20 06:04:41.009
Sitara-1::conversation_3638635_4336.csv::s1,astro_callback_within,2026-07-20 06:04:47.010
Sitara-1::conversation_3638635_4336.csv::s1,user_neutral_factual,2026-07-20 06:04:55.011
Sitara-1::conversation_3638635_4336.csv::s1,astro_callback_within,2026-07-20 06:04:58.012
Sitara-1::conversation_3638635_4336.csv::s1,user_neutral_factual,2026-07-20 06:05:11.013
Sitara-1::conversation_3638635_4336.csv::s1,astro_callback_within,2026-07-20 06:05:20.014
Sitara-1::conversation_3638635_4336.csv::s1,astro_other,2026-07-20 06:05:24.015
Sitara-1::conversation_3638635_4336.csv::s1,astro_callback_within,2026-07-20 06:05:30.016
Sitara-1::conversation_3638635_4336.csv::s1,astro_other,2026-07-20 06:05:57.017
Sitara-1::conversation_3638635_4336.csv::s1,user_neutral_factual,2026-07-20 06:06:07.018
Sitara-1::conversation_3638635_4336.csv::s1,user_neutral_factual,2026-07-20 06:06:24.019
Sitara-1::conversation_3638635_4336.csv::s1,astro_callback_within,2026-07-20 06:06:32.020
Sitara-1::conversation_3638635_4336.csv::s1,user_neutral,2026-07-20 06:06:47.021
Sitara-1::conversation_3638635_4336.csv::s1,astro_dated_prediction,2026-07-20 06:06:56.022
Sitara-1::conversation_3638635_4336.csv::s1,user_enthusiastic,2026-07-20 06:07:11.023
Sitara-1::conversation_3638635_4336.csv::s1,astro_other,2026-07-20 06:07:23.024
Sitara-1::conversation_3638635_4336.csv::s1,astro_open_thread,2026-07-20 06:07:33.025
Sitara-1::conversation_3638635_4336.csv::s1,user_enthusiastic,2026-07-20 06:07:33.026
Sitara-1::conversation_3638635_4336.csv::s1,astro_callback_within,2026-07-20 06:07:45.027
Sitara-1::conversation_3638635_4336.csv::s2,user_neutral,2026-07-20 06:08:37.000
Sitara-1::conversation_3638635_4336.csv::s2,astro_callback_prior,2026-07-20 06:08:56.001
Sitara-1::conversation_3638635_4336.csv::s2,user_neutral_factual,2026-07-20 06:09:04.002
Sitara-1::conversation_3638635_4336.csv::s2,user_enthusiastic,2026-07-20 06:09:09.003
Sitara-1::conversation_3638635_4336.csv::s2,astro_callback_prior,2026-07-20 06:09:13.004
Sitara-1::conversation_3638635_4336.csv::s2,astro_other,2026-07-20 06:09:26.005
Sitara-1::conversation_3638635_4336.csv::s2,user_neutral_factual,2026-07-20 06:09:46.006
Sitara-1::conversation_3638635_4336.csv::s2,astro_other,2026-07-20 06:09:55.007
Sitara-1::conversation_3638635_4336.csv::s2,user_enthusiastic,2026-07-20 06:10:05.008
Sitara-1::conversation_3638635_4336.csv::s2,astro_other,2026-07-20 06:10:14.009
Sitara-1::conversation_3638635_4336.csv::s2,user_enthusiastic,2026-07-20 06:10:15.010
Sitara-1::conversation_3638635_4336.csv::s2,astro_other,2026-07-20 06:10:22.011
Sitara-1::conversation_3638635_4336.csv::s2,user_enthusiastic,2026-07-20 06:10:52.012
Sitara-1::conversation_3638635_4336.csv::s2,user_enthusiastic,2026-07-20 06:10:58.013
Sitara-1::conversation_3638635_4336.csv::s2,astro_other,2026-07-20 06:11:01.014
Sitara-1::conversation_3638635_4336.csv::s2,astro_dated_prediction,2026-07-20 06:11:17.015
Sitara-1::conversation_3638635_4336.csv::s2,user_neutral_factual,2026-07-20 06:11:31.016
Sitara-1::conversation_3638635_4336.csv::s2,astro_callback_within,2026-07-20 06:11:43.017
Sitara-1::conversation_3638635_4336.csv::s2,user_enthusiastic,2026-07-20 06:11:46.018
Sitara-1::conversation_3638635_4336.csv::s2,astro_callback_within,2026-07-20 06:11:52.019
Sitara-1::conversation_3638635_4336.csv::s2,user_neutral_factual,2026-07-20 06:11:57.020
Sitara-1::conversation_3638635_4336.csv::s2,astro_callback_within,2026-07-20 06:12:12.021
Sitara-1::conversation_3638635_4336.csv::s2,user_neutral_factual,2026-07-20 06:12:17.022
Sitara-1::conversation_3638635_4336.csv::s2,astro_callback_within,2026-07-20 06:12:33.023
Sitara-1::conversation_3638635_4336.csv::s2,user_neutral_factual,2026-07-20 06:12:39.024
Sitara-1::conversation_3638635_4336.csv::s2,user_neutral_factual,2026-07-20 06:13:12.025
Sitara-1::conversation_3638635_4336.csv::s2,user_enthusiastic,2026-07-20 06:13:31.026
Sitara-1::conversation_3638635_4336.csv::s2,astro_callback_within,2026-07-20 06:13:31.027
Sitara-1::conversation_3638635_4336.csv::s2,user_neutral_factual,2026-07-20 06:13:53.028
Sitara-1::conversation_3638635_4336.csv::s2,astro_callback_within,2026-07-20 06:14:03.029
Sitara-1::conversation_3638635_4336.csv::s2,user_neutral_factual,2026-07-20 06:14:17.030
Sitara-1::conversation_3638635_4336.csv::s2,astro_callback_within,2026-07-20 06:14:27.031
Sitara-1::conversation_3638635_4336.csv::s2,user_neutral_factual,2026-07-20 06:14:52.032
Sitara-1::conversation_3638635_4336.csv::s2,astro_callback_within,2026-07-20 06:14:59.033
Sitara-1::conversation_3638635_4336.csv::s2,user_neutral_factual,2026-07-20 06:15:10.034
Sitara-1::conversation_3638635_4336.csv::s2,user_enthusiastic,2026-07-20 06:15:13.035
Sitara-1::conversation_3638635_4336.csv::s2,astro_callback_within,2026-07-20 06:15:31.036
Sitara-1::conversation_3638635_4336.csv::s2,user_enthusiastic,2026-07-20 06:15:39.037
Sitara-1::conversation_3638635_4336.csv::s2,astro_callback_within,2026-07-20 06:15:48.038
Sitara-1::conversation_3638635_4336.csv::s2,user_neutral_factual,2026-07-20 06:15:59.039
Sitara-1::conversation_3638635_4336.csv::s2,astro_callback_within,2026-07-20 06:16:23.040
Sitara-1::conversation_3638635_4336.csv::s2,user_neutral_factual,2026-07-20 06:16:30.041
Sitara-1::conversation_3638635_4336.csv::s2,astro_callback_within,2026-07-20 06:16:37.042
Sitara-1::conversation_3641432_4336.csv::s1,user_neutral,2026-07-20 07:06:38.000
Sitara-1::conversation_3641432_4336.csv::s1,user_neutral_factual,2026-07-20 07:06:44.001
Sitara-1::conversation_3641432_4336.csv::s1,astro_other,2026-07-20 07:06:46.002
Sitara-1::conversation_3641432_4336.csv::s1,astro_callback_within,2026-07-20 07:06:52.003
Sitara-1::conversation_3641432_4336.csv::s1,user_neutral_factual,2026-07-20 07:06:53.004
Sitara-1::conversation_3641432_4336.csv::s1,astro_callback_within,2026-07-20 07:07:00.005
Sitara-1::conversation_3641432_4336.csv::s1,user_emotional_disclosure,2026-07-20 07:07:08.006
Sitara-1::conversation_3641432_4336.csv::s1,astro_callback_within,2026-07-20 07:07:15.007
Sitara-1::conversation_3641432_4336.csv::s1,user_emotional_disclosure,2026-07-20 07:07:16.008
Sitara-1::conversation_3641432_4336.csv::s1,user_neutral_factual,2026-07-20 07:07:31.009
Sitara-1::conversation_3641432_4336.csv::s1,astro_callback_within,2026-07-20 07:07:33.010
Sitara-1::conversation_3641432_4336.csv::s1,user_neutral_factual,2026-07-20 07:07:38.011
Sitara-1::conversation_3641432_4336.csv::s1,astro_callback_within,2026-07-20 07:07:41.012
Sitara-1::conversation_3641432_4336.csv::s1,user_neutral_factual,2026-07-20 07:07:45.013
Sitara-1::conversation_3641432_4336.csv::s1,user_neutral_factual,2026-07-20 07:07:50.014
Sitara-1::conversation_3641432_4336.csv::s1,astro_callback_within,2026-07-20 07:07:51.015
Sitara-1::conversation_3641432_4336.csv::s1,user_neutral_factual,2026-07-20 07:08:00.016
Sitara-1::conversation_3641432_4336.csv::s1,astro_callback_within,2026-07-20 07:08:02.017
Sitara-1::conversation_3641432_4336.csv::s1,user_emotional_disclosure,2026-07-20 07:08:06.018
Sitara-1::conversation_3641432_4336.csv::s1,astro_callback_within,2026-07-20 07:08:07.019
Sitara-1::conversation_3641432_4336.csv::s1,astro_callback_within,2026-07-20 07:08:13.020
Sitara-1::conversation_3641432_4336.csv::s1,user_neutral_factual,2026-07-20 07:08:21.021
Sitara-1::conversation_3641432_4336.csv::s1,astro_callback_within,2026-07-20 07:08:23.022
Sitara-1::conversation_3641432_4336.csv::s1,user_emotional_disclosure,2026-07-20 07:08:41.023
Sitara-1::conversation_3641432_4336.csv::s1,user_emotional_disclosure,2026-07-20 07:08:48.024
Sitara-1::conversation_3641432_4336.csv::s1,astro_callback_within,2026-07-20 07:08:50.025
Sitara-1::conversation_3641432_4336.csv::s1,astro_callback_within,2026-07-20 07:08:55.026
Sitara-1::conversation_3641432_4336.csv::s1,astro_callback_within,2026-07-20 07:09:00.027
Sitara-1::conversation_3641432_4336.csv::s1,user_enthusiastic,2026-07-20 07:09:03.028
Sitara-1::conversation_3641432_4336.csv::s1,astro_callback_within,2026-07-20 07:09:06.029
Sitara-1::conversation_3641432_4336.csv::s1,user_neutral_factual,2026-07-20 07:09:11.030
Sitara-1::conversation_3641432_4336.csv::s1,astro_callback_within,2026-07-20 07:09:18.031
Sitara-1::conversation_3641432_4336.csv::s1,user_emotional_disclosure,2026-07-20 07:09:20.032
Sitara-1::conversation_3641432_4336.csv::s1,astro_callback_within,2026-07-20 07:09:25.033
Sitara-1::conversation_3641432_4336.csv::s1,user_neutral_factual,2026-07-20 07:09:28.034
Sitara-1::conversation_3641432_4336.csv::s1,astro_callback_within,2026-07-20 07:09:31.035
Sitara-1::conversation_3641432_4336.csv::s1,user_enthusiastic,2026-07-20 07:09:37.036
Sitara-1::conversation_3641432_4336.csv::s1,astro_callback_within,2026-07-20 07:09:37.037
Sitara-1::conversation_3641432_4336.csv::s1,astro_callback_within,2026-07-20 07:09:45.038
Sitara-1::conversation_3641432_4336.csv::s1,astro_other,2026-07-20 07:09:53.039
Sitara-1::conversation_3641432_4336.csv::s1,user_emotional_disclosure,2026-07-20 07:09:55.040
Sitara-1::conversation_3641432_4336.csv::s1,astro_callback_within,2026-07-20 07:10:04.041
Sitara-1::conversation_3641432_4336.csv::s1,astro_callback_within,2026-07-20 07:10:12.042
Sitara-1::conversation_3641432_4336.csv::s1,user_enthusiastic,2026-07-20 07:10:18.043
Sitara-1::conversation_3641432_4336.csv::s1,user_emotional_disclosure,2026-07-20 07:10:20.044
Sitara-1::conversation_3641432_4336.csv::s1,user_enthusiastic,2026-07-20 07:10:23.045
Sitara-1::conversation_3641432_4336.csv::s1,astro_callback_within,2026-07-20 07:10:40.046
Sitara-1::conversation_3641432_4336.csv::s1,user_emotional_disclosure,2026-07-20 07:10:42.047
Sitara-1::conversation_3641432_4336.csv::s1,user_enthusiastic,2026-07-20 07:10:49.048
Sitara-1::conversation_3641432_4336.csv::s1,astro_dated_prediction,2026-07-20 07:11:10.049
Sitara-1::conversation_3641432_4336.csv::s1,astro_callback_within,2026-07-20 07:11:20.050
Sitara-1::conversation_3641432_4336.csv::s1,user_neutral_factual,2026-07-20 07:11:34.051
Sitara-1::conversation_3641432_4336.csv::s1,user_neutral_factual,2026-07-20 07:11:46.052
Sitara-1::conversation_3641432_4336.csv::s1,user_emotional_disclosure,2026-07-20 07:11:55.053
Sitara-1::conversation_3641432_4336.csv::s1,astro_callback_within,2026-07-20 07:12:05.054
Sitara-1::conversation_3641432_4336.csv::s1,astro_callback_within,2026-07-20 07:12:10.055
Sitara-1::conversation_3641432_4336.csv::s1,astro_callback_within,2026-07-20 07:12:17.056
Sitara-1::conversation_3641432_4336.csv::s1,user_neutral_factual,2026-07-20 07:12:27.057
Sitara-1::conversation_3641432_4336.csv::s1,user_neutral_factual,2026-07-20 07:12:47.058
Sitara-1::conversation_3641432_4336.csv::s1,user_neutral_factual,2026-07-20 07:12:54.059
Sitara-1::conversation_3641432_4336.csv::s1,user_neutral_factual,2026-07-20 07:12:57.060
Sitara-1::conversation_3641432_4336.csv::s1,astro_callback_within,2026-07-20 07:12:59.061
Sitara-1::conversation_3641432_4336.csv::s1,astro_callback_within,2026-07-20 07:13:14.062
Sitara-1::conversation_3641432_4336.csv::s1,user_enthusiastic,2026-07-20 07:13:20.063
Sitara-1::conversation_3641432_4336.csv::s1,user_enthusiastic,2026-07-20 07:13:23.064
Sitara-1::conversation_3641432_4336.csv::s1,astro_callback_within,2026-07-20 07:13:26.065
Sitara-1::conversation_3641432_4336.csv::s1,astro_callback_within,2026-07-20 07:13:31.066
Sitara-1::conversation_3641432_4336.csv::s1,astro_callback_within,2026-07-20 07:13:37.067
Sitara-1::conversation_3641432_4336.csv::s1,user_pushback,2026-07-20 07:13:41.068
Sitara-1::conversation_3641432_4336.csv::s1,astro_callback_within,2026-07-20 07:13:42.069
Sitara-1::conversation_3641432_4336.csv::s1,user_emotional_disclosure,2026-07-20 07:13:59.070
Sitara-1::conversation_3641432_4336.csv::s1,astro_callback_within,2026-07-20 07:14:06.071
Sitara-1::conversation_3641432_4336.csv::s1,user_neutral_factual,2026-07-20 07:14:12.072
Sitara-1::conversation_3641432_4336.csv::s1,astro_callback_within,2026-07-20 07:14:15.073
Sitara-1::conversation_3641432_4336.csv::s1,astro_callback_within,2026-07-20 07:14:23.074
Sitara-1::conversation_3641432_4336.csv::s1,user_enthusiastic,2026-07-20 07:14:25.075
Sitara-1::conversation_3641432_4336.csv::s1,user_enthusiastic,2026-07-20 07:14:33.076
Sitara-1::conversation_3641432_4336.csv::s1,astro_callback_within,2026-07-20 07:14:34.077
Sitara-1::conversation_3641432_4336.csv::s1,astro_callback_within,2026-07-20 07:14:56.078
Sitara-1::conversation_3641432_4336.csv::s1,user_neutral_factual,2026-07-20 07:15:01.079
Sitara-1::conversation_3641432_4336.csv::s1,user_disengaging,2026-07-20 07:15:02.080
Sitara-1::conversation_3641432_4336.csv::s1,user_pushback,2026-07-20 07:15:21.081
Sitara-1::conversation_3641432_4336.csv::s1,user_neutral,2026-07-20 07:15:23.082
Sitara-1::conversation_3641432_4336.csv::s1,user_disengaging,2026-07-20 07:15:24.083
Sitara-1::conversation_3641432_4336.csv::s1,astro_callback_within,2026-07-20 07:15:40.084
Sitara-1::conversation_3641432_4336.csv::s1,astro_callback_within,2026-07-20 07:15:46.085
Sitara-1::conversation_3641432_4336.csv::s1,user_neutral_factual,2026-07-20 07:15:48.086
Sitara-1::conversation_3641432_4336.csv::s1,astro_callback_within,2026-07-20 07:15:52.087
Sitara-1::conversation_3641432_4336.csv::s1,astro_reframe,2026-07-20 07:15:57.088
Sitara-1::conversation_3641432_4336.csv::s1,user_neutral_factual,2026-07-20 07:16:04.089
Sitara-1::conversation_3641432_4336.csv::s1,user_enthusiastic,2026-07-20 07:16:20.090
Sitara-1::conversation_3641432_4336.csv::s1,user_emotional_disclosure,2026-07-20 07:16:29.091
Sitara-1::conversation_3641432_4336.csv::s1,user_emotional_disclosure,2026-07-20 07:16:32.092
Sitara-1::conversation_3641432_4336.csv::s1,astro_callback_within,2026-07-20 07:16:40.093
Sitara-1::conversation_3641432_4336.csv::s1,astro_callback_within,2026-07-20 07:16:45.094
Sitara-1::conversation_3641432_4336.csv::s1,astro_callback_within,2026-07-20 07:16:51.095
Sitara-1::conversation_3641432_4336.csv::s1,astro_callback_within,2026-07-20 07:16:56.096
Sitara-1::conversation_3641432_4336.csv::s1,astro_callback_within,2026-07-20 07:17:24.097
Sitara-1::conversation_3645304_4336.csv::s1,user_neutral,2026-07-20 08:40:06.000
Sitara-1::conversation_3645304_4336.csv::s1,astro_other,2026-07-20 08:40:16.001
Sitara-1::conversation_3645304_4336.csv::s1,user_neutral_factual,2026-07-20 08:40:26.002
Sitara-1::conversation_3645304_4336.csv::s1,user_neutral_factual,2026-07-20 08:40:29.003
Sitara-1::conversation_3645304_4336.csv::s1,user_emotional_disclosure,2026-07-20 08:40:35.004
Sitara-1::conversation_3645304_4336.csv::s1,user_emotional_disclosure,2026-07-20 08:40:42.005
Sitara-1::conversation_3645304_4336.csv::s1,astro_callback_within,2026-07-20 08:40:47.006
Sitara-1::conversation_3645304_4336.csv::s1,astro_callback_within,2026-07-20 08:40:54.007
Sitara-1::conversation_3645304_4336.csv::s1,astro_callback_within,2026-07-20 08:41:16.008
Sitara-1::conversation_3645304_4336.csv::s1,user_emotional_disclosure,2026-07-20 08:41:17.009
Sitara-1::conversation_3645304_4336.csv::s1,user_emotional_disclosure,2026-07-20 08:41:26.010
Sitara-1::conversation_3645304_4336.csv::s1,user_emotional_disclosure,2026-07-20 08:41:41.011
Sitara-1::conversation_3645304_4336.csv::s1,astro_callback_within,2026-07-20 08:41:48.012
Sitara-1::conversation_3645304_4336.csv::s1,user_emotional_disclosure,2026-07-20 08:41:50.013
Sitara-1::conversation_3645304_4336.csv::s1,astro_callback_within,2026-07-20 08:41:54.014
Sitara-1::conversation_3645304_4336.csv::s1,user_pushback,2026-07-20 08:42:13.015
Sitara-1::conversation_3645304_4336.csv::s1,astro_callback_within,2026-07-20 08:42:17.016
Sitara-1::conversation_3645304_4336.csv::s1,astro_callback_within,2026-07-20 08:42:18.017
Sitara-1::conversation_3645304_4336.csv::s1,user_emotional_disclosure,2026-07-20 08:42:24.018
Sitara-1::conversation_3645304_4336.csv::s1,astro_other,2026-07-20 08:42:25.019
Sitara-1::conversation_3645304_4336.csv::s1,astro_callback_within,2026-07-20 08:42:39.020
Sitara-1::conversation_3645304_4336.csv::s1,astro_callback_within,2026-07-20 08:42:47.021
Sitara-1::conversation_3645304_4336.csv::s1,user_emotional_disclosure,2026-07-20 08:43:03.022
Sitara-1::conversation_3645304_4336.csv::s1,astro_callback_within,2026-07-20 08:43:13.023
Sitara-1::conversation_3645304_4336.csv::s1,user_pushback,2026-07-20 08:43:14.024
Sitara-1::conversation_3645304_4336.csv::s1,astro_callback_within,2026-07-20 08:43:25.025
Sitara-1::conversation_3645304_4336.csv::s1,user_enthusiastic,2026-07-20 08:43:29.026
Sitara-1::conversation_3645304_4336.csv::s1,user_neutral_factual,2026-07-20 08:43:59.027
Sitara-1::conversation_3645304_4336.csv::s1,user_emotional_disclosure,2026-07-20 08:44:20.028
Sitara-1::conversation_3645304_4336.csv::s1,astro_callback_within,2026-07-20 08:44:31.029
Sitara-1::conversation_3645304_4336.csv::s1,user_neutral,2026-07-20 08:44:45.030
Sitara-1::conversation_3645304_4336.csv::s1,astro_callback_within,2026-07-20 08:45:35.031
Sitara-1::conversation_3645304_4336.csv::s1,user_enthusiastic,2026-07-20 08:46:09.032
Sitara-1::conversation_3645304_4336.csv::s1,astro_dated_prediction,2026-07-20 08:46:33.033
Sitara-1::conversation_3645304_4336.csv::s1,user_emotional_disclosure,2026-07-20 08:46:50.034
Sitara-1::conversation_3645304_4336.csv::s1,astro_callback_within,2026-07-20 08:46:52.035
Sitara-1::conversation_3645304_4336.csv::s1,user_emotional_disclosure,2026-07-20 08:47:08.036
Sitara-1::conversation_3645304_4336.csv::s1,user_emotional_disclosure,2026-07-20 08:47:22.037
Sitara-1::conversation_3645304_4336.csv::s1,astro_callback_within,2026-07-20 08:47:25.038
Sitara-1::conversation_3645304_4336.csv::s1,astro_callback_within,2026-07-20 08:47:31.039
Sitara-1::conversation_3645304_4336.csv::s1,astro_callback_within,2026-07-20 08:47:40.040
Sitara-1::conversation_3645304_4336.csv::s1,astro_callback_within,2026-07-20 08:47:48.041
Sitara-1::conversation_3645304_4336.csv::s1,user_neutral_factual,2026-07-20 08:47:55.042
Sitara-1::conversation_3645304_4336.csv::s1,astro_reframe,2026-07-20 08:47:56.043
Sitara-1::conversation_3645304_4336.csv::s1,user_enthusiastic,2026-07-20 08:48:25.044
Sitara-1::conversation_3645304_4336.csv::s1,astro_callback_within,2026-07-20 08:48:37.045
Sitara-1::conversation_3645304_4336.csv::s1,user_neutral_factual,2026-07-20 08:48:45.046
Sitara-1::conversation_3645304_4336.csv::s1,astro_callback_within,2026-07-20 08:48:53.047
Sitara-1::conversation_3645304_4336.csv::s1,user_neutral_factual,2026-07-20 08:49:01.048
Sitara-1::conversation_3645304_4336.csv::s1,astro_other,2026-07-20 08:49:10.049
Sitara-1::conversation_3645304_4336.csv::s1,user_enthusiastic,2026-07-20 08:49:20.050
Sitara-1::conversation_3645304_4336.csv::s1,astro_callback_within,2026-07-20 08:49:30.051
Sitara-1::conversation_3645304_4336.csv::s1,user_neutral_factual,2026-07-20 08:49:50.052
Sitara-1::conversation_3645304_4336.csv::s1,astro_other,2026-07-20 08:50:10.053
Sitara-1::conversation_3650268_4336.csv::s1,user_neutral,2026-07-20 11:02:05.000
Sitara-1::conversation_3650268_4336.csv::s1,astro_other,2026-07-20 11:02:15.001
Sitara-1::conversation_3650268_4336.csv::s1,user_emotional_disclosure,2026-07-20 11:02:35.002
Sitara-1::conversation_3650268_4336.csv::s1,astro_callback_within,2026-07-20 11:02:41.003
Sitara-1::conversation_3650268_4336.csv::s1,user_disengaging,2026-07-20 11:02:58.004
Sitara-1::conversation_3650268_4336.csv::s1,astro_callback_within,2026-07-20 11:04:10.005
Sitara-1::conversation_3650268_4336.csv::s1,user_enthusiastic,2026-07-20 11:04:39.006
Sitara-1::conversation_3650268_4336.csv::s1,astro_callback_within,2026-07-20 11:04:50.007
Sitara-1::conversation_3650268_4336.csv::s1,astro_dated_prediction,2026-07-20 11:05:24.008
Sitara-1::conversation_3650268_4336.csv::s1,user_enthusiastic,2026-07-20 11:05:41.009
Sitara-1::conversation_3650268_4336.csv::s1,user_emotional_disclosure,2026-07-20 11:06:59.010
Sitara-1::conversation_3650268_4336.csv::s1,user_emotional_disclosure,2026-07-20 11:07:40.011
Sitara-1::conversation_3650268_4336.csv::s1,astro_callback_within,2026-07-20 11:07:44.012
Sitara-1::conversation_3650268_4336.csv::s1,astro_callback_within,2026-07-20 11:08:04.013
Sitara-1::conversation_3650268_4336.csv::s1,astro_callback_within,2026-07-20 11:08:23.014
Sitara-1::conversation_3650268_4336.csv::s1,user_neutral_factual,2026-07-20 11:08:40.015
Sitara-1::conversation_3650268_4336.csv::s1,astro_callback_within,2026-07-20 11:08:50.016
Sitara-1::conversation_3650268_4336.csv::s1,user_pushback,2026-07-20 11:08:53.017
Sitara-1::conversation_3650268_4336.csv::s1,astro_callback_within,2026-07-20 11:09:01.018
Sitara-1::conversation_3650268_4336.csv::s1,user_emotional_disclosure,2026-07-20 11:09:37.019
Sitara-1::conversation_3650268_4336.csv::s1,astro_dated_prediction,2026-07-20 11:09:45.020
Sitara-1::conversation_3650268_4336.csv::s1,user_neutral,2026-07-20 11:10:32.021
Sitara-1::conversation_3650268_4336.csv::s1,astro_callback_within,2026-07-20 11:10:40.022
Sitara-1::conversation_3650268_4336.csv::s1,user_neutral,2026-07-20 11:11:32.023
Sitara-1::conversation_3650268_4336.csv::s1,astro_callback_within,2026-07-20 11:11:40.024
Sitara-1::conversation_3650268_4336.csv::s1,user_neutral,2026-07-20 11:11:55.025
Sitara-1::conversation_3650268_4336.csv::s1,astro_callback_within,2026-07-20 11:12:03.026
Sitara-1::conversation_3650536_4336.csv::s1,user_neutral,2026-07-20 11:03:12.000
Sitara-1::conversation_3650536_4336.csv::s1,astro_other,2026-07-20 11:03:24.001
Sitara-1::conversation_3650536_4336.csv::s1,user_neutral_factual,2026-07-20 11:03:32.002
Sitara-1::conversation_3650536_4336.csv::s1,astro_callback_within,2026-07-20 11:03:44.003
Sitara-1::conversation_3650536_4336.csv::s1,user_neutral_factual,2026-07-20 11:03:56.004
Sitara-1::conversation_3650536_4336.csv::s1,astro_callback_within,2026-07-20 11:04:06.005
Sitara-1::conversation_3650536_4336.csv::s1,user_emotional_disclosure,2026-07-20 11:04:36.006
Sitara-1::conversation_3650536_4336.csv::s1,astro_callback_within,2026-07-20 11:04:45.007
Sitara-1::conversation_3650536_4336.csv::s1,astro_callback_within,2026-07-20 11:04:54.008
Sitara-1::conversation_3650536_4336.csv::s1,user_pushback,2026-07-20 11:05:06.009
Sitara-1::conversation_3650536_4336.csv::s1,astro_callback_within,2026-07-20 11:05:16.010
Sitara-1::conversation_3650536_4336.csv::s1,user_pushback,2026-07-20 11:05:37.011
Sitara-1::conversation_3650536_4336.csv::s1,astro_callback_within,2026-07-20 11:05:47.012
Sitara-1::conversation_3650536_4336.csv::s1,user_emotional_disclosure,2026-07-20 11:05:50.013
Sitara-1::conversation_3650536_4336.csv::s1,user_neutral_factual,2026-07-20 11:06:06.014
Sitara-1::conversation_3650536_4336.csv::s1,astro_callback_within,2026-07-20 11:06:06.015
Sitara-1::conversation_3650536_4336.csv::s1,user_neutral_factual,2026-07-20 11:06:14.016
Sitara-1::conversation_3650536_4336.csv::s1,astro_callback_within,2026-07-20 11:06:18.017
Sitara-1::conversation_3650536_4336.csv::s1,user_neutral_factual,2026-07-20 11:06:22.018
Sitara-1::conversation_3650536_4336.csv::s1,user_emotional_disclosure,2026-07-20 11:06:41.019
Sitara-1::conversation_3650536_4336.csv::s1,user_neutral_factual,2026-07-20 11:07:23.020
Sitara-1::conversation_3650536_4336.csv::s1,astro_callback_within,2026-07-20 11:08:09.021
Sitara-1::conversation_3650536_4336.csv::s1,astro_callback_within,2026-07-20 11:08:14.022
Sitara-1::conversation_3650536_4336.csv::s1,astro_callback_within,2026-07-20 11:08:42.023
Sitara-1::conversation_3650536_4336.csv::s2,user_neutral,2026-07-20 11:12:35.000
Sitara-1::conversation_3650536_4336.csv::s2,astro_callback_prior,2026-07-20 11:12:48.001
Sitara-1::conversation_3650536_4336.csv::s2,user_enthusiastic,2026-07-20 11:12:55.002
Sitara-1::conversation_3650536_4336.csv::s2,astro_callback_prior,2026-07-20 11:13:02.003
Sitara-1::conversation_3650536_4336.csv::s2,user_neutral_factual,2026-07-20 11:13:33.004
Sitara-1::conversation_3650536_4336.csv::s2,astro_callback_within,2026-07-20 11:13:40.005
Sitara-1::conversation_3650536_4336.csv::s2,user_neutral,2026-07-20 11:14:05.006
Sitara-1::conversation_3650536_4336.csv::s2,user_emotional_disclosure,2026-07-20 11:14:35.007
Sitara-1::conversation_3650536_4336.csv::s2,astro_callback_prior,2026-07-20 11:14:46.008
Sitara-1::conversation_3650536_4336.csv::s2,user_neutral_factual,2026-07-20 11:15:03.009
Sitara-1::conversation_3650536_4336.csv::s2,astro_callback_prior,2026-07-20 11:15:11.010
Sitara-1::conversation_3650536_4336.csv::s2,user_pushback,2026-07-20 11:15:31.011
Sitara-1::conversation_3650536_4336.csv::s2,astro_callback_within,2026-07-20 11:15:40.012
Sitara-1::conversation_3650536_4336.csv::s2,user_pushback,2026-07-20 11:16:00.013
Sitara-1::conversation_3650536_4336.csv::s2,astro_callback_within,2026-07-20 11:16:10.014
Sitara-1::conversation_3650536_4336.csv::s2,user_pushback,2026-07-20 11:16:22.015
Sitara-1::conversation_3650536_4336.csv::s2,astro_callback_within,2026-07-20 11:16:31.016
Sitara-1::conversation_3650536_4336.csv::s2,user_neutral_factual,2026-07-20 11:16:48.017
Sitara-1::conversation_3650536_4336.csv::s2,astro_dated_prediction,2026-07-20 11:16:56.018
Sitara-1::conversation_3650536_4336.csv::s2,user_neutral_factual,2026-07-20 11:17:06.019
Sitara-1::conversation_3650536_4336.csv::s2,astro_callback_within,2026-07-20 11:17:14.020
Sitara-1::conversation_3662855_4336.csv::s1,user_neutral,2026-07-20 18:20:24.000
Sitara-1::conversation_3662855_4336.csv::s1,astro_other,2026-07-20 18:20:30.001
Sitara-1::conversation_3662855_4336.csv::s1,user_neutral_factual,2026-07-20 18:20:43.002
Sitara-1::conversation_3662855_4336.csv::s1,astro_other,2026-07-20 18:20:50.003
Sitara-1::conversation_3662855_4336.csv::s1,user_neutral,2026-07-20 18:21:05.004
Sitara-1::conversation_3662855_4336.csv::s1,user_emotional_disclosure,2026-07-20 18:21:47.005
Sitara-1::conversation_3662855_4336.csv::s1,astro_validation,2026-07-20 18:21:59.006
Sitara-1::conversation_3662855_4336.csv::s1,astro_other,2026-07-20 18:22:28.007
Sitara-1::conversation_3662855_4336.csv::s1,user_emotional_disclosure,2026-07-20 18:22:50.008
Sitara-1::conversation_3662855_4336.csv::s1,astro_validation,2026-07-20 18:23:05.009
Sitara-1::conversation_3662855_4336.csv::s1,user_neutral_factual,2026-07-20 18:23:28.010
Sitara-1::conversation_3662855_4336.csv::s1,astro_reframe,2026-07-20 18:23:34.011
Sitara-1::conversation_3662855_4336.csv::s1,user_neutral_factual,2026-07-20 18:23:41.012
Sitara-1::conversation_3662855_4336.csv::s1,astro_validation,2026-07-20 18:24:04.013
Sitara-1::conversation_3662855_4336.csv::s1,user_emotional_disclosure,2026-07-20 18:24:06.014
Sitara-1::conversation_3662855_4336.csv::s1,astro_validation,2026-07-20 18:24:17.015
Sitara-1::conversation_3662855_4336.csv::s1,user_neutral_factual,2026-07-20 18:25:59.016
Sitara-1::conversation_3662855_4336.csv::s1,astro_other,2026-07-20 18:26:09.017
Sitara-1::conversation_3662855_4336.csv::s1,astro_other,2026-07-20 18:26:46.018
Sitara-1::conversation_3662855_4336.csv::s1,user_emotional_disclosure,2026-07-20 18:27:00.019
Sitara-1::conversation_3662855_4336.csv::s1,astro_validation,2026-07-20 18:27:10.020
Sitara-1::conversation_3662855_4336.csv::s1,user_neutral_factual,2026-07-20 18:27:50.021
Sitara-1::conversation_3662855_4336.csv::s1,astro_validation,2026-07-20 18:28:14.022
Sitara-1::conversation_3662855_4336.csv::s1,user_emotional_disclosure,2026-07-20 18:28:14.023
Sitara-1::conversation_3662855_4336.csv::s1,astro_validation,2026-07-20 18:28:28.024
Sitara-1::conversation_3662855_4336.csv::s1,user_emotional_disclosure,2026-07-20 18:28:57.025
Sitara-1::conversation_3662855_4336.csv::s1,astro_validation,2026-07-20 18:29:19.026
Sitara-1::conversation_3662855_4336.csv::s1,user_emotional_disclosure,2026-07-20 18:29:38.027
Sitara-1::conversation_3662855_4336.csv::s1,astro_validation,2026-07-20 18:29:50.028
Sitara-1::conversation_3662855_4336.csv::s1,user_emotional_disclosure,2026-07-20 18:30:09.029
Sitara-1::conversation_3662855_4336.csv::s1,astro_validation,2026-07-20 18:30:34.030
Sitara-1::conversation_3662855_4336.csv::s1,user_neutral,2026-07-20 18:30:46.031
Sitara-1::conversation_3662855_4336.csv::s1,astro_other,2026-07-20 18:31:33.032
Sitara-1::conversation_3662855_4336.csv::s1,user_emotional_disclosure,2026-07-20 18:33:03.033
Sitara-1::conversation_3662855_4336.csv::s1,astro_validation,2026-07-20 18:33:05.034
Sitara-1::conversation_3662855_4336.csv::s1,astro_validation,2026-07-20 18:33:42.035
Sitara-1::conversation_3662855_4336.csv::s1,user_emotional_disclosure,2026-07-20 18:33:47.036
Sitara-1::conversation_3662855_4336.csv::s1,astro_reframe,2026-07-20 18:34:13.037
Sitara-1::conversation_3662855_4336.csv::s1,user_emotional_disclosure,2026-07-20 18:34:24.038
Sitara-1::conversation_3662855_4336.csv::s1,astro_validation,2026-07-20 18:35:10.039
Sitara-1::conversation_3663533_4336.csv::s1,user_neutral,2026-07-20 18:33:29.000
Sitara-1::conversation_3663533_4336.csv::s1,user_neutral_factual,2026-07-20 18:33:54.001
Sitara-1::conversation_3663533_4336.csv::s1,astro_other,2026-07-20 18:34:00.002
Sitara-1::conversation_3663533_4336.csv::s1,user_neutral_factual,2026-07-20 18:34:11.003
Sitara-1::conversation_3663533_4336.csv::s1,user_neutral_factual,2026-07-20 18:34:13.004
Sitara-1::conversation_3663533_4336.csv::s1,user_neutral,2026-07-20 18:34:19.005
Sitara-1::conversation_3663533_4336.csv::s1,astro_other,2026-07-20 18:34:21.006
Sitara-1::conversation_3663533_4336.csv::s1,user_neutral,2026-07-20 18:34:27.007
Sitara-1::conversation_3663533_4336.csv::s1,astro_other,2026-07-20 18:34:32.008
Sitara-1::conversation_3663533_4336.csv::s1,user_emotional_disclosure,2026-07-20 18:34:33.009
Sitara-1::conversation_3663533_4336.csv::s1,astro_other,2026-07-20 18:34:39.010
Sitara-1::conversation_3663533_4336.csv::s1,user_neutral_factual,2026-07-20 18:34:47.011
Sitara-1::conversation_3663533_4336.csv::s1,user_neutral_factual,2026-07-20 18:34:54.012
Sitara-1::conversation_3663533_4336.csv::s1,user_neutral_factual,2026-07-20 18:35:02.013
Sitara-1::conversation_3663533_4336.csv::s1,astro_other,2026-07-20 18:35:02.014
Sitara-1::conversation_3663533_4336.csv::s1,user_emotional_disclosure,2026-07-20 18:35:12.015
Sitara-1::conversation_3663533_4336.csv::s1,astro_other,2026-07-20 18:35:19.016
Sitara-1::conversation_3663533_4336.csv::s1,user_neutral_factual,2026-07-20 18:35:32.017
Sitara-1::conversation_3663533_4336.csv::s1,user_neutral_factual,2026-07-20 18:35:34.018
Sitara-1::conversation_3663533_4336.csv::s1,user_emotional_disclosure,2026-07-20 18:35:39.019
Sitara-1::conversation_3663533_4336.csv::s1,astro_other,2026-07-20 18:35:40.020
Sitara-1::conversation_3663533_4336.csv::s1,astro_other,2026-07-20 18:35:47.021
Sitara-1::conversation_3663533_4336.csv::s1,user_emotional_disclosure,2026-07-20 18:36:00.022
Sitara-1::conversation_3663533_4336.csv::s1,astro_validation,2026-07-20 18:36:04.023
Sitara-1::conversation_3663533_4336.csv::s1,astro_validation,2026-07-20 18:36:10.024
Sitara-1::conversation_3663533_4336.csv::s1,user_emotional_disclosure,2026-07-20 18:36:14.025
Sitara-1::conversation_3663533_4336.csv::s1,astro_callback_within,2026-07-20 18:36:17.026
Sitara-1::conversation_3663533_4336.csv::s1,user_emotional_disclosure,2026-07-20 18:36:22.027
Sitara-1::conversation_3663533_4336.csv::s1,astro_validation,2026-07-20 18:36:31.028
Sitara-1::conversation_3663533_4336.csv::s1,astro_other,2026-07-20 18:36:37.029
Sitara-1::conversation_3663533_4336.csv::s1,astro_other,2026-07-20 18:36:42.030
Sitara-1::conversation_3663533_4336.csv::s1,user_neutral_factual,2026-07-20 18:36:42.031
Sitara-1::conversation_3663533_4336.csv::s1,astro_reframe,2026-07-20 18:36:49.032
Sitara-1::conversation_3663533_4336.csv::s1,astro_validation,2026-07-20 18:36:56.033
Sitara-1::conversation_3663533_4336.csv::s1,user_neutral_factual,2026-07-20 18:37:00.034
Sitara-1::conversation_3663533_4336.csv::s1,astro_validation,2026-07-20 18:37:02.035
Sitara-1::conversation_3663533_4336.csv::s1,astro_validation,2026-07-20 18:37:09.036
Sitara-1::conversation_3663533_4336.csv::s1,astro_reframe,2026-07-20 18:37:16.037
Sitara-1::conversation_3663533_4336.csv::s1,user_neutral_factual,2026-07-20 18:37:19.038
Sitara-1::conversation_3663533_4336.csv::s1,user_neutral_factual,2026-07-20 18:37:22.039
Sitara-1::conversation_3663533_4336.csv::s1,astro_callback_within,2026-07-20 18:37:22.040
Sitara-1::conversation_3663533_4336.csv::s1,astro_validation,2026-07-20 18:37:29.041
Sitara-1::conversation_3663533_4336.csv::s1,astro_validation,2026-07-20 18:37:34.042
Sitara-1::conversation_3663533_4336.csv::s1,astro_reframe,2026-07-20 18:37:43.043
Sitara-1::conversation_3663533_4336.csv::s1,astro_validation,2026-07-20 18:37:47.044
Sitara-1::conversation_3663533_4336.csv::s1,user_neutral_factual,2026-07-20 18:38:18.045
Sitara-1::conversation_3663533_4336.csv::s1,user_neutral_factual,2026-07-20 18:38:22.046
Sitara-1::conversation_3663533_4336.csv::s1,user_neutral,2026-07-20 18:38:25.047
Sitara-1::conversation_3663533_4336.csv::s1,astro_reframe,2026-07-20 18:38:27.048
Sitara-1::conversation_3663533_4336.csv::s1,astro_validation,2026-07-20 18:38:33.049
Sitara-1::conversation_3663533_4336.csv::s1,astro_other,2026-07-20 18:38:46.050
Sitara-1::conversation_3663916_4336.csv::s1,astro_other,2026-07-20 18:54:19.000
Sitara-1::conversation_3663916_4336.csv::s1,user_neutral_factual,2026-07-20 18:54:24.001
Sitara-1::conversation_3663916_4336.csv::s1,user_emotional_disclosure,2026-07-20 18:54:43.002
Sitara-1::conversation_3663916_4336.csv::s1,astro_validation,2026-07-20 18:54:48.003
Sitara-1::conversation_3663916_4336.csv::s1,astro_other,2026-07-20 18:54:50.004
Sitara-1::conversation_3663916_4336.csv::s1,user_neutral_factual,2026-07-20 18:54:52.005
Sitara-1::conversation_3663916_4336.csv::s1,astro_validation,2026-07-20 18:55:00.006
Sitara-1::conversation_3663916_4336.csv::s1,astro_other,2026-07-20 18:55:02.007
Sitara-1::conversation_3663916_4336.csv::s1,user_emotional_disclosure,2026-07-20 18:55:22.008
Sitara-1::conversation_3663916_4336.csv::s1,astro_validation,2026-07-20 18:55:27.009
Sitara-1::conversation_3663916_4336.csv::s1,astro_other,2026-07-20 18:55:29.010
Sitara-1::conversation_3663916_4336.csv::s1,user_emotional_disclosure,2026-07-20 18:55:43.011
Sitara-1::conversation_3663916_4336.csv::s1,astro_validation,2026-07-20 18:55:53.012
Sitara-1::conversation_3663916_4336.csv::s1,astro_other,2026-07-20 18:55:55.013
Sitara-1::conversation_3663916_4336.csv::s1,user_emotional_disclosure,2026-07-20 18:56:03.014
Sitara-1::conversation_3663916_4336.csv::s1,astro_validation,2026-07-20 18:56:09.015
Sitara-1::conversation_3663916_4336.csv::s1,user_neutral_factual,2026-07-20 18:56:12.016
Sitara-1::conversation_3663916_4336.csv::s1,astro_validation,2026-07-20 18:56:21.017
Sitara-1::conversation_3663916_4336.csv::s1,astro_other,2026-07-20 18:56:23.018
Sitara-1::conversation_3663916_4336.csv::s1,astro_other,2026-07-20 18:56:25.019
Sitara-1::conversation_3663916_4336.csv::s1,user_emotional_disclosure,2026-07-20 18:56:44.020
Sitara-1::conversation_3663916_4336.csv::s1,astro_validation,2026-07-20 18:56:50.021
Sitara-1::conversation_3663916_4336.csv::s1,astro_validation,2026-07-20 18:56:52.022
Sitara-1::conversation_3663916_4336.csv::s1,astro_other,2026-07-20 18:56:54.023
Sitara-1::conversation_3663916_4336.csv::s1,user_neutral_factual,2026-07-20 18:57:15.024
Sitara-1::conversation_3663916_4336.csv::s1,astro_validation,2026-07-20 18:57:20.025
Sitara-1::conversation_3663916_4336.csv::s1,user_neutral_factual,2026-07-20 18:57:21.026
Sitara-1::conversation_3663916_4336.csv::s1,astro_other,2026-07-20 18:57:22.027
Sitara-1::conversation_3663916_4336.csv::s1,astro_other,2026-07-20 18:57:24.028
Sitara-1::conversation_3663916_4336.csv::s1,astro_open_thread,2026-07-20 18:57:26.029
Sitara-1::conversation_3663916_4336.csv::s1,astro_callback_within,2026-07-20 18:57:33.030
Sitara-1::conversation_3663916_4336.csv::s1,astro_other,2026-07-20 18:57:35.031
Sitara-1::conversation_3663916_4336.csv::s1,astro_other,2026-07-20 18:57:37.032
Sitara-1::conversation_3663916_4336.csv::s1,astro_other,2026-07-20 18:57:39.033
Sitara-1::conversation_3663916_4336.csv::s1,user_neutral_factual,2026-07-20 18:57:50.034
Sitara-1::conversation_3663916_4336.csv::s1,astro_other,2026-07-20 18:57:59.035
Sitara-1::conversation_3663916_4336.csv::s1,user_emotional_disclosure,2026-07-20 18:58:56.036
Sitara-1::conversation_3663916_4336.csv::s1,astro_other,2026-07-20 18:59:02.037
Sitara-1::conversation_3663916_4336.csv::s1,astro_callback_within,2026-07-20 18:59:04.038
Sitara-1::conversation_3663916_4336.csv::s1,astro_callback_within,2026-07-20 18:59:06.039
Sitara-1::conversation_3663916_4336.csv::s1,user_neutral_factual,2026-07-20 18:59:13.040
Sitara-1::conversation_3663916_4336.csv::s1,astro_other,2026-07-20 18:59:20.041
Sitara-1::conversation_723109_4336.csv::s1,user_neutral,2026-07-20 14:22:08.000
Sitara-1::conversation_723109_4336.csv::s1,astro_other,2026-07-20 14:22:15.001
Sitara-1::conversation_723109_4336.csv::s1,user_neutral_factual,2026-07-20 14:22:20.002
Sitara-1::conversation_723109_4336.csv::s1,user_neutral_factual,2026-07-20 14:22:35.003
Sitara-1::conversation_723109_4336.csv::s1,astro_other,2026-07-20 14:22:42.004
Sitara-1::conversation_723109_4336.csv::s1,astro_callback_within,2026-07-20 14:22:56.005
Sitara-1::conversation_723109_4336.csv::s1,user_neutral_factual,2026-07-20 14:23:06.006
Sitara-1::conversation_723109_4336.csv::s1,astro_callback_within,2026-07-20 14:23:13.007
Sitara-1::conversation_723109_4336.csv::s1,user_neutral_factual,2026-07-20 14:23:17.008
Sitara-1::conversation_723109_4336.csv::s1,astro_other,2026-07-20 14:23:25.009
Sitara-1::conversation_723109_4336.csv::s1,user_neutral_factual,2026-07-20 14:23:55.010
Sitara-1::conversation_723109_4336.csv::s1,astro_validation,2026-07-20 14:24:04.011
Sitara-1::conversation_723109_4336.csv::s1,user_emotional_disclosure,2026-07-20 14:24:16.012
Sitara-1::conversation_723109_4336.csv::s1,astro_dated_prediction,2026-07-20 14:24:38.013
Sitara-1::conversation_723109_4336.csv::s1,user_neutral_factual,2026-07-20 14:24:48.014
Sitara-1::conversation_723109_4336.csv::s1,astro_callback_within,2026-07-20 14:25:02.015
Sitara-1::conversation_723109_4336.csv::s1,user_neutral_factual,2026-07-20 14:26:23.016
Sitara-1::conversation_723109_4336.csv::s1,user_enthusiastic,2026-07-20 14:26:32.017
Sitara-1::conversation_723109_4336.csv::s1,astro_callback_within,2026-07-20 14:26:39.018
Sitara-1::conversation_723109_4336.csv::s1,astro_other,2026-07-20 14:26:57.019
Sitara-1::conversation_723109_4336.csv::s1,user_enthusiastic,2026-07-20 14:27:14.020
Sitara-1::conversation_723109_4336.csv::s1,user_enthusiastic,2026-07-20 14:27:52.021
Sitara-1::conversation_723109_4336.csv::s1,astro_callback_within,2026-07-20 14:28:54.022
Sitara-1::conversation_723109_4336.csv::s1,astro_callback_within,2026-07-20 14:29:01.023
Sitara-1::conversation_723109_4336.csv::s1,user_neutral_factual,2026-07-20 14:29:15.024
Sitara-1::conversation_723109_4336.csv::s1,astro_other,2026-07-20 14:29:15.025
Sitara-1::conversation_723109_4336.csv::s1,astro_other,2026-07-20 14:29:27.026
Sitara-1::conversation_723109_4336.csv::s1,user_enthusiastic,2026-07-20 14:29:40.027
Sitara-1::conversation_723109_4336.csv::s1,astro_dated_prediction,2026-07-20 14:29:49.028
Sitara-1::conversation_723109_4336.csv::s1,user_emotional_disclosure,2026-07-20 14:31:13.029
Sitara-1::conversation_723109_4336.csv::s1,astro_callback_within,2026-07-20 14:31:23.030
Sitara-1::conversation_723109_4336.csv::s1,user_neutral_factual,2026-07-20 14:31:36.031
Sitara-1::conversation_723109_4336.csv::s1,astro_callback_within,2026-07-20 14:31:46.032
Sitara-1::conversation_723109_4336.csv::s1,user_neutral_factual,2026-07-20 14:31:56.033
Sitara-1::conversation_723109_4336.csv::s1,user_neutral_factual,2026-07-20 14:32:02.034
Sitara-1::conversation_723109_4336.csv::s1,astro_callback_within,2026-07-20 14:32:07.035
Sitara-1::conversation_723109_4336.csv::s1,astro_callback_within,2026-07-20 14:32:16.036
Sitara-1::conversation_723109_4336.csv::s1,user_neutral_factual,2026-07-20 14:32:34.037
Sitara-1::conversation_723109_4336.csv::s1,astro_callback_within,2026-07-20 14:32:48.038
Sitara-1::conversation_723109_4336.csv::s1,user_emotional_disclosure,2026-07-20 14:33:18.039
Sitara-1::conversation_723109_4336.csv::s1,astro_callback_within,2026-07-20 14:33:28.040
Sitara-1::conversation_723109_4336.csv::s1,user_neutral_factual,2026-07-20 14:33:57.041
Sitara-1::conversation_723109_4336.csv::s1,astro_callback_within,2026-07-20 14:34:12.042
Sitara-1::conversation_723109_4336.csv::s1,user_enthusiastic,2026-07-20 14:34:18.043
Sitara-1::conversation_723109_4336.csv::s1,astro_callback_within,2026-07-20 14:34:26.044
Sitara-1::conversation_723109_4336.csv::s1,user_neutral_factual,2026-07-20 14:34:35.045
Sitara-1::conversation_723109_4336.csv::s1,astro_reframe,2026-07-20 14:34:44.046
Sitara-1::conversation_723109_4336.csv::s1,user_neutral_factual,2026-07-20 14:34:51.047
Sitara-1::conversation_723109_4336.csv::s1,astro_other,2026-07-20 14:35:00.048
Sitara-1::conversation_723109_4336.csv::s1,user_emotional_disclosure,2026-07-20 14:35:12.049
Sitara-1::conversation_723109_4336.csv::s1,user_neutral_factual,2026-07-20 14:37:10.050
Sitara-1::conversation_723109_4336.csv::s1,astro_dated_prediction,2026-07-20 14:37:20.051
Sitara-1::conversation_723109_4336.csv::s1,user_enthusiastic,2026-07-20 14:37:48.052
Sitara-1::conversation_723109_4336.csv::s1,astro_dated_prediction,2026-07-20 14:37:58.053
Sitara-1::conversation_723109_4336.csv::s1,user_neutral_factual,2026-07-20 14:38:08.054
Sitara-1::conversation_723109_4336.csv::s1,astro_other,2026-07-20 14:38:16.055
Sitara-1::conversation_723109_4336.csv::s1,user_enthusiastic,2026-07-20 14:38:41.056
Sitara-1::conversation_723109_4336.csv::s1,astro_callback_within,2026-07-20 14:38:50.057
Sitara-1::conversation_723109_4336.csv::s1,user_neutral_factual,2026-07-20 14:39:00.058
Sitara-1::conversation_723109_4336.csv::s1,astro_callback_within,2026-07-20 14:39:08.059
Sitara-1::conversation_723109_4336.csv::s1,user_neutral_factual,2026-07-20 14:39:18.060
Sitara-1::conversation_723109_4336.csv::s1,astro_other,2026-07-20 14:39:26.061
Sitara-1::conversation_723109_4336.csv::s1,user_enthusiastic,2026-07-20 14:39:44.062
Sitara-1::conversation_723109_4336.csv::s1,astro_dated_prediction,2026-07-20 14:40:08.063
Sitara-1::conversation_723109_4336.csv::s1,user_pushback,2026-07-20 14:41:01.064
Sitara-1::conversation_723109_4336.csv::s1,astro_dated_prediction,2026-07-20 14:41:09.065
Sitara-1::conversation_723109_4336.csv::s1,user_neutral_factual,2026-07-20 14:41:18.066
Sitara-1::conversation_723109_4336.csv::s1,astro_dated_prediction,2026-07-20 14:41:27.067
Sitara-1::conversation_723109_4336.csv::s1,user_enthusiastic,2026-07-20 14:41:38.068
Sitara-1::conversation_723109_4336.csv::s1,user_enthusiastic,2026-07-20 14:41:46.069
Sitara-1::conversation_723109_4336.csv::s1,astro_callback_within,2026-07-20 14:42:05.070
Sitara-1::conversation_806869_4336.csv::s1,user_neutral,2026-07-16 16:18:42.000
Sitara-1::conversation_806869_4336.csv::s1,astro_other,2026-07-16 16:18:52.001
Sitara-1::conversation_806869_4336.csv::s1,user_neutral_factual,2026-07-16 16:18:57.002
Sitara-1::conversation_806869_4336.csv::s1,astro_callback_within,2026-07-16 16:19:05.003
Sitara-1::conversation_806869_4336.csv::s1,user_emotional_disclosure,2026-07-16 16:19:16.004
Sitara-1::conversation_806869_4336.csv::s1,user_emotional_disclosure,2026-07-16 16:19:50.005
Sitara-1::conversation_806869_4336.csv::s1,user_emotional_disclosure,2026-07-16 16:20:15.006
Sitara-1::conversation_806869_4336.csv::s1,astro_callback_within,2026-07-16 16:20:22.007
Sitara-1::conversation_806869_4336.csv::s1,user_emotional_disclosure,2026-07-16 16:20:26.008
Sitara-1::conversation_806869_4336.csv::s1,astro_other,2026-07-16 16:20:30.009
Sitara-1::conversation_806869_4336.csv::s1,astro_dated_prediction,2026-07-16 16:20:31.010
Sitara-1::conversation_806869_4336.csv::s1,astro_other,2026-07-16 16:20:32.011
Sitara-1::conversation_806869_4336.csv::s1,user_neutral_factual,2026-07-16 16:20:41.012
Sitara-1::conversation_806869_4336.csv::s1,user_emotional_disclosure,2026-07-16 16:21:04.013
Sitara-1::conversation_806869_4336.csv::s1,astro_callback_within,2026-07-16 16:21:09.014
Sitara-1::conversation_806869_4336.csv::s1,user_neutral_factual,2026-07-16 16:21:17.015
Sitara-1::conversation_806869_4336.csv::s1,astro_callback_within,2026-07-16 16:21:37.016
Sitara-1::conversation_806869_4336.csv::s1,astro_dated_prediction,2026-07-16 16:21:39.017
Sitara-1::conversation_806869_4336.csv::s1,user_enthusiastic,2026-07-16 16:22:31.018
Sitara-1::conversation_806869_4336.csv::s1,astro_other,2026-07-16 16:22:37.019
Sitara-1::conversation_806869_4336.csv::s1,user_disengaging,2026-07-16 16:23:05.020
Sitara-1::conversation_806869_4336.csv::s1,astro_other,2026-07-16 16:23:10.021
Sitara-1::conversation_806869_4336.csv::s1,user_enthusiastic,2026-07-16 16:23:17.022
Sitara-1::conversation_806869_4336.csv::s1,astro_other,2026-07-16 16:23:29.023
Sitara-1::conversation_806869_4336.csv::s1,user_emotional_disclosure,2026-07-16 16:23:57.024
Sitara-1::conversation_806869_4336.csv::s1,astro_dated_prediction,2026-07-16 16:23:59.025
Sitara-1::conversation_806869_4336.csv::s1,user_emotional_disclosure,2026-07-16 16:24:03.026
Sitara-1::conversation_806869_4336.csv::s1,astro_callback_within,2026-07-16 16:24:11.027
Sitara-1::conversation_806869_4336.csv::s1,user_enthusiastic,2026-07-16 16:24:25.028
Sitara-1::conversation_806869_4336.csv::s1,astro_callback_within,2026-07-16 16:24:26.029
Sitara-1::conversation_806869_4336.csv::s1,astro_other,2026-07-16 16:24:33.030
Sitara-1::conversation_806869_4336.csv::s1,user_neutral_factual,2026-07-16 16:24:41.031
Sitara-1::conversation_806869_4336.csv::s1,user_emotional_disclosure,2026-07-16 16:24:53.032
Sitara-1::conversation_806869_4336.csv::s1,astro_callback_within,2026-07-16 16:24:56.033
Sitara-1::conversation_806869_4336.csv::s1,astro_other,2026-07-16 16:24:58.034
Sitara-1::conversation_806869_4336.csv::s1,astro_callback_within,2026-07-16 16:25:04.035
Sitara-1::conversation_806869_4336.csv::s1,user_enthusiastic,2026-07-16 16:25:13.036
Sitara-1::conversation_806869_4336.csv::s1,astro_other,2026-07-16 16:25:21.037
Sitara-1::conversation_806869_4336.csv::s1,astro_other,2026-07-16 16:25:23.038
Sitara-1::conversation_806869_4336.csv::s1,user_emotional_disclosure,2026-07-16 16:25:48.039
Sitara-1::conversation_806869_4336.csv::s1,astro_callback_within,2026-07-16 16:25:54.040
Sitara-1::conversation_806869_4336.csv::s1,astro_other,2026-07-16 16:25:57.041
Sitara-1::conversation_806869_4336.csv::s1,user_enthusiastic,2026-07-16 16:26:00.042
Sitara-1::conversation_806869_4336.csv::s1,user_enthusiastic,2026-07-16 16:26:14.043
Sitara-1::conversation_806869_4336.csv::s1,astro_callback_within,2026-07-16 16:26:19.044
Sitara-1::conversation_806869_4336.csv::s1,astro_other,2026-07-16 16:26:21.045
Sitara-1::conversation_806869_4336.csv::s1,user_emotional_disclosure,2026-07-16 16:26:39.046
Sitara-1::conversation_806869_4336.csv::s1,user_enthusiastic,2026-07-16 16:26:50.047
Sitara-1::conversation_806869_4336.csv::s1,astro_other,2026-07-16 16:26:56.048
Sitara-1::conversation_806869_4336.csv::s1,astro_other,2026-07-16 16:26:58.049
Sitara-1::conversation_806869_4336.csv::s1,user_emotional_disclosure,2026-07-16 16:28:16.050
Sitara-1::conversation_806869_4336.csv::s1,astro_callback_within,2026-07-16 16:28:22.051
Sitara-1::conversation_806869_4336.csv::s1,user_enthusiastic,2026-07-16 16:28:43.052
Sitara-1::conversation_806869_4336.csv::s1,astro_callback_within,2026-07-16 16:28:51.053
Sitara-1::conversation_806869_4336.csv::s1,user_enthusiastic,2026-07-16 16:28:59.054
Sitara-1::conversation_806869_4336.csv::s1,astro_other,2026-07-16 16:29:13.055
Sitara-1::conversation_806869_4336.csv::s1,user_enthusiastic,2026-07-16 16:29:14.056
Sitara-1::conversation_806869_4336.csv::s1,user_enthusiastic,2026-07-16 16:29:32.057
Sitara-1::conversation_806869_4336.csv::s1,user_enthusiastic,2026-07-16 16:29:57.058
Sitara-1::conversation_806869_4336.csv::s1,astro_callback_within,2026-07-16 16:30:04.059
Sitara-1::conversation_806869_4336.csv::s1,user_enthusiastic,2026-07-16 16:30:05.060
Sitara-1::conversation_806869_4336.csv::s1,astro_other,2026-07-16 16:30:21.061
Sitara-1::conversation_806869_4336.csv::s1,astro_open_thread,2026-07-16 16:30:23.062
Sitara-1::conversation_806869_4336.csv::s1,astro_other,2026-07-16 16:30:38.063
Sitara-1::conversation_806869_4336.csv::s1,astro_open_thread,2026-07-16 16:30:40.064
Sitara-1::conversation_806869_4336.csv::s1,user_enthusiastic,2026-07-16 16:30:40.065
Sitara-1::conversation_806869_4336.csv::s1,astro_callback_within,2026-07-16 16:30:51.066
Sitara-1::conversation_806869_4336.csv::s1,user_enthusiastic,2026-07-16 16:30:53.067
Sitara-1::conversation_806869_4336.csv::s1,user_enthusiastic,2026-07-16 16:30:54.068
Sitara-1::conversation_806869_4336.csv::s1,astro_other,2026-07-16 16:31:09.069
Sitara-1::conversation_806869_4336.csv::s1,astro_callback_within,2026-07-16 16:31:11.070
Sitara-1::conversation_806869_4336.csv::s1,astro_callback_within,2026-07-16 16:31:18.071
Sitara-1::conversation_806869_4336.csv::s1,astro_other,2026-07-16 16:31:28.072
Sitara-1::conversation_806869_4336.csv::s1,astro_open_thread,2026-07-16 16:31:53.073
Sitara-1::conversation_806869_4336.csv::s1,user_enthusiastic,2026-07-16 16:31:56.074
Sitara-1::conversation_806869_4336.csv::s1,astro_callback_within,2026-07-16 16:32:21.075
Sitara-1::conversation_806869_4336.csv::s1,astro_other,2026-07-16 16:32:23.076
Sitara-1::conversation_806869_4336.csv::s1,user_emotional_disclosure,2026-07-16 16:32:38.077
Sitara-1::conversation_806869_4336.csv::s1,astro_dated_prediction,2026-07-16 16:32:45.078
Sitara-1::conversation_806869_4336.csv::s1,user_enthusiastic,2026-07-16 16:32:58.079
Sitara-1::conversation_806869_4336.csv::s1,user_enthusiastic,2026-07-16 16:33:00.080
Sitara-1::conversation_806869_4336.csv::s1,astro_callback_within,2026-07-16 16:33:04.081
Sitara-1::conversation_806869_4336.csv::s1,astro_reframe,2026-07-16 16:33:23.082
Sitara-1::conversation_806869_4336.csv::s1,astro_reframe,2026-07-16 16:33:51.083
Sitara-1::conversation_888636_4336.csv::s1,user_neutral,2026-07-17 11:41:00.000
Sitara-1::conversation_888636_4336.csv::s1,astro_other,2026-07-17 11:41:15.001
Sitara-1::conversation_888636_4336.csv::s1,astro_other,2026-07-17 11:41:30.002
Sitara-1::conversation_888636_4336.csv::s1,user_neutral_factual,2026-07-17 11:41:38.003
Sitara-1::conversation_888636_4336.csv::s1,astro_callback_within,2026-07-17 11:41:53.004
Sitara-1::conversation_888636_4336.csv::s1,user_emotional_disclosure,2026-07-17 11:42:02.005
Sitara-1::conversation_888636_4336.csv::s1,astro_callback_within,2026-07-17 11:42:07.006
Sitara-1::conversation_888636_4336.csv::s1,user_emotional_disclosure,2026-07-17 11:42:47.007
Sitara-1::conversation_888636_4336.csv::s1,astro_dated_prediction,2026-07-17 11:42:49.008
Sitara-1::conversation_888636_4336.csv::s1,user_disengaging,2026-07-17 11:42:50.009
Sitara-1::conversation_888636_4336.csv::s1,astro_dated_prediction,2026-07-17 11:42:57.010
Sitara-1::conversation_888636_4336.csv::s1,astro_dated_prediction,2026-07-17 11:43:06.011
Sitara-1::conversation_888636_4336.csv::s1,astro_other,2026-07-17 11:43:17.012
Sitara-1::conversation_888636_4336.csv::s1,astro_other,2026-07-17 11:43:19.013
Sitara-1::conversation_888636_4336.csv::s1,astro_callback_within,2026-07-17 11:43:45.014
Sitara-1::conversation_888636_4336.csv::s1,astro_other,2026-07-17 11:43:47.015
Sitara-1::conversation_888636_4336.csv::s1,astro_callback_within,2026-07-17 11:43:52.016
Sitara-1::conversation_888636_4336.csv::s1,user_neutral_factual,2026-07-17 11:43:59.017
Sitara-1::conversation_888636_4336.csv::s1,astro_callback_within,2026-07-17 11:44:04.018
Sitara-1::conversation_888636_4336.csv::s1,user_neutral_factual,2026-07-17 11:44:12.019
Sitara-1::conversation_888636_4336.csv::s1,astro_other,2026-07-17 11:44:17.020
Sitara-1::conversation_888636_4336.csv::s1,astro_other,2026-07-17 11:44:19.021
Sitara-1::conversation_888636_4336.csv::s1,user_enthusiastic,2026-07-17 11:44:36.022
Sitara-1::conversation_888636_4336.csv::s1,astro_dated_prediction,2026-07-17 11:44:41.023
Sitara-1::conversation_888636_4336.csv::s1,user_enthusiastic,2026-07-17 11:44:59.024
Sitara-1::conversation_888636_4336.csv::s1,astro_callback_within,2026-07-17 11:45:05.025
Sitara-1::conversation_888636_4336.csv::s1,astro_callback_within,2026-07-17 11:45:07.026
Sitara-1::conversation_888636_4336.csv::s1,user_neutral_factual,2026-07-17 11:45:11.027
Sitara-1::conversation_888636_4336.csv::s1,astro_dated_prediction,2026-07-17 11:45:16.028
Sitara-1::conversation_888636_4336.csv::s1,astro_callback_within,2026-07-17 11:45:30.029
Sitara-1::conversation_888636_4336.csv::s1,user_emotional_disclosure,2026-07-17 11:45:43.030
Sitara-1::conversation_888636_4336.csv::s1,astro_callback_within,2026-07-17 11:45:48.031
Sitara-1::conversation_888636_4336.csv::s1,user_neutral_factual,2026-07-17 11:45:54.032
Sitara-1::conversation_888636_4336.csv::s1,astro_callback_within,2026-07-17 11:45:59.033
Sitara-1::conversation_888636_4336.csv::s1,user_emotional_disclosure,2026-07-17 11:46:06.034
Sitara-1::conversation_888636_4336.csv::s1,astro_callback_within,2026-07-17 11:46:11.035
Sitara-1::conversation_888636_4336.csv::s1,user_neutral_factual,2026-07-17 11:46:17.036
Sitara-1::conversation_888636_4336.csv::s1,astro_callback_within,2026-07-17 11:46:22.037
Sitara-1::conversation_888636_4336.csv::s1,user_enthusiastic,2026-07-17 11:46:32.038
Sitara-1::conversation_888636_4336.csv::s1,user_enthusiastic,2026-07-17 11:46:35.039
Sitara-1::conversation_888636_4336.csv::s1,astro_callback_within,2026-07-17 11:46:36.040
Sitara-1::conversation_888636_4336.csv::s1,user_neutral_factual,2026-07-17 11:46:43.041
Sitara-1::conversation_888636_4336.csv::s1,astro_dated_prediction,2026-07-17 11:46:48.042
Sitara-1::conversation_888636_4336.csv::s1,user_neutral_factual,2026-07-17 11:46:56.043
Sitara-1::conversation_888636_4336.csv::s1,astro_callback_within,2026-07-17 11:47:04.044
Sitara-1::conversation_888636_4336.csv::s1,user_neutral_factual,2026-07-17 11:47:14.045
Sitara-1::conversation_888636_4336.csv::s1,user_neutral_factual,2026-07-17 11:47:25.046
Sitara-1::conversation_888636_4336.csv::s1,astro_other,2026-07-17 11:47:32.047
Sitara-1::conversation_888636_4336.csv::s1,user_neutral,2026-07-17 11:47:46.048
Sitara-1::conversation_888636_4336.csv::s1,astro_open_thread,2026-07-17 11:47:50.049
Sitara-1::conversation_888636_4336.csv::s1,user_enthusiastic,2026-07-17 11:48:13.050
Sitara-1::conversation_888636_4336.csv::s1,astro_callback_within,2026-07-17 11:48:18.051
Sitara-1::conversation_888636_4336.csv::s1,astro_callback_within,2026-07-17 11:48:20.052
Sitara-1::conversation_888636_4336.csv::s1,user_pushback,2026-07-17 11:48:31.053
Sitara-1::conversation_888636_4336.csv::s1,astro_callback_within,2026-07-17 11:48:36.054
Sitara-1::conversation_888636_4336.csv::s1,user_pushback,2026-07-17 11:48:48.055
Sitara-1::conversation_888636_4336.csv::s1,astro_reframe,2026-07-17 11:48:52.056
Sitara-1::conversation_888636_4336.csv::s1,user_pushback,2026-07-17 11:48:55.057
Sitara-1::conversation_888636_4336.csv::s1,astro_callback_within,2026-07-17 11:48:55.058
Sitara-1::conversation_888636_4336.csv::s1,astro_callback_within,2026-07-17 11:48:57.059
Sitara-1::conversation_888636_4336.csv::s1,astro_open_thread,2026-07-17 11:49:08.060
Sitara-1::conversation_905636_4336.csv::s1,user_neutral,2026-07-17 17:48:47.000
Sitara-1::conversation_905636_4336.csv::s1,astro_other,2026-07-17 17:48:52.001
Sitara-1::conversation_905636_4336.csv::s1,user_neutral_factual,2026-07-17 17:49:01.002
Sitara-1::conversation_905636_4336.csv::s1,astro_other,2026-07-17 17:49:09.003
Sitara-1::conversation_905636_4336.csv::s1,user_emotional_disclosure,2026-07-17 17:49:41.004
Sitara-1::conversation_905636_4336.csv::s1,astro_callback_within,2026-07-17 17:49:47.005
Sitara-1::conversation_905636_4336.csv::s1,user_neutral_factual,2026-07-17 17:49:56.006
Sitara-1::conversation_905636_4336.csv::s1,astro_other,2026-07-17 17:50:02.007
Sitara-1::conversation_905636_4336.csv::s1,astro_other,2026-07-17 17:50:04.008
Sitara-1::conversation_905636_4336.csv::s1,user_enthusiastic,2026-07-17 17:50:14.009
Sitara-1::conversation_905636_4336.csv::s1,astro_callback_within,2026-07-17 17:50:19.010
Sitara-1::conversation_905636_4336.csv::s1,astro_callback_within,2026-07-17 17:50:21.011
Sitara-1::conversation_905636_4336.csv::s1,astro_callback_within,2026-07-17 17:50:35.012
Sitara-1::conversation_905636_4336.csv::s1,user_neutral_factual,2026-07-17 17:50:44.013
Sitara-1::conversation_905636_4336.csv::s1,astro_dated_prediction,2026-07-17 17:50:49.014
Sitara-1::conversation_905636_4336.csv::s1,user_enthusiastic,2026-07-17 17:51:08.015
Sitara-1::conversation_905636_4336.csv::s1,astro_dated_prediction,2026-07-17 17:51:15.016
Sitara-1::conversation_905636_4336.csv::s1,astro_other,2026-07-17 17:51:17.017
Sitara-1::conversation_905636_4336.csv::s1,user_neutral_factual,2026-07-17 17:51:36.018
Sitara-1::conversation_905636_4336.csv::s1,astro_callback_within,2026-07-17 17:51:43.019
Sitara-1::conversation_905636_4336.csv::s1,user_enthusiastic,2026-07-17 17:51:49.020
Sitara-1::conversation_905636_4336.csv::s1,astro_other,2026-07-17 17:51:56.021
Sitara-1::conversation_905636_4336.csv::s1,astro_callback_within,2026-07-17 17:52:07.022
Sitara-1::conversation_905636_4336.csv::s1,user_enthusiastic,2026-07-17 17:52:19.023
Sitara-1::conversation_905636_4336.csv::s1,astro_callback_within,2026-07-17 17:52:25.024
Sitara-1::conversation_905636_4336.csv::s1,astro_callback_within,2026-07-17 17:52:27.025
Sitara-1::conversation_905636_4336.csv::s1,user_enthusiastic,2026-07-17 17:52:33.026
Sitara-1::conversation_905636_4336.csv::s1,astro_callback_within,2026-07-17 17:52:41.027
Sitara-1::conversation_905636_4336.csv::s1,astro_callback_within,2026-07-17 17:52:43.028
Sitara-1::conversation_905636_4336.csv::s1,user_enthusiastic,2026-07-17 17:52:51.029
Sitara-1::conversation_905636_4336.csv::s1,astro_callback_within,2026-07-17 17:52:58.030
Sitara-1::conversation_905636_4336.csv::s1,astro_callback_within,2026-07-17 17:53:17.031
Sitara-1::conversation_905636_4336.csv::s1,user_enthusiastic,2026-07-17 17:53:28.032
Sitara-1::conversation_905636_4336.csv::s1,astro_callback_within,2026-07-17 17:53:34.033
Sitara-1::conversation_905636_4336.csv::s1,user_enthusiastic,2026-07-17 17:53:42.034
Sitara-1::conversation_905636_4336.csv::s1,astro_callback_within,2026-07-17 17:53:49.035
Sitara-1::conversation_905636_4336.csv::s2,user_neutral,2026-07-17 18:00:55.000
Sitara-1::conversation_905636_4336.csv::s2,astro_other,2026-07-17 18:01:10.001
Sitara-1::conversation_905636_4336.csv::s2,user_emotional_disclosure,2026-07-17 18:01:29.002
Sitara-1::conversation_905636_4336.csv::s2,astro_other,2026-07-17 18:01:34.003
Sitara-1::conversation_905636_4336.csv::s2,astro_other,2026-07-17 18:01:50.004
Sitara-1::conversation_905636_4336.csv::s2,user_neutral_factual,2026-07-17 18:02:05.005
Sitara-1::conversation_905636_4336.csv::s2,astro_callback_prior,2026-07-17 18:02:14.006
Sitara-1::conversation_905636_4336.csv::s2,astro_dated_prediction,2026-07-17 18:02:25.007
Sitara-1::conversation_905636_4336.csv::s2,astro_other,2026-07-17 18:02:27.008
Sitara-1::conversation_905636_4336.csv::s2,user_enthusiastic,2026-07-17 18:02:35.009
Sitara-1::conversation_905636_4336.csv::s2,astro_callback_prior,2026-07-17 18:02:41.010
Sitara-1::conversation_905636_4336.csv::s2,astro_other,2026-07-17 18:02:43.011
Sitara-1::conversation_905636_4336.csv::s2,user_pushback,2026-07-17 18:03:18.012
Sitara-1::conversation_905636_4336.csv::s2,astro_callback_prior,2026-07-17 18:03:27.013
Sitara-1::conversation_905636_4336.csv::s2,astro_callback_within,2026-07-17 18:03:29.014
Sitara-1::conversation_905636_4336.csv::s2,user_emotional_disclosure,2026-07-17 18:03:35.015
Sitara-1::conversation_905636_4336.csv::s2,astro_other,2026-07-17 18:03:44.016
Sitara-1::conversation_905636_4336.csv::s2,astro_other,2026-07-17 18:04:16.017
Sitara-1::conversation_905636_4336.csv::s2,astro_callback_within,2026-07-17 18:04:30.018
Sitara-1::conversation_905636_4336.csv::s2,user_emotional_disclosure,2026-07-17 18:04:35.019
Sitara-1::conversation_905636_4336.csv::s2,astro_callback_within,2026-07-17 18:04:42.020
Sitara-1::conversation_905636_4336.csv::s2,astro_dated_prediction,2026-07-17 18:04:44.021
Sitara-1::conversation_905636_4336.csv::s2,user_neutral_factual,2026-07-17 18:04:51.022
Sitara-1::conversation_905636_4336.csv::s2,astro_other,2026-07-17 18:05:07.023
Sitara-1::conversation_905636_4336.csv::s2,user_neutral_factual,2026-07-17 18:05:14.024
Sitara-1::conversation_905636_4336.csv::s2,astro_other,2026-07-17 18:05:20.025
Sitara-1::conversation_905636_4336.csv::s2,astro_callback_within,2026-07-17 18:05:35.026
Sitara-1::conversation_905636_4336.csv::s2,user_neutral_factual,2026-07-17 18:05:44.027
Sitara-1::conversation_905636_4336.csv::s2,astro_callback_within,2026-07-17 18:05:50.028
Sitara-1::conversation_905636_4336.csv::s2,astro_callback_within,2026-07-17 18:05:52.029
Sitara-1::conversation_905636_4336.csv::s2,user_pushback,2026-07-17 18:06:06.030
Sitara-1::conversation_905636_4336.csv::s2,astro_callback_prior,2026-07-17 18:06:11.031
Sitara-1::conversation_905636_4336.csv::s2,user_pushback,2026-07-17 18:06:19.032
Sitara-1::conversation_905636_4336.csv::s2,astro_callback_within,2026-07-17 18:06:25.033
Sitara-1::conversation_905636_4336.csv::s2,astro_callback_within,2026-07-17 18:06:27.034
Sitara-1::conversation_905636_4336.csv::s2,user_neutral_factual,2026-07-17 18:06:34.035
Sitara-1::conversation_905636_4336.csv::s2,user_enthusiastic,2026-07-17 18:06:38.036
Sitara-1::conversation_905636_4336.csv::s2,astro_callback_within,2026-07-17 18:06:39.037
Sitara-1::conversation_905636_4336.csv::s2,astro_other,2026-07-17 18:06:41.038
Sitara-1::conversation_905636_4336.csv::s2,astro_callback_prior,2026-07-17 18:06:47.039
Sitara-1::conversation_905636_4336.csv::s2,user_neutral_factual,2026-07-17 18:06:54.040
Sitara-1::conversation_905636_4336.csv::s2,astro_callback_within,2026-07-17 18:07:05.041
Sitara-1::conversation_905636_4336.csv::s2,user_enthusiastic,2026-07-17 18:07:17.042
Sitara-1::conversation_905636_4336.csv::s2,astro_callback_within,2026-07-17 18:07:22.043
Sitara-1::conversation_905636_4336.csv::s2,astro_callback_within,2026-07-17 18:07:25.044
Sitara-1::conversation_905636_4336.csv::s2,user_enthusiastic,2026-07-17 18:07:28.045
Sitara-1::conversation_905636_4336.csv::s2,astro_callback_prior,2026-07-17 18:07:33.046
Sitara-1::conversation_905636_4336.csv::s2,user_enthusiastic,2026-07-17 18:07:54.047
Sitara-1::conversation_905636_4336.csv::s2,astro_callback_prior,2026-07-17 18:08:00.048
Sitara-1::conversation_905636_4336.csv::s2,astro_callback_within,2026-07-17 18:08:02.049
Sitara-1::conversation_905636_4336.csv::s2,user_enthusiastic,2026-07-17 18:08:05.050
Sitara-1::conversation_905636_4336.csv::s2,astro_dated_prediction,2026-07-17 18:08:11.051
Sitara-1::conversation_905636_4336.csv::s2,astro_other,2026-07-17 18:08:13.052
Sitara-1::conversation_905636_4336.csv::s2,user_enthusiastic,2026-07-17 18:08:25.053
Sitara-1::conversation_905636_4336.csv::s2,astro_dated_prediction,2026-07-17 18:08:31.054
Sitara-1::conversation_905636_4336.csv::s2,astro_callback_within,2026-07-17 18:08:33.055
Sitara-1::conversation_905636_4336.csv::s2,user_neutral_factual,2026-07-17 18:08:42.056
Sitara-1::conversation_905636_4336.csv::s2,astro_reframe,2026-07-17 18:08:50.057
Sitara-1::conversation_905636_4336.csv::s2,astro_other,2026-07-17 18:08:52.058
Sitara-1::conversation_905636_4336.csv::s2,user_emotional_disclosure,2026-07-17 18:08:54.059
Sitara-1::conversation_905636_4336.csv::s2,astro_callback_within,2026-07-17 18:08:59.060
Sitara-1::conversation_905636_4336.csv::s2,astro_callback_within,2026-07-17 18:09:01.061
Sitara-1::conversation_905636_4336.csv::s2,user_emotional_disclosure,2026-07-17 18:09:17.062
Sitara-1::conversation_905636_4336.csv::s2,astro_callback_within,2026-07-17 18:09:27.063
Sitara-1::conversation_905636_4336.csv::s2,user_emotional_disclosure,2026-07-17 18:09:29.064
Sitara-1::conversation_905636_4336.csv::s2,astro_callback_within,2026-07-17 18:09:43.065
Sitara-1::conversation_905636_4336.csv::s2,user_enthusiastic,2026-07-17 18:09:50.066
Sitara-1::conversation_905636_4336.csv::s2,astro_callback_within,2026-07-17 18:09:55.067
Sitara-1::conversation_905636_4336.csv::s2,astro_callback_within,2026-07-17 18:09:57.068
Sitara-1::conversation_905636_4336.csv::s2,user_pushback,2026-07-17 18:10:22.069
Sitara-1::conversation_905636_4336.csv::s2,astro_callback_within,2026-07-17 18:10:28.070
Sitara-1::conversation_905636_4336.csv::s2,user_emotional_disclosure,2026-07-17 18:10:45.071
Sitara-1::conversation_905636_4336.csv::s2,astro_callback_prior,2026-07-17 18:10:50.072
Sitara-1::conversation_905636_4336.csv::s2,astro_callback_prior,2026-07-17 18:11:08.073
Sitara-1::conversation_905636_4336.csv::s2,user_emotional_disclosure,2026-07-17 18:11:14.074
Sitara-1::conversation_905636_4336.csv::s2,astro_callback_prior,2026-07-17 18:11:21.075
Sitara-1::conversation_905636_4336.csv::s2,astro_callback_within,2026-07-17 18:11:42.076
Sitara-1::conversation_905636_4336.csv::s2,astro_dated_prediction,2026-07-17 18:12:12.077
Sitara-1::conversation_905636_4336.csv::s2,astro_callback_within,2026-07-17 18:12:14.078
Sitara-1::conversation_905636_4336.csv::s2,astro_callback_within,2026-07-17 18:12:29.079
Sitara-1::conversation_905636_4336.csv::s2,user_pushback,2026-07-17 18:12:36.080
Sitara-1::conversation_905636_4336.csv::s2,astro_callback_within,2026-07-17 18:12:41.081
Sitara-1::conversation_905636_4336.csv::s2,user_pushback,2026-07-17 18:12:46.082
Sitara-1::conversation_905636_4336.csv::s2,astro_callback_within,2026-07-17 18:12:52.083
Sitara-1::conversation_905636_4336.csv::s2,user_pushback,2026-07-17 18:12:57.084
Sitara-1::conversation_905636_4336.csv::s2,astro_callback_within,2026-07-17 18:13:03.085
Sitara-1::conversation_905636_4336.csv::s2,user_pushback,2026-07-17 18:13:11.086
Sitara-1::conversation_905636_4336.csv::s2,astro_callback_within,2026-07-17 18:13:17.087
Sitara-1::conversation_905636_4336.csv::s2,user_pushback,2026-07-17 18:13:24.088
Sitara-1::conversation_905636_4336.csv::s2,astro_callback_within,2026-07-17 18:13:29.089
Sitara-1::conversation_905636_4336.csv::s2,user_pushback,2026-07-17 18:13:48.090
Sitara-1::conversation_905636_4336.csv::s2,astro_callback_within,2026-07-17 18:13:54.091
Sitara-1::conversation_905636_4336.csv::s2,user_pushback,2026-07-17 18:14:01.092
Sitara-1::conversation_905636_4336.csv::s2,astro_callback_within,2026-07-17 18:14:06.093
Sitara-1::conversation_905636_4336.csv::s2,user_enthusiastic,2026-07-17 18:14:13.094
Sitara-1::conversation_905636_4336.csv::s2,astro_callback_within,2026-07-17 18:14:23.095
Sitara-1::conversation_905636_4336.csv::s2,user_enthusiastic,2026-07-17 18:14:33.096
Sitara-1::conversation_905636_4336.csv::s2,astro_callback_within,2026-07-17 18:14:38.097
Sitara-1::conversation_905636_4336.csv::s2,astro_callback_within,2026-07-17 18:14:54.098
Sitara-1::conversation_905636_4336.csv::s2,user_emotional_disclosure,2026-07-17 18:14:58.099
Sitara-1::conversation_905636_4336.csv::s2,astro_callback_within,2026-07-17 18:15:03.100
Sitara-1::conversation_905636_4336.csv::s2,user_emotional_disclosure,2026-07-17 18:15:11.101
Sitara-1::conversation_905636_4336.csv::s2,astro_callback_within,2026-07-17 18:15:16.102
Sitara-1::conversation_905636_4336.csv::s2,user_emotional_disclosure,2026-07-17 18:15:23.103
Sitara-1::conversation_905636_4336.csv::s2,astro_callback_within,2026-07-17 18:15:28.104
Sitara-1::conversation_905636_4336.csv::s2,user_emotional_disclosure,2026-07-17 18:15:36.105
Sitara-1::conversation_905636_4336.csv::s2,user_enthusiastic,2026-07-17 18:15:47.106
Sitara-1::conversation_905636_4336.csv::s2,astro_callback_within,2026-07-17 18:15:51.107
Sitara-1::conversation_905636_4336.csv::s2,user_enthusiastic,2026-07-17 18:15:56.108
Sitara-1::conversation_959130_4336.csv::s1,astro_other,2026-07-17 05:44:36.000
Sitara-1::conversation_959130_4336.csv::s1,user_neutral,2026-07-17 05:44:36.001
Sitara-1::conversation_959130_4336.csv::s1,astro_other,2026-07-17 05:44:41.002
Sitara-1::conversation_959130_4336.csv::s1,user_neutral_factual,2026-07-17 05:44:42.003
Sitara-1::conversation_959130_4336.csv::s1,astro_other,2026-07-17 05:44:47.004
Sitara-1::conversation_959130_4336.csv::s1,user_neutral,2026-07-17 05:44:56.005
Sitara-1::conversation_959130_4336.csv::s1,astro_other,2026-07-17 05:45:01.006
Sitara-1::conversation_959130_4336.csv::s1,user_emotional_disclosure,2026-07-17 05:45:15.007
Sitara-1::conversation_959130_4336.csv::s1,astro_validation,2026-07-17 05:45:20.008
Sitara-1::conversation_959130_4336.csv::s1,astro_other,2026-07-17 05:45:22.009
Sitara-1::conversation_959130_4336.csv::s1,user_neutral,2026-07-17 05:45:22.010
Sitara-1::conversation_959130_4336.csv::s1,astro_other,2026-07-17 05:45:27.011
Sitara-1::conversation_959130_4336.csv::s1,user_neutral_factual,2026-07-17 05:45:38.012
Sitara-1::conversation_959130_4336.csv::s1,astro_callback_within,2026-07-17 05:45:43.013
Sitara-1::conversation_959130_4336.csv::s1,astro_other,2026-07-17 05:45:54.014
Sitara-1::conversation_959130_4336.csv::s1,astro_other,2026-07-17 05:46:18.015
Sitara-1::conversation_959130_4336.csv::s1,user_neutral_factual,2026-07-17 05:46:23.016
Sitara-1::conversation_959130_4336.csv::s1,astro_callback_within,2026-07-17 05:46:28.017
Sitara-1::conversation_959130_4336.csv::s1,user_emotional_disclosure,2026-07-17 05:46:44.018
Sitara-1::conversation_959130_4336.csv::s1,astro_other,2026-07-17 05:46:48.019
Sitara-1::conversation_959130_4336.csv::s1,astro_other,2026-07-17 05:46:50.020
Sitara-1::conversation_959130_4336.csv::s1,user_neutral,2026-07-17 05:46:53.021
Sitara-1::conversation_959130_4336.csv::s1,user_neutral_factual,2026-07-17 05:46:58.022
Sitara-1::conversation_959130_4336.csv::s1,astro_dated_prediction,2026-07-17 05:46:58.023
Sitara-1::conversation_959130_4336.csv::s1,astro_callback_within,2026-07-17 05:47:03.024
Sitara-1::conversation_959130_4336.csv::s1,astro_callback_within,2026-07-17 05:47:15.025
Sitara-1::conversation_959130_4336.csv::s1,user_neutral,2026-07-17 05:47:26.026
Sitara-1::conversation_959130_4336.csv::s1,astro_callback_within,2026-07-17 05:47:32.027
Sitara-1::conversation_959130_4336.csv::s1,user_neutral_factual,2026-07-17 05:47:32.028
Sitara-1::conversation_959130_4336.csv::s1,astro_other,2026-07-17 05:47:40.029
Sitara-1::conversation_959130_4336.csv::s1,user_enthusiastic,2026-07-17 05:47:45.030
Sitara-1::conversation_959130_4336.csv::s1,astro_other,2026-07-17 05:47:50.031
Sitara-1::conversation_959130_4336.csv::s1,user_neutral_factual,2026-07-17 05:48:01.032
Sitara-1::conversation_959130_4336.csv::s1,astro_callback_within,2026-07-17 05:48:05.033
Sitara-1::conversation_959130_4336.csv::s1,astro_callback_within,2026-07-17 05:48:07.034
Sitara-1::conversation_959130_4336.csv::s1,user_neutral_factual,2026-07-17 05:48:14.035
Sitara-1::conversation_959130_4336.csv::s1,astro_other,2026-07-17 05:48:19.036
Sitara-1::conversation_959130_4336.csv::s1,user_enthusiastic,2026-07-17 05:48:23.037
Sitara-1::conversation_959130_4336.csv::s1,astro_dated_prediction,2026-07-17 05:48:29.038
Sitara-1::conversation_959130_4336.csv::s1,user_enthusiastic,2026-07-17 05:48:38.039
Sitara-1::conversation_959130_4336.csv::s1,astro_callback_within,2026-07-17 05:48:43.040
Sitara-1::conversation_959130_4336.csv::s1,user_neutral_factual,2026-07-17 05:48:52.041
Sitara-1::conversation_959130_4336.csv::s1,astro_callback_within,2026-07-17 05:48:57.042
Sitara-1::conversation_959130_4336.csv::s1,user_neutral,2026-07-17 05:49:01.043
Sitara-1::conversation_959130_4336.csv::s1,user_neutral_factual,2026-07-17 05:49:06.044
Sitara-1::conversation_959130_4336.csv::s1,astro_callback_within,2026-07-17 05:49:06.045
Sitara-1::conversation_959130_4336.csv::s1,astro_callback_within,2026-07-17 05:49:11.046
Sitara-1::conversation_959130_4336.csv::s1,user_emotional_disclosure,2026-07-17 05:49:25.047
Sitara-1::conversation_959130_4336.csv::s1,astro_callback_within,2026-07-17 05:49:30.048
Sitara-1::conversation_959130_4336.csv::s2,user_neutral,2026-07-17 05:50:30.000
Sitara-1::conversation_959130_4336.csv::s2,astro_callback_prior,2026-07-17 05:50:36.001
Sitara-1::conversation_959130_4336.csv::s2,astro_other,2026-07-17 05:50:44.002
Sitara-1::conversation_959130_4336.csv::s2,user_neutral,2026-07-17 05:50:48.003
Sitara-1::conversation_959130_4336.csv::s2,astro_callback_prior,2026-07-17 05:50:53.004
Sitara-1::conversation_959130_4336.csv::s2,user_neutral_factual,2026-07-17 05:50:58.005
Sitara-1::conversation_959130_4336.csv::s2,user_neutral,2026-07-17 05:51:09.006
Sitara-1::conversation_959130_4336.csv::s2,astro_callback_prior,2026-07-17 05:51:15.007
Sitara-1::conversation_959130_4336.csv::s2,astro_other,2026-07-17 05:51:28.008
Sitara-1::conversation_959130_4336.csv::s2,user_emotional_disclosure,2026-07-17 05:51:30.009
Sitara-1::conversation_959130_4336.csv::s2,user_neutral_factual,2026-07-17 05:51:35.010
Sitara-1::conversation_959130_4336.csv::s2,astro_callback_within,2026-07-17 05:51:36.011
Sitara-1::conversation_959130_4336.csv::s2,astro_other,2026-07-17 05:51:41.012
Sitara-1::conversation_959130_4336.csv::s2,user_neutral,2026-07-17 05:51:48.013
Sitara-1::conversation_959130_4336.csv::s2,astro_callback_within,2026-07-17 05:51:53.014
Sitara-1::conversation_959130_4336.csv::s2,astro_dated_prediction,2026-07-17 05:51:58.015
Sitara-1::conversation_959130_4336.csv::s2,user_neutral_factual,2026-07-17 05:52:02.016
Sitara-1::conversation_959130_4336.csv::s2,astro_callback_within,2026-07-17 05:52:09.017
Sitara-1::conversation_959130_4336.csv::s2,user_neutral_factual,2026-07-17 05:52:24.018
Sitara-1::conversation_959130_4336.csv::s2,astro_callback_within,2026-07-17 05:52:29.019
Sitara-1::conversation_959130_4336.csv::s2,user_neutral,2026-07-17 05:52:31.020
Sitara-1::conversation_959130_4336.csv::s2,astro_callback_within,2026-07-17 05:52:37.021
Sitara-1::conversation_959130_4336.csv::s2,astro_callback_within,2026-07-17 05:52:53.022
Sitara-1::conversation_959130_4336.csv::s2,user_neutral,2026-07-17 05:52:56.023
Sitara-1::conversation_959130_4336.csv::s2,astro_callback_within,2026-07-17 05:53:01.024
Sitara-1::conversation_959130_4336.csv::s2,user_neutral_factual,2026-07-17 05:53:02.025
Sitara-1::conversation_959130_4336.csv::s2,astro_reframe,2026-07-17 05:53:07.026
Sitara-1::conversation_959130_4336.csv::s2,user_neutral,2026-07-17 05:53:27.027
Sitara-1::conversation_959130_4336.csv::s2,user_neutral,2026-07-17 05:53:34.028
Sitara-1::conversation_959130_4336.csv::s2,astro_callback_within,2026-07-17 05:53:45.029
Sitara-1::conversation_959130_4336.csv::s2,user_neutral_factual,2026-07-17 05:53:49.030
Sitara-1::conversation_959130_4336.csv::s2,astro_other,2026-07-17 05:53:53.031
Sitara-1::conversation_959130_4336.csv::s2,user_emotional_disclosure,2026-07-17 05:54:06.032
Sitara-1::conversation_959130_4336.csv::s2,astro_callback_within,2026-07-17 05:54:11.033
Sitara-1::conversation_959130_4336.csv::s2,user_neutral,2026-07-17 05:54:13.034
Sitara-1::conversation_959130_4336.csv::s2,astro_dated_prediction,2026-07-17 05:54:19.035
Sitara-1::conversation_959130_4336.csv::s2,user_neutral,2026-07-17 05:54:33.036
Sitara-1::conversation_959130_4336.csv::s2,astro_dated_prediction,2026-07-17 05:54:38.037
Sitara-1::conversation_959130_4336.csv::s2,astro_callback_within,2026-07-17 05:54:43.038
Sitara-1::conversation_959130_4336.csv::s2,user_neutral_factual,2026-07-17 05:54:51.039
Sitara-1::conversation_959130_4336.csv::s2,astro_other,2026-07-17 05:54:56.040
Sitara-1::conversation_959130_4336.csv::s2,user_neutral_factual,2026-07-17 05:55:01.041
Sitara-1::conversation_959130_4336.csv::s2,astro_callback_within,2026-07-17 05:55:07.042
Sitara-1::conversation_959130_4336.csv::s2,user_neutral_factual,2026-07-17 05:55:16.043
Sitara-1::conversation_959130_4336.csv::s2,astro_open_thread,2026-07-17 05:55:21.044
Sitara-1::conversation_972065_4336.csv::s1,user_neutral,2026-07-16 12:24:51.000
Sitara-1::conversation_972065_4336.csv::s1,astro_other,2026-07-16 12:24:55.001
Sitara-1::conversation_972065_4336.csv::s1,user_neutral_factual,2026-07-16 12:25:05.002
Sitara-1::conversation_972065_4336.csv::s1,astro_callback_within,2026-07-16 12:25:10.003
Sitara-1::conversation_972065_4336.csv::s1,user_neutral,2026-07-16 12:25:15.004
Sitara-1::conversation_972065_4336.csv::s1,astro_callback_within,2026-07-16 12:25:20.005
Sitara-1::conversation_972065_4336.csv::s1,user_neutral,2026-07-16 12:25:52.006
Sitara-1::conversation_972065_4336.csv::s1,astro_callback_within,2026-07-16 12:25:56.007
Sitara-1::conversation_972065_4336.csv::s1,user_emotional_disclosure,2026-07-16 12:26:36.008
Sitara-1::conversation_972065_4336.csv::s1,astro_callback_within,2026-07-16 12:26:41.009
Sitara-1::conversation_972065_4336.csv::s1,astro_callback_within,2026-07-16 12:26:46.010
Sitara-1::conversation_972065_4336.csv::s1,user_emotional_disclosure,2026-07-16 12:26:59.011
Sitara-1::conversation_972065_4336.csv::s1,astro_callback_within,2026-07-16 12:27:04.012
Sitara-1::conversation_972065_4336.csv::s1,user_neutral,2026-07-16 12:27:21.013
Sitara-1::conversation_972065_4336.csv::s1,astro_callback_within,2026-07-16 12:27:26.014
Sitara-1::conversation_972065_4336.csv::s1,user_neutral,2026-07-16 12:27:30.015
Sitara-1::conversation_972065_4336.csv::s1,astro_callback_within,2026-07-16 12:27:35.016
Sitara-1::conversation_972065_4336.csv::s1,user_pushback,2026-07-16 12:27:43.017
Sitara-1::conversation_972065_4336.csv::s1,user_neutral,2026-07-16 12:27:55.018
Sitara-1::conversation_972065_4336.csv::s1,user_pushback,2026-07-16 12:27:58.019
Sitara-1::conversation_972065_4336.csv::s1,astro_dated_prediction,2026-07-16 12:28:00.020
Sitara-1::conversation_972065_4336.csv::s1,astro_callback_within,2026-07-16 12:28:05.021
Sitara-1::conversation_972065_4336.csv::s1,user_neutral,2026-07-16 12:28:06.022
Sitara-1::conversation_972065_4336.csv::s1,astro_callback_within,2026-07-16 12:28:12.023
Sitara-1::conversation_972065_4336.csv::s1,user_emotional_disclosure,2026-07-16 12:28:24.024
Sitara-1::conversation_972065_4336.csv::s1,astro_callback_within,2026-07-16 12:28:29.025
Sitara-1::conversation_972065_4336.csv::s1,user_emotional_disclosure,2026-07-16 12:28:38.026
Sitara-1::conversation_972065_4336.csv::s1,astro_callback_within,2026-07-16 12:28:42.027
Sitara-1::conversation_972065_4336.csv::s1,user_enthusiastic,2026-07-16 12:28:47.028
Sitara-1::conversation_972065_4336.csv::s1,user_enthusiastic,2026-07-16 12:28:50.029
Sitara-1::conversation_972065_4336.csv::s1,astro_callback_within,2026-07-16 12:28:57.030
Sitara-1::conversation_972065_4336.csv::s1,user_enthusiastic,2026-07-16 12:29:02.031
Sitara-1::conversation_972065_4336.csv::s1,astro_other,2026-07-16 12:29:06.032
Sitara-1::conversation_972065_4336.csv::s1,astro_callback_within,2026-07-16 12:29:07.033
Sitara-1::conversation_972065_4336.csv::s1,user_neutral_factual,2026-07-16 12:29:12.034
Sitara-1::conversation_972065_4336.csv::s1,astro_callback_within,2026-07-16 12:29:17.035
Sitara-1::conversation_972065_4336.csv::s1,user_neutral,2026-07-16 12:29:20.036
Sitara-1::conversation_972065_4336.csv::s1,astro_callback_within,2026-07-16 12:29:24.037
Sitara-1::conversation_972065_4336.csv::s1,user_neutral,2026-07-16 12:29:32.038
Sitara-1::conversation_972065_4336.csv::s1,user_neutral_factual,2026-07-16 12:29:35.039
Sitara-1::conversation_972065_4336.csv::s1,astro_callback_within,2026-07-16 12:29:37.040
Sitara-1::conversation_972065_4336.csv::s1,astro_other,2026-07-16 12:29:42.041
Sitara-1::conversation_972065_4336.csv::s1,user_enthusiastic,2026-07-16 12:29:48.042
Sitara-1::conversation_972065_4336.csv::s1,astro_callback_within,2026-07-16 12:29:52.043
