case:concept:name,concept:name,time:timestamp
Sitara-2::conversation_1147079_4336.csv::s1,user_neutral,2026-08-30 12:52:46.000
Sitara-2::conversation_1147079_4336.csv::s1,astro_other,2026-08-30 12:52:51.001
Sitara-2::conversation_1147079_4336.csv::s1,user_neutral_factual,2026-08-30 12:52:52.002
Sitara-2::conversation_1147079_4336.csv::s1,user_neutral_factual,2026-08-30 12:52:57.003
Sitara-2::conversation_1147079_4336.csv::s1,astro_other,2026-08-30 12:52:57.004
Sitara-2::conversation_1147079_4336.csv::s1,astro_other,2026-08-30 12:53:01.005
Sitara-2::conversation_1147079_4336.csv::s1,astro_other,2026-08-30 12:53:02.006
Sitara-2::conversation_1147079_4336.csv::s1,astro_callback_within,2026-08-30 12:53:03.007
Sitara-2::conversation_1147079_4336.csv::s1,astro_reframe,2026-08-30 12:53:05.008
Sitara-2::conversation_1147079_4336.csv::s1,user_neutral,2026-08-30 12:53:10.009
Sitara-2::conversation_1147079_4336.csv::s1,astro_other,2026-08-30 12:53:17.010
Sitara-2::conversation_1147079_4336.csv::s1,astro_other,2026-08-30 12:53:19.011
Sitara-2::conversation_1147079_4336.csv::s1,user_emotional_disclosure,2026-08-30 12:53:35.012
Sitara-2::conversation_1147079_4336.csv::s1,astro_callback_within,2026-08-30 12:53:44.013
Sitara-2::conversation_1147079_4336.csv::s1,astro_other,2026-08-30 12:53:46.014
Sitara-2::conversation_1147079_4336.csv::s1,astro_other,2026-08-30 12:53:48.015
Sitara-2::conversation_1147079_4336.csv::s1,user_emotional_disclosure,2026-08-30 12:54:00.016
Sitara-2::conversation_1147079_4336.csv::s1,astro_callback_within,2026-08-30 12:54:05.017
Sitara-2::conversation_1147079_4336.csv::s1,astro_callback_within,2026-08-30 12:54:07.018
Sitara-2::conversation_1147079_4336.csv::s1,user_neutral,2026-08-30 12:54:28.019
Sitara-2::conversation_1147079_4336.csv::s1,astro_other,2026-08-30 12:54:35.020
Sitara-2::conversation_1147079_4336.csv::s1,user_emotional_disclosure,2026-08-30 12:54:44.021
Sitara-2::conversation_1147079_4336.csv::s1,astro_callback_within,2026-08-30 12:54:49.022
Sitara-2::conversation_1147079_4336.csv::s1,astro_callback_within,2026-08-30 12:54:51.023
Sitara-2::conversation_1147079_4336.csv::s1,user_emotional_disclosure,2026-08-30 12:55:05.024
Sitara-2::conversation_1147079_4336.csv::s1,astro_callback_within,2026-08-30 12:55:11.025
Sitara-2::conversation_1147079_4336.csv::s1,astro_callback_within,2026-08-30 12:55:13.026
Sitara-2::conversation_1147079_4336.csv::s1,astro_other,2026-08-30 12:55:15.027
Sitara-2::conversation_1147079_4336.csv::s1,user_emotional_disclosure,2026-08-30 12:55:19.028
Sitara-2::conversation_1147079_4336.csv::s1,user_emotional_disclosure,2026-08-30 12:55:26.029
Sitara-2::conversation_1147079_4336.csv::s1,astro_callback_within,2026-08-30 12:55:26.030
Sitara-2::conversation_1147079_4336.csv::s1,astro_callback_within,2026-08-30 12:55:28.031
Sitara-2::conversation_1147079_4336.csv::s1,astro_callback_within,2026-08-30 12:55:32.032
Sitara-2::conversation_1147079_4336.csv::s1,astro_other,2026-08-30 12:55:34.033
Sitara-2::conversation_1147079_4336.csv::s1,user_neutral,2026-08-30 12:55:42.034
Sitara-2::conversation_1147079_4336.csv::s1,astro_dated_prediction,2026-08-30 12:55:47.035
Sitara-2::conversation_1147079_4336.csv::s1,astro_callback_within,2026-08-30 12:56:00.036
Sitara-2::conversation_1147079_4336.csv::s1,user_emotional_disclosure,2026-08-30 12:56:17.037
Sitara-2::conversation_1147079_4336.csv::s1,astro_other,2026-08-30 12:56:23.038
Sitara-2::conversation_1147079_4336.csv::s1,astro_callback_within,2026-08-30 12:56:25.039
Sitara-2::conversation_1147079_4336.csv::s1,astro_reframe,2026-08-30 12:56:27.040
Sitara-2::conversation_1147079_4336.csv::s1,user_emotional_disclosure,2026-08-30 12:56:28.041
Sitara-2::conversation_1147079_4336.csv::s1,astro_callback_within,2026-08-30 12:56:33.042
Sitara-2::conversation_1147079_4336.csv::s1,astro_callback_within,2026-08-30 12:56:35.043
Sitara-2::conversation_1147079_4336.csv::s1,user_emotional_disclosure,2026-08-30 12:56:38.044
Sitara-2::conversation_1147079_4336.csv::s1,astro_callback_within,2026-08-30 12:56:42.045
Sitara-2::conversation_1147079_4336.csv::s1,astro_callback_within,2026-08-30 12:56:44.046
Sitara-2::conversation_1147079_4336.csv::s1,astro_reframe,2026-08-30 12:56:46.047
Sitara-2::conversation_1147079_4336.csv::s1,astro_callback_within,2026-08-30 12:56:51.048
Sitara-2::conversation_1147079_4336.csv::s1,astro_callback_within,2026-08-30 12:57:02.049
Sitara-2::conversation_1147079_4336.csv::s1,user_emotional_disclosure,2026-08-30 12:57:20.050
Sitara-2::conversation_1147079_4336.csv::s1,astro_callback_within,2026-08-30 12:57:25.051
Sitara-2::conversation_1147079_4336.csv::s1,astro_callback_within,2026-08-30 12:57:27.052
Sitara-2::conversation_1147079_4336.csv::s1,astro_dated_prediction,2026-08-30 12:57:29.053
Sitara-2::conversation_1147079_4336.csv::s1,user_emotional_disclosure,2026-08-30 12:57:43.054
Sitara-2::conversation_1147079_4336.csv::s1,astro_callback_within,2026-08-30 12:57:47.055
Sitara-2::conversation_1147079_4336.csv::s1,astro_callback_within,2026-08-30 12:57:49.056
Sitara-2::conversation_1147079_4336.csv::s1,astro_reframe,2026-08-30 12:57:51.057
Sitara-2::conversation_1396719_4336.csv::s1,astro_other,2026-08-29 17:54:08.000
Sitara-2::conversation_1396719_4336.csv::s1,user_enthusiastic,2026-08-29 17:54:24.001
Sitara-2::conversation_1396719_4336.csv::s1,astro_callback_within,2026-08-29 17:54:28.002
Sitara-2::conversation_1396719_4336.csv::s1,user_emotional_disclosure,2026-08-29 17:54:50.003
Sitara-2::conversation_1396719_4336.csv::s1,user_neutral,2026-08-29 17:54:55.004
Sitara-2::conversation_1396719_4336.csv::s1,astro_callback_within,2026-08-29 17:54:55.005
Sitara-2::conversation_1396719_4336.csv::s1,astro_callback_within,2026-08-29 17:55:00.006
Sitara-2::conversation_1396719_4336.csv::s1,astro_callback_within,2026-08-29 17:55:02.007
Sitara-2::conversation_1396719_4336.csv::s1,astro_dated_prediction,2026-08-29 17:55:04.008
Sitara-2::conversation_1396719_4336.csv::s1,user_neutral_factual,2026-08-29 17:55:32.009
Sitara-2::conversation_1396719_4336.csv::s1,astro_dated_prediction,2026-08-29 17:55:37.010
Sitara-2::conversation_1396719_4336.csv::s1,astro_other,2026-08-29 17:55:53.011
Sitara-2::conversation_1396719_4336.csv::s1,astro_open_thread,2026-08-29 17:55:55.012
Sitara-2::conversation_1396719_4336.csv::s1,user_neutral_factual,2026-08-29 17:56:03.013
Sitara-2::conversation_1396719_4336.csv::s1,astro_callback_within,2026-08-29 17:56:07.014
Sitara-2::conversation_1396719_4336.csv::s1,astro_callback_within,2026-08-29 17:56:09.015
Sitara-2::conversation_1396719_4336.csv::s1,user_enthusiastic,2026-08-29 17:56:22.016
Sitara-2::conversation_1396719_4336.csv::s1,astro_callback_within,2026-08-29 17:56:26.017
Sitara-2::conversation_1396719_4336.csv::s1,user_neutral,2026-08-29 17:56:27.018
Sitara-2::conversation_1396719_4336.csv::s1,astro_callback_within,2026-08-29 17:56:28.019
Sitara-2::conversation_1396719_4336.csv::s1,astro_callback_within,2026-08-29 17:56:33.020
Sitara-2::conversation_1396719_4336.csv::s1,user_neutral_factual,2026-08-29 17:57:20.021
Sitara-2::conversation_1396719_4336.csv::s1,astro_dated_prediction,2026-08-29 17:57:25.022
Sitara-2::conversation_1396719_4336.csv::s1,user_emotional_disclosure,2026-08-29 17:57:42.023
Sitara-2::conversation_1396719_4336.csv::s1,astro_callback_within,2026-08-29 17:57:49.024
Sitara-2::conversation_1396719_4336.csv::s1,user_enthusiastic,2026-08-29 17:58:13.025
Sitara-2::conversation_1396719_4336.csv::s1,user_neutral,2026-08-29 17:58:18.026
Sitara-2::conversation_1396719_4336.csv::s1,astro_callback_within,2026-08-29 17:58:18.027
Sitara-2::conversation_1396719_4336.csv::s1,astro_callback_within,2026-08-29 17:58:23.028
Sitara-2::conversation_1860417_4336.csv::s1,user_neutral,2026-08-28 13:43:56.000
Sitara-2::conversation_1860417_4336.csv::s1,astro_other,2026-08-28 13:44:01.001
Sitara-2::conversation_1860417_4336.csv::s1,astro_other,2026-08-28 13:44:48.002
Sitara-2::conversation_1860417_4336.csv::s1,astro_other,2026-08-28 13:44:50.003
Sitara-2::conversation_1860417_4336.csv::s1,user_emotional_disclosure,2026-08-28 13:45:30.004
Sitara-2::conversation_1860417_4336.csv::s1,astro_callback_within,2026-08-28 13:45:35.005
Sitara-2::conversation_1860417_4336.csv::s1,user_neutral,2026-08-28 13:45:48.006
Sitara-2::conversation_1860417_4336.csv::s1,astro_callback_within,2026-08-28 13:45:49.007
Sitara-2::conversation_1860417_4336.csv::s1,astro_callback_within,2026-08-28 13:45:53.008
Sitara-2::conversation_1860417_4336.csv::s1,astro_other,2026-08-28 13:45:55.009
Sitara-2::conversation_1860417_4336.csv::s1,user_neutral_factual,2026-08-28 13:46:13.010
Sitara-2::conversation_1860417_4336.csv::s1,astro_callback_within,2026-08-28 13:46:18.011
Sitara-2::conversation_1860417_4336.csv::s1,astro_other,2026-08-28 13:46:20.012
Sitara-2::conversation_1860417_4336.csv::s1,user_neutral_factual,2026-08-28 13:46:26.013
Sitara-2::conversation_1860417_4336.csv::s1,astro_callback_within,2026-08-28 13:46:32.014
Sitara-2::conversation_1860417_4336.csv::s1,astro_other,2026-08-28 13:46:34.015
Sitara-2::conversation_1860417_4336.csv::s1,user_neutral_factual,2026-08-28 13:46:44.016
Sitara-2::conversation_1860417_4336.csv::s1,astro_callback_within,2026-08-28 13:46:49.017
Sitara-2::conversation_1860417_4336.csv::s1,user_neutral_factual,2026-08-28 13:47:01.018
Sitara-2::conversation_1860417_4336.csv::s1,astro_callback_within,2026-08-28 13:47:05.019
Sitara-2::conversation_1860417_4336.csv::s1,user_neutral,2026-08-28 13:47:17.020
Sitara-2::conversation_1860417_4336.csv::s1,astro_callback_within,2026-08-28 13:47:21.021
Sitara-2::conversation_1860417_4336.csv::s1,user_emotional_disclosure,2026-08-28 13:47:42.022
Sitara-2::conversation_1860417_4336.csv::s1,user_neutral_factual,2026-08-28 13:47:59.023
Sitara-2::conversation_1860417_4336.csv::s1,astro_other,2026-08-28 13:48:04.024
Sitara-2::conversation_1860417_4336.csv::s1,astro_callback_within,2026-08-28 13:48:06.025
Sitara-2::conversation_1860417_4336.csv::s1,astro_callback_within,2026-08-28 13:48:08.026
Sitara-2::conversation_1860417_4336.csv::s1,user_neutral,2026-08-28 13:48:17.027
Sitara-2::conversation_1860417_4336.csv::s1,user_neutral_factual,2026-08-28 13:48:21.028
Sitara-2::conversation_1860417_4336.csv::s1,astro_callback_within,2026-08-28 13:48:22.029
Sitara-2::conversation_1860417_4336.csv::s1,astro_callback_within,2026-08-28 13:48:26.030
Sitara-2::conversation_1860417_4336.csv::s1,user_neutral_factual,2026-08-28 13:48:37.031
Sitara-2::conversation_1860417_4336.csv::s1,astro_reframe,2026-08-28 13:48:42.032
Sitara-2::conversation_1860417_4336.csv::s1,user_neutral,2026-08-28 13:48:55.033
Sitara-2::conversation_1860417_4336.csv::s1,astro_callback_within,2026-08-28 13:48:59.034
Sitara-2::conversation_1860417_4336.csv::s1,astro_callback_within,2026-08-28 13:49:01.035
Sitara-2::conversation_1879424_4336.csv::s1,user_neutral,2026-08-31 18:37:33.000
Sitara-2::conversation_1879424_4336.csv::s1,astro_other,2026-08-31 18:37:37.001
Sitara-2::conversation_1879424_4336.csv::s1,astro_other,2026-08-31 18:37:39.002
Sitara-2::conversation_1879424_4336.csv::s1,astro_other,2026-08-31 18:37:41.003
Sitara-2::conversation_1879424_4336.csv::s1,astro_other,2026-08-31 18:37:54.004
Sitara-2::conversation_1879424_4336.csv::s1,user_neutral,2026-08-31 18:37:57.005
Sitara-2::conversation_1879424_4336.csv::s1,astro_other,2026-08-31 18:38:01.006
Sitara-2::conversation_1879424_4336.csv::s1,astro_dated_prediction,2026-08-31 18:38:03.007
Sitara-2::conversation_1879424_4336.csv::s1,astro_other,2026-08-31 18:38:13.008
Sitara-2::conversation_1879424_4336.csv::s1,astro_dated_prediction,2026-08-31 18:38:16.009
Sitara-2::conversation_1879424_4336.csv::s1,user_neutral,2026-08-31 18:38:29.010
Sitara-2::conversation_1879424_4336.csv::s1,astro_open_thread,2026-08-31 18:38:35.011
Sitara-2::conversation_1879424_4336.csv::s1,user_neutral,2026-08-31 18:38:59.012
Sitara-2::conversation_1879424_4336.csv::s1,astro_open_thread,2026-08-31 18:39:08.013
Sitara-2::conversation_1879424_4336.csv::s1,user_neutral,2026-08-31 18:39:33.014
Sitara-2::conversation_1879424_4336.csv::s1,astro_other,2026-08-31 18:39:38.015
Sitara-2::conversation_1879424_4336.csv::s1,astro_other,2026-08-31 18:39:41.016
Sitara-2::conversation_1879424_4336.csv::s1,user_disengaging,2026-08-31 18:39:52.017
Sitara-2::conversation_1879424_4336.csv::s1,astro_open_thread,2026-08-31 18:39:57.018
Sitara-2::conversation_1879424_4336.csv::s1,user_neutral,2026-08-31 18:40:04.019
Sitara-2::conversation_1879424_4336.csv::s1,astro_dated_prediction,2026-08-31 18:40:08.020
Sitara-2::conversation_1879424_4336.csv::s1,astro_open_thread,2026-08-31 18:40:10.021
Sitara-2::conversation_1879424_4336.csv::s1,user_disengaging,2026-08-31 18:40:23.022
Sitara-2::conversation_1879424_4336.csv::s1,astro_dated_prediction,2026-08-31 18:40:28.023
Sitara-2::conversation_1879424_4336.csv::s1,astro_other,2026-08-31 18:40:38.024
Sitara-2::conversation_1879424_4336.csv::s1,astro_open_thread,2026-08-31 18:40:40.025
Sitara-2::conversation_1879424_4336.csv::s1,user_neutral,2026-08-31 18:40:57.026
Sitara-2::conversation_1879424_4336.csv::s1,astro_other,2026-08-31 18:41:01.027
Sitara-2::conversation_1879424_4336.csv::s1,user_neutral,2026-08-31 18:41:03.028
Sitara-2::conversation_1879424_4336.csv::s1,astro_open_thread,2026-08-31 18:41:03.029
Sitara-2::conversation_1879424_4336.csv::s1,astro_open_thread,2026-08-31 18:41:08.030
Sitara-2::conversation_1879424_4336.csv::s1,user_enthusiastic,2026-08-31 18:41:17.031
Sitara-2::conversation_1879424_4336.csv::s1,astro_callback_within,2026-08-31 18:41:21.032
Sitara-2::conversation_1879424_4336.csv::s1,user_neutral,2026-08-31 18:41:43.033
Sitara-2::conversation_1879424_4336.csv::s1,astro_other,2026-08-31 18:41:47.034
Sitara-2::conversation_1879424_4336.csv::s1,user_neutral,2026-08-31 18:41:56.035
Sitara-2::conversation_1879424_4336.csv::s1,astro_dated_prediction,2026-08-31 18:42:00.036
Sitara-2::conversation_1879424_4336.csv::s1,astro_open_thread,2026-08-31 18:42:02.037
Sitara-2::conversation_1879424_4336.csv::s1,astro_dated_prediction,2026-08-31 18:42:16.038
Sitara-2::conversation_1879424_4336.csv::s1,astro_other,2026-08-31 18:42:21.039
Sitara-2::conversation_1898618_4336.csv::s1,user_neutral,2026-08-29 19:03:10.000
Sitara-2::conversation_1898618_4336.csv::s1,astro_other,2026-08-29 19:03:15.001
Sitara-2::conversation_1898618_4336.csv::s1,astro_other,2026-08-29 19:03:17.002
Sitara-2::conversation_1898618_4336.csv::s1,user_neutral,2026-08-29 19:03:42.003
Sitara-2::conversation_1898618_4336.csv::s1,astro_other,2026-08-29 19:03:47.004
Sitara-2::conversation_1898618_4336.csv::s1,astro_other,2026-08-29 19:03:49.005
Sitara-2::conversation_1898618_4336.csv::s1,astro_other,2026-08-29 19:03:57.006
Sitara-2::conversation_1898618_4336.csv::s1,astro_dated_prediction,2026-08-29 19:03:59.007
Sitara-2::conversation_1898618_4336.csv::s1,astro_other,2026-08-29 19:04:01.008
Sitara-2::conversation_1898618_4336.csv::s1,user_neutral,2026-08-29 19:04:45.009
Sitara-2::conversation_1898618_4336.csv::s1,astro_other,2026-08-29 19:04:50.010
Sitara-2::conversation_1898618_4336.csv::s1,astro_other,2026-08-29 19:04:52.011
Sitara-2::conversation_1898618_4336.csv::s1,user_pushback,2026-08-29 19:05:05.012
Sitara-2::conversation_1898618_4336.csv::s1,astro_other,2026-08-29 19:05:10.013
Sitara-2::conversation_1898618_4336.csv::s1,user_neutral,2026-08-29 19:05:32.014
Sitara-2::conversation_1898618_4336.csv::s1,astro_dated_prediction,2026-08-29 19:05:36.015
Sitara-2::conversation_1898618_4336.csv::s1,user_neutral,2026-08-29 19:05:50.016
Sitara-2::conversation_1898618_4336.csv::s1,astro_dated_prediction,2026-08-29 19:05:55.017
Sitara-2::conversation_1898618_4336.csv::s1,user_disengaging,2026-08-29 19:05:56.018
Sitara-2::conversation_1898618_4336.csv::s1,astro_open_thread,2026-08-29 19:05:57.019
Sitara-2::conversation_1898618_4336.csv::s1,astro_other,2026-08-29 19:06:02.020
Sitara-2::conversation_1898618_4336.csv::s1,user_pushback,2026-08-29 19:06:08.021
Sitara-2::conversation_1898618_4336.csv::s1,astro_validation,2026-08-29 19:06:13.022
Sitara-2::conversation_1898618_4336.csv::s1,astro_dated_prediction,2026-08-29 19:06:15.023
Sitara-2::conversation_1898618_4336.csv::s1,user_enthusiastic,2026-08-29 19:06:29.024
Sitara-2::conversation_1898618_4336.csv::s1,astro_other,2026-08-29 19:06:34.025
Sitara-2::conversation_1898618_4336.csv::s1,astro_other,2026-08-29 19:06:36.026
Sitara-2::conversation_1898618_4336.csv::s1,astro_other,2026-08-29 19:06:57.027
Sitara-2::conversation_1898618_4336.csv::s1,user_emotional_disclosure,2026-08-29 19:07:15.028
Sitara-2::conversation_1898618_4336.csv::s1,astro_callback_within,2026-08-29 19:07:19.029
Sitara-2::conversation_1898618_4336.csv::s1,astro_other,2026-08-29 19:07:21.030
Sitara-2::conversation_1898618_4336.csv::s1,user_neutral,2026-08-29 19:07:31.031
Sitara-2::conversation_1898618_4336.csv::s1,astro_dated_prediction,2026-08-29 19:07:35.032
Sitara-2::conversation_1898618_4336.csv::s1,user_pushback,2026-08-29 19:07:55.033
Sitara-2::conversation_1898618_4336.csv::s1,astro_other,2026-08-29 19:08:00.034
Sitara-2::conversation_1898618_4336.csv::s1,user_pushback,2026-08-29 19:08:04.035
Sitara-2::conversation_1898618_4336.csv::s1,astro_dated_prediction,2026-08-29 19:08:09.036
Sitara-2::conversation_1898618_4336.csv::s1,astro_other,2026-08-29 19:08:11.037
Sitara-2::conversation_2092151_4336.csv::s1,astro_other,2026-08-29 08:03:11.000
Sitara-2::conversation_2092151_4336.csv::s1,user_emotional_disclosure,2026-08-29 08:03:29.001
Sitara-2::conversation_2092151_4336.csv::s1,user_emotional_disclosure,2026-08-29 08:03:31.002
Sitara-2::conversation_2092151_4336.csv::s1,astro_validation,2026-08-29 08:03:35.003
Sitara-2::conversation_2092151_4336.csv::s1,astro_other,2026-08-29 08:03:46.004
Sitara-2::conversation_2092151_4336.csv::s1,user_neutral_factual,2026-08-29 08:04:01.005
Sitara-2::conversation_2092151_4336.csv::s1,astro_other,2026-08-29 08:04:07.006
Sitara-2::conversation_2092151_4336.csv::s1,astro_other,2026-08-29 08:04:09.007
Sitara-2::conversation_2092151_4336.csv::s1,user_emotional_disclosure,2026-08-29 08:04:37.008
Sitara-2::conversation_2092151_4336.csv::s1,astro_other,2026-08-29 08:04:42.009
Sitara-2::conversation_2092151_4336.csv::s1,astro_other,2026-08-29 08:04:44.010
Sitara-2::conversation_2092151_4336.csv::s1,user_neutral,2026-08-29 08:05:03.011
Sitara-2::conversation_2092151_4336.csv::s1,astro_validation,2026-08-29 08:05:09.012
Sitara-2::conversation_2092151_4336.csv::s1,astro_callback_within,2026-08-29 08:05:11.013
Sitara-2::conversation_2092151_4336.csv::s1,user_emotional_disclosure,2026-08-29 08:05:51.014
Sitara-2::conversation_2092151_4336.csv::s1,astro_other,2026-08-29 08:05:56.015
Sitara-2::conversation_2092151_4336.csv::s1,astro_other,2026-08-29 08:05:58.016
Sitara-2::conversation_2092151_4336.csv::s1,astro_other,2026-08-29 08:06:00.017
Sitara-2::conversation_2092151_4336.csv::s1,astro_other,2026-08-29 08:06:02.018
Sitara-2::conversation_2092151_4336.csv::s1,user_neutral_factual,2026-08-29 08:06:18.019
Sitara-2::conversation_2092151_4336.csv::s1,astro_validation,2026-08-29 08:06:22.020
Sitara-2::conversation_2092151_4336.csv::s1,user_emotional_disclosure,2026-08-29 08:06:39.021
Sitara-2::conversation_2092151_4336.csv::s1,astro_other,2026-08-29 08:06:44.022
Sitara-2::conversation_2092151_4336.csv::s1,astro_callback_within,2026-08-29 08:06:46.023
Sitara-2::conversation_2092151_4336.csv::s1,astro_other,2026-08-29 08:06:48.024
Sitara-2::conversation_2092151_4336.csv::s1,user_emotional_disclosure,2026-08-29 08:07:11.025
Sitara-2::conversation_2092151_4336.csv::s1,astro_other,2026-08-29 08:07:16.026
Sitara-2::conversation_2092151_4336.csv::s1,astro_callback_within,2026-08-29 08:07:18.027
Sitara-2::conversation_2092151_4336.csv::s1,astro_other,2026-08-29 08:07:20.028
Sitara-2::conversation_2092151_4336.csv::s1,user_neutral,2026-08-29 08:07:35.029
Sitara-2::conversation_2092151_4336.csv::s1,user_neutral,2026-08-29 08:07:39.030
Sitara-2::conversation_2092151_4336.csv::s1,astro_callback_within,2026-08-29 08:07:40.031
Sitara-2::conversation_2092151_4336.csv::s1,astro_callback_within,2026-08-29 08:07:42.032
Sitara-2::conversation_2092151_4336.csv::s1,astro_open_thread,2026-08-29 08:07:44.033
Sitara-2::conversation_2092151_4336.csv::s1,astro_other,2026-08-29 08:07:49.034
Sitara-2::conversation_2092151_4336.csv::s1,astro_callback_within,2026-08-29 08:07:51.035
Sitara-2::conversation_2397152_4336.csv::s1,user_neutral,2026-08-28 11:12:46.000
Sitara-2::conversation_2397152_4336.csv::s1,astro_other,2026-08-28 11:12:51.001
Sitara-2::conversation_2397152_4336.csv::s1,user_neutral_factual,2026-08-28 11:13:20.002
Sitara-2::conversation_2397152_4336.csv::s1,astro_callback_within,2026-08-28 11:13:24.003
Sitara-2::conversation_2397152_4336.csv::s1,astro_callback_within,2026-08-28 11:13:26.004
Sitara-2::conversation_2397152_4336.csv::s1,astro_other,2026-08-28 11:13:28.005
Sitara-2::conversation_2397152_4336.csv::s1,user_disengaging,2026-08-28 11:13:37.006
Sitara-2::conversation_2397152_4336.csv::s1,astro_callback_within,2026-08-28 11:13:42.007
Sitara-2::conversation_2397152_4336.csv::s1,astro_callback_within,2026-08-28 11:13:44.008
Sitara-2::conversation_2397152_4336.csv::s1,astro_callback_within,2026-08-28 11:13:46.009
Sitara-2::conversation_2397152_4336.csv::s1,user_enthusiastic,2026-08-28 11:13:59.010
Sitara-2::conversation_2397152_4336.csv::s1,astro_callback_within,2026-08-28 11:14:04.011
Sitara-2::conversation_2397152_4336.csv::s1,astro_callback_within,2026-08-28 11:14:15.012
Sitara-2::conversation_2397152_4336.csv::s1,user_enthusiastic,2026-08-28 11:14:22.013
Sitara-2::conversation_2397152_4336.csv::s1,astro_callback_within,2026-08-28 11:14:27.014
Sitara-2::conversation_2397152_4336.csv::s1,user_enthusiastic,2026-08-28 11:14:33.015
Sitara-2::conversation_2397152_4336.csv::s1,astro_dated_prediction,2026-08-28 11:14:37.016
Sitara-2::conversation_2397152_4336.csv::s1,user_enthusiastic,2026-08-28 11:15:00.017
Sitara-2::conversation_2397152_4336.csv::s1,astro_callback_within,2026-08-28 11:15:05.018
Sitara-2::conversation_2397152_4336.csv::s1,user_neutral,2026-08-28 11:15:17.019
Sitara-2::conversation_2397152_4336.csv::s1,astro_callback_within,2026-08-28 11:15:22.020
Sitara-2::conversation_2397152_4336.csv::s1,user_enthusiastic,2026-08-28 11:15:30.021
Sitara-2::conversation_2397152_4336.csv::s1,astro_callback_within,2026-08-28 11:15:35.022
Sitara-2::conversation_2397152_4336.csv::s1,user_neutral_factual,2026-08-28 11:15:51.023
Sitara-2::conversation_2397152_4336.csv::s1,astro_callback_within,2026-08-28 11:15:55.024
Sitara-2::conversation_2397152_4336.csv::s1,user_enthusiastic,2026-08-28 11:16:10.025
Sitara-2::conversation_2397152_4336.csv::s1,astro_callback_within,2026-08-28 11:16:15.026
Sitara-2::conversation_2397152_4336.csv::s1,astro_callback_within,2026-08-28 11:16:17.027
Sitara-2::conversation_2397152_4336.csv::s1,user_neutral,2026-08-28 11:16:25.028
Sitara-2::conversation_2397152_4336.csv::s1,astro_callback_within,2026-08-28 11:16:29.029
Sitara-2::conversation_2397152_4336.csv::s1,user_enthusiastic,2026-08-28 11:16:32.030
Sitara-2::conversation_2397152_4336.csv::s1,astro_callback_within,2026-08-28 11:16:36.031
Sitara-2::conversation_2397152_4336.csv::s1,user_enthusiastic,2026-08-28 11:16:45.032
Sitara-2::conversation_2397152_4336.csv::s1,astro_callback_within,2026-08-28 11:16:50.033
Sitara-2::conversation_2397152_4336.csv::s1,user_enthusiastic,2026-08-28 11:17:01.034
Sitara-2::conversation_2397152_4336.csv::s1,astro_callback_within,2026-08-28 11:17:05.035
Sitara-2::conversation_2397152_4336.csv::s1,user_enthusiastic,2026-08-28 11:17:34.036
Sitara-2::conversation_2397152_4336.csv::s1,astro_callback_within,2026-08-28 11:17:38.037
Sitara-2::conversation_3157764_4336.csv::s1,user_neutral,2026-08-28 09:06:53.000
Sitara-2::conversation_3157764_4336.csv::s1,astro_other,2026-08-28 09:06:58.001
Sitara-2::conversation_3157764_4336.csv::s1,user_neutral_factual,2026-08-28 09:07:02.002
Sitara-2::conversation_3157764_4336.csv::s1,user_emotional_disclosure,2026-08-28 09:07:26.003
Sitara-2::conversation_3157764_4336.csv::s1,astro_callback_within,2026-08-28 09:07:31.004
Sitara-2::conversation_3157764_4336.csv::s1,user_emotional_disclosure,2026-08-28 09:07:37.005
Sitara-2::conversation_3157764_4336.csv::s1,astro_callback_within,2026-08-28 09:07:41.006
Sitara-2::conversation_3157764_4336.csv::s1,user_emotional_disclosure,2026-08-28 09:08:02.007
Sitara-2::conversation_3157764_4336.csv::s1,astro_callback_within,2026-08-28 09:08:07.008
Sitara-2::conversation_3157764_4336.csv::s1,user_emotional_disclosure,2026-08-28 09:08:15.009
Sitara-2::conversation_3157764_4336.csv::s1,astro_callback_within,2026-08-28 09:08:20.010
Sitara-2::conversation_3157764_4336.csv::s1,user_enthusiastic,2026-08-28 09:08:27.011
Sitara-2::conversation_3157764_4336.csv::s1,astro_dated_prediction,2026-08-28 09:08:32.012
Sitara-2::conversation_3157764_4336.csv::s1,astro_callback_within,2026-08-28 09:08:48.013
Sitara-2::conversation_3157764_4336.csv::s1,user_emotional_disclosure,2026-08-28 09:08:56.014
Sitara-2::conversation_3157764_4336.csv::s1,astro_callback_within,2026-08-28 09:09:01.015
Sitara-2::conversation_3157764_4336.csv::s1,user_emotional_disclosure,2026-08-28 09:09:09.016
Sitara-2::conversation_3157764_4336.csv::s1,astro_callback_within,2026-08-28 09:09:14.017
Sitara-2::conversation_3157764_4336.csv::s1,user_emotional_disclosure,2026-08-28 09:09:20.018
Sitara-2::conversation_3157764_4336.csv::s1,astro_callback_within,2026-08-28 09:09:27.019
Sitara-2::conversation_3157764_4336.csv::s1,user_emotional_disclosure,2026-08-28 09:09:31.020
Sitara-2::conversation_3157764_4336.csv::s1,astro_callback_within,2026-08-28 09:09:35.021
Sitara-2::conversation_3157764_4336.csv::s1,user_emotional_disclosure,2026-08-28 09:09:48.022
Sitara-2::conversation_3157764_4336.csv::s1,astro_callback_within,2026-08-28 09:09:53.023
Sitara-2::conversation_3157764_4336.csv::s1,astro_callback_within,2026-08-28 09:09:55.024
Sitara-2::conversation_3157764_4336.csv::s1,user_enthusiastic,2026-08-28 09:10:00.025
Sitara-2::conversation_3157764_4336.csv::s1,astro_dated_prediction,2026-08-28 09:10:05.026
Sitara-2::conversation_3157764_4336.csv::s1,user_emotional_disclosure,2026-08-28 09:10:16.027
Sitara-2::conversation_3157764_4336.csv::s1,astro_callback_within,2026-08-28 09:10:21.028
Sitara-2::conversation_3157764_4336.csv::s1,user_neutral_factual,2026-08-28 09:10:28.029
Sitara-2::conversation_3157764_4336.csv::s1,astro_callback_within,2026-08-28 09:10:32.030
Sitara-2::conversation_3157764_4336.csv::s1,user_enthusiastic,2026-08-28 09:10:51.031
Sitara-2::conversation_3157764_4336.csv::s1,astro_callback_within,2026-08-28 09:10:55.032
Sitara-2::conversation_3157764_4336.csv::s1,user_neutral_factual,2026-08-28 09:11:01.033
Sitara-2::conversation_3157764_4336.csv::s1,astro_dated_prediction,2026-08-28 09:11:05.034
Sitara-2::conversation_3157764_4336.csv::s1,user_enthusiastic,2026-08-28 09:11:15.035
Sitara-2::conversation_3157764_4336.csv::s1,astro_callback_within,2026-08-28 09:11:20.036
Sitara-2::conversation_3157764_4336.csv::s1,user_enthusiastic,2026-08-28 09:11:25.037
Sitara-2::conversation_3157764_4336.csv::s1,user_neutral,2026-08-28 09:11:28.038
Sitara-2::conversation_3157764_4336.csv::s1,astro_callback_within,2026-08-28 09:11:29.039
Sitara-2::conversation_3157764_4336.csv::s1,astro_callback_within,2026-08-28 09:11:34.040
Sitara-2::conversation_3157764_4336.csv::s1,user_emotional_disclosure,2026-08-28 09:11:37.041
Sitara-2::conversation_3157764_4336.csv::s1,astro_callback_within,2026-08-28 09:11:41.042
Sitara-2::conversation_3157764_4336.csv::s1,user_emotional_disclosure,2026-08-28 09:11:43.043
Sitara-2::conversation_3157764_4336.csv::s1,astro_callback_within,2026-08-28 09:11:47.044
Sitara-2::conversation_3157764_4336.csv::s2,user_neutral,2026-08-28 09:12:43.000
Sitara-2::conversation_3157764_4336.csv::s2,astro_callback_prior,2026-08-28 09:12:48.001
Sitara-2::conversation_3157764_4336.csv::s2,astro_other,2026-08-28 09:12:50.002
Sitara-2::conversation_3157764_4336.csv::s2,user_neutral_factual,2026-08-28 09:12:55.003
Sitara-2::conversation_3157764_4336.csv::s2,astro_callback_within,2026-08-28 09:13:00.004
Sitara-2::conversation_3157764_4336.csv::s2,user_emotional_disclosure,2026-08-28 09:13:05.005
Sitara-2::conversation_3157764_4336.csv::s2,astro_callback_within,2026-08-28 09:13:09.006
Sitara-2::conversation_3157764_4336.csv::s2,user_neutral_factual,2026-08-28 09:13:14.007
Sitara-2::conversation_3157764_4336.csv::s2,astro_callback_within,2026-08-28 09:13:19.008
Sitara-2::conversation_3157764_4336.csv::s2,user_pushback,2026-08-28 09:13:22.009
Sitara-2::conversation_3157764_4336.csv::s2,astro_callback_prior,2026-08-28 09:13:26.010
Sitara-2::conversation_3157764_4336.csv::s2,user_emotional_disclosure,2026-08-28 09:13:38.011
Sitara-2::conversation_3157764_4336.csv::s2,user_neutral_factual,2026-08-28 09:13:53.012
Sitara-2::conversation_3157764_4336.csv::s2,astro_callback_within,2026-08-28 09:13:57.013
Sitara-2::conversation_3157764_4336.csv::s2,user_neutral_factual,2026-08-28 09:14:05.014
Sitara-2::conversation_3157764_4336.csv::s2,astro_callback_within,2026-08-28 09:14:10.015
Sitara-2::conversation_3157764_4336.csv::s2,user_emotional_disclosure,2026-08-28 09:14:22.016
Sitara-2::conversation_3157764_4336.csv::s2,astro_callback_within,2026-08-28 09:14:26.017
Sitara-2::conversation_3157764_4336.csv::s2,user_emotional_disclosure,2026-08-28 09:14:30.018
Sitara-2::conversation_3157764_4336.csv::s2,astro_callback_within,2026-08-28 09:14:35.019
Sitara-2::conversation_3157764_4336.csv::s2,user_neutral_factual,2026-08-28 09:14:43.020
Sitara-2::conversation_3157764_4336.csv::s2,astro_callback_within,2026-08-28 09:14:48.021
Sitara-2::conversation_3157764_4336.csv::s2,user_enthusiastic,2026-08-28 09:14:53.022
Sitara-2::conversation_3157764_4336.csv::s2,astro_callback_within,2026-08-28 09:14:58.023
Sitara-2::conversation_3157764_4336.csv::s2,user_neutral_factual,2026-08-28 09:15:03.024
Sitara-2::conversation_3157764_4336.csv::s2,astro_dated_prediction,2026-08-28 09:15:07.025
Sitara-2::conversation_3157764_4336.csv::s2,user_enthusiastic,2026-08-28 09:15:16.026
Sitara-2::conversation_3157764_4336.csv::s2,astro_callback_within,2026-08-28 09:15:20.027
Sitara-2::conversation_3157764_4336.csv::s2,user_enthusiastic,2026-08-28 09:15:30.028
Sitara-2::conversation_3157764_4336.csv::s2,astro_callback_within,2026-08-28 09:15:35.029
Sitara-2::conversation_3157764_4336.csv::s2,user_enthusiastic,2026-08-28 09:15:35.030
Sitara-2::conversation_3157764_4336.csv::s2,astro_callback_within,2026-08-28 09:15:40.031
Sitara-2::conversation_3157764_4336.csv::s2,astro_callback_within,2026-08-28 09:15:50.032
Sitara-2::conversation_3157764_4336.csv::s2,user_neutral_factual,2026-08-28 09:15:58.033
Sitara-2::conversation_3157764_4336.csv::s2,astro_reframe,2026-08-28 09:16:03.034
Sitara-2::conversation_3157764_4336.csv::s2,user_emotional_disclosure,2026-08-28 09:16:13.035
Sitara-2::conversation_3157764_4336.csv::s2,astro_callback_within,2026-08-28 09:16:17.036
Sitara-2::conversation_3157764_4336.csv::s2,user_emotional_disclosure,2026-08-28 09:16:24.037
Sitara-2::conversation_3157764_4336.csv::s2,astro_callback_prior,2026-08-28 09:16:29.038
Sitara-2::conversation_3157764_4336.csv::s2,astro_callback_prior,2026-08-28 09:16:31.039
Sitara-2::conversation_3157764_4336.csv::s2,user_emotional_disclosure,2026-08-28 09:16:37.040
Sitara-2::conversation_3157764_4336.csv::s2,astro_callback_prior,2026-08-28 09:16:41.041
Sitara-2::conversation_3157764_4336.csv::s2,user_emotional_disclosure,2026-08-28 09:16:54.042
Sitara-2::conversation_3157764_4336.csv::s2,user_emotional_disclosure,2026-08-28 09:17:13.043
Sitara-2::conversation_3157764_4336.csv::s2,astro_callback_within,2026-08-28 09:17:17.044
Sitara-2::conversation_3157764_4336.csv::s2,user_neutral_factual,2026-08-28 09:17:23.045
Sitara-2::conversation_3157764_4336.csv::s2,user_enthusiastic,2026-08-28 09:17:25.046
Sitara-2::conversation_3157764_4336.csv::s2,astro_other,2026-08-28 09:17:30.047
Sitara-2::conversation_3157764_4336.csv::s2,user_emotional_disclosure,2026-08-28 09:17:32.048
Sitara-2::conversation_3157764_4336.csv::s2,astro_callback_within,2026-08-28 09:17:32.049
Sitara-2::conversation_3157764_4336.csv::s2,astro_callback_within,2026-08-28 09:17:34.050
Sitara-2::conversation_3157764_4336.csv::s2,astro_callback_within,2026-08-28 09:17:39.051
Sitara-2::conversation_3160815_4336.csv::s1,astro_other,2026-08-30 06:16:08.000
Sitara-2::conversation_3160815_4336.csv::s1,astro_other,2026-08-30 06:16:10.001
Sitara-2::conversation_3160815_4336.csv::s1,astro_other,2026-08-30 06:16:18.002
Sitara-2::conversation_3160815_4336.csv::s1,astro_reframe,2026-08-30 06:16:20.003
Sitara-2::conversation_3160815_4336.csv::s1,user_neutral,2026-08-30 06:16:23.004
Sitara-2::conversation_3160815_4336.csv::s1,astro_other,2026-08-30 06:16:28.005
Sitara-2::conversation_3160815_4336.csv::s1,user_emotional_disclosure,2026-08-30 06:16:33.006
Sitara-2::conversation_3160815_4336.csv::s1,astro_callback_within,2026-08-30 06:16:38.007
Sitara-2::conversation_3160815_4336.csv::s1,astro_callback_within,2026-08-30 06:16:40.008
Sitara-2::conversation_3160815_4336.csv::s1,astro_callback_within,2026-08-30 06:16:42.009
Sitara-2::conversation_3160815_4336.csv::s1,user_enthusiastic,2026-08-30 06:16:58.010
Sitara-2::conversation_3160815_4336.csv::s1,astro_callback_within,2026-08-30 06:17:03.011
Sitara-2::conversation_3160815_4336.csv::s1,astro_callback_within,2026-08-30 06:17:05.012
Sitara-2::conversation_3160815_4336.csv::s1,user_enthusiastic,2026-08-30 06:17:33.013
Sitara-2::conversation_3160815_4336.csv::s1,astro_dated_prediction,2026-08-30 06:17:38.014
Sitara-2::conversation_3160815_4336.csv::s1,user_neutral_factual,2026-08-30 06:17:46.015
Sitara-2::conversation_3160815_4336.csv::s1,astro_dated_prediction,2026-08-30 06:17:51.016
Sitara-2::conversation_3160815_4336.csv::s1,user_enthusiastic,2026-08-30 06:18:11.017
Sitara-2::conversation_3160815_4336.csv::s1,astro_dated_prediction,2026-08-30 06:18:15.018
Sitara-2::conversation_3160815_4336.csv::s1,user_enthusiastic,2026-08-30 06:18:25.019
Sitara-2::conversation_3160815_4336.csv::s1,astro_other,2026-08-30 06:18:30.020
Sitara-2::conversation_3160815_4336.csv::s1,user_neutral_factual,2026-08-30 06:18:44.021
Sitara-2::conversation_3160815_4336.csv::s1,astro_callback_within,2026-08-30 06:18:49.022
Sitara-2::conversation_3160815_4336.csv::s1,user_neutral_factual,2026-08-30 06:18:57.023
Sitara-2::conversation_3160815_4336.csv::s1,astro_callback_within,2026-08-30 06:19:02.024
Sitara-2::conversation_3160815_4336.csv::s1,user_neutral_factual,2026-08-30 06:19:10.025
Sitara-2::conversation_3160815_4336.csv::s1,astro_callback_within,2026-08-30 06:19:14.026
Sitara-2::conversation_3160815_4336.csv::s1,user_enthusiastic,2026-08-30 06:19:25.027
Sitara-2::conversation_3160815_4336.csv::s1,astro_dated_prediction,2026-08-30 06:19:30.028
Sitara-2::conversation_3160815_4336.csv::s1,user_enthusiastic,2026-08-30 06:19:42.029
Sitara-2::conversation_3160815_4336.csv::s1,astro_callback_within,2026-08-30 06:19:46.030
Sitara-2::conversation_3160815_4336.csv::s1,user_enthusiastic,2026-08-30 06:20:05.031
Sitara-2::conversation_3160815_4336.csv::s1,astro_callback_within,2026-08-30 06:20:09.032
Sitara-2::conversation_3160815_4336.csv::s1,user_enthusiastic,2026-08-30 06:20:30.033
Sitara-2::conversation_3160815_4336.csv::s1,astro_other,2026-08-30 06:20:34.034
Sitara-2::conversation_3160815_4336.csv::s1,astro_callback_within,2026-08-30 06:20:36.035
Sitara-2::conversation_3160815_4336.csv::s1,astro_dated_prediction,2026-08-30 06:20:50.036
Sitara-2::conversation_3160815_4336.csv::s1,user_neutral_factual,2026-08-30 06:20:59.037
Sitara-2::conversation_3400476_4336.csv::s1,user_neutral,2026-08-28 18:46:50.000
Sitara-2::conversation_3400476_4336.csv::s1,astro_validation,2026-08-28 18:46:56.001
Sitara-2::conversation_3400476_4336.csv::s1,astro_reframe,2026-08-28 18:46:58.002
Sitara-2::conversation_3400476_4336.csv::s1,astro_other,2026-08-28 18:47:06.003
Sitara-2::conversation_3400476_4336.csv::s1,astro_callback_within,2026-08-28 18:47:08.004
Sitara-2::conversation_3400476_4336.csv::s1,user_enthusiastic,2026-08-28 18:47:59.005
Sitara-2::conversation_3400476_4336.csv::s1,astro_callback_within,2026-08-28 18:48:03.006
Sitara-2::conversation_3400476_4336.csv::s1,user_neutral,2026-08-28 18:48:20.007
Sitara-2::conversation_3400476_4336.csv::s1,astro_callback_within,2026-08-28 18:48:24.008
Sitara-2::conversation_3400476_4336.csv::s1,user_neutral,2026-08-28 18:48:45.009
Sitara-2::conversation_3400476_4336.csv::s1,astro_callback_within,2026-08-28 18:48:50.010
Sitara-2::conversation_3400476_4336.csv::s1,astro_callback_within,2026-08-28 18:48:52.011
Sitara-2::conversation_3400476_4336.csv::s1,user_enthusiastic,2026-08-28 18:49:12.012
Sitara-2::conversation_3400476_4336.csv::s1,user_enthusiastic,2026-08-28 18:49:35.013
Sitara-2::conversation_3400476_4336.csv::s1,astro_dated_prediction,2026-08-28 18:49:39.014
Sitara-2::conversation_3400476_4336.csv::s1,user_emotional_disclosure,2026-08-28 18:49:57.015
Sitara-2::conversation_3400476_4336.csv::s1,user_emotional_disclosure,2026-08-28 18:50:19.016
Sitara-2::conversation_3400476_4336.csv::s1,astro_callback_within,2026-08-28 18:50:25.017
Sitara-2::conversation_3400476_4336.csv::s1,astro_callback_within,2026-08-28 18:50:27.018
Sitara-2::conversation_3400476_4336.csv::s1,astro_open_thread,2026-08-28 18:50:29.019
Sitara-2::conversation_3400476_4336.csv::s1,user_enthusiastic,2026-08-28 18:50:48.020
Sitara-2::conversation_3400476_4336.csv::s1,astro_callback_within,2026-08-28 18:50:52.021
Sitara-2::conversation_3400476_4336.csv::s1,user_enthusiastic,2026-08-28 18:51:10.022
Sitara-2::conversation_3400476_4336.csv::s1,astro_callback_within,2026-08-28 18:51:14.023
Sitara-2::conversation_3400476_4336.csv::s1,astro_open_thread,2026-08-28 18:51:16.024
Sitara-2::conversation_3400476_4336.csv::s1,user_enthusiastic,2026-08-28 18:51:27.025
Sitara-2::conversation_3400476_4336.csv::s1,astro_callback_within,2026-08-28 18:51:31.026
Sitara-2::conversation_3400476_4336.csv::s2,user_neutral,2026-08-28 18:56:04.000
Sitara-2::conversation_3400476_4336.csv::s2,astro_callback_prior,2026-08-28 18:56:08.001
Sitara-2::conversation_3400476_4336.csv::s2,astro_other,2026-08-28 18:56:59.002
Sitara-2::conversation_3400476_4336.csv::s2,astro_other,2026-08-28 18:57:01.003
Sitara-2::conversation_3400476_4336.csv::s2,user_neutral,2026-08-28 18:57:34.004
Sitara-2::conversation_3400476_4336.csv::s2,astro_callback_within,2026-08-28 18:57:38.005
Sitara-2::conversation_3400476_4336.csv::s2,user_neutral_factual,2026-08-28 18:57:48.006
Sitara-2::conversation_3400476_4336.csv::s2,astro_dated_prediction,2026-08-28 18:57:54.007
Sitara-2::conversation_3400476_4336.csv::s2,user_enthusiastic,2026-08-28 18:58:18.008
Sitara-2::conversation_3400476_4336.csv::s2,astro_callback_within,2026-08-28 18:58:23.009
Sitara-2::conversation_3400476_4336.csv::s2,astro_callback_within,2026-08-28 18:58:25.010
Sitara-2::conversation_3400476_4336.csv::s2,user_enthusiastic,2026-08-28 18:58:47.011
Sitara-2::conversation_3400476_4336.csv::s2,astro_callback_within,2026-08-28 18:58:52.012
Sitara-2::conversation_3400476_4336.csv::s2,user_enthusiastic,2026-08-28 18:59:01.013
Sitara-2::conversation_3400476_4336.csv::s2,user_enthusiastic,2026-08-28 18:59:22.014
Sitara-2::conversation_3400476_4336.csv::s2,user_enthusiastic,2026-08-28 18:59:32.015
Sitara-2::conversation_3400476_4336.csv::s2,astro_callback_within,2026-08-28 18:59:37.016
Sitara-2::conversation_3400476_4336.csv::s2,astro_callback_within,2026-08-28 18:59:39.017
Sitara-2::conversation_3400476_4336.csv::s2,user_enthusiastic,2026-08-28 19:00:18.018
Sitara-2::conversation_3400476_4336.csv::s2,astro_other,2026-08-28 19:00:22.019
Sitara-2::conversation_3400476_4336.csv::s2,astro_callback_within,2026-08-28 19:00:24.020
Sitara-2::conversation_3400476_4336.csv::s2,user_enthusiastic,2026-08-28 19:01:24.021
Sitara-2::conversation_3400476_4336.csv::s2,astro_callback_within,2026-08-28 19:01:29.022
Sitara-2::conversation_3400476_4336.csv::s2,user_enthusiastic,2026-08-28 19:01:46.023
Sitara-2::conversation_3400476_4336.csv::s2,astro_callback_within,2026-08-28 19:01:52.024
Sitara-2::conversation_3400476_4336.csv::s2,user_emotional_disclosure,2026-08-28 19:02:37.025
Sitara-2::conversation_3400476_4336.csv::s2,astro_callback_within,2026-08-28 19:02:42.026
Sitara-2::conversation_3400476_4336.csv::s2,user_neutral,2026-08-28 19:03:07.027
Sitara-2::conversation_3400476_4336.csv::s2,astro_callback_within,2026-08-28 19:03:12.028
Sitara-2::conversation_3400476_4336.csv::s2,astro_callback_within,2026-08-28 19:03:14.029
Sitara-2::conversation_3400476_4336.csv::s2,user_enthusiastic,2026-08-28 19:04:41.030
Sitara-2::conversation_3400476_4336.csv::s2,astro_callback_within,2026-08-28 19:04:46.031
Sitara-2::conversation_3400476_4336.csv::s2,user_neutral,2026-08-28 19:05:10.032
Sitara-2::conversation_3400476_4336.csv::s2,astro_callback_within,2026-08-28 19:05:15.033
Sitara-2::conversation_3400476_4336.csv::s2,astro_callback_within,2026-08-28 19:05:17.034
Sitara-2::conversation_3400476_4336.csv::s2,user_neutral,2026-08-28 19:05:32.035
Sitara-2::conversation_3400476_4336.csv::s2,astro_callback_within,2026-08-28 19:05:37.036
Sitara-2::conversation_3400476_4336.csv::s2,user_enthusiastic,2026-08-28 19:05:52.037
Sitara-2::conversation_3400476_4336.csv::s2,astro_other,2026-08-28 19:05:56.038
Sitara-2::conversation_3400476_4336.csv::s2,user_neutral,2026-08-28 19:06:05.039
Sitara-2::conversation_3400476_4336.csv::s2,astro_callback_within,2026-08-28 19:06:10.040
Sitara-2::conversation_3400476_4336.csv::s2,astro_callback_within,2026-08-28 19:06:13.041
Sitara-2::conversation_3400476_4336.csv::s2,astro_open_thread,2026-08-28 19:06:15.042
Sitara-2::conversation_3413532_4336.csv::s1,user_neutral,2026-07-20 16:57:42.000
Sitara-2::conversation_3413532_4336.csv::s1,astro_other,2026-07-20 16:57:57.001
Sitara-2::conversation_3413532_4336.csv::s1,astro_callback_within,2026-07-20 16:58:11.002
Sitara-2::conversation_3413532_4336.csv::s1,user_neutral,2026-07-20 16:58:28.003
Sitara-2::conversation_3413532_4336.csv::s1,user_neutral,2026-07-20 16:58:33.004
Sitara-2::conversation_3413532_4336.csv::s1,astro_callback_within,2026-07-20 16:58:42.005
Sitara-2::conversation_3413532_4336.csv::s1,astro_callback_within,2026-07-20 16:58:56.006
Sitara-2::conversation_3413532_4336.csv::s1,user_enthusiastic,2026-07-20 16:58:58.007
Sitara-2::conversation_3413532_4336.csv::s1,astro_callback_within,2026-07-20 16:59:15.008
Sitara-2::conversation_3413532_4336.csv::s1,astro_callback_within,2026-07-20 16:59:21.009
Sitara-2::conversation_3413532_4336.csv::s1,user_neutral_factual,2026-07-20 16:59:24.010
Sitara-2::conversation_3413532_4336.csv::s1,user_neutral_factual,2026-07-20 16:59:29.011
Sitara-2::conversation_3413532_4336.csv::s1,astro_callback_within,2026-07-20 16:59:35.012
Sitara-2::conversation_3413532_4336.csv::s1,astro_other,2026-07-20 16:59:45.013
Sitara-2::conversation_3413532_4336.csv::s1,user_neutral_factual,2026-07-20 16:59:51.014
Sitara-2::conversation_3413532_4336.csv::s1,astro_callback_within,2026-07-20 17:00:00.015
Sitara-2::conversation_3413532_4336.csv::s1,astro_callback_within,2026-07-20 17:00:18.016
Sitara-2::conversation_3413532_4336.csv::s1,user_pushback,2026-07-20 17:00:18.017
Sitara-2::conversation_3413532_4336.csv::s1,astro_other,2026-07-20 17:00:29.018
Sitara-2::conversation_3413532_4336.csv::s1,user_pushback,2026-07-20 17:00:41.019
Sitara-2::conversation_3413532_4336.csv::s1,astro_callback_within,2026-07-20 17:00:44.020
Sitara-2::conversation_3413532_4336.csv::s1,user_pushback,2026-07-20 17:00:55.021
Sitara-2::conversation_3413532_4336.csv::s1,user_pushback,2026-07-20 17:01:06.022
Sitara-2::conversation_3413532_4336.csv::s1,user_emotional_disclosure,2026-07-20 17:01:23.023
Sitara-2::conversation_3413532_4336.csv::s1,astro_callback_within,2026-07-20 17:01:34.024
Sitara-2::conversation_3413532_4336.csv::s1,user_enthusiastic,2026-07-20 17:01:48.025
Sitara-2::conversation_3413532_4336.csv::s1,astro_callback_within,2026-07-20 17:02:07.026
Sitara-2::conversation_3413532_4336.csv::s1,astro_callback_within,2026-07-20 17:03:07.027
Sitara-2::conversation_3413532_4336.csv::s2,user_neutral,2026-08-28 21:20:00.000
Sitara-2::conversation_3413532_4336.csv::s2,astro_other,2026-08-28 21:20:05.001
Sitara-2::conversation_3413532_4336.csv::s2,astro_other,2026-08-28 21:20:15.002
Sitara-2::conversation_3413532_4336.csv::s2,astro_other,2026-08-28 21:20:33.003
Sitara-2::conversation_3413532_4336.csv::s2,user_emotional_disclosure,2026-08-28 21:21:06.004
Sitara-2::conversation_3413532_4336.csv::s2,user_neutral_factual,2026-08-28 21:21:08.005
Sitara-2::conversation_3413532_4336.csv::s2,astro_other,2026-08-28 21:21:13.006
Sitara-2::conversation_3413532_4336.csv::s2,astro_other,2026-08-28 21:21:15.007
Sitara-2::conversation_3413532_4336.csv::s2,astro_reframe,2026-08-28 21:21:17.008
Sitara-2::conversation_3413532_4336.csv::s2,user_enthusiastic,2026-08-28 21:21:21.009
Sitara-2::conversation_3413532_4336.csv::s2,astro_other,2026-08-28 21:21:26.010
Sitara-2::conversation_3413532_4336.csv::s2,astro_other,2026-08-28 21:21:28.011
Sitara-2::conversation_3413532_4336.csv::s2,user_emotional_disclosure,2026-08-28 21:21:32.012
Sitara-2::conversation_3413532_4336.csv::s2,astro_reframe,2026-08-28 21:21:36.013
Sitara-2::conversation_3413532_4336.csv::s2,user_enthusiastic,2026-08-28 21:21:38.014
Sitara-2::conversation_3413532_4336.csv::s2,user_enthusiastic,2026-08-28 21:21:42.015
Sitara-2::conversation_3413532_4336.csv::s2,astro_other,2026-08-28 21:21:43.016
Sitara-2::conversation_3413532_4336.csv::s2,astro_dated_prediction,2026-08-28 21:21:45.017
Sitara-2::conversation_3413532_4336.csv::s2,astro_other,2026-08-28 21:21:56.018
Sitara-2::conversation_3413532_4336.csv::s2,user_enthusiastic,2026-08-28 21:22:09.019
Sitara-2::conversation_3413532_4336.csv::s2,astro_other,2026-08-28 21:22:14.020
Sitara-2::conversation_3413532_4336.csv::s2,user_enthusiastic,2026-08-28 21:22:53.021
Sitara-2::conversation_3413532_4336.csv::s2,astro_other,2026-08-28 21:22:57.022
Sitara-2::conversation_3413532_4336.csv::s2,user_enthusiastic,2026-08-28 21:23:19.023
Sitara-2::conversation_3413532_4336.csv::s2,astro_other,2026-08-28 21:23:24.024
Sitara-2::conversation_3413532_4336.csv::s2,user_enthusiastic,2026-08-28 21:23:28.025
Sitara-2::conversation_3413532_4336.csv::s2,astro_dated_prediction,2026-08-28 21:23:33.026
Sitara-2::conversation_3413532_4336.csv::s2,user_pushback,2026-08-28 21:23:47.027
Sitara-2::conversation_3413532_4336.csv::s2,astro_callback_within,2026-08-28 21:23:53.028
Sitara-2::conversation_3413532_4336.csv::s2,user_enthusiastic,2026-08-28 21:23:56.029
Sitara-2::conversation_3413532_4336.csv::s2,astro_dated_prediction,2026-08-28 21:24:01.030
Sitara-2::conversation_3413532_4336.csv::s2,user_enthusiastic,2026-08-28 21:24:18.031
Sitara-2::conversation_3413532_4336.csv::s2,astro_dated_prediction,2026-08-28 21:24:23.032
Sitara-2::conversation_3413532_4336.csv::s2,user_enthusiastic,2026-08-28 21:24:23.033
Sitara-2::conversation_3413532_4336.csv::s2,user_neutral,2026-08-28 21:24:37.034
Sitara-2::conversation_3413532_4336.csv::s2,astro_other,2026-08-28 21:24:42.035
Sitara-2::conversation_3413532_4336.csv::s2,astro_other,2026-08-28 21:24:44.036
Sitara-2::conversation_3413532_4336.csv::s2,user_neutral,2026-08-28 21:24:47.037
Sitara-2::conversation_3413532_4336.csv::s2,astro_other,2026-08-28 21:24:51.038
Sitara-2::conversation_3413532_4336.csv::s2,user_enthusiastic,2026-08-28 21:25:20.039
Sitara-2::conversation_3413532_4336.csv::s2,astro_other,2026-08-28 21:25:24.040
Sitara-2::conversation_3413532_4336.csv::s2,user_enthusiastic,2026-08-28 21:25:41.041
Sitara-2::conversation_3413532_4336.csv::s2,astro_dated_prediction,2026-08-28 21:25:46.042
Sitara-2::conversation_3413532_4336.csv::s2,user_enthusiastic,2026-08-28 21:25:54.043
Sitara-2::conversation_3413532_4336.csv::s2,astro_other,2026-08-28 21:25:59.044
Sitara-2::conversation_3413532_4336.csv::s2,user_enthusiastic,2026-08-28 21:26:05.045
Sitara-2::conversation_3413532_4336.csv::s2,user_enthusiastic,2026-08-28 21:26:16.046
Sitara-2::conversation_3413532_4336.csv::s2,astro_other,2026-08-28 21:26:21.047
Sitara-2::conversation_3413532_4336.csv::s2,user_enthusiastic,2026-08-28 21:26:29.048
Sitara-2::conversation_3413532_4336.csv::s2,astro_other,2026-08-28 21:26:35.049
Sitara-2::conversation_3413532_4336.csv::s2,user_enthusiastic,2026-08-28 21:26:55.050
Sitara-2::conversation_3413532_4336.csv::s2,user_enthusiastic,2026-08-28 21:26:57.051
Sitara-2::conversation_3413532_4336.csv::s2,user_enthusiastic,2026-08-28 21:27:01.052
Sitara-2::conversation_3413532_4336.csv::s2,astro_callback_within,2026-08-28 21:27:02.053
Sitara-2::conversation_3413532_4336.csv::s2,astro_callback_within,2026-08-28 21:27:05.054
Sitara-2::conversation_3413532_4336.csv::s2,astro_callback_within,2026-08-28 21:27:09.055
Sitara-2::conversation_3413532_4336.csv::s2,user_enthusiastic,2026-08-28 21:27:17.056
Sitara-2::conversation_3413532_4336.csv::s2,astro_callback_within,2026-08-28 21:27:22.057
Sitara-2::conversation_3413532_4336.csv::s2,user_enthusiastic,2026-08-28 21:27:36.058
Sitara-2::conversation_3413532_4336.csv::s2,astro_callback_within,2026-08-28 21:27:40.059
Sitara-2::conversation_3413532_4336.csv::s2,astro_callback_within,2026-08-28 21:27:46.060
Sitara-2::conversation_3413532_4336.csv::s2,astro_callback_within,2026-08-28 21:27:58.061
Sitara-2::conversation_3413532_4336.csv::s2,user_enthusiastic,2026-08-28 21:28:06.062
Sitara-2::conversation_3413532_4336.csv::s2,astro_callback_within,2026-08-28 21:28:11.063
Sitara-2::conversation_3413532_4336.csv::s2,user_enthusiastic,2026-08-28 21:28:23.064
Sitara-2::conversation_3413532_4336.csv::s2,astro_callback_within,2026-08-28 21:28:27.065
Sitara-2::conversation_3413532_4336.csv::s2,user_enthusiastic,2026-08-28 21:28:45.066
Sitara-2::conversation_3413532_4336.csv::s2,astro_other,2026-08-28 21:28:50.067
Sitara-2::conversation_3413532_4336.csv::s2,user_enthusiastic,2026-08-28 21:28:55.068
Sitara-2::conversation_3413532_4336.csv::s2,astro_other,2026-08-28 21:28:59.069
Sitara-2::conversation_3413532_4336.csv::s2,user_enthusiastic,2026-08-28 21:29:05.070
Sitara-2::conversation_3413532_4336.csv::s2,astro_other,2026-08-28 21:29:09.071
Sitara-2::conversation_3413532_4336.csv::s2,user_enthusiastic,2026-08-28 21:29:17.072
Sitara-2::conversation_3413532_4336.csv::s2,astro_callback_within,2026-08-28 21:29:22.073
Sitara-2::conversation_3413532_4336.csv::s2,user_enthusiastic,2026-08-28 21:29:28.074
Sitara-2::conversation_3413532_4336.csv::s2,astro_other,2026-08-28 21:29:32.075
Sitara-2::conversation_3413532_4336.csv::s2,astro_other,2026-08-28 21:29:34.076
Sitara-2::conversation_3413532_4336.csv::s2,astro_other,2026-08-28 21:29:36.077
Sitara-2::conversation_3413532_4336.csv::s2,astro_other,2026-08-28 21:29:44.078
Sitara-2::conversation_3413532_4336.csv::s2,user_enthusiastic,2026-08-28 21:29:51.079
Sitara-2::conversation_3413532_4336.csv::s2,astro_other,2026-08-28 21:29:55.080
Sitara-2::conversation_3600087_4336.csv::s1,user_neutral,2026-08-27 19:12:55.000
Sitara-2::conversation_3600087_4336.csv::s1,astro_other,2026-08-27 19:13:00.001
Sitara-2::conversation_3600087_4336.csv::s1,astro_other,2026-08-27 19:13:15.002
Sitara-2::conversation_3600087_4336.csv::s1,astro_other,2026-08-27 19:13:17.003
Sitara-2::conversation_3600087_4336.csv::s1,user_neutral_factual,2026-08-27 19:13:17.004
Sitara-2::conversation_3600087_4336.csv::s1,astro_callback_within,2026-08-27 19:13:22.005
Sitara-2::conversation_3600087_4336.csv::s1,astro_other,2026-08-27 19:13:24.006
Sitara-2::conversation_3600087_4336.csv::s1,astro_other,2026-08-27 19:13:26.007
Sitara-2::conversation_3600087_4336.csv::s1,astro_other,2026-08-27 19:13:28.008
Sitara-2::conversation_3600087_4336.csv::s1,astro_other,2026-08-27 19:13:30.009
Sitara-2::conversation_3600087_4336.csv::s1,user_pushback,2026-08-27 19:14:02.010
Sitara-2::conversation_3600087_4336.csv::s1,astro_callback_within,2026-08-27 19:14:06.011
Sitara-2::conversation_3600087_4336.csv::s1,astro_other,2026-08-27 19:14:08.012
Sitara-2::conversation_3600087_4336.csv::s1,user_emotional_disclosure,2026-08-27 19:14:36.013
Sitara-2::conversation_3600087_4336.csv::s1,astro_callback_within,2026-08-27 19:14:41.014
Sitara-2::conversation_3600087_4336.csv::s1,astro_other,2026-08-27 19:14:43.015
Sitara-2::conversation_3600087_4336.csv::s1,user_neutral_factual,2026-08-27 19:15:00.016
Sitara-2::conversation_3600087_4336.csv::s1,astro_other,2026-08-27 19:15:05.017
Sitara-2::conversation_3600087_4336.csv::s1,user_pushback,2026-08-27 19:15:29.018
Sitara-2::conversation_3600087_4336.csv::s1,astro_callback_within,2026-08-27 19:15:34.019
Sitara-2::conversation_3600087_4336.csv::s1,astro_callback_within,2026-08-27 19:15:43.020
Sitara-2::conversation_3600087_4336.csv::s1,astro_reframe,2026-08-27 19:15:45.021
Sitara-2::conversation_3600087_4336.csv::s1,user_enthusiastic,2026-08-27 19:16:00.022
Sitara-2::conversation_3600087_4336.csv::s1,astro_other,2026-08-27 19:16:05.023
Sitara-2::conversation_3600087_4336.csv::s1,user_neutral_factual,2026-08-27 19:16:15.024
Sitara-2::conversation_3600087_4336.csv::s1,astro_callback_within,2026-08-27 19:16:19.025
Sitara-2::conversation_3600087_4336.csv::s1,user_neutral_factual,2026-08-27 19:16:33.026
Sitara-2::conversation_3600087_4336.csv::s1,user_enthusiastic,2026-08-27 19:16:36.027
Sitara-2::conversation_3600087_4336.csv::s1,astro_other,2026-08-27 19:16:43.028
Sitara-2::conversation_3600087_4336.csv::s1,user_enthusiastic,2026-08-27 19:16:49.029
Sitara-2::conversation_3600087_4336.csv::s1,user_enthusiastic,2026-08-27 19:16:53.030
Sitara-2::conversation_3600087_4336.csv::s1,astro_callback_within,2026-08-27 19:16:55.031
Sitara-2::conversation_3600087_4336.csv::s1,astro_callback_within,2026-08-27 19:16:59.032
Sitara-2::conversation_3600087_4336.csv::s1,astro_reframe,2026-08-27 19:17:01.033
Sitara-2::conversation_3600087_4336.csv::s1,user_enthusiastic,2026-08-27 19:17:42.034
Sitara-2::conversation_3600087_4336.csv::s1,astro_callback_within,2026-08-27 19:17:47.035
Sitara-2::conversation_3600087_4336.csv::s1,user_pushback,2026-08-27 19:17:49.036
Sitara-2::conversation_3600087_4336.csv::s1,astro_callback_within,2026-08-27 19:17:54.037
Sitara-2::conversation_3600087_4336.csv::s1,user_enthusiastic,2026-08-27 19:18:12.038
Sitara-2::conversation_3600087_4336.csv::s1,user_enthusiastic,2026-08-27 19:18:30.039
Sitara-2::conversation_3600087_4336.csv::s1,astro_callback_within,2026-08-27 19:18:34.040
Sitara-2::conversation_3600087_4336.csv::s1,astro_other,2026-08-27 19:18:53.041
Sitara-2::conversation_3600087_4336.csv::s1,user_enthusiastic,2026-08-27 19:19:01.042
Sitara-2::conversation_3600087_4336.csv::s1,user_enthusiastic,2026-08-27 19:19:03.043
Sitara-2::conversation_3600087_4336.csv::s1,astro_callback_within,2026-08-27 19:19:06.044
Sitara-2::conversation_3600087_4336.csv::s1,astro_other,2026-08-27 19:19:10.045
Sitara-2::conversation_3600087_4336.csv::s1,user_neutral_factual,2026-08-27 19:19:23.046
Sitara-2::conversation_3600087_4336.csv::s1,astro_callback_within,2026-08-27 19:19:27.047
Sitara-2::conversation_3600087_4336.csv::s1,user_enthusiastic,2026-08-27 19:20:25.048
Sitara-2::conversation_3600087_4336.csv::s1,astro_dated_prediction,2026-08-27 19:20:30.049
Sitara-2::conversation_3600087_4336.csv::s1,user_enthusiastic,2026-08-27 19:20:44.050
Sitara-2::conversation_3600087_4336.csv::s1,astro_callback_within,2026-08-27 19:20:49.051
Sitara-2::conversation_3600087_4336.csv::s1,user_neutral_factual,2026-08-27 19:21:03.052
Sitara-2::conversation_3600087_4336.csv::s1,astro_reframe,2026-08-27 19:21:07.053
Sitara-2::conversation_3600087_4336.csv::s1,user_emotional_disclosure,2026-08-27 19:21:34.054
Sitara-2::conversation_3600087_4336.csv::s1,astro_callback_within,2026-08-27 19:21:39.055
Sitara-2::conversation_3600087_4336.csv::s1,user_enthusiastic,2026-08-27 19:22:00.056
Sitara-2::conversation_3600087_4336.csv::s1,astro_callback_within,2026-08-27 19:22:04.057
Sitara-2::conversation_3600087_4336.csv::s1,user_enthusiastic,2026-08-27 19:22:11.058
Sitara-2::conversation_3600087_4336.csv::s1,astro_callback_within,2026-08-27 19:22:16.059
Sitara-2::conversation_3600087_4336.csv::s1,astro_callback_within,2026-08-27 19:22:18.060
Sitara-2::conversation_3600087_4336.csv::s1,astro_other,2026-08-27 19:22:20.061
Sitara-2::conversation_3600087_4336.csv::s1,user_enthusiastic,2026-08-27 19:22:42.062
Sitara-2::conversation_3600087_4336.csv::s1,astro_callback_within,2026-08-27 19:22:47.063
Sitara-2::conversation_3600087_4336.csv::s1,user_enthusiastic,2026-08-27 19:22:55.064
Sitara-2::conversation_3600087_4336.csv::s1,astro_callback_within,2026-08-27 19:22:59.065
Sitara-2::conversation_3600087_4336.csv::s1,user_enthusiastic,2026-08-27 19:23:10.066
Sitara-2::conversation_3600087_4336.csv::s1,astro_callback_within,2026-08-27 19:23:14.067
Sitara-2::conversation_3600087_4336.csv::s1,user_disengaging,2026-08-27 19:23:38.068
Sitara-2::conversation_3600087_4336.csv::s1,user_enthusiastic,2026-08-27 19:23:40.069
Sitara-2::conversation_3600087_4336.csv::s1,astro_other,2026-08-27 19:23:42.070
Sitara-2::conversation_3600087_4336.csv::s1,astro_callback_within,2026-08-27 19:23:47.071
Sitara-2::conversation_3600087_4336.csv::s1,user_enthusiastic,2026-08-27 19:23:51.072
Sitara-2::conversation_3600087_4336.csv::s1,astro_callback_within,2026-08-27 19:23:56.073
Sitara-2::conversation_3600087_4336.csv::s1,user_neutral_factual,2026-08-27 19:24:19.074
Sitara-2::conversation_3600087_4336.csv::s1,astro_reframe,2026-08-27 19:24:23.075
Sitara-2::conversation_3600087_4336.csv::s1,user_disengaging,2026-08-27 19:24:33.076
Sitara-2::conversation_3600087_4336.csv::s1,astro_reframe,2026-08-27 19:24:38.077
Sitara-2::conversation_3600087_4336.csv::s1,astro_other,2026-08-27 19:24:54.078
Sitara-2::conversation_3600087_4336.csv::s1,user_neutral,2026-08-29 11:43:57.079
Sitara-2::conversation_3600087_4336.csv::s2,astro_other,2026-08-29 11:44:02.000
Sitara-2::conversation_3600087_4336.csv::s2,astro_other,2026-08-29 11:44:04.001
Sitara-2::conversation_3600087_4336.csv::s2,user_enthusiastic,2026-08-29 11:44:18.002
Sitara-2::conversation_3600087_4336.csv::s2,astro_dated_prediction,2026-08-29 11:44:23.003
Sitara-2::conversation_3600087_4336.csv::s2,user_neutral_factual,2026-08-29 11:44:46.004
Sitara-2::conversation_3600087_4336.csv::s2,astro_other,2026-08-29 11:44:52.005
Sitara-2::conversation_3600087_4336.csv::s2,user_neutral_factual,2026-08-29 11:45:08.006
Sitara-2::conversation_3600087_4336.csv::s2,astro_other,2026-08-29 11:45:13.007
Sitara-2::conversation_3600087_4336.csv::s2,astro_callback_within,2026-08-29 11:45:15.008
Sitara-2::conversation_3600087_4336.csv::s2,astro_callback_within,2026-08-29 11:45:17.009
Sitara-2::conversation_3600087_4336.csv::s2,user_neutral_factual,2026-08-29 11:45:56.010
Sitara-2::conversation_3600087_4336.csv::s2,astro_other,2026-08-29 11:46:01.011
Sitara-2::conversation_3600087_4336.csv::s2,astro_callback_within,2026-08-29 11:46:03.012
Sitara-2::conversation_3600087_4336.csv::s2,user_enthusiastic,2026-08-29 11:46:18.013
Sitara-2::conversation_3600087_4336.csv::s2,astro_callback_within,2026-08-29 11:46:22.014
Sitara-2::conversation_3600087_4336.csv::s2,astro_callback_within,2026-08-29 11:46:24.015
Sitara-2::conversation_3600087_4336.csv::s2,user_enthusiastic,2026-08-29 11:46:41.016
Sitara-2::conversation_3600087_4336.csv::s2,astro_callback_within,2026-08-29 11:46:45.017
Sitara-2::conversation_3600087_4336.csv::s2,user_neutral_factual,2026-08-29 11:47:00.018
Sitara-2::conversation_3600087_4336.csv::s2,astro_other,2026-08-29 11:47:04.019
Sitara-2::conversation_3600087_4336.csv::s2,user_enthusiastic,2026-08-29 11:47:28.020
Sitara-2::conversation_3600087_4336.csv::s2,user_enthusiastic,2026-08-29 11:47:43.021
Sitara-2::conversation_3600087_4336.csv::s2,astro_callback_within,2026-08-29 11:47:48.022
Sitara-2::conversation_3600087_4336.csv::s2,user_emotional_disclosure,2026-08-29 11:48:06.023
Sitara-2::conversation_3600087_4336.csv::s2,astro_callback_within,2026-08-29 11:48:11.024
Sitara-2::conversation_3600087_4336.csv::s2,user_neutral_factual,2026-08-29 11:48:52.025
Sitara-2::conversation_3600087_4336.csv::s2,astro_callback_within,2026-08-29 11:48:56.026
Sitara-2::conversation_3600087_4336.csv::s2,user_neutral_factual,2026-08-29 11:49:41.027
Sitara-2::conversation_3600087_4336.csv::s2,astro_callback_within,2026-08-29 11:49:46.028
Sitara-2::conversation_3600087_4336.csv::s2,astro_callback_within,2026-08-29 11:49:53.029
Sitara-2::conversation_3600087_4336.csv::s2,user_enthusiastic,2026-08-29 11:50:01.030
Sitara-2::conversation_3600087_4336.csv::s2,astro_callback_within,2026-08-29 11:50:06.031
Sitara-2::conversation_3600087_4336.csv::s2,user_enthusiastic,2026-08-29 11:50:45.032
Sitara-2::conversation_3600087_4336.csv::s2,user_enthusiastic,2026-08-29 11:50:50.033
Sitara-2::conversation_3600087_4336.csv::s2,astro_callback_within,2026-08-29 11:50:50.034
Sitara-2::conversation_3600087_4336.csv::s2,astro_callback_within,2026-08-29 11:50:54.035
Sitara-2::conversation_3600087_4336.csv::s2,user_neutral_factual,2026-08-29 11:51:18.036
Sitara-2::conversation_3600087_4336.csv::s2,astro_open_thread,2026-08-29 11:51:23.037
Sitara-2::conversation_3600087_4336.csv::s2,user_emotional_disclosure,2026-08-29 11:51:39.038
Sitara-2::conversation_3600087_4336.csv::s2,user_emotional_disclosure,2026-08-29 11:51:44.039
Sitara-2::conversation_3600087_4336.csv::s2,astro_callback_within,2026-08-29 11:51:44.040
Sitara-2::conversation_3600087_4336.csv::s2,astro_open_thread,2026-08-29 11:51:48.041
Sitara-2::conversation_3600087_4336.csv::s2,user_enthusiastic,2026-08-29 11:52:07.042
Sitara-2::conversation_3600087_4336.csv::s2,astro_callback_within,2026-08-29 11:52:12.043
Sitara-2::conversation_3600087_4336.csv::s2,user_enthusiastic,2026-08-29 11:52:23.044
Sitara-2::conversation_3600087_4336.csv::s2,astro_callback_within,2026-08-29 11:52:28.045
Sitara-2::conversation_3600087_4336.csv::s2,user_enthusiastic,2026-08-29 11:52:49.046
Sitara-2::conversation_3600087_4336.csv::s2,astro_callback_within,2026-08-29 11:52:54.047
Sitara-2::conversation_3600087_4336.csv::s2,user_enthusiastic,2026-08-29 11:53:06.048
Sitara-2::conversation_3600087_4336.csv::s2,astro_open_thread,2026-08-29 11:53:10.049
Sitara-2::conversation_3600087_4336.csv::s2,user_enthusiastic,2026-08-29 11:53:41.050
Sitara-2::conversation_3600087_4336.csv::s2,user_enthusiastic,2026-08-29 11:53:43.051
Sitara-2::conversation_3600087_4336.csv::s2,astro_callback_within,2026-08-29 11:53:45.052
Sitara-2::conversation_3600087_4336.csv::s2,astro_callback_within,2026-08-29 11:53:50.053
Sitara-2::conversation_3600087_4336.csv::s2,user_neutral_factual,2026-08-29 11:54:02.054
Sitara-2::conversation_3600087_4336.csv::s2,astro_callback_within,2026-08-29 11:54:06.055
Sitara-2::conversation_3600087_4336.csv::s2,user_enthusiastic,2026-08-29 11:54:37.056
Sitara-2::conversation_3600087_4336.csv::s2,astro_callback_within,2026-08-29 11:54:41.057
Sitara-2::conversation_3600087_4336.csv::s2,user_neutral_factual,2026-08-29 11:55:14.058
Sitara-2::conversation_3600087_4336.csv::s2,astro_callback_within,2026-08-29 11:55:19.059
Sitara-2::conversation_3600087_4336.csv::s2,user_neutral_factual,2026-08-29 11:55:48.060
Sitara-2::conversation_3600087_4336.csv::s2,astro_callback_within,2026-08-29 11:55:53.061
Sitara-2::conversation_3600087_4336.csv::s2,user_neutral_factual,2026-08-29 11:56:08.062
Sitara-2::conversation_3600087_4336.csv::s2,astro_callback_within,2026-08-29 11:56:13.063
Sitara-2::conversation_3600087_4336.csv::s2,astro_open_thread,2026-08-29 11:56:25.064
Sitara-2::conversation_3600087_4336.csv::s2,user_neutral_factual,2026-08-29 11:56:37.065
Sitara-2::conversation_3600087_4336.csv::s2,user_enthusiastic,2026-08-29 11:56:40.066
Sitara-2::conversation_3600087_4336.csv::s2,astro_callback_within,2026-08-29 11:56:42.067
Sitara-2::conversation_3600087_4336.csv::s2,astro_callback_within,2026-08-29 11:56:47.068
Sitara-2::conversation_3600087_4336.csv::s2,user_neutral_factual,2026-08-29 11:57:01.069
Sitara-2::conversation_3600087_4336.csv::s2,astro_callback_within,2026-08-29 11:57:05.070
Sitara-2::conversation_3600087_4336.csv::s2,user_enthusiastic,2026-08-29 11:57:05.071
Sitara-2::conversation_3600087_4336.csv::s2,astro_callback_within,2026-08-29 11:57:10.072
Sitara-2::conversation_3600087_4336.csv::s2,user_enthusiastic,2026-08-29 11:57:42.073
Sitara-2::conversation_3600087_4336.csv::s2,astro_callback_within,2026-08-29 11:57:47.074
Sitara-2::conversation_3600087_4336.csv::s2,user_emotional_disclosure,2026-08-29 11:58:28.075
Sitara-2::conversation_3600087_4336.csv::s2,astro_callback_within,2026-08-29 11:58:33.076
Sitara-2::conversation_3600087_4336.csv::s2,user_enthusiastic,2026-08-29 11:58:45.077
Sitara-2::conversation_3600087_4336.csv::s2,astro_open_thread,2026-08-29 11:58:50.078
Sitara-2::conversation_3600087_4336.csv::s2,user_enthusiastic,2026-08-29 11:58:59.079
Sitara-2::conversation_3600087_4336.csv::s2,astro_callback_within,2026-08-29 11:59:04.080
Sitara-2::conversation_3600087_4336.csv::s2,user_enthusiastic,2026-08-29 11:59:17.081
Sitara-2::conversation_3600087_4336.csv::s2,astro_callback_within,2026-08-29 11:59:22.082
Sitara-2::conversation_3600087_4336.csv::s2,user_neutral_factual,2026-08-29 11:59:35.083
Sitara-2::conversation_3600087_4336.csv::s2,astro_callback_within,2026-08-29 11:59:40.084
Sitara-2::conversation_3600087_4336.csv::s2,user_pushback,2026-08-29 11:59:50.085
Sitara-2::conversation_3600087_4336.csv::s2,astro_callback_within,2026-08-29 11:59:55.086
Sitara-2::conversation_3600087_4336.csv::s2,astro_open_thread,2026-08-29 11:59:57.087
Sitara-2::conversation_3600087_4336.csv::s2,user_neutral_factual,2026-08-29 12:00:07.088
Sitara-2::conversation_3600087_4336.csv::s2,astro_callback_within,2026-08-29 12:00:11.089
Sitara-2::conversation_3600087_4336.csv::s2,user_pushback,2026-08-29 12:00:28.090
Sitara-2::conversation_3600087_4336.csv::s2,astro_callback_within,2026-08-29 12:00:33.091
Sitara-2::conversation_3600087_4336.csv::s2,user_neutral_factual,2026-08-29 12:00:49.092
Sitara-2::conversation_3600087_4336.csv::s2,astro_callback_within,2026-08-29 12:00:54.093
Sitara-2::conversation_3600087_4336.csv::s2,user_neutral_factual,2026-08-29 12:01:08.094
Sitara-2::conversation_3600087_4336.csv::s2,astro_callback_within,2026-08-29 12:01:13.095
Sitara-2::conversation_3600087_4336.csv::s2,user_emotional_disclosure,2026-08-29 12:01:28.096
Sitara-2::conversation_3600087_4336.csv::s2,astro_callback_within,2026-08-29 12:01:34.097
Sitara-2::conversation_3600087_4336.csv::s2,astro_open_thread,2026-08-29 12:01:36.098
Sitara-2::conversation_3600087_4336.csv::s2,astro_callback_within,2026-08-29 12:01:38.099
Sitara-2::conversation_3600087_4336.csv::s2,user_enthusiastic,2026-08-29 12:02:30.100
Sitara-2::conversation_3600087_4336.csv::s2,astro_callback_within,2026-08-29 12:02:35.101
Sitara-2::conversation_3600087_4336.csv::s2,astro_open_thread,2026-08-29 12:02:37.102
Sitara-2::conversation_3600087_4336.csv::s2,user_enthusiastic,2026-08-29 12:02:53.103
Sitara-2::conversation_3600087_4336.csv::s2,astro_callback_within,2026-08-29 12:02:58.104
Sitara-2::conversation_3600087_4336.csv::s2,user_pushback,2026-08-29 12:03:37.105
Sitara-2::conversation_3600087_4336.csv::s2,astro_callback_within,2026-08-29 12:03:41.106
Sitara-2::conversation_3600087_4336.csv::s2,user_neutral_factual,2026-08-29 12:03:50.107
Sitara-2::conversation_3600087_4336.csv::s2,astro_callback_within,2026-08-29 12:03:55.108
Sitara-2::conversation_3600087_4336.csv::s2,user_enthusiastic,2026-08-29 12:04:29.109
Sitara-2::conversation_3600087_4336.csv::s2,astro_callback_within,2026-08-29 12:04:35.110
Sitara-2::conversation_3600087_4336.csv::s2,user_neutral_factual,2026-08-29 12:04:43.111
Sitara-2::conversation_3600087_4336.csv::s2,user_neutral_factual,2026-08-29 12:05:05.112
Sitara-2::conversation_3600087_4336.csv::s2,astro_callback_within,2026-08-29 12:05:10.113
Sitara-2::conversation_3600087_4336.csv::s2,astro_open_thread,2026-08-29 12:05:12.114
Sitara-2::conversation_3600087_4336.csv::s2,astro_callback_within,2026-08-29 12:05:39.115
Sitara-2::conversation_3600087_4336.csv::s2,user_neutral_factual,2026-08-29 12:05:47.116
Sitara-2::conversation_3600087_4336.csv::s2,user_emotional_disclosure,2026-08-29 12:05:52.117
Sitara-2::conversation_3600087_4336.csv::s2,astro_callback_within,2026-08-29 12:05:52.118
Sitara-2::conversation_3600087_4336.csv::s2,astro_callback_within,2026-08-29 12:05:57.119
Sitara-2::conversation_3600087_4336.csv::s2,astro_callback_within,2026-08-29 12:06:25.120
Sitara-2::conversation_3600087_4336.csv::s2,user_neutral_factual,2026-08-29 12:06:26.121
Sitara-2::conversation_3600087_4336.csv::s2,astro_callback_within,2026-08-29 12:06:30.122
Sitara-2::conversation_3600087_4336.csv::s2,astro_callback_within,2026-08-29 12:06:33.123
Sitara-2::conversation_3600087_4336.csv::s2,user_neutral_factual,2026-08-29 12:06:48.124
Sitara-2::conversation_3600087_4336.csv::s2,astro_callback_within,2026-08-29 12:06:52.125
Sitara-2::conversation_3600087_4336.csv::s2,user_enthusiastic,2026-08-29 12:07:01.126
Sitara-2::conversation_3600087_4336.csv::s2,astro_callback_within,2026-08-29 12:07:06.127
Sitara-2::conversation_3600087_4336.csv::s2,user_pushback,2026-08-29 12:07:13.128
Sitara-2::conversation_3600087_4336.csv::s2,astro_callback_within,2026-08-29 12:07:18.129
Sitara-2::conversation_3600087_4336.csv::s2,user_enthusiastic,2026-08-29 12:07:29.130
Sitara-2::conversation_3600087_4336.csv::s2,user_emotional_disclosure,2026-08-29 12:07:31.131
Sitara-2::conversation_3600087_4336.csv::s2,astro_callback_within,2026-08-29 12:07:36.132
Sitara-2::conversation_3600087_4336.csv::s2,astro_callback_within,2026-08-29 12:07:38.133
Sitara-2::conversation_3600087_4336.csv::s2,user_enthusiastic,2026-08-29 12:07:57.134
Sitara-2::conversation_3600087_4336.csv::s2,astro_callback_within,2026-08-29 12:08:01.135
Sitara-2::conversation_3600087_4336.csv::s2,user_neutral_factual,2026-08-29 12:08:08.136
Sitara-2::conversation_3600087_4336.csv::s2,astro_callback_within,2026-08-29 12:08:12.137
Sitara-2::conversation_3600087_4336.csv::s2,user_neutral_factual,2026-08-29 12:08:22.138
Sitara-2::conversation_3600087_4336.csv::s2,astro_callback_within,2026-08-29 12:08:27.139
Sitara-2::conversation_3600087_4336.csv::s2,user_neutral_factual,2026-08-29 12:08:46.140
Sitara-2::conversation_3600087_4336.csv::s2,astro_callback_within,2026-08-29 12:08:51.141
Sitara-2::conversation_360686_4336.csv::s1,user_neutral,2026-08-28 16:23:22.000
Sitara-2::conversation_360686_4336.csv::s1,astro_other,2026-08-28 16:23:27.001
Sitara-2::conversation_360686_4336.csv::s1,astro_other,2026-08-28 16:23:38.002
Sitara-2::conversation_360686_4336.csv::s1,user_enthusiastic,2026-08-28 16:24:05.003
Sitara-2::conversation_360686_4336.csv::s1,astro_other,2026-08-28 16:24:10.004
Sitara-2::conversation_360686_4336.csv::s1,astro_other,2026-08-28 16:24:12.005
Sitara-2::conversation_360686_4336.csv::s1,astro_dated_prediction,2026-08-28 16:24:14.006
Sitara-2::conversation_360686_4336.csv::s1,astro_other,2026-08-28 16:24:16.007
Sitara-2::conversation_360686_4336.csv::s1,astro_other,2026-08-28 16:24:18.008
Sitara-2::conversation_360686_4336.csv::s1,user_pushback,2026-08-28 16:24:50.009
Sitara-2::conversation_360686_4336.csv::s1,astro_other,2026-08-28 16:24:55.010
Sitara-2::conversation_360686_4336.csv::s1,astro_other,2026-08-28 16:24:57.011
Sitara-2::conversation_360686_4336.csv::s1,user_enthusiastic,2026-08-28 16:25:25.012
Sitara-2::conversation_360686_4336.csv::s1,astro_other,2026-08-28 16:25:29.013
Sitara-2::conversation_360686_4336.csv::s1,astro_other,2026-08-28 16:25:31.014
Sitara-2::conversation_360686_4336.csv::s1,user_enthusiastic,2026-08-28 16:25:32.015
Sitara-2::conversation_360686_4336.csv::s1,astro_other,2026-08-28 16:25:33.016
Sitara-2::conversation_360686_4336.csv::s1,astro_other,2026-08-28 16:25:38.017
Sitara-2::conversation_360686_4336.csv::s1,astro_other,2026-08-28 16:25:40.018
Sitara-2::conversation_360686_4336.csv::s1,user_enthusiastic,2026-08-28 16:26:07.019
Sitara-2::conversation_360686_4336.csv::s1,astro_callback_within,2026-08-28 16:26:12.020
Sitara-2::conversation_360686_4336.csv::s1,astro_other,2026-08-28 16:26:14.021
Sitara-2::conversation_360686_4336.csv::s1,user_enthusiastic,2026-08-28 16:26:18.022
Sitara-2::conversation_360686_4336.csv::s1,astro_other,2026-08-28 16:26:22.023
Sitara-2::conversation_360686_4336.csv::s1,user_enthusiastic,2026-08-28 16:26:34.024
Sitara-2::conversation_360686_4336.csv::s1,astro_other,2026-08-28 16:26:38.025
Sitara-2::conversation_360686_4336.csv::s1,user_enthusiastic,2026-08-28 16:27:13.026
Sitara-2::conversation_360686_4336.csv::s1,astro_callback_within,2026-08-28 16:27:19.027
Sitara-2::conversation_360686_4336.csv::s1,user_enthusiastic,2026-08-28 16:27:42.028
Sitara-2::conversation_360686_4336.csv::s1,astro_dated_prediction,2026-08-28 16:27:46.029
Sitara-2::conversation_360686_4336.csv::s1,user_disengaging,2026-08-28 16:27:56.030
Sitara-2::conversation_360686_4336.csv::s1,astro_other,2026-08-28 16:28:01.031
Sitara-2::conversation_3846434_4336.csv::s1,user_neutral,2026-08-31 16:56:56.000
Sitara-2::conversation_3846434_4336.csv::s1,astro_other,2026-08-31 16:57:00.001
Sitara-2::conversation_3846434_4336.csv::s1,astro_other,2026-08-31 16:57:02.002
Sitara-2::conversation_3846434_4336.csv::s1,astro_other,2026-08-31 16:57:09.003
Sitara-2::conversation_3846434_4336.csv::s1,astro_reframe,2026-08-31 16:57:11.004
Sitara-2::conversation_3846434_4336.csv::s1,astro_other,2026-08-31 16:57:15.005
Sitara-2::conversation_3846434_4336.csv::s1,user_enthusiastic,2026-08-31 16:57:17.006
Sitara-2::conversation_3846434_4336.csv::s1,astro_other,2026-08-31 16:57:20.007
Sitara-2::conversation_3846434_4336.csv::s1,astro_callback_within,2026-08-31 16:57:22.008
Sitara-2::conversation_3846434_4336.csv::s1,astro_dated_prediction,2026-08-31 16:57:24.009
Sitara-2::conversation_3846434_4336.csv::s1,astro_other,2026-08-31 16:57:33.010
Sitara-2::conversation_3846434_4336.csv::s1,user_enthusiastic,2026-08-31 16:57:34.011
Sitara-2::conversation_3846434_4336.csv::s1,user_neutral_factual,2026-08-31 16:57:37.012
Sitara-2::conversation_3846434_4336.csv::s1,astro_other,2026-08-31 16:57:38.013
Sitara-2::conversation_3846434_4336.csv::s1,astro_other,2026-08-31 16:57:42.014
Sitara-2::conversation_3846434_4336.csv::s1,user_emotional_disclosure,2026-08-31 16:57:50.015
Sitara-2::conversation_3846434_4336.csv::s1,user_emotional_disclosure,2026-08-31 16:57:51.016
Sitara-2::conversation_3846434_4336.csv::s1,astro_other,2026-08-31 16:57:56.017
Sitara-2::conversation_3846434_4336.csv::s1,astro_other,2026-08-31 16:58:01.018
Sitara-2::conversation_3846434_4336.csv::s1,user_emotional_disclosure,2026-08-31 16:58:02.019
Sitara-2::conversation_3846434_4336.csv::s1,astro_other,2026-08-31 16:58:03.020
Sitara-2::conversation_3846434_4336.csv::s1,astro_dated_prediction,2026-08-31 16:58:05.021
Sitara-2::conversation_3846434_4336.csv::s1,user_emotional_disclosure,2026-08-31 16:58:05.022
Sitara-2::conversation_3846434_4336.csv::s1,astro_other,2026-08-31 16:58:10.023
Sitara-2::conversation_3846434_4336.csv::s1,astro_other,2026-08-31 16:58:12.024
Sitara-2::conversation_3846434_4336.csv::s1,user_pushback,2026-08-31 16:58:25.025
Sitara-2::conversation_3846434_4336.csv::s1,astro_reframe,2026-08-31 16:58:30.026
Sitara-2::conversation_3846434_4336.csv::s1,astro_callback_within,2026-08-31 16:58:36.027
Sitara-2::conversation_3846434_4336.csv::s1,user_enthusiastic,2026-08-31 16:58:48.028
Sitara-2::conversation_3846434_4336.csv::s1,astro_callback_within,2026-08-31 16:58:52.029
Sitara-2::conversation_3846434_4336.csv::s1,user_emotional_disclosure,2026-08-31 16:59:00.030
Sitara-2::conversation_3846434_4336.csv::s1,astro_other,2026-08-31 16:59:04.031
Sitara-2::conversation_3846434_4336.csv::s1,user_emotional_disclosure,2026-08-31 16:59:04.032
Sitara-2::conversation_3846434_4336.csv::s1,astro_other,2026-08-31 16:59:06.033
Sitara-2::conversation_3846434_4336.csv::s1,user_emotional_disclosure,2026-08-31 16:59:10.034
Sitara-2::conversation_3846434_4336.csv::s1,astro_other,2026-08-31 16:59:12.035
Sitara-2::conversation_3846434_4336.csv::s1,astro_other,2026-08-31 16:59:14.036
Sitara-2::conversation_3846434_4336.csv::s1,astro_callback_within,2026-08-31 16:59:18.037
Sitara-2::conversation_3846434_4336.csv::s1,astro_other,2026-08-31 16:59:20.038
Sitara-2::conversation_3846434_4336.csv::s1,user_disengaging,2026-08-31 16:59:28.039
Sitara-2::conversation_3846434_4336.csv::s1,astro_other,2026-08-31 16:59:34.040
Sitara-2::conversation_3846434_4336.csv::s1,user_enthusiastic,2026-08-31 16:59:35.041
Sitara-2::conversation_3846434_4336.csv::s1,astro_dated_prediction,2026-08-31 16:59:40.042
Sitara-2::conversation_3846434_4336.csv::s1,user_emotional_disclosure,2026-08-31 16:59:52.043
Sitara-2::conversation_3846434_4336.csv::s1,astro_callback_within,2026-08-31 17:00:03.044
Sitara-2::conversation_3846434_4336.csv::s1,astro_other,2026-08-31 17:00:05.045
Sitara-2::conversation_3846434_4336.csv::s1,astro_dated_prediction,2026-08-31 17:00:19.046
Sitara-2::conversation_3846434_4336.csv::s1,astro_other,2026-08-31 17:00:21.047
Sitara-2::conversation_3846434_4336.csv::s1,user_enthusiastic,2026-08-31 17:00:21.048
Sitara-2::conversation_3846434_4336.csv::s1,astro_other,2026-08-31 17:00:26.049
Sitara-2::conversation_3922798_4336.csv::s1,user_neutral,2026-08-29 08:26:32.000
Sitara-2::conversation_3922798_4336.csv::s1,astro_other,2026-08-29 08:26:37.001
Sitara-2::conversation_3922798_4336.csv::s1,astro_other,2026-08-29 08:26:39.002
Sitara-2::conversation_3922798_4336.csv::s1,user_neutral_factual,2026-08-29 08:26:48.003
Sitara-2::conversation_3922798_4336.csv::s1,astro_callback_within,2026-08-29 08:26:53.004
Sitara-2::conversation_3922798_4336.csv::s1,user_neutral_factual,2026-08-29 08:26:58.005
Sitara-2::conversation_3922798_4336.csv::s1,astro_reframe,2026-08-29 08:27:02.006
Sitara-2::conversation_3922798_4336.csv::s1,astro_other,2026-08-29 08:27:05.007
Sitara-2::conversation_3922798_4336.csv::s1,astro_other,2026-08-29 08:27:07.008
Sitara-2::conversation_3922798_4336.csv::s1,astro_other,2026-08-29 08:27:09.009
Sitara-2::conversation_3922798_4336.csv::s1,user_neutral_factual,2026-08-29 08:27:28.010
Sitara-2::conversation_3922798_4336.csv::s1,user_emotional_disclosure,2026-08-29 08:27:30.011
Sitara-2::conversation_3922798_4336.csv::s1,astro_other,2026-08-29 08:27:34.012
Sitara-2::conversation_3922798_4336.csv::s1,astro_other,2026-08-29 08:27:36.013
Sitara-2::conversation_3922798_4336.csv::s1,astro_other,2026-08-29 08:27:39.014
Sitara-2::conversation_3922798_4336.csv::s1,astro_open_thread,2026-08-29 08:27:41.015
Sitara-2::conversation_3922798_4336.csv::s1,user_enthusiastic,2026-08-29 08:27:59.016
Sitara-2::conversation_3922798_4336.csv::s1,astro_other,2026-08-29 08:28:03.017
Sitara-2::conversation_3922798_4336.csv::s1,user_neutral_factual,2026-08-29 08:28:12.018
Sitara-2::conversation_3922798_4336.csv::s1,astro_other,2026-08-29 08:28:16.019
Sitara-2::conversation_3922798_4336.csv::s1,user_pushback,2026-08-29 08:28:29.020
Sitara-2::conversation_3922798_4336.csv::s1,astro_other,2026-08-29 08:28:37.021
Sitara-2::conversation_3922798_4336.csv::s1,user_enthusiastic,2026-08-29 08:28:49.022
Sitara-2::conversation_3922798_4336.csv::s1,astro_other,2026-08-29 08:28:54.023
Sitara-2::conversation_3922798_4336.csv::s1,astro_dated_prediction,2026-08-29 08:28:56.024
Sitara-2::conversation_3922798_4336.csv::s1,user_enthusiastic,2026-08-29 08:29:04.025
Sitara-2::conversation_3922798_4336.csv::s1,astro_other,2026-08-29 08:29:08.026
Sitara-2::conversation_3922798_4336.csv::s1,astro_other,2026-08-29 08:29:28.027
Sitara-2::conversation_3922798_4336.csv::s1,user_enthusiastic,2026-08-29 08:29:38.028
Sitara-2::conversation_3922798_4336.csv::s1,astro_other,2026-08-29 08:29:43.029
Sitara-2::conversation_3922798_4336.csv::s1,user_enthusiastic,2026-08-29 08:29:54.030
Sitara-2::conversation_3922798_4336.csv::s1,astro_callback_within,2026-08-29 08:29:59.031
Sitara-2::conversation_3922798_4336.csv::s1,user_enthusiastic,2026-08-29 08:30:08.032
Sitara-2::conversation_3922798_4336.csv::s1,astro_callback_within,2026-08-29 08:30:13.033
Sitara-2::conversation_3922798_4336.csv::s1,user_enthusiastic,2026-08-29 08:30:21.034
Sitara-2::conversation_3922798_4336.csv::s1,astro_other,2026-08-29 08:30:25.035
Sitara-2::conversation_3922798_4336.csv::s1,astro_other,2026-08-29 08:30:27.036
Sitara-2::conversation_4027814_4336.csv::s1,astro_other,2026-08-31 07:11:27.000
Sitara-2::conversation_4027814_4336.csv::s1,user_neutral_factual,2026-08-31 07:11:30.001
Sitara-2::conversation_4027814_4336.csv::s1,astro_other,2026-08-31 07:11:34.002
Sitara-2::conversation_4027814_4336.csv::s1,astro_other,2026-08-31 07:11:37.003
Sitara-2::conversation_4027814_4336.csv::s1,user_pushback,2026-08-31 07:11:43.004
Sitara-2::conversation_4027814_4336.csv::s1,astro_callback_within,2026-08-31 07:11:48.005
Sitara-2::conversation_4027814_4336.csv::s1,user_pushback,2026-08-31 07:12:04.006
Sitara-2::conversation_4027814_4336.csv::s1,astro_callback_within,2026-08-31 07:12:09.007
Sitara-2::conversation_4027814_4336.csv::s1,user_neutral_factual,2026-08-31 07:12:14.008
Sitara-2::conversation_4027814_4336.csv::s1,astro_other,2026-08-31 07:12:18.009
Sitara-2::conversation_4027814_4336.csv::s1,astro_validation,2026-08-31 07:12:26.010
Sitara-2::conversation_4027814_4336.csv::s1,astro_other,2026-08-31 07:12:28.011
Sitara-2::conversation_4027814_4336.csv::s1,user_emotional_disclosure,2026-08-31 07:12:33.012
Sitara-2::conversation_4027814_4336.csv::s1,user_emotional_disclosure,2026-08-31 07:12:37.013
Sitara-2::conversation_4027814_4336.csv::s1,astro_dated_prediction,2026-08-31 07:12:39.014
Sitara-2::conversation_4027814_4336.csv::s1,astro_dated_prediction,2026-08-31 07:12:44.015
Sitara-2::conversation_4027814_4336.csv::s1,user_neutral_factual,2026-08-31 07:13:06.016
Sitara-2::conversation_4027814_4336.csv::s1,astro_other,2026-08-31 07:13:10.017
Sitara-2::conversation_4027814_4336.csv::s1,astro_other,2026-08-31 07:13:12.018
Sitara-2::conversation_4027814_4336.csv::s1,astro_dated_prediction,2026-08-31 07:13:14.019
Sitara-2::conversation_4027814_4336.csv::s1,user_emotional_disclosure,2026-08-31 07:13:25.020
Sitara-2::conversation_4027814_4336.csv::s1,astro_callback_within,2026-08-31 07:13:29.021
Sitara-2::conversation_4027814_4336.csv::s1,astro_validation,2026-08-31 07:13:44.022
Sitara-2::conversation_4027814_4336.csv::s1,user_neutral_factual,2026-08-31 07:13:45.023
Sitara-2::conversation_4027814_4336.csv::s1,astro_callback_within,2026-08-31 07:13:46.024
Sitara-2::conversation_4027814_4336.csv::s1,astro_dated_prediction,2026-08-31 07:13:51.025
Sitara-2::conversation_4027814_4336.csv::s1,user_pushback,2026-08-31 07:13:54.026
Sitara-2::conversation_4027814_4336.csv::s1,astro_reframe,2026-08-31 07:13:58.027
Sitara-2::conversation_4027814_4336.csv::s1,user_emotional_disclosure,2026-08-31 07:14:30.028
Sitara-2::conversation_4027814_4336.csv::s1,astro_validation,2026-08-31 07:14:34.029
Sitara-2::conversation_4027814_4336.csv::s1,astro_other,2026-08-31 07:14:53.030
Sitara-2::conversation_4027814_4336.csv::s1,user_pushback,2026-08-31 07:15:15.031
Sitara-2::conversation_4027814_4336.csv::s1,user_emotional_disclosure,2026-08-31 07:15:25.032
Sitara-2::conversation_4027814_4336.csv::s1,astro_other,2026-08-31 07:15:29.033
Sitara-2::conversation_4027814_4336.csv::s1,astro_dated_prediction,2026-08-31 07:15:31.034
Sitara-2::conversation_4027814_4336.csv::s1,astro_validation,2026-08-31 07:15:36.035
Sitara-2::conversation_4027814_4336.csv::s1,user_emotional_disclosure,2026-08-31 07:15:36.036
Sitara-2::conversation_4027814_4336.csv::s1,astro_reframe,2026-08-31 07:15:41.037
Sitara-2::conversation_4027814_4336.csv::s1,user_neutral_factual,2026-08-31 07:15:46.038
Sitara-2::conversation_4027814_4336.csv::s1,astro_dated_prediction,2026-08-31 07:15:50.039
Sitara-2::conversation_4027814_4336.csv::s1,user_enthusiastic,2026-08-31 07:16:03.040
Sitara-2::conversation_4027814_4336.csv::s1,astro_dated_prediction,2026-08-31 07:16:07.041
Sitara-2::conversation_4027814_4336.csv::s1,user_neutral_factual,2026-08-31 07:16:37.042
Sitara-2::conversation_4027814_4336.csv::s1,astro_dated_prediction,2026-08-31 07:16:42.043
Sitara-2::conversation_4027814_4336.csv::s1,user_neutral_factual,2026-08-31 07:17:05.044
Sitara-2::conversation_4027814_4336.csv::s1,astro_other,2026-08-31 07:17:10.045
Sitara-2::conversation_4027814_4336.csv::s1,user_neutral_factual,2026-08-31 07:17:10.046
Sitara-2::conversation_4027814_4336.csv::s1,astro_other,2026-08-31 07:17:14.047
Sitara-2::conversation_4027814_4336.csv::s1,user_enthusiastic,2026-08-31 07:17:19.048
Sitara-2::conversation_4027814_4336.csv::s1,astro_dated_prediction,2026-08-31 07:17:24.049
Sitara-2::conversation_4027814_4336.csv::s1,user_enthusiastic,2026-08-31 07:17:48.050
Sitara-2::conversation_4027814_4336.csv::s1,astro_other,2026-08-31 07:17:52.051
Sitara-2::conversation_4027814_4336.csv::s1,user_emotional_disclosure,2026-08-31 07:18:07.052
Sitara-2::conversation_4027814_4336.csv::s1,user_emotional_disclosure,2026-08-31 07:18:10.053
Sitara-2::conversation_4027814_4336.csv::s1,astro_callback_within,2026-08-31 07:18:11.054
Sitara-2::conversation_4027814_4336.csv::s1,user_emotional_disclosure,2026-08-31 07:18:13.055
Sitara-2::conversation_4027814_4336.csv::s1,astro_callback_within,2026-08-31 07:18:17.056
Sitara-2::conversation_4027814_4336.csv::s1,astro_other,2026-08-31 07:18:19.057
Sitara-2::conversation_4027814_4336.csv::s1,astro_reframe,2026-08-31 07:18:22.058
Sitara-2::conversation_4027814_4336.csv::s1,astro_dated_prediction,2026-08-31 07:18:24.059
Sitara-2::conversation_4027814_4336.csv::s1,user_emotional_disclosure,2026-08-31 07:18:41.060
Sitara-2::conversation_4027814_4336.csv::s1,user_pushback,2026-08-31 07:18:54.061
Sitara-2::conversation_4027814_4336.csv::s1,astro_dated_prediction,2026-08-31 07:18:58.062
Sitara-2::conversation_4027814_4336.csv::s1,user_pushback,2026-08-31 07:18:59.063
Sitara-2::conversation_4027814_4336.csv::s1,astro_reframe,2026-08-31 07:19:03.064
Sitara-2::conversation_4027814_4336.csv::s1,user_neutral_factual,2026-08-31 07:19:08.065
Sitara-2::conversation_4027814_4336.csv::s1,astro_validation,2026-08-31 07:19:13.066
Sitara-2::conversation_4027814_4336.csv::s1,astro_validation,2026-08-31 07:19:15.067
Sitara-2::conversation_4027814_4336.csv::s1,user_neutral_factual,2026-08-31 07:19:20.068
Sitara-2::conversation_4027814_4336.csv::s1,astro_validation,2026-08-31 07:19:24.069
Sitara-2::conversation_4027814_4336.csv::s1,astro_other,2026-08-31 07:19:26.070
Sitara-2::conversation_4027814_4336.csv::s1,user_enthusiastic,2026-08-31 07:19:47.071
Sitara-2::conversation_4027814_4336.csv::s1,astro_other,2026-08-31 07:19:52.072
Sitara-2::conversation_4027814_4336.csv::s1,user_enthusiastic,2026-08-31 07:20:10.073
Sitara-2::conversation_4027814_4336.csv::s1,astro_dated_prediction,2026-08-31 07:20:15.074
Sitara-2::conversation_4027814_4336.csv::s1,user_neutral_factual,2026-08-31 07:20:47.075
Sitara-2::conversation_4027814_4336.csv::s1,astro_reframe,2026-08-31 07:20:51.076
Sitara-2::conversation_4031241_4336.csv::s1,user_neutral,2026-08-31 18:21:07.000
Sitara-2::conversation_4031241_4336.csv::s1,astro_other,2026-08-31 18:21:12.001
Sitara-2::conversation_4031241_4336.csv::s1,astro_other,2026-08-31 18:21:14.002
Sitara-2::conversation_4031241_4336.csv::s1,astro_other,2026-08-31 18:21:24.003
Sitara-2::conversation_4031241_4336.csv::s1,astro_other,2026-08-31 18:21:26.004
Sitara-2::conversation_4031241_4336.csv::s1,user_enthusiastic,2026-08-31 18:21:45.005
Sitara-2::conversation_4031241_4336.csv::s1,astro_other,2026-08-31 18:21:53.006
Sitara-2::conversation_4031241_4336.csv::s1,astro_other,2026-08-31 18:22:18.007
Sitara-2::conversation_4031241_4336.csv::s1,astro_other,2026-08-31 18:22:41.008
Sitara-2::conversation_4031241_4336.csv::s1,user_enthusiastic,2026-08-31 18:22:57.009
Sitara-2::conversation_4031241_4336.csv::s1,astro_other,2026-08-31 18:23:02.010
Sitara-2::conversation_4031241_4336.csv::s1,user_disengaging,2026-08-31 18:23:14.011
Sitara-2::conversation_4031241_4336.csv::s1,astro_dated_prediction,2026-08-31 18:23:23.012
Sitara-2::conversation_4031241_4336.csv::s1,astro_other,2026-08-31 18:23:26.013
Sitara-2::conversation_4031241_4336.csv::s1,user_enthusiastic,2026-08-31 18:23:48.014
Sitara-2::conversation_4031241_4336.csv::s1,astro_other,2026-08-31 18:23:52.015
Sitara-2::conversation_4031241_4336.csv::s1,user_disengaging,2026-08-31 18:24:18.016
Sitara-2::conversation_4031241_4336.csv::s1,astro_dated_prediction,2026-08-31 18:24:21.017
Sitara-2::conversation_4031241_4336.csv::s1,astro_dated_prediction,2026-08-31 18:24:27.018
Sitara-2::conversation_4031241_4336.csv::s1,user_disengaging,2026-08-31 18:24:35.019
Sitara-2::conversation_4031241_4336.csv::s1,astro_callback_within,2026-08-31 18:24:40.020
Sitara-2::conversation_4031241_4336.csv::s1,user_disengaging,2026-08-31 18:25:24.021
Sitara-2::conversation_4031241_4336.csv::s1,astro_other,2026-08-31 18:25:36.022
Sitara-2::conversation_4031241_4336.csv::s1,user_pushback,2026-08-31 18:26:04.023
Sitara-2::conversation_4031241_4336.csv::s1,astro_other,2026-08-31 18:26:11.024
Sitara-2::conversation_4031241_4336.csv::s1,user_neutral,2026-08-31 18:29:26.025
Sitara-2::conversation_4031241_4336.csv::s1,astro_callback_within,2026-08-31 18:29:28.026
Sitara-2::conversation_4031241_4336.csv::s1,user_pushback,2026-08-31 18:30:00.027
Sitara-2::conversation_4031241_4336.csv::s1,astro_callback_within,2026-08-31 18:30:05.028
Sitara-2::conversation_4031241_4336.csv::s1,user_neutral_factual,2026-08-31 18:30:14.029
Sitara-2::conversation_4031241_4336.csv::s1,astro_other,2026-08-31 18:30:19.030
Sitara-2::conversation_4031241_4336.csv::s1,astro_other,2026-08-31 18:30:21.031
Sitara-2::conversation_4031241_4336.csv::s1,astro_open_thread,2026-08-31 18:30:23.032
Sitara-2::conversation_4031241_4336.csv::s1,user_enthusiastic,2026-08-31 18:30:33.033
Sitara-2::conversation_4031241_4336.csv::s1,astro_callback_within,2026-08-31 18:30:40.034
Sitara-2::conversation_4031241_4336.csv::s1,astro_other,2026-08-31 18:30:57.035
Sitara-2::conversation_4031241_4336.csv::s1,user_pushback,2026-08-31 18:31:17.036
Sitara-2::conversation_4031241_4336.csv::s1,astro_dated_prediction,2026-08-31 18:31:22.037
Sitara-2::conversation_4031241_4336.csv::s1,user_disengaging,2026-08-31 18:31:25.038
Sitara-2::conversation_4031241_4336.csv::s1,astro_other,2026-08-31 18:31:29.039
Sitara-2::conversation_4031241_4336.csv::s1,astro_other,2026-08-31 18:31:43.040
Sitara-2::conversation_4031241_4336.csv::s1,user_enthusiastic,2026-08-31 18:31:49.041
Sitara-2::conversation_4031241_4336.csv::s1,astro_other,2026-08-31 18:31:56.042
Sitara-2::conversation_4031241_4336.csv::s1,user_enthusiastic,2026-08-31 18:32:14.043
Sitara-2::conversation_4031241_4336.csv::s1,astro_other,2026-08-31 18:32:19.044
Sitara-2::conversation_4031241_4336.csv::s1,user_enthusiastic,2026-08-31 18:32:40.045
Sitara-2::conversation_4031241_4336.csv::s1,user_disengaging,2026-08-31 18:32:56.046
Sitara-2::conversation_4031241_4336.csv::s1,astro_other,2026-08-31 18:33:01.047
Sitara-2::conversation_4031241_4336.csv::s1,user_disengaging,2026-08-31 18:33:12.048
Sitara-2::conversation_4031241_4336.csv::s1,user_disengaging,2026-08-31 18:33:31.049
Sitara-2::conversation_4031241_4336.csv::s1,astro_open_thread,2026-08-31 18:33:36.050
Sitara-2::conversation_4031241_4336.csv::s1,user_enthusiastic,2026-08-31 18:33:44.051
Sitara-2::conversation_4031241_4336.csv::s1,astro_open_thread,2026-08-31 18:33:49.052
Sitara-2::conversation_4031241_4336.csv::s1,user_enthusiastic,2026-08-31 18:33:58.053
Sitara-2::conversation_4031241_4336.csv::s1,astro_open_thread,2026-08-31 18:34:03.054
Sitara-2::conversation_4031241_4336.csv::s1,user_enthusiastic,2026-08-31 18:34:10.055
Sitara-2::conversation_4031241_4336.csv::s1,user_enthusiastic,2026-08-31 18:34:15.056
Sitara-2::conversation_4031241_4336.csv::s1,astro_open_thread,2026-08-31 18:34:18.057
Sitara-2::conversation_4031241_4336.csv::s1,astro_open_thread,2026-08-31 18:34:20.058
Sitara-2::conversation_4048877_4336.csv::s1,user_neutral,2026-08-31 05:04:38.000
Sitara-2::conversation_4048877_4336.csv::s1,astro_other,2026-08-31 05:04:43.001
Sitara-2::conversation_4048877_4336.csv::s1,astro_reframe,2026-08-31 05:04:47.002
Sitara-2::conversation_4048877_4336.csv::s1,user_neutral,2026-08-31 05:05:41.003
Sitara-2::conversation_4048877_4336.csv::s1,astro_dated_prediction,2026-08-31 05:05:46.004
Sitara-2::conversation_4048877_4336.csv::s1,user_neutral,2026-08-31 05:06:11.005
Sitara-2::conversation_4048877_4336.csv::s1,astro_reframe,2026-08-31 05:06:17.006
Sitara-2::conversation_4048877_4336.csv::s1,astro_other,2026-08-31 05:06:40.007
Sitara-2::conversation_4048877_4336.csv::s1,user_neutral_factual,2026-08-31 05:07:12.008
Sitara-2::conversation_4048877_4336.csv::s1,astro_callback_within,2026-08-31 05:07:16.009
Sitara-2::conversation_4048877_4336.csv::s1,user_neutral,2026-08-31 05:07:38.010
Sitara-2::conversation_4048877_4336.csv::s1,astro_callback_within,2026-08-31 05:07:42.011
Sitara-2::conversation_4048877_4336.csv::s1,user_emotional_disclosure,2026-08-31 05:08:13.012
Sitara-2::conversation_4048877_4336.csv::s1,astro_callback_within,2026-08-31 05:08:19.013
Sitara-2::conversation_4048877_4336.csv::s1,user_neutral,2026-08-31 05:09:06.014
Sitara-2::conversation_4048877_4336.csv::s1,astro_callback_within,2026-08-31 05:09:10.015
Sitara-2::conversation_4048877_4336.csv::s1,user_neutral,2026-08-31 05:11:12.016
Sitara-2::conversation_4048877_4336.csv::s1,astro_callback_within,2026-08-31 05:11:17.017
Sitara-2::conversation_4048877_4336.csv::s1,astro_other,2026-08-31 05:11:19.018
Sitara-2::conversation_4048877_4336.csv::s1,user_enthusiastic,2026-08-31 05:11:36.019
Sitara-2::conversation_4048877_4336.csv::s1,astro_other,2026-08-31 05:11:41.020
Sitara-2::conversation_4048877_4336.csv::s1,user_neutral_factual,2026-08-31 05:11:52.021
Sitara-2::conversation_4048877_4336.csv::s1,astro_callback_within,2026-08-31 05:11:57.022
Sitara-2::conversation_4048877_4336.csv::s1,user_neutral,2026-08-31 05:13:02.023
Sitara-2::conversation_4048877_4336.csv::s1,astro_callback_within,2026-08-31 05:13:07.024
Sitara-2::conversation_4048877_4336.csv::s1,user_neutral,2026-08-31 05:13:50.025
Sitara-2::conversation_4048877_4336.csv::s1,astro_callback_within,2026-08-31 05:13:55.026
Sitara-2::conversation_4048877_4336.csv::s1,user_neutral,2026-08-31 05:14:53.027
Sitara-2::conversation_4048877_4336.csv::s1,astro_callback_within,2026-08-31 05:14:59.028
Sitara-2::conversation_4048877_4336.csv::s1,user_enthusiastic,2026-08-31 05:15:20.029
Sitara-2::conversation_4048877_4336.csv::s1,astro_callback_within,2026-08-31 05:15:25.030
Sitara-2::conversation_4048877_4336.csv::s1,user_neutral_factual,2026-08-31 05:15:48.031
Sitara-2::conversation_4048877_4336.csv::s1,astro_reframe,2026-08-31 05:15:52.032
Sitara-2::conversation_4185968_4336.csv::s1,user_neutral,2026-08-31 18:04:32.000
Sitara-2::conversation_4185968_4336.csv::s1,astro_other,2026-08-31 18:04:37.001
Sitara-2::conversation_4185968_4336.csv::s1,user_neutral,2026-08-31 18:04:47.002
Sitara-2::conversation_4185968_4336.csv::s1,astro_reframe,2026-08-31 18:04:49.003
Sitara-2::conversation_4185968_4336.csv::s1,user_emotional_disclosure,2026-08-31 18:04:53.004
Sitara-2::conversation_4185968_4336.csv::s1,astro_other,2026-08-31 18:04:58.005
Sitara-2::conversation_4185968_4336.csv::s1,astro_callback_within,2026-08-31 18:05:02.006
Sitara-2::conversation_4185968_4336.csv::s1,user_neutral_factual,2026-08-31 18:05:12.007
Sitara-2::conversation_4185968_4336.csv::s1,user_neutral,2026-08-31 18:05:17.008
Sitara-2::conversation_4185968_4336.csv::s1,astro_callback_within,2026-08-31 18:05:17.009
Sitara-2::conversation_4185968_4336.csv::s1,user_neutral,2026-08-31 18:05:21.010
Sitara-2::conversation_4185968_4336.csv::s1,astro_callback_within,2026-08-31 18:05:24.011
Sitara-2::conversation_4185968_4336.csv::s1,astro_callback_within,2026-08-31 18:05:29.012
Sitara-2::conversation_4185968_4336.csv::s1,user_neutral,2026-08-31 18:05:37.013
Sitara-2::conversation_4185968_4336.csv::s1,astro_dated_prediction,2026-08-31 18:05:43.014
Sitara-2::conversation_4185968_4336.csv::s1,astro_reframe,2026-08-31 18:05:48.015
Sitara-2::conversation_4185968_4336.csv::s1,user_neutral,2026-08-31 18:06:17.016
Sitara-2::conversation_4185968_4336.csv::s1,astro_callback_within,2026-08-31 18:06:21.017
Sitara-2::conversation_4185968_4336.csv::s1,user_neutral,2026-08-31 18:06:30.018
Sitara-2::conversation_4185968_4336.csv::s1,astro_callback_within,2026-08-31 18:06:34.019
Sitara-2::conversation_4185968_4336.csv::s1,user_enthusiastic,2026-08-31 18:06:42.020
Sitara-2::conversation_4185968_4336.csv::s1,astro_callback_within,2026-08-31 18:06:47.021
Sitara-2::conversation_4185968_4336.csv::s1,user_enthusiastic,2026-08-31 18:06:56.022
Sitara-2::conversation_4185968_4336.csv::s1,astro_callback_within,2026-08-31 18:07:00.023
Sitara-2::conversation_4185968_4336.csv::s1,user_neutral,2026-08-31 18:07:06.024
Sitara-2::conversation_4185968_4336.csv::s1,astro_dated_prediction,2026-08-31 18:07:10.025
Sitara-2::conversation_4185968_4336.csv::s1,user_pushback,2026-08-31 18:07:23.026
Sitara-2::conversation_4185968_4336.csv::s1,user_pushback,2026-08-31 18:07:26.027
Sitara-2::conversation_4185968_4336.csv::s1,astro_callback_within,2026-08-31 18:07:28.028
Sitara-2::conversation_4185968_4336.csv::s1,astro_other,2026-08-31 18:07:30.029
Sitara-2::conversation_4185968_4336.csv::s1,astro_dated_prediction,2026-08-31 18:07:34.030
Sitara-2::conversation_4185968_4336.csv::s1,user_neutral_factual,2026-08-31 18:07:45.031
Sitara-2::conversation_4185968_4336.csv::s1,user_neutral,2026-08-31 18:07:49.032
Sitara-2::conversation_4185968_4336.csv::s1,astro_other,2026-08-31 18:07:50.033
Sitara-2::conversation_4185968_4336.csv::s1,astro_callback_within,2026-08-31 18:07:54.034
Sitara-2::conversation_4185968_4336.csv::s1,user_enthusiastic,2026-08-31 18:08:10.035
Sitara-2::conversation_4185968_4336.csv::s1,user_enthusiastic,2026-08-31 18:08:13.036
Sitara-2::conversation_4185968_4336.csv::s1,astro_callback_within,2026-08-31 18:08:19.037
Sitara-2::conversation_4185968_4336.csv::s1,user_enthusiastic,2026-08-31 18:08:43.038
Sitara-2::conversation_4185968_4336.csv::s1,astro_other,2026-08-31 18:08:47.039
Sitara-2::conversation_4185968_4336.csv::s1,user_emotional_disclosure,2026-08-31 18:08:50.040
Sitara-2::conversation_4185968_4336.csv::s1,astro_callback_within,2026-08-31 18:08:54.041
Sitara-2::conversation_4185968_4336.csv::s1,user_enthusiastic,2026-08-31 18:09:03.042
Sitara-2::conversation_4185968_4336.csv::s1,astro_callback_within,2026-08-31 18:09:08.043
Sitara-2::conversation_4185968_4336.csv::s1,user_emotional_disclosure,2026-08-31 18:09:18.044
Sitara-2::conversation_4185968_4336.csv::s1,user_enthusiastic,2026-08-31 18:09:21.045
Sitara-2::conversation_4185968_4336.csv::s1,astro_callback_within,2026-08-31 18:09:23.046
Sitara-2::conversation_4185968_4336.csv::s1,astro_callback_within,2026-08-31 18:09:27.047
Sitara-2::conversation_4318987_4336.csv::s1,user_neutral,2026-08-30 06:33:17.000
Sitara-2::conversation_4318987_4336.csv::s1,user_neutral_factual,2026-08-30 06:33:29.001
Sitara-2::conversation_4318987_4336.csv::s1,astro_other,2026-08-30 06:33:33.002
Sitara-2::conversation_4318987_4336.csv::s1,astro_other,2026-08-30 06:33:52.003
Sitara-2::conversation_4318987_4336.csv::s1,astro_other,2026-08-30 06:33:54.004
Sitara-2::conversation_4318987_4336.csv::s1,astro_other,2026-08-30 06:33:56.005
Sitara-2::conversation_4318987_4336.csv::s1,user_neutral_factual,2026-08-30 06:34:02.006
Sitara-2::conversation_4318987_4336.csv::s1,astro_other,2026-08-30 06:34:06.007
Sitara-2::conversation_4318987_4336.csv::s1,user_neutral_factual,2026-08-30 06:34:11.008
Sitara-2::conversation_4318987_4336.csv::s1,astro_callback_within,2026-08-30 06:34:17.009
Sitara-2::conversation_4318987_4336.csv::s1,user_neutral,2026-08-30 06:34:21.010
Sitara-2::conversation_4318987_4336.csv::s1,astro_callback_within,2026-08-30 06:34:26.011
Sitara-2::conversation_4318987_4336.csv::s1,astro_self_correction,2026-08-30 06:34:27.012
Sitara-2::conversation_4318987_4336.csv::s1,astro_callback_within,2026-08-30 06:34:28.013
Sitara-2::conversation_4318987_4336.csv::s1,astro_callback_within,2026-08-30 06:34:29.014
Sitara-2::conversation_4318987_4336.csv::s1,astro_callback_within,2026-08-30 06:34:31.015
Sitara-2::conversation_4318987_4336.csv::s1,user_neutral_factual,2026-08-30 06:34:43.016
Sitara-2::conversation_4318987_4336.csv::s1,astro_callback_within,2026-08-30 06:34:47.017
Sitara-2::conversation_4318987_4336.csv::s1,user_neutral,2026-08-30 06:34:50.018
Sitara-2::conversation_4318987_4336.csv::s1,astro_callback_within,2026-08-30 06:34:55.019
Sitara-2::conversation_4318987_4336.csv::s1,astro_callback_within,2026-08-30 06:34:57.020
Sitara-2::conversation_4318987_4336.csv::s1,user_neutral,2026-08-30 06:35:15.021
Sitara-2::conversation_4318987_4336.csv::s1,astro_other,2026-08-30 06:35:22.022
Sitara-2::conversation_4318987_4336.csv::s1,user_neutral_factual,2026-08-30 06:35:42.023
Sitara-2::conversation_4318987_4336.csv::s1,astro_callback_within,2026-08-30 06:35:47.024
Sitara-2::conversation_4318987_4336.csv::s1,user_neutral,2026-08-30 06:35:48.025
Sitara-2::conversation_4318987_4336.csv::s1,astro_callback_within,2026-08-30 06:35:52.026
Sitara-2::conversation_4318987_4336.csv::s1,astro_other,2026-08-30 06:35:54.027
Sitara-2::conversation_4318987_4336.csv::s1,astro_callback_within,2026-08-30 06:36:06.028
Sitara-2::conversation_4318987_4336.csv::s1,user_neutral_factual,2026-08-30 06:36:13.029
Sitara-2::conversation_4318987_4336.csv::s1,user_neutral,2026-08-30 06:36:21.030
Sitara-2::conversation_4318987_4336.csv::s1,astro_callback_within,2026-08-30 06:36:27.031
Sitara-2::conversation_4318987_4336.csv::s1,astro_other,2026-08-30 06:36:29.032
Sitara-2::conversation_4318987_4336.csv::s1,user_neutral_factual,2026-08-30 06:36:45.033
Sitara-2::conversation_4318987_4336.csv::s1,astro_callback_within,2026-08-30 06:36:50.034
Sitara-2::conversation_4318987_4336.csv::s1,astro_callback_within,2026-08-30 06:36:52.035
Sitara-2::conversation_4318987_4336.csv::s1,astro_callback_within,2026-08-30 06:37:03.036
Sitara-2::conversation_4318987_4336.csv::s1,astro_other,2026-08-30 06:37:05.037
Sitara-2::conversation_4318987_4336.csv::s1,user_enthusiastic,2026-08-30 06:37:13.038
Sitara-2::conversation_4318987_4336.csv::s1,astro_callback_within,2026-08-30 06:37:17.039
Sitara-2::conversation_4318987_4336.csv::s1,astro_other,2026-08-30 06:37:19.040
Sitara-2::conversation_4318987_4336.csv::s1,user_neutral_factual,2026-08-30 06:37:26.041
Sitara-2::conversation_4318987_4336.csv::s1,user_enthusiastic,2026-08-30 06:37:44.042
Sitara-2::conversation_4318987_4336.csv::s1,astro_callback_within,2026-08-30 06:37:48.043
Sitara-2::conversation_4318987_4336.csv::s1,user_enthusiastic,2026-08-30 06:37:58.044
Sitara-2::conversation_4318987_4336.csv::s1,astro_other,2026-08-30 06:38:03.045
Sitara-2::conversation_4318987_4336.csv::s1,astro_callback_within,2026-08-30 06:38:05.046
Sitara-2::conversation_4403950_4336.csv::s1,user_neutral,2026-08-28 11:48:26.000
Sitara-2::conversation_4403950_4336.csv::s1,astro_other,2026-08-28 11:48:31.001
Sitara-2::conversation_4403950_4336.csv::s1,user_neutral,2026-08-28 11:48:51.002
Sitara-2::conversation_4403950_4336.csv::s1,astro_dated_prediction,2026-08-28 11:48:56.003
Sitara-2::conversation_4403950_4336.csv::s1,user_neutral,2026-08-28 11:49:45.004
Sitara-2::conversation_4403950_4336.csv::s1,astro_other,2026-08-28 11:49:50.005
Sitara-2::conversation_4403950_4336.csv::s1,astro_other,2026-08-28 11:49:52.006
Sitara-2::conversation_4403950_4336.csv::s1,user_neutral_factual,2026-08-28 11:50:29.007
Sitara-2::conversation_4403950_4336.csv::s1,astro_other,2026-08-28 11:50:33.008
Sitara-2::conversation_4403950_4336.csv::s1,astro_callback_within,2026-08-28 11:50:35.009
Sitara-2::conversation_4403950_4336.csv::s1,user_pushback,2026-08-28 11:51:10.010
Sitara-2::conversation_4403950_4336.csv::s1,astro_callback_within,2026-08-28 11:51:14.011
Sitara-2::conversation_4403950_4336.csv::s1,astro_dated_prediction,2026-08-28 11:51:16.012
Sitara-2::conversation_4403950_4336.csv::s1,astro_other,2026-08-28 11:51:47.013
Sitara-2::conversation_4403950_4336.csv::s1,user_neutral,2026-08-28 11:52:29.014
Sitara-2::conversation_4403950_4336.csv::s1,astro_dated_prediction,2026-08-28 11:52:33.015
Sitara-2::conversation_4403950_4336.csv::s1,user_neutral_factual,2026-08-28 11:52:54.016
Sitara-2::conversation_4403950_4336.csv::s1,astro_callback_within,2026-08-28 11:52:59.017
Sitara-2::conversation_4403950_4336.csv::s1,astro_callback_within,2026-08-28 11:53:01.018
Sitara-2::conversation_4403950_4336.csv::s1,user_neutral,2026-08-28 11:53:17.019
Sitara-2::conversation_4403950_4336.csv::s1,astro_callback_within,2026-08-28 11:53:22.020
Sitara-2::conversation_4403950_4336.csv::s1,user_neutral,2026-08-28 11:53:34.021
Sitara-2::conversation_4403950_4336.csv::s1,astro_other,2026-08-28 11:53:34.022
Sitara-2::conversation_4403950_4336.csv::s1,astro_dated_prediction,2026-08-28 11:53:39.023
Sitara-2::conversation_4403950_4336.csv::s1,user_neutral,2026-08-28 11:54:05.024
Sitara-2::conversation_4403950_4336.csv::s1,astro_dated_prediction,2026-08-28 11:54:09.025
Sitara-2::conversation_4403950_4336.csv::s1,user_neutral,2026-08-28 11:54:44.026
Sitara-2::conversation_4403950_4336.csv::s1,astro_callback_within,2026-08-28 11:54:48.027
Sitara-2::conversation_4403950_4336.csv::s1,astro_open_thread,2026-08-28 11:54:50.028
Sitara-2::conversation_4403950_4336.csv::s1,user_enthusiastic,2026-08-28 11:55:10.029
Sitara-2::conversation_4403950_4336.csv::s1,astro_callback_within,2026-08-28 11:55:15.030
Sitara-2::conversation_4403950_4336.csv::s1,user_neutral,2026-08-28 11:55:45.031
Sitara-2::conversation_4403950_4336.csv::s1,astro_callback_within,2026-08-28 11:55:50.032
Sitara-2::conversation_4403950_4336.csv::s1,astro_open_thread,2026-08-28 11:55:52.033
Sitara-2::conversation_4403950_4336.csv::s1,user_enthusiastic,2026-08-28 11:56:45.034
Sitara-2::conversation_4403950_4336.csv::s1,astro_callback_within,2026-08-28 11:56:49.035
Sitara-2::conversation_4403950_4336.csv::s1,astro_dated_prediction,2026-08-28 11:56:51.036
Sitara-2::conversation_4403950_4336.csv::s1,user_neutral,2026-08-28 11:57:17.037
Sitara-2::conversation_4403950_4336.csv::s1,user_pushback,2026-08-28 11:57:50.038
Sitara-2::conversation_4403950_4336.csv::s1,astro_callback_within,2026-08-28 11:57:55.039
Sitara-2::conversation_4403950_4336.csv::s1,user_neutral,2026-08-28 11:58:59.040
Sitara-2::conversation_4403950_4336.csv::s1,user_neutral,2026-08-28 11:59:15.041
Sitara-2::conversation_4403950_4336.csv::s1,astro_dated_prediction,2026-08-28 11:59:20.042
Sitara-2::conversation_4403950_4336.csv::s1,astro_callback_within,2026-08-28 11:59:22.043
Sitara-2::conversation_4403950_4336.csv::s1,user_enthusiastic,2026-08-28 11:59:41.044
Sitara-2::conversation_4403950_4336.csv::s1,astro_other,2026-08-28 11:59:46.045
Sitara-2::conversation_4403950_4336.csv::s1,user_neutral,2026-08-28 11:59:58.046
Sitara-2::conversation_4403950_4336.csv::s1,astro_callback_within,2026-08-28 12:00:03.047
Sitara-2::conversation_4403950_4336.csv::s1,user_enthusiastic,2026-08-28 12:00:12.048
Sitara-2::conversation_4403950_4336.csv::s1,astro_callback_within,2026-08-28 12:00:16.049
Sitara-2::conversation_4403950_4336.csv::s1,user_pushback,2026-08-28 12:00:56.050
Sitara-2::conversation_4403950_4336.csv::s1,astro_callback_within,2026-08-28 12:01:01.051
Sitara-2::conversation_4403950_4336.csv::s1,astro_callback_within,2026-08-28 12:01:03.052
Sitara-2::conversation_4403950_4336.csv::s1,user_pushback,2026-08-28 12:01:07.053
Sitara-2::conversation_4403950_4336.csv::s1,astro_callback_within,2026-08-28 12:01:11.054
Sitara-2::conversation_4403950_4336.csv::s2,user_neutral,2026-08-29 04:57:50.000
Sitara-2::conversation_4403950_4336.csv::s2,astro_other,2026-08-29 04:57:54.001
Sitara-2::conversation_4403950_4336.csv::s2,user_pushback,2026-08-29 04:59:14.002
Sitara-2::conversation_4403950_4336.csv::s2,astro_callback_within,2026-08-29 04:59:19.003
Sitara-2::conversation_4403950_4336.csv::s2,astro_callback_within,2026-08-29 04:59:21.004
Sitara-2::conversation_4403950_4336.csv::s2,user_neutral,2026-08-29 05:00:15.005
Sitara-2::conversation_4403950_4336.csv::s2,astro_callback_within,2026-08-29 05:00:19.006
Sitara-2::conversation_4403950_4336.csv::s2,user_neutral,2026-08-29 05:00:47.007
Sitara-2::conversation_4403950_4336.csv::s2,astro_callback_within,2026-08-29 05:00:52.008
Sitara-2::conversation_4403950_4336.csv::s2,user_neutral,2026-08-29 05:01:35.009
Sitara-2::conversation_4403950_4336.csv::s2,astro_dated_prediction,2026-08-29 05:01:39.010
Sitara-2::conversation_4403950_4336.csv::s2,astro_callback_within,2026-08-29 05:02:07.011
Sitara-2::conversation_4403950_4336.csv::s2,astro_callback_prior,2026-08-29 05:02:09.012
Sitara-2::conversation_4403950_4336.csv::s2,astro_dated_prediction,2026-08-29 05:02:38.013
Sitara-2::conversation_4403950_4336.csv::s2,user_neutral,2026-08-29 05:03:06.014
Sitara-2::conversation_4403950_4336.csv::s2,astro_callback_within,2026-08-29 05:03:11.015
Sitara-2::conversation_4403950_4336.csv::s2,user_neutral,2026-08-29 05:03:40.016
Sitara-2::conversation_4403950_4336.csv::s2,astro_dated_prediction,2026-08-29 05:03:45.017
Sitara-2::conversation_4403950_4336.csv::s2,astro_callback_prior,2026-08-29 05:03:47.018
Sitara-2::conversation_4403950_4336.csv::s2,user_neutral_factual,2026-08-29 05:03:56.019
Sitara-2::conversation_4403950_4336.csv::s2,astro_other,2026-08-29 05:04:03.020
Sitara-2::conversation_4403950_4336.csv::s2,user_neutral,2026-08-29 05:04:14.021
Sitara-2::conversation_4403950_4336.csv::s2,astro_callback_within,2026-08-29 05:04:19.022
Sitara-2::conversation_4403950_4336.csv::s2,astro_callback_within,2026-08-29 05:04:21.023
Sitara-2::conversation_4403950_4336.csv::s2,user_neutral,2026-08-29 05:04:45.024
Sitara-2::conversation_4403950_4336.csv::s2,astro_callback_prior,2026-08-29 05:04:49.025
Sitara-2::conversation_4613992_4336.csv::s1,user_neutral,2026-08-30 17:51:05.000
Sitara-2::conversation_4613992_4336.csv::s1,astro_validation,2026-08-30 17:51:09.001
Sitara-2::conversation_4613992_4336.csv::s1,astro_other,2026-08-30 17:51:11.002
Sitara-2::conversation_4613992_4336.csv::s1,astro_other,2026-08-30 17:51:21.003
Sitara-2::conversation_4613992_4336.csv::s1,astro_callback_within,2026-08-30 17:51:23.004
Sitara-2::conversation_4613992_4336.csv::s1,astro_other,2026-08-30 17:51:26.005
Sitara-2::conversation_4613992_4336.csv::s1,astro_other,2026-08-30 17:51:28.006
Sitara-2::conversation_4613992_4336.csv::s1,user_neutral,2026-08-30 17:51:43.007
Sitara-2::conversation_4613992_4336.csv::s1,astro_callback_within,2026-08-30 17:51:48.008
Sitara-2::conversation_4613992_4336.csv::s1,astro_open_thread,2026-08-30 17:51:50.009
Sitara-2::conversation_4613992_4336.csv::s1,user_disengaging,2026-08-30 17:52:08.010
Sitara-2::conversation_4613992_4336.csv::s1,astro_callback_within,2026-08-30 17:52:12.011
Sitara-2::conversation_4613992_4336.csv::s1,user_pushback,2026-08-30 17:52:34.012
Sitara-2::conversation_4613992_4336.csv::s1,astro_callback_within,2026-08-30 17:52:38.013
Sitara-2::conversation_4613992_4336.csv::s1,user_neutral_factual,2026-08-30 17:53:00.014
Sitara-2::conversation_4613992_4336.csv::s1,astro_callback_within,2026-08-30 17:53:05.015
Sitara-2::conversation_4613992_4336.csv::s1,astro_callback_within,2026-08-30 17:53:07.016
Sitara-2::conversation_4613992_4336.csv::s1,user_disengaging,2026-08-30 17:53:24.017
Sitara-2::conversation_4613992_4336.csv::s1,astro_callback_within,2026-08-30 17:53:28.018
Sitara-2::conversation_4613992_4336.csv::s1,astro_reframe,2026-08-30 17:53:30.019
Sitara-2::conversation_4613992_4336.csv::s1,user_disengaging,2026-08-30 17:53:37.020
Sitara-2::conversation_4613992_4336.csv::s1,astro_other,2026-08-30 17:53:41.021
Sitara-2::conversation_4613992_4336.csv::s1,user_emotional_disclosure,2026-08-30 17:53:57.022
Sitara-2::conversation_4613992_4336.csv::s1,astro_callback_within,2026-08-30 17:54:02.023
Sitara-2::conversation_4613992_4336.csv::s1,astro_other,2026-08-30 17:54:04.024
Sitara-2::conversation_4613992_4336.csv::s1,user_emotional_disclosure,2026-08-30 17:54:19.025
Sitara-2::conversation_4613992_4336.csv::s1,astro_callback_within,2026-08-30 17:54:23.026
Sitara-2::conversation_4613992_4336.csv::s1,astro_reframe,2026-08-30 17:54:26.027
Sitara-2::conversation_4613992_4336.csv::s1,user_neutral,2026-08-30 17:54:35.028
Sitara-2::conversation_4613992_4336.csv::s1,astro_callback_within,2026-08-30 17:54:40.029
Sitara-2::conversation_4613992_4336.csv::s1,astro_callback_within,2026-08-30 17:54:42.030
Sitara-2::conversation_4613992_4336.csv::s1,astro_callback_within,2026-08-30 17:54:44.031
Sitara-2::conversation_4613992_4336.csv::s1,user_disengaging,2026-08-30 17:54:52.032
Sitara-2::conversation_4613992_4336.csv::s1,astro_callback_within,2026-08-30 17:54:56.033
Sitara-2::conversation_4613992_4336.csv::s1,user_emotional_disclosure,2026-08-30 17:55:32.034
Sitara-2::conversation_4613992_4336.csv::s1,astro_callback_within,2026-08-30 17:55:51.035
Sitara-2::conversation_4613992_4336.csv::s1,user_neutral,2026-08-30 17:55:57.036
Sitara-2::conversation_4613992_4336.csv::s1,astro_callback_within,2026-08-30 17:56:02.037
Sitara-2::conversation_4676678_4336.csv::s1,user_neutral,2026-09-01 08:39:23.000
Sitara-2::conversation_4676678_4336.csv::s1,astro_other,2026-09-01 08:39:27.001
Sitara-2::conversation_4676678_4336.csv::s1,astro_other,2026-09-01 08:39:29.002
Sitara-2::conversation_4676678_4336.csv::s1,user_neutral,2026-09-01 08:39:37.003
Sitara-2::conversation_4676678_4336.csv::s1,astro_other,2026-09-01 08:39:39.004
Sitara-2::conversation_4676678_4336.csv::s1,astro_reframe,2026-09-01 08:39:41.005
Sitara-2::conversation_4676678_4336.csv::s1,user_neutral,2026-09-01 08:39:43.006
Sitara-2::conversation_4676678_4336.csv::s1,astro_other,2026-09-01 08:39:48.007
Sitara-2::conversation_4676678_4336.csv::s1,astro_other,2026-09-01 08:39:50.008
Sitara-2::conversation_4676678_4336.csv::s1,astro_other,2026-09-01 08:40:17.009
Sitara-2::conversation_4676678_4336.csv::s1,user_neutral,2026-09-01 08:40:25.010
Sitara-2::conversation_4676678_4336.csv::s1,astro_dated_prediction,2026-09-01 08:40:30.011
Sitara-2::conversation_4676678_4336.csv::s1,user_neutral,2026-09-01 08:40:32.012
Sitara-2::conversation_4676678_4336.csv::s1,astro_callback_within,2026-09-01 08:40:36.013
Sitara-2::conversation_4676678_4336.csv::s1,user_enthusiastic,2026-09-01 08:40:50.014
Sitara-2::conversation_4676678_4336.csv::s1,user_enthusiastic,2026-09-01 08:40:52.015
Sitara-2::conversation_4676678_4336.csv::s1,astro_callback_within,2026-09-01 08:40:57.016
Sitara-2::conversation_4676678_4336.csv::s1,astro_callback_within,2026-09-01 08:40:59.017
Sitara-2::conversation_4676678_4336.csv::s1,astro_callback_within,2026-09-01 08:41:01.018
Sitara-2::conversation_4676678_4336.csv::s1,user_neutral_factual,2026-09-01 08:41:08.019
Sitara-2::conversation_4676678_4336.csv::s1,astro_callback_within,2026-09-01 08:41:12.020
Sitara-2::conversation_4676678_4336.csv::s1,user_neutral,2026-09-01 08:41:24.021
Sitara-2::conversation_4676678_4336.csv::s1,astro_dated_prediction,2026-09-01 08:41:29.022
Sitara-2::conversation_4676678_4336.csv::s1,user_neutral_factual,2026-09-01 08:41:35.023
Sitara-2::conversation_4676678_4336.csv::s1,user_neutral,2026-09-01 08:41:59.024
Sitara-2::conversation_4676678_4336.csv::s1,user_neutral,2026-09-01 08:42:00.025
Sitara-2::conversation_4676678_4336.csv::s1,astro_callback_within,2026-09-01 08:42:05.026
Sitara-2::conversation_4676678_4336.csv::s1,astro_callback_within,2026-09-01 08:42:07.027
Sitara-2::conversation_4676678_4336.csv::s1,user_neutral_factual,2026-09-01 08:42:18.028
Sitara-2::conversation_4676678_4336.csv::s1,astro_callback_within,2026-09-01 08:42:23.029
Sitara-2::conversation_4676678_4336.csv::s1,user_neutral_factual,2026-09-01 08:42:30.030
Sitara-2::conversation_4676678_4336.csv::s1,astro_other,2026-09-01 08:42:34.031
Sitara-2::conversation_4676678_4336.csv::s1,user_neutral_factual,2026-09-01 08:42:44.032
Sitara-2::conversation_4676678_4336.csv::s1,user_neutral,2026-09-01 08:42:49.033
Sitara-2::conversation_4676678_4336.csv::s1,astro_other,2026-09-01 08:42:49.034
Sitara-2::conversation_4676678_4336.csv::s1,astro_callback_within,2026-09-01 08:42:54.035
Sitara-2::conversation_4676678_4336.csv::s1,user_neutral_factual,2026-09-01 08:43:02.036
Sitara-2::conversation_4676678_4336.csv::s1,astro_other,2026-09-01 08:43:06.037
Sitara-2::conversation_4676678_4336.csv::s1,astro_dated_prediction,2026-09-01 08:43:30.038
Sitara-2::conversation_4676678_4336.csv::s1,user_neutral_factual,2026-09-01 08:43:32.039
Sitara-2::conversation_4676678_4336.csv::s1,astro_other,2026-09-01 08:43:37.040
Sitara-2::conversation_4676678_4336.csv::s1,user_neutral_factual,2026-09-01 08:43:50.041
Sitara-2::conversation_4676678_4336.csv::s1,astro_callback_within,2026-09-01 08:43:55.042
Sitara-2::conversation_4676678_4336.csv::s1,astro_other,2026-09-01 08:44:20.043
Sitara-2::conversation_4676678_4336.csv::s1,astro_dated_prediction,2026-09-01 08:44:22.044
Sitara-2::conversation_4692098_4336.csv::s1,user_neutral,2026-08-27 19:34:50.000
Sitara-2::conversation_4692098_4336.csv::s1,astro_other,2026-08-27 19:34:54.001
Sitara-2::conversation_4692098_4336.csv::s1,astro_other,2026-08-27 19:34:56.002
Sitara-2::conversation_4692098_4336.csv::s1,astro_other,2026-08-27 19:35:20.003
Sitara-2::conversation_4692098_4336.csv::s1,astro_dated_prediction,2026-08-27 19:35:22.004
Sitara-2::conversation_4692098_4336.csv::s1,astro_callback_within,2026-08-27 19:35:33.005
Sitara-2::conversation_4692098_4336.csv::s1,astro_callback_within,2026-08-27 19:35:35.006
Sitara-2::conversation_4692098_4336.csv::s1,user_neutral,2026-08-27 19:35:57.007
Sitara-2::conversation_4692098_4336.csv::s1,astro_other,2026-08-27 19:36:04.008
Sitara-2::conversation_4692098_4336.csv::s1,astro_callback_within,2026-08-27 19:36:06.009
Sitara-2::conversation_4692098_4336.csv::s1,user_enthusiastic,2026-08-27 19:36:17.010
Sitara-2::conversation_4692098_4336.csv::s1,astro_callback_within,2026-08-27 19:36:24.011
Sitara-2::conversation_4692098_4336.csv::s1,user_neutral,2026-08-27 19:36:28.012
Sitara-2::conversation_4692098_4336.csv::s1,astro_callback_within,2026-08-27 19:36:32.013
Sitara-2::conversation_4692098_4336.csv::s1,user_neutral,2026-08-27 19:37:01.014
Sitara-2::conversation_4692098_4336.csv::s1,astro_callback_within,2026-08-27 19:37:05.015
Sitara-2::conversation_4692098_4336.csv::s1,astro_callback_within,2026-08-27 19:37:07.016
Sitara-2::conversation_4692098_4336.csv::s1,user_enthusiastic,2026-08-27 19:37:21.017
Sitara-2::conversation_4692098_4336.csv::s1,astro_callback_within,2026-08-27 19:37:26.018
Sitara-2::conversation_4692098_4336.csv::s1,astro_open_thread,2026-08-27 19:37:28.019
Sitara-2::conversation_4692098_4336.csv::s1,user_enthusiastic,2026-08-27 19:37:37.020
Sitara-2::conversation_4692098_4336.csv::s1,astro_callback_within,2026-08-27 19:37:42.021
Sitara-2::conversation_4692098_4336.csv::s1,astro_open_thread,2026-08-27 19:37:44.022
Sitara-2::conversation_4692098_4336.csv::s1,user_pushback,2026-08-27 19:38:10.023
Sitara-2::conversation_4692098_4336.csv::s1,astro_callback_within,2026-08-27 19:38:15.024
Sitara-2::conversation_4692098_4336.csv::s1,user_neutral,2026-08-27 19:38:24.025
Sitara-2::conversation_4692098_4336.csv::s1,user_neutral,2026-08-27 19:38:38.026
Sitara-2::conversation_4692098_4336.csv::s1,astro_callback_within,2026-08-27 19:38:42.027
Sitara-2::conversation_4692098_4336.csv::s1,user_neutral,2026-08-27 19:38:55.028
Sitara-2::conversation_4692098_4336.csv::s1,astro_callback_within,2026-08-27 19:39:00.029
Sitara-2::conversation_4692098_4336.csv::s1,user_neutral,2026-08-27 19:39:10.030
Sitara-2::conversation_4692098_4336.csv::s1,astro_callback_within,2026-08-27 19:39:14.031
Sitara-2::conversation_4692098_4336.csv::s1,astro_open_thread,2026-08-27 19:39:16.032
Sitara-2::conversation_4692098_4336.csv::s1,user_enthusiastic,2026-08-27 19:39:21.033
Sitara-2::conversation_4692098_4336.csv::s1,astro_callback_within,2026-08-27 19:39:26.034
Sitara-2::conversation_4692098_4336.csv::s1,user_neutral,2026-08-27 19:39:38.035
Sitara-2::conversation_4692098_4336.csv::s1,astro_callback_within,2026-08-27 19:39:45.036
Sitara-2::conversation_4802466_4336.csv::s1,user_neutral,2026-08-30 21:00:18.000
Sitara-2::conversation_4802466_4336.csv::s1,astro_other,2026-08-30 21:00:22.001
Sitara-2::conversation_4802466_4336.csv::s1,astro_other,2026-08-30 21:00:36.002
Sitara-2::conversation_4802466_4336.csv::s1,user_emotional_disclosure,2026-08-30 21:01:09.003
Sitara-2::conversation_4802466_4336.csv::s1,astro_callback_within,2026-08-30 21:01:14.004
Sitara-2::conversation_4802466_4336.csv::s1,astro_callback_within,2026-08-30 21:01:16.005
Sitara-2::conversation_4802466_4336.csv::s1,user_emotional_disclosure,2026-08-30 21:01:23.006
Sitara-2::conversation_4802466_4336.csv::s1,astro_other,2026-08-30 21:01:27.007
Sitara-2::conversation_4802466_4336.csv::s1,user_neutral_factual,2026-08-30 21:01:49.008
Sitara-2::conversation_4802466_4336.csv::s1,astro_callback_within,2026-08-30 21:01:54.009
Sitara-2::conversation_4802466_4336.csv::s1,user_enthusiastic,2026-08-30 21:02:04.010
Sitara-2::conversation_4802466_4336.csv::s1,astro_callback_within,2026-08-30 21:02:09.011
Sitara-2::conversation_4802466_4336.csv::s1,user_neutral,2026-08-30 21:02:17.012
Sitara-2::conversation_4802466_4336.csv::s1,astro_dated_prediction,2026-08-30 21:02:23.013
Sitara-2::conversation_4802466_4336.csv::s1,user_emotional_disclosure,2026-08-30 21:02:39.014
Sitara-2::conversation_4802466_4336.csv::s1,astro_open_thread,2026-08-30 21:02:46.015
Sitara-2::conversation_4802466_4336.csv::s1,astro_callback_within,2026-08-30 21:02:51.016
Sitara-2::conversation_4802466_4336.csv::s1,user_enthusiastic,2026-08-30 21:02:58.017
Sitara-2::conversation_4802466_4336.csv::s1,astro_callback_within,2026-08-30 21:03:03.018
Sitara-2::conversation_4802466_4336.csv::s1,user_emotional_disclosure,2026-08-30 21:03:15.019
Sitara-2::conversation_4802466_4336.csv::s1,astro_callback_within,2026-08-30 21:03:20.020
Sitara-2::conversation_4802466_4336.csv::s1,user_neutral,2026-08-30 21:03:20.021
Sitara-2::conversation_4802466_4336.csv::s1,astro_callback_within,2026-08-30 21:03:25.022
Sitara-2::conversation_4802466_4336.csv::s1,astro_callback_within,2026-08-30 21:03:36.023
Sitara-2::conversation_4802466_4336.csv::s1,astro_open_thread,2026-08-30 21:03:38.024
Sitara-2::conversation_4802466_4336.csv::s1,user_enthusiastic,2026-08-30 21:03:45.025
Sitara-2::conversation_4802466_4336.csv::s1,astro_callback_within,2026-08-30 21:03:51.026
Sitara-2::conversation_4802466_4336.csv::s1,user_neutral_factual,2026-08-30 21:04:04.027
Sitara-2::conversation_4802466_4336.csv::s1,astro_open_thread,2026-08-30 21:04:09.028
Sitara-2::conversation_4802466_4336.csv::s1,user_enthusiastic,2026-08-30 21:04:13.029
Sitara-2::conversation_4802466_4336.csv::s1,astro_callback_within,2026-08-30 21:04:18.030
Sitara-2::conversation_4802466_4336.csv::s1,user_enthusiastic,2026-08-30 21:04:25.031
Sitara-2::conversation_4802466_4336.csv::s1,astro_callback_within,2026-08-30 21:04:31.032
Sitara-2::conversation_4802466_4336.csv::s1,user_pushback,2026-08-30 21:05:12.033
Sitara-2::conversation_4802466_4336.csv::s1,astro_callback_within,2026-08-30 21:05:17.034
Sitara-2::conversation_4802466_4336.csv::s1,astro_callback_within,2026-08-30 21:05:19.035
Sitara-2::conversation_4802466_4336.csv::s1,astro_open_thread,2026-08-30 21:05:21.036
Sitara-2::conversation_4802466_4336.csv::s1,astro_other,2026-08-30 21:05:32.037
Sitara-2::conversation_4802466_4336.csv::s1,astro_callback_within,2026-08-30 21:05:34.038
Sitara-2::conversation_4802466_4336.csv::s1,user_neutral,2026-08-30 21:05:45.039
Sitara-2::conversation_4802466_4336.csv::s1,astro_callback_within,2026-08-30 21:05:49.040
Sitara-2::conversation_4802466_4336.csv::s1,user_enthusiastic,2026-08-30 21:05:54.041
Sitara-2::conversation_4802466_4336.csv::s1,astro_callback_within,2026-08-30 21:05:59.042
Sitara-2::conversation_4802466_4336.csv::s1,astro_open_thread,2026-08-30 21:06:01.043
Sitara-2::conversation_4802466_4336.csv::s1,user_enthusiastic,2026-08-30 21:06:07.044
Sitara-2::conversation_4802466_4336.csv::s1,astro_callback_within,2026-08-30 21:06:11.045
Sitara-2::conversation_5133396_4336.csv::s1,user_neutral,2026-08-27 21:39:24.000
Sitara-2::conversation_5133396_4336.csv::s1,astro_other,2026-08-27 21:39:29.001
Sitara-2::conversation_5133396_4336.csv::s1,astro_other,2026-08-27 21:39:50.002
Sitara-2::conversation_5133396_4336.csv::s1,user_neutral,2026-08-27 21:39:50.003
Sitara-2::conversation_5133396_4336.csv::s1,astro_other,2026-08-27 21:39:55.004
Sitara-2::conversation_5133396_4336.csv::s1,astro_dated_prediction,2026-08-27 21:39:57.005
Sitara-2::conversation_5133396_4336.csv::s1,astro_other,2026-08-27 21:39:59.006
Sitara-2::conversation_5133396_4336.csv::s1,astro_reframe,2026-08-27 21:40:01.007
Sitara-2::conversation_5133396_4336.csv::s1,user_neutral,2026-08-27 21:40:02.008
Sitara-2::conversation_5133396_4336.csv::s1,astro_other,2026-08-27 21:40:03.009
Sitara-2::conversation_5133396_4336.csv::s1,astro_other,2026-08-27 21:40:06.010
Sitara-2::conversation_5133396_4336.csv::s1,astro_dated_prediction,2026-08-27 21:40:08.011
Sitara-2::conversation_5133396_4336.csv::s1,user_neutral,2026-08-27 21:41:19.012
Sitara-2::conversation_5133396_4336.csv::s1,astro_other,2026-08-27 21:41:24.013
Sitara-2::conversation_5133396_4336.csv::s1,astro_other,2026-08-27 21:41:26.014
Sitara-2::conversation_5133396_4336.csv::s1,astro_other,2026-08-27 21:41:28.015
Sitara-2::conversation_5133396_4336.csv::s1,user_pushback,2026-08-27 21:41:50.016
Sitara-2::conversation_5133396_4336.csv::s1,astro_callback_within,2026-08-27 21:41:54.017
Sitara-2::conversation_5133396_4336.csv::s1,user_pushback,2026-08-27 21:42:00.018
Sitara-2::conversation_5133396_4336.csv::s1,astro_callback_within,2026-08-27 21:42:07.019
Sitara-2::conversation_5133396_4336.csv::s1,astro_other,2026-08-27 21:42:09.020
Sitara-2::conversation_5133396_4336.csv::s1,astro_other,2026-08-27 21:42:11.021
Sitara-2::conversation_5133396_4336.csv::s1,user_enthusiastic,2026-08-27 21:42:24.022
Sitara-2::conversation_5133396_4336.csv::s1,astro_dated_prediction,2026-08-27 21:42:29.023
Sitara-2::conversation_5133396_4336.csv::s1,astro_callback_within,2026-08-27 21:42:31.024
Sitara-2::conversation_5133396_4336.csv::s1,astro_other,2026-08-27 21:42:33.025
Sitara-2::conversation_5133396_4336.csv::s1,user_disengaging,2026-08-27 21:43:46.026
Sitara-2::conversation_5133396_4336.csv::s1,astro_other,2026-08-27 21:43:51.027
Sitara-2::conversation_5133396_4336.csv::s1,user_disengaging,2026-08-27 21:44:00.028
Sitara-2::conversation_5133396_4336.csv::s1,user_enthusiastic,2026-08-27 21:44:04.029
Sitara-2::conversation_5133396_4336.csv::s1,astro_callback_within,2026-08-27 21:44:05.030
Sitara-2::conversation_5133396_4336.csv::s1,astro_other,2026-08-27 21:44:11.031
Sitara-2::conversation_5133396_4336.csv::s1,astro_open_thread,2026-08-27 21:44:13.032
Sitara-2::conversation_5133396_4336.csv::s1,astro_other,2026-08-27 21:44:15.033
Sitara-2::conversation_5152309_4336.csv::s1,user_neutral,2026-08-28 12:42:32.000
Sitara-2::conversation_5152309_4336.csv::s1,astro_other,2026-08-28 12:42:37.001
Sitara-2::conversation_5152309_4336.csv::s1,user_neutral,2026-08-28 12:42:40.002
Sitara-2::conversation_5152309_4336.csv::s1,astro_other,2026-08-28 12:42:45.003
Sitara-2::conversation_5152309_4336.csv::s1,user_emotional_disclosure,2026-08-28 12:42:46.004
Sitara-2::conversation_5152309_4336.csv::s1,user_neutral,2026-08-28 12:42:50.005
Sitara-2::conversation_5152309_4336.csv::s1,astro_validation,2026-08-28 12:42:50.006
Sitara-2::conversation_5152309_4336.csv::s1,astro_other,2026-08-28 12:42:57.007
Sitara-2::conversation_5152309_4336.csv::s1,user_pushback,2026-08-28 12:43:17.008
Sitara-2::conversation_5152309_4336.csv::s1,astro_callback_within,2026-08-28 12:43:22.009
Sitara-2::conversation_5152309_4336.csv::s1,user_pushback,2026-08-28 12:43:32.010
Sitara-2::conversation_5152309_4336.csv::s1,astro_callback_within,2026-08-28 12:43:36.011
Sitara-2::conversation_5152309_4336.csv::s1,user_emotional_disclosure,2026-08-28 12:43:47.012
Sitara-2::conversation_5152309_4336.csv::s1,astro_other,2026-08-28 12:43:51.013
Sitara-2::conversation_5152309_4336.csv::s1,user_pushback,2026-08-28 12:44:03.014
Sitara-2::conversation_5152309_4336.csv::s1,astro_callback_within,2026-08-28 12:44:08.015
Sitara-2::conversation_5152309_4336.csv::s1,user_emotional_disclosure,2026-08-28 12:44:13.016
Sitara-2::conversation_5152309_4336.csv::s1,astro_other,2026-08-28 12:44:17.017
Sitara-2::conversation_5152309_4336.csv::s1,astro_callback_within,2026-08-28 12:44:19.018
Sitara-2::conversation_5152309_4336.csv::s1,user_pushback,2026-08-28 12:44:49.019
Sitara-2::conversation_5152309_4336.csv::s1,astro_callback_within,2026-08-28 12:44:54.020
Sitara-2::conversation_5152309_4336.csv::s1,user_emotional_disclosure,2026-08-28 12:45:08.021
Sitara-2::conversation_5152309_4336.csv::s1,astro_validation,2026-08-28 12:45:13.022
Sitara-2::conversation_5152309_4336.csv::s1,user_enthusiastic,2026-08-28 12:45:20.023
Sitara-2::conversation_5152309_4336.csv::s1,user_neutral,2026-08-28 12:45:22.024
Sitara-2::conversation_5152309_4336.csv::s1,astro_callback_within,2026-08-28 12:45:27.025
Sitara-2::conversation_5152309_4336.csv::s1,user_neutral_factual,2026-08-28 12:45:30.026
Sitara-2::conversation_5152309_4336.csv::s1,astro_callback_within,2026-08-28 12:45:31.027
Sitara-2::conversation_5152309_4336.csv::s1,user_neutral,2026-08-28 12:45:33.028
Sitara-2::conversation_5152309_4336.csv::s1,astro_callback_within,2026-08-28 12:45:33.029
Sitara-2::conversation_5152309_4336.csv::s1,astro_callback_within,2026-08-28 12:45:36.030
Sitara-2::conversation_5152309_4336.csv::s1,astro_callback_within,2026-08-28 12:45:38.031
Sitara-2::conversation_5152309_4336.csv::s1,user_neutral,2026-08-28 12:46:06.032
Sitara-2::conversation_5152309_4336.csv::s1,astro_callback_within,2026-08-28 12:46:10.033
Sitara-2::conversation_5152309_4336.csv::s1,user_neutral,2026-08-28 12:46:11.034
Sitara-2::conversation_5152309_4336.csv::s1,astro_reframe,2026-08-28 12:46:15.035
Sitara-2::conversation_5152309_4336.csv::s1,user_disengaging,2026-08-28 12:46:21.036
Sitara-2::conversation_5152309_4336.csv::s1,astro_callback_within,2026-08-28 12:46:26.037
Sitara-2::conversation_5152309_4336.csv::s1,astro_callback_within,2026-08-28 12:46:45.038
Sitara-2::conversation_5152309_4336.csv::s1,astro_callback_within,2026-08-28 12:46:51.039
Sitara-2::conversation_5156256_4336.csv::s1,user_neutral,2026-08-28 15:45:52.000
Sitara-2::conversation_5156256_4336.csv::s1,astro_other,2026-08-28 15:45:57.001
Sitara-2::conversation_5156256_4336.csv::s1,astro_other,2026-08-28 15:46:08.002
Sitara-2::conversation_5156256_4336.csv::s1,astro_other,2026-08-28 15:46:10.003
Sitara-2::conversation_5156256_4336.csv::s1,user_neutral,2026-08-28 15:46:20.004
Sitara-2::conversation_5156256_4336.csv::s1,astro_other,2026-08-28 15:46:25.005
Sitara-2::conversation_5156256_4336.csv::s1,astro_dated_prediction,2026-08-28 15:46:27.006
Sitara-2::conversation_5156256_4336.csv::s1,user_enthusiastic,2026-08-28 15:46:38.007
Sitara-2::conversation_5156256_4336.csv::s1,astro_callback_within,2026-08-28 15:46:43.008
Sitara-2::conversation_5156256_4336.csv::s1,user_neutral,2026-08-28 15:47:09.009
Sitara-2::conversation_5156256_4336.csv::s1,user_neutral,2026-08-28 15:47:14.010
Sitara-2::conversation_5156256_4336.csv::s1,astro_other,2026-08-28 15:47:14.011
Sitara-2::conversation_5156256_4336.csv::s1,astro_other,2026-08-28 15:47:19.012
Sitara-2::conversation_5156256_4336.csv::s1,user_neutral,2026-08-28 15:47:35.013
Sitara-2::conversation_5156256_4336.csv::s1,astro_dated_prediction,2026-08-28 15:47:41.014
Sitara-2::conversation_5156256_4336.csv::s1,astro_other,2026-08-28 15:47:43.015
Sitara-2::conversation_5156256_4336.csv::s1,user_enthusiastic,2026-08-28 15:47:50.016
Sitara-2::conversation_5156256_4336.csv::s1,astro_callback_within,2026-08-28 15:47:55.017
Sitara-2::conversation_5156256_4336.csv::s1,astro_other,2026-08-28 15:47:57.018
Sitara-2::conversation_5156256_4336.csv::s1,user_enthusiastic,2026-08-28 15:48:09.019
Sitara-2::conversation_5156256_4336.csv::s1,astro_callback_within,2026-08-28 15:48:14.020
Sitara-2::conversation_5156256_4336.csv::s1,user_enthusiastic,2026-08-28 15:48:24.021
Sitara-2::conversation_5156256_4336.csv::s1,astro_callback_within,2026-08-28 15:48:29.022
Sitara-2::conversation_5156256_4336.csv::s1,user_enthusiastic,2026-08-28 15:48:41.023
Sitara-2::conversation_5156256_4336.csv::s1,astro_callback_within,2026-08-28 15:48:45.024
Sitara-2::conversation_5156256_4336.csv::s1,user_disengaging,2026-08-28 15:49:05.025
Sitara-2::conversation_5156256_4336.csv::s1,astro_other,2026-08-28 15:49:10.026
Sitara-2::conversation_5156256_4336.csv::s1,user_pushback,2026-08-28 15:49:49.027
Sitara-2::conversation_5156256_4336.csv::s1,astro_callback_within,2026-08-28 15:49:53.028
Sitara-2::conversation_5156256_4336.csv::s1,astro_reframe,2026-08-28 15:49:55.029
Sitara-2::conversation_5156256_4336.csv::s1,user_disengaging,2026-08-28 15:50:07.030
Sitara-2::conversation_5156256_4336.csv::s1,astro_callback_within,2026-08-28 15:50:14.031
Sitara-2::conversation_5156256_4336.csv::s1,astro_other,2026-08-28 15:50:16.032
Sitara-2::conversation_5156256_4336.csv::s1,user_pushback,2026-08-28 15:50:22.033
Sitara-2::conversation_5156256_4336.csv::s1,astro_callback_within,2026-08-28 15:50:27.034
Sitara-2::conversation_5156256_4336.csv::s1,astro_other,2026-08-28 15:50:29.035
Sitara-2::conversation_5156256_4336.csv::s1,user_enthusiastic,2026-08-28 15:50:36.036
Sitara-2::conversation_5156256_4336.csv::s1,astro_callback_within,2026-08-28 15:50:40.037
Sitara-2::conversation_5156256_4336.csv::s1,user_disengaging,2026-08-28 15:50:47.038
Sitara-2::conversation_5156256_4336.csv::s1,astro_other,2026-08-28 15:50:53.039
Sitara-2::conversation_5156703_4336.csv::s1,user_neutral,2026-08-28 16:04:26.000
Sitara-2::conversation_5156703_4336.csv::s1,astro_other,2026-08-28 16:04:31.001
Sitara-2::conversation_5156703_4336.csv::s1,user_neutral_factual,2026-08-28 16:05:20.002
Sitara-2::conversation_5156703_4336.csv::s1,astro_other,2026-08-28 16:05:24.003
Sitara-2::conversation_5156703_4336.csv::s1,astro_other,2026-08-28 16:05:26.004
Sitara-2::conversation_5156703_4336.csv::s1,user_neutral,2026-08-28 16:05:30.005
Sitara-2::conversation_5156703_4336.csv::s1,astro_other,2026-08-28 16:05:36.006
Sitara-2::conversation_5156703_4336.csv::s1,astro_other,2026-08-28 16:05:38.007
Sitara-2::conversation_5156703_4336.csv::s1,user_neutral_factual,2026-08-28 16:05:54.008
Sitara-2::conversation_5156703_4336.csv::s1,astro_validation,2026-08-28 16:05:58.009
Sitara-2::conversation_5156703_4336.csv::s1,astro_other,2026-08-28 16:06:10.010
Sitara-2::conversation_5156703_4336.csv::s1,user_neutral,2026-08-28 16:06:24.011
Sitara-2::conversation_5156703_4336.csv::s1,astro_other,2026-08-28 16:06:30.012
Sitara-2::conversation_5156703_4336.csv::s1,user_neutral_factual,2026-08-28 16:06:45.013
Sitara-2::conversation_5156703_4336.csv::s1,astro_other,2026-08-28 16:06:49.014
Sitara-2::conversation_5156703_4336.csv::s1,user_pushback,2026-08-28 16:07:16.015
Sitara-2::conversation_5156703_4336.csv::s1,astro_other,2026-08-28 16:07:23.016
Sitara-2::conversation_5156703_4336.csv::s1,user_neutral,2026-08-28 16:07:27.017
Sitara-2::conversation_5156703_4336.csv::s1,astro_other,2026-08-28 16:07:38.018
Sitara-2::conversation_5156703_4336.csv::s1,astro_open_thread,2026-08-28 16:07:40.019
Sitara-2::conversation_5156703_4336.csv::s1,user_emotional_disclosure,2026-08-28 16:08:45.020
Sitara-2::conversation_5156703_4336.csv::s1,astro_open_thread,2026-08-28 16:08:55.021
Sitara-2::conversation_5156703_4336.csv::s1,user_neutral_factual,2026-08-28 16:09:17.022
Sitara-2::conversation_5156703_4336.csv::s1,user_neutral_factual,2026-08-28 16:09:54.023
Sitara-2::conversation_5156703_4336.csv::s1,astro_other,2026-08-28 16:09:58.024
Sitara-2::conversation_5156703_4336.csv::s1,user_neutral_factual,2026-08-28 16:10:19.025
Sitara-2::conversation_5156703_4336.csv::s1,astro_callback_within,2026-08-28 16:10:28.026
Sitara-2::conversation_5156703_4336.csv::s1,user_neutral_factual,2026-08-28 16:10:34.027
Sitara-2::conversation_5156703_4336.csv::s1,user_neutral_factual,2026-08-28 16:10:36.028
Sitara-2::conversation_5156703_4336.csv::s1,astro_callback_within,2026-08-28 16:10:40.029
Sitara-2::conversation_5156703_4336.csv::s1,astro_callback_within,2026-08-28 16:10:44.030
Sitara-2::conversation_5156703_4336.csv::s1,user_enthusiastic,2026-08-28 16:10:59.031
Sitara-2::conversation_5156703_4336.csv::s1,user_neutral_factual,2026-08-28 16:11:01.032
Sitara-2::conversation_5156703_4336.csv::s1,astro_other,2026-08-28 16:11:09.033
Sitara-2::conversation_5156703_4336.csv::s1,astro_other,2026-08-28 16:11:12.034
Sitara-2::conversation_5156703_4336.csv::s1,user_enthusiastic,2026-08-28 16:11:20.035
Sitara-2::conversation_5156703_4336.csv::s1,astro_other,2026-08-28 16:11:25.036
Sitara-2::conversation_5156709_4336.csv::s1,user_neutral,2026-08-28 16:06:54.000
Sitara-2::conversation_5156709_4336.csv::s1,astro_other,2026-08-28 16:07:00.001
Sitara-2::conversation_5156709_4336.csv::s1,astro_other,2026-08-28 16:07:02.002
Sitara-2::conversation_5156709_4336.csv::s1,user_neutral_factual,2026-08-28 16:07:14.003
Sitara-2::conversation_5156709_4336.csv::s1,astro_other,2026-08-28 16:07:20.004
Sitara-2::conversation_5156709_4336.csv::s1,user_neutral_factual,2026-08-28 16:07:26.005
Sitara-2::conversation_5156709_4336.csv::s1,astro_dated_prediction,2026-08-28 16:07:31.006
Sitara-2::conversation_5156709_4336.csv::s1,astro_other,2026-08-28 16:07:33.007
Sitara-2::conversation_5156709_4336.csv::s1,astro_other,2026-08-28 16:07:33.008
Sitara-2::conversation_5156709_4336.csv::s1,astro_open_thread,2026-08-28 16:07:35.009
Sitara-2::conversation_5156709_4336.csv::s1,user_emotional_disclosure,2026-08-28 16:08:00.010
Sitara-2::conversation_5156709_4336.csv::s1,astro_other,2026-08-28 16:08:05.011
Sitara-2::conversation_5156709_4336.csv::s1,astro_open_thread,2026-08-28 16:08:07.012
Sitara-2::conversation_5156709_4336.csv::s1,user_neutral_factual,2026-08-28 16:08:21.013
Sitara-2::conversation_5156709_4336.csv::s1,astro_other,2026-08-28 16:08:25.014
Sitara-2::conversation_5156709_4336.csv::s1,astro_open_thread,2026-08-28 16:08:27.015
Sitara-2::conversation_5156709_4336.csv::s1,user_emotional_disclosure,2026-08-28 16:08:41.016
Sitara-2::conversation_5156709_4336.csv::s1,astro_validation,2026-08-28 16:08:46.017
Sitara-2::conversation_5156709_4336.csv::s1,astro_open_thread,2026-08-28 16:08:48.018
Sitara-2::conversation_5156709_4336.csv::s1,user_enthusiastic,2026-08-28 16:08:55.019
Sitara-2::conversation_5156709_4336.csv::s1,astro_other,2026-08-28 16:09:00.020
Sitara-2::conversation_5156709_4336.csv::s1,astro_open_thread,2026-08-28 16:09:02.021
Sitara-2::conversation_5156709_4336.csv::s1,user_neutral_factual,2026-08-28 16:09:07.022
Sitara-2::conversation_5156709_4336.csv::s1,astro_other,2026-08-28 16:09:12.023
Sitara-2::conversation_5156709_4336.csv::s1,user_neutral,2026-08-28 16:09:23.024
Sitara-2::conversation_5156709_4336.csv::s1,astro_other,2026-08-28 16:09:31.025
Sitara-2::conversation_5156709_4336.csv::s1,astro_callback_within,2026-08-28 16:10:03.026
Sitara-2::conversation_5156709_4336.csv::s1,astro_callback_within,2026-08-28 16:10:05.027
Sitara-2::conversation_5156709_4336.csv::s1,user_neutral,2026-08-28 16:10:22.028
Sitara-2::conversation_5156709_4336.csv::s1,astro_other,2026-08-28 16:10:31.029
Sitara-2::conversation_5156709_4336.csv::s1,astro_reframe,2026-08-28 16:10:33.030
Sitara-2::conversation_5156709_4336.csv::s1,user_emotional_disclosure,2026-08-28 16:10:47.031
Sitara-2::conversation_5156709_4336.csv::s1,astro_validation,2026-08-28 16:10:52.032
Sitara-2::conversation_5156709_4336.csv::s1,astro_callback_within,2026-08-28 16:10:54.033
Sitara-2::conversation_5156709_4336.csv::s1,user_enthusiastic,2026-08-28 16:10:57.034
Sitara-2::conversation_5156709_4336.csv::s1,astro_other,2026-08-28 16:11:02.035
Sitara-2::conversation_5156709_4336.csv::s1,astro_reframe,2026-08-28 16:11:04.036
Sitara-2::conversation_5158599_4336.csv::s1,user_neutral,2026-08-28 17:23:19.000
Sitara-2::conversation_5158599_4336.csv::s1,astro_other,2026-08-28 17:23:24.001
Sitara-2::conversation_5158599_4336.csv::s1,user_emotional_disclosure,2026-08-28 17:24:38.002
Sitara-2::conversation_5158599_4336.csv::s1,astro_other,2026-08-28 17:24:42.003
Sitara-2::conversation_5158599_4336.csv::s1,astro_other,2026-08-28 17:24:44.004
Sitara-2::conversation_5158599_4336.csv::s1,user_neutral_factual,2026-08-28 17:25:26.005
Sitara-2::conversation_5158599_4336.csv::s1,astro_open_thread,2026-08-28 17:25:30.006
Sitara-2::conversation_5158599_4336.csv::s1,astro_other,2026-08-28 17:25:49.007
Sitara-2::conversation_5158599_4336.csv::s1,user_neutral_factual,2026-08-28 17:26:01.008
Sitara-2::conversation_5158599_4336.csv::s1,astro_other,2026-08-28 17:26:06.009
Sitara-2::conversation_5158599_4336.csv::s1,astro_other,2026-08-28 17:26:47.010
Sitara-2::conversation_5158599_4336.csv::s1,user_neutral_factual,2026-08-28 17:26:56.011
Sitara-2::conversation_5158599_4336.csv::s1,astro_other,2026-08-28 17:27:01.012
Sitara-2::conversation_5158599_4336.csv::s1,user_enthusiastic,2026-08-28 17:27:04.013
Sitara-2::conversation_5158599_4336.csv::s1,astro_other,2026-08-28 17:27:10.014
Sitara-2::conversation_5158599_4336.csv::s1,astro_other,2026-08-28 17:27:12.015
Sitara-2::conversation_5158599_4336.csv::s1,astro_open_thread,2026-08-28 17:27:14.016
Sitara-2::conversation_5158599_4336.csv::s1,user_neutral_factual,2026-08-28 17:27:36.017
Sitara-2::conversation_5158599_4336.csv::s1,astro_other,2026-08-28 17:27:41.018
Sitara-2::conversation_5158599_4336.csv::s1,user_neutral_factual,2026-08-28 17:27:52.019
Sitara-2::conversation_5158599_4336.csv::s1,astro_other,2026-08-28 17:27:57.020
Sitara-2::conversation_5158599_4336.csv::s1,astro_open_thread,2026-08-28 17:27:59.021
Sitara-2::conversation_5158599_4336.csv::s1,user_enthusiastic,2026-08-28 17:28:12.022
Sitara-2::conversation_5158599_4336.csv::s1,astro_open_thread,2026-08-28 17:28:17.023
Sitara-2::conversation_5158599_4336.csv::s1,user_neutral,2026-08-28 17:34:14.024
Sitara-2::conversation_5158599_4336.csv::s1,astro_other,2026-08-28 17:34:19.025
Sitara-2::conversation_5158599_4336.csv::s1,astro_other,2026-08-28 17:34:21.026
Sitara-2::conversation_5158599_4336.csv::s1,astro_callback_within,2026-08-28 17:34:23.027
Sitara-2::conversation_5158599_4336.csv::s1,user_pushback,2026-08-28 17:35:12.028
Sitara-2::conversation_5158599_4336.csv::s1,astro_callback_within,2026-08-28 17:35:17.029
Sitara-2::conversation_5158599_4336.csv::s1,astro_callback_within,2026-08-28 17:35:19.030
Sitara-2::conversation_5158599_4336.csv::s1,astro_open_thread,2026-08-28 17:35:21.031
Sitara-2::conversation_5158599_4336.csv::s1,user_neutral_factual,2026-08-28 17:35:39.032
Sitara-2::conversation_5158599_4336.csv::s1,astro_callback_within,2026-08-28 17:35:44.033
Sitara-2::conversation_5158599_4336.csv::s1,user_pushback,2026-08-28 17:36:37.034
Sitara-2::conversation_5158599_4336.csv::s1,astro_callback_within,2026-08-28 17:36:41.035
Sitara-2::conversation_5158599_4336.csv::s1,astro_callback_within,2026-08-28 17:36:43.036
Sitara-2::conversation_5158599_4336.csv::s1,astro_other,2026-08-28 17:37:04.037
Sitara-2::conversation_5158599_4336.csv::s1,astro_open_thread,2026-08-28 17:37:06.038
Sitara-2::conversation_5158599_4336.csv::s1,user_enthusiastic,2026-08-28 17:37:24.039
Sitara-2::conversation_5158599_4336.csv::s1,astro_open_thread,2026-08-28 17:37:29.040
Sitara-2::conversation_5158599_4336.csv::s1,user_enthusiastic,2026-08-28 17:37:41.041
Sitara-2::conversation_5158599_4336.csv::s1,astro_other,2026-08-28 17:37:45.042
Sitara-2::conversation_5158599_4336.csv::s1,user_neutral_factual,2026-08-28 17:38:00.043
Sitara-2::conversation_5158599_4336.csv::s1,astro_callback_within,2026-08-28 17:38:05.044
Sitara-2::conversation_5158599_4336.csv::s1,astro_open_thread,2026-08-28 17:38:07.045
Sitara-2::conversation_5158599_4336.csv::s1,user_neutral_factual,2026-08-28 17:38:15.046
Sitara-2::conversation_5158599_4336.csv::s1,astro_other,2026-08-28 17:38:20.047
Sitara-2::conversation_5158599_4336.csv::s1,astro_open_thread,2026-08-28 17:38:22.048
Sitara-2::conversation_5158599_4336.csv::s1,user_enthusiastic,2026-08-28 17:38:45.049
Sitara-2::conversation_5158599_4336.csv::s1,astro_other,2026-08-28 17:38:50.050
Sitara-2::conversation_5158599_4336.csv::s1,astro_open_thread,2026-08-28 17:38:52.051
Sitara-2::conversation_5158599_4336.csv::s1,user_enthusiastic,2026-08-28 17:39:02.052
Sitara-2::conversation_5158599_4336.csv::s1,astro_open_thread,2026-08-28 17:39:07.053
Sitara-2::conversation_5160856_4336.csv::s1,user_neutral,2026-08-28 19:21:31.000
Sitara-2::conversation_5160856_4336.csv::s1,user_neutral_factual,2026-08-28 19:21:36.001
Sitara-2::conversation_5160856_4336.csv::s1,astro_other,2026-08-28 19:21:36.002
Sitara-2::conversation_5160856_4336.csv::s1,astro_other,2026-08-28 19:21:41.003
Sitara-2::conversation_5160856_4336.csv::s1,user_emotional_disclosure,2026-08-28 19:21:57.004
Sitara-2::conversation_5160856_4336.csv::s1,astro_other,2026-08-28 19:22:02.005
Sitara-2::conversation_5160856_4336.csv::s1,astro_reframe,2026-08-28 19:22:21.006
Sitara-2::conversation_5160856_4336.csv::s1,user_neutral_factual,2026-08-28 19:22:34.007
Sitara-2::conversation_5160856_4336.csv::s1,astro_other,2026-08-28 19:22:39.008
Sitara-2::conversation_5160856_4336.csv::s1,astro_open_thread,2026-08-28 19:22:41.009
Sitara-2::conversation_5160856_4336.csv::s1,user_neutral_factual,2026-08-28 19:22:44.010
Sitara-2::conversation_5160856_4336.csv::s1,astro_callback_within,2026-08-28 19:22:48.011
Sitara-2::conversation_5160856_4336.csv::s1,user_neutral,2026-08-28 19:23:07.012
Sitara-2::conversation_5160856_4336.csv::s1,astro_validation,2026-08-28 19:23:12.013
Sitara-2::conversation_5160856_4336.csv::s1,astro_other,2026-08-28 19:23:14.014
Sitara-2::conversation_5160856_4336.csv::s1,astro_dated_prediction,2026-08-28 19:23:16.015
Sitara-2::conversation_5160856_4336.csv::s1,astro_open_thread,2026-08-28 19:23:18.016
Sitara-2::conversation_5160856_4336.csv::s1,user_emotional_disclosure,2026-08-28 19:23:20.017
Sitara-2::conversation_5160856_4336.csv::s1,astro_callback_within,2026-08-28 19:23:25.018
Sitara-2::conversation_5160856_4336.csv::s1,astro_dated_prediction,2026-08-28 19:23:53.019
Sitara-2::conversation_5160856_4336.csv::s1,astro_open_thread,2026-08-28 19:23:55.020
Sitara-2::conversation_5160856_4336.csv::s1,user_emotional_disclosure,2026-08-28 19:23:56.021
Sitara-2::conversation_5160856_4336.csv::s1,astro_callback_within,2026-08-28 19:24:00.022
Sitara-2::conversation_5160856_4336.csv::s1,astro_other,2026-08-28 19:24:02.023
Sitara-2::conversation_5160856_4336.csv::s1,user_emotional_disclosure,2026-08-28 19:24:06.024
Sitara-2::conversation_5160856_4336.csv::s1,astro_callback_within,2026-08-28 19:24:10.025
Sitara-2::conversation_5160856_4336.csv::s1,astro_callback_within,2026-08-28 19:24:12.026
Sitara-2::conversation_5160856_4336.csv::s1,user_emotional_disclosure,2026-08-28 19:24:15.027
Sitara-2::conversation_5160856_4336.csv::s1,user_emotional_disclosure,2026-08-28 19:24:43.028
Sitara-2::conversation_5160856_4336.csv::s1,astro_callback_within,2026-08-28 19:24:47.029
Sitara-2::conversation_5160856_4336.csv::s1,astro_open_thread,2026-08-28 19:24:50.030
Sitara-2::conversation_5160856_4336.csv::s1,user_emotional_disclosure,2026-08-28 19:24:51.031
Sitara-2::conversation_5160856_4336.csv::s1,astro_callback_within,2026-08-28 19:24:56.032
Sitara-2::conversation_5160856_4336.csv::s1,user_neutral_factual,2026-08-28 19:24:57.033
Sitara-2::conversation_5160856_4336.csv::s1,astro_open_thread,2026-08-28 19:24:58.034
Sitara-2::conversation_5160856_4336.csv::s1,astro_callback_within,2026-08-28 19:25:02.035
Sitara-2::conversation_5160856_4336.csv::s1,astro_open_thread,2026-08-28 19:25:04.036
Sitara-2::conversation_5160856_4336.csv::s1,user_neutral,2026-08-28 19:25:16.037
Sitara-2::conversation_5160856_4336.csv::s1,astro_callback_within,2026-08-28 19:25:21.038
Sitara-2::conversation_5160856_4336.csv::s1,astro_other,2026-08-28 19:25:23.039
Sitara-2::conversation_5160856_4336.csv::s1,user_emotional_disclosure,2026-08-28 19:25:45.040
Sitara-2::conversation_5160856_4336.csv::s1,astro_callback_within,2026-08-28 19:25:49.041
Sitara-2::conversation_5160856_4336.csv::s1,astro_open_thread,2026-08-28 19:25:51.042
Sitara-2::conversation_5160856_4336.csv::s1,user_enthusiastic,2026-08-28 19:25:55.043
Sitara-2::conversation_5160856_4336.csv::s1,astro_callback_within,2026-08-28 19:26:00.044
Sitara-2::conversation_5160856_4336.csv::s1,astro_callback_within,2026-08-28 19:26:02.045
Sitara-2::conversation_5160856_4336.csv::s1,user_emotional_disclosure,2026-08-28 19:26:23.046
Sitara-2::conversation_5160856_4336.csv::s1,astro_callback_within,2026-08-28 19:26:27.047
Sitara-2::conversation_5161092_4336.csv::s1,user_neutral,2026-08-28 20:08:08.000
Sitara-2::conversation_5161092_4336.csv::s1,astro_other,2026-08-28 20:08:13.001
Sitara-2::conversation_5161092_4336.csv::s1,user_neutral_factual,2026-08-28 20:08:17.002
Sitara-2::conversation_5161092_4336.csv::s1,user_neutral_factual,2026-08-28 20:08:21.003
Sitara-2::conversation_5161092_4336.csv::s1,user_neutral,2026-08-28 20:08:24.004
Sitara-2::conversation_5161092_4336.csv::s1,astro_other,2026-08-28 20:08:28.005
Sitara-2::conversation_5161092_4336.csv::s1,astro_other,2026-08-28 20:08:31.006
Sitara-2::conversation_5161092_4336.csv::s1,user_neutral_factual,2026-08-28 20:08:33.007
Sitara-2::conversation_5161092_4336.csv::s1,astro_other,2026-08-28 20:08:37.008
Sitara-2::conversation_5161092_4336.csv::s1,astro_other,2026-08-28 20:08:49.009
Sitara-2::conversation_5161092_4336.csv::s1,user_neutral,2026-08-28 20:08:53.010
Sitara-2::conversation_5161092_4336.csv::s1,astro_callback_within,2026-08-28 20:08:58.011
Sitara-2::conversation_5161092_4336.csv::s1,user_pushback,2026-08-28 20:09:01.012
Sitara-2::conversation_5161092_4336.csv::s1,astro_callback_within,2026-08-28 20:09:06.013
Sitara-2::conversation_5161092_4336.csv::s1,user_neutral_factual,2026-08-28 20:09:15.014
Sitara-2::conversation_5161092_4336.csv::s1,astro_other,2026-08-28 20:09:20.015
Sitara-2::conversation_5161092_4336.csv::s1,user_neutral_factual,2026-08-28 20:09:23.016
Sitara-2::conversation_5161092_4336.csv::s1,astro_callback_within,2026-08-28 20:09:28.017
Sitara-2::conversation_5161092_4336.csv::s1,user_neutral,2026-08-28 20:09:34.018
Sitara-2::conversation_5161092_4336.csv::s1,astro_other,2026-08-28 20:09:38.019
Sitara-2::conversation_5161092_4336.csv::s1,user_neutral,2026-08-28 20:09:39.020
Sitara-2::conversation_5161092_4336.csv::s1,astro_callback_within,2026-08-28 20:09:44.021
Sitara-2::conversation_5161092_4336.csv::s1,user_neutral,2026-08-28 20:09:48.022
Sitara-2::conversation_5161092_4336.csv::s1,astro_callback_within,2026-08-28 20:09:53.023
Sitara-2::conversation_5161092_4336.csv::s1,user_disengaging,2026-08-28 20:09:59.024
Sitara-2::conversation_5161092_4336.csv::s1,astro_callback_within,2026-08-28 20:10:05.025
Sitara-2::conversation_5161092_4336.csv::s1,user_disengaging,2026-08-28 20:10:13.026
Sitara-2::conversation_5161092_4336.csv::s1,astro_callback_within,2026-08-28 20:10:17.027
Sitara-2::conversation_5161092_4336.csv::s1,user_neutral,2026-08-28 20:10:34.028
Sitara-2::conversation_5161092_4336.csv::s1,astro_callback_within,2026-08-28 20:10:39.029
Sitara-2::conversation_5161092_4336.csv::s1,astro_other,2026-08-28 20:10:41.030
Sitara-2::conversation_5161092_4336.csv::s1,user_neutral_factual,2026-08-28 20:10:53.031
Sitara-2::conversation_5161092_4336.csv::s1,astro_callback_within,2026-08-28 20:10:57.032
Sitara-2::conversation_5161092_4336.csv::s1,user_disengaging,2026-08-28 20:10:59.033
Sitara-2::conversation_5161092_4336.csv::s1,astro_callback_within,2026-08-28 20:11:03.034
Sitara-2::conversation_5161092_4336.csv::s1,user_neutral_factual,2026-08-28 20:11:10.035
Sitara-2::conversation_5161092_4336.csv::s1,astro_callback_within,2026-08-28 20:11:15.036
Sitara-2::conversation_5161092_4336.csv::s1,astro_other,2026-08-28 20:11:17.037
Sitara-2::conversation_5161092_4336.csv::s1,user_neutral_factual,2026-08-28 20:11:18.038
Sitara-2::conversation_5161092_4336.csv::s1,user_neutral,2026-08-28 20:11:21.039
Sitara-2::conversation_5161092_4336.csv::s1,astro_callback_within,2026-08-28 20:11:23.040
Sitara-2::conversation_5161092_4336.csv::s1,astro_other,2026-08-28 20:11:25.041
Sitara-2::conversation_5161092_4336.csv::s1,user_neutral_factual,2026-08-28 20:11:25.042
Sitara-2::conversation_5161092_4336.csv::s1,astro_dated_prediction,2026-08-28 20:11:30.043
Sitara-2::conversation_5161092_4336.csv::s1,user_neutral_factual,2026-08-28 20:11:35.044
Sitara-2::conversation_5161092_4336.csv::s1,user_neutral,2026-08-28 20:11:38.045
Sitara-2::conversation_5161092_4336.csv::s1,astro_callback_within,2026-08-28 20:11:40.046
Sitara-2::conversation_5161092_4336.csv::s1,astro_other,2026-08-28 20:11:42.047
Sitara-2::conversation_5161092_4336.csv::s1,astro_dated_prediction,2026-08-28 20:11:46.048
Sitara-2::conversation_5161092_4336.csv::s1,user_neutral_factual,2026-08-28 20:11:47.049
Sitara-2::conversation_5161092_4336.csv::s1,astro_callback_within,2026-08-28 20:11:52.050
Sitara-2::conversation_5161092_4336.csv::s1,user_neutral_factual,2026-08-28 20:11:56.051
Sitara-2::conversation_5161092_4336.csv::s1,astro_callback_within,2026-08-28 20:12:01.052
Sitara-2::conversation_5161092_4336.csv::s1,user_neutral_factual,2026-08-28 20:12:04.053
Sitara-2::conversation_5161092_4336.csv::s1,astro_callback_within,2026-08-28 20:12:08.054
Sitara-2::conversation_5161092_4336.csv::s1,user_neutral,2026-08-28 20:12:22.055
Sitara-2::conversation_5161092_4336.csv::s1,astro_callback_within,2026-08-28 20:12:27.056
Sitara-2::conversation_5161092_4336.csv::s1,user_neutral_factual,2026-08-28 20:12:28.057
Sitara-2::conversation_5161092_4336.csv::s1,astro_open_thread,2026-08-28 20:12:29.058
Sitara-2::conversation_5161092_4336.csv::s1,astro_callback_within,2026-08-28 20:12:33.059
Sitara-2::conversation_5161092_4336.csv::s1,astro_other,2026-08-28 20:12:35.060
Sitara-2::conversation_5161092_4336.csv::s1,user_neutral,2026-08-28 20:12:35.061
Sitara-2::conversation_5161092_4336.csv::s1,astro_open_thread,2026-08-28 20:12:37.062
Sitara-2::conversation_5161092_4336.csv::s1,user_neutral,2026-08-28 20:12:40.063
Sitara-2::conversation_5161092_4336.csv::s1,astro_callback_within,2026-08-28 20:12:42.064
Sitara-2::conversation_5161092_4336.csv::s1,astro_other,2026-08-28 20:12:45.065
Sitara-2::conversation_5161092_4336.csv::s1,user_neutral,2026-08-28 20:12:50.066
Sitara-2::conversation_5161092_4336.csv::s1,astro_callback_within,2026-08-28 20:12:50.067
Sitara-2::conversation_5161092_4336.csv::s1,user_neutral_factual,2026-08-28 20:13:00.068
Sitara-2::conversation_5161092_4336.csv::s1,astro_dated_prediction,2026-08-28 20:13:06.069
Sitara-2::conversation_5161092_4336.csv::s1,astro_dated_prediction,2026-08-28 20:13:08.070
Sitara-2::conversation_5161202_4336.csv::s1,user_neutral,2026-08-28 20:07:43.000
Sitara-2::conversation_5161202_4336.csv::s1,astro_other,2026-08-28 20:07:47.001
Sitara-2::conversation_5161202_4336.csv::s1,user_emotional_disclosure,2026-08-28 20:08:03.002
Sitara-2::conversation_5161202_4336.csv::s1,astro_other,2026-08-28 20:08:08.003
Sitara-2::conversation_5161202_4336.csv::s1,astro_other,2026-08-28 20:08:10.004
Sitara-2::conversation_5161202_4336.csv::s1,astro_other,2026-08-28 20:08:12.005
Sitara-2::conversation_5161202_4336.csv::s1,user_neutral,2026-08-28 20:08:25.006
Sitara-2::conversation_5161202_4336.csv::s1,astro_other,2026-08-28 20:08:32.007
Sitara-2::conversation_5161202_4336.csv::s1,astro_other,2026-08-28 20:08:34.008
Sitara-2::conversation_5161202_4336.csv::s1,astro_other,2026-08-28 20:08:51.009
Sitara-2::conversation_5161202_4336.csv::s1,astro_dated_prediction,2026-08-28 20:08:53.010
Sitara-2::conversation_5161202_4336.csv::s1,user_neutral,2026-08-28 20:09:00.011
Sitara-2::conversation_5161202_4336.csv::s1,astro_other,2026-08-28 20:09:04.012
Sitara-2::conversation_5161202_4336.csv::s1,astro_other,2026-08-28 20:09:07.013
Sitara-2::conversation_5161202_4336.csv::s1,user_emotional_disclosure,2026-08-28 20:09:24.014
Sitara-2::conversation_5161202_4336.csv::s1,astro_validation,2026-08-28 20:09:29.015
Sitara-2::conversation_5161202_4336.csv::s1,astro_callback_within,2026-08-28 20:09:31.016
Sitara-2::conversation_5161202_4336.csv::s1,user_pushback,2026-08-28 20:09:51.017
Sitara-2::conversation_5161202_4336.csv::s1,astro_callback_within,2026-08-28 20:09:56.018
Sitara-2::conversation_5161202_4336.csv::s1,astro_other,2026-08-28 20:09:58.019
Sitara-2::conversation_5161202_4336.csv::s1,user_neutral,2026-08-28 20:10:16.020
Sitara-2::conversation_5161202_4336.csv::s1,astro_callback_within,2026-08-28 20:10:20.021
Sitara-2::conversation_5161202_4336.csv::s1,user_emotional_disclosure,2026-08-28 20:10:47.022
Sitara-2::conversation_5161202_4336.csv::s1,astro_callback_within,2026-08-28 20:10:52.023
Sitara-2::conversation_5161202_4336.csv::s1,astro_other,2026-08-28 20:10:54.024
Sitara-2::conversation_5161202_4336.csv::s1,user_pushback,2026-08-28 20:11:06.025
Sitara-2::conversation_5161202_4336.csv::s1,astro_callback_within,2026-08-28 20:11:11.026
Sitara-2::conversation_5161202_4336.csv::s1,user_pushback,2026-08-28 20:11:20.027
Sitara-2::conversation_5161202_4336.csv::s1,user_neutral,2026-08-28 20:11:39.028
Sitara-2::conversation_5161202_4336.csv::s1,astro_callback_within,2026-08-28 20:11:44.029
Sitara-2::conversation_5161202_4336.csv::s1,astro_other,2026-08-28 20:11:58.030
Sitara-2::conversation_5161202_4336.csv::s1,user_neutral,2026-08-28 20:12:03.031
Sitara-2::conversation_5161202_4336.csv::s1,astro_other,2026-08-28 20:12:07.032
Sitara-2::conversation_5161202_4336.csv::s1,user_neutral,2026-08-28 20:12:20.033
Sitara-2::conversation_5161202_4336.csv::s1,astro_callback_within,2026-08-28 20:12:24.034
Sitara-2::conversation_5161202_4336.csv::s1,astro_open_thread,2026-08-28 20:12:26.035
Sitara-2::conversation_5161202_4336.csv::s1,user_enthusiastic,2026-08-28 20:12:31.036
Sitara-2::conversation_5161202_4336.csv::s1,astro_other,2026-08-28 20:12:36.037
Sitara-2::conversation_5162157_4336.csv::s1,user_neutral,2026-08-29 00:55:34.000
Sitara-2::conversation_5162157_4336.csv::s1,astro_other,2026-08-29 00:55:38.001
Sitara-2::conversation_5162157_4336.csv::s1,user_neutral_factual,2026-08-29 00:55:51.002
Sitara-2::conversation_5162157_4336.csv::s1,astro_callback_within,2026-08-29 00:55:55.003
Sitara-2::conversation_5162157_4336.csv::s1,user_disengaging,2026-08-29 00:55:55.004
Sitara-2::conversation_5162157_4336.csv::s1,astro_callback_within,2026-08-29 00:56:00.005
Sitara-2::conversation_5162157_4336.csv::s1,astro_other,2026-08-29 00:56:07.006
Sitara-2::conversation_5162157_4336.csv::s1,user_pushback,2026-08-29 00:56:17.007
Sitara-2::conversation_5162157_4336.csv::s1,astro_other,2026-08-29 00:56:21.008
Sitara-2::conversation_5162157_4336.csv::s1,astro_other,2026-08-29 00:56:23.009
Sitara-2::conversation_5162157_4336.csv::s1,astro_dated_prediction,2026-08-29 00:57:06.010
Sitara-2::conversation_5162157_4336.csv::s1,astro_other,2026-08-29 00:57:08.011
Sitara-2::conversation_5162157_4336.csv::s1,user_pushback,2026-08-29 00:57:19.012
Sitara-2::conversation_5162157_4336.csv::s1,astro_callback_within,2026-08-29 00:57:24.013
Sitara-2::conversation_5162157_4336.csv::s1,astro_other,2026-08-29 00:57:26.014
Sitara-2::conversation_5162157_4336.csv::s1,user_emotional_disclosure,2026-08-29 00:58:37.015
Sitara-2::conversation_5162157_4336.csv::s1,astro_callback_within,2026-08-29 00:58:42.016
Sitara-2::conversation_5162157_4336.csv::s1,user_enthusiastic,2026-08-29 00:59:24.017
Sitara-2::conversation_5162157_4336.csv::s1,user_enthusiastic,2026-08-29 00:59:28.018
Sitara-2::conversation_5162157_4336.csv::s1,astro_callback_within,2026-08-29 00:59:31.019
Sitara-2::conversation_5162157_4336.csv::s1,astro_callback_within,2026-08-29 00:59:33.020
Sitara-2::conversation_5162157_4336.csv::s1,user_neutral,2026-08-29 00:59:41.021
Sitara-2::conversation_5162157_4336.csv::s1,astro_callback_within,2026-08-29 00:59:45.022
Sitara-2::conversation_5162157_4336.csv::s1,user_neutral,2026-08-29 01:00:03.023
Sitara-2::conversation_5162157_4336.csv::s1,astro_callback_within,2026-08-29 01:00:07.024
Sitara-2::conversation_5162157_4336.csv::s1,astro_other,2026-08-29 01:00:09.025
Sitara-2::conversation_5166849_4336.csv::s1,user_neutral,2026-08-29 04:30:07.000
Sitara-2::conversation_5166849_4336.csv::s1,astro_other,2026-08-29 04:30:11.001
Sitara-2::conversation_5166849_4336.csv::s1,user_neutral,2026-08-29 04:30:24.002
Sitara-2::conversation_5166849_4336.csv::s1,user_neutral,2026-08-29 04:30:28.003
Sitara-2::conversation_5166849_4336.csv::s1,astro_other,2026-08-29 04:30:29.004
Sitara-2::conversation_5166849_4336.csv::s1,astro_other,2026-08-29 04:30:33.005
Sitara-2::conversation_5166849_4336.csv::s1,astro_other,2026-08-29 04:30:35.006
Sitara-2::conversation_5166849_4336.csv::s1,astro_other,2026-08-29 04:30:44.007
Sitara-2::conversation_5166849_4336.csv::s1,astro_other,2026-08-29 04:30:46.008
Sitara-2::conversation_5166849_4336.csv::s1,astro_other,2026-08-29 04:30:46.009
Sitara-2::conversation_5166849_4336.csv::s1,user_neutral,2026-08-29 04:30:57.010
Sitara-2::conversation_5166849_4336.csv::s1,astro_dated_prediction,2026-08-29 04:31:02.011
Sitara-2::conversation_5166849_4336.csv::s1,user_neutral,2026-08-29 04:31:18.012
Sitara-2::conversation_5166849_4336.csv::s1,astro_other,2026-08-29 04:31:23.013
Sitara-2::conversation_5166849_4336.csv::s1,astro_callback_within,2026-08-29 04:31:25.014
Sitara-2::conversation_5166849_4336.csv::s1,astro_open_thread,2026-08-29 04:31:27.015
Sitara-2::conversation_5166849_4336.csv::s1,user_enthusiastic,2026-08-29 04:31:34.016
Sitara-2::conversation_5166849_4336.csv::s1,astro_callback_within,2026-08-29 04:31:38.017
Sitara-2::conversation_5166849_4336.csv::s1,user_neutral_factual,2026-08-29 04:31:45.018
Sitara-2::conversation_5166849_4336.csv::s1,astro_open_thread,2026-08-29 04:31:50.019
Sitara-2::conversation_5166849_4336.csv::s1,user_pushback,2026-08-29 04:31:58.020
Sitara-2::conversation_5166849_4336.csv::s1,astro_callback_within,2026-08-29 04:32:03.021
Sitara-2::conversation_5166849_4336.csv::s1,astro_other,2026-08-29 04:32:05.022
Sitara-2::conversation_5166849_4336.csv::s1,astro_open_thread,2026-08-29 04:32:07.023
Sitara-2::conversation_5166849_4336.csv::s1,user_neutral,2026-08-29 04:32:33.024
Sitara-2::conversation_5166849_4336.csv::s1,astro_callback_within,2026-08-29 04:32:38.025
Sitara-2::conversation_5166849_4336.csv::s1,user_enthusiastic,2026-08-29 04:32:46.026
Sitara-2::conversation_5166849_4336.csv::s1,astro_callback_within,2026-08-29 04:32:50.027
Sitara-2::conversation_5166849_4336.csv::s1,user_neutral_factual,2026-08-29 04:32:58.028
Sitara-2::conversation_5166849_4336.csv::s1,astro_open_thread,2026-08-29 04:33:03.029
Sitara-2::conversation_5166849_4336.csv::s1,user_disengaging,2026-08-29 04:33:19.030
Sitara-2::conversation_5166849_4336.csv::s1,astro_callback_within,2026-08-29 04:33:24.031
Sitara-2::conversation_5166849_4336.csv::s1,user_neutral_factual,2026-08-29 04:33:41.032
Sitara-2::conversation_5166849_4336.csv::s1,astro_callback_within,2026-08-29 04:33:46.033
Sitara-2::conversation_5166849_4336.csv::s1,astro_open_thread,2026-08-29 04:33:53.034
Sitara-2::conversation_5166849_4336.csv::s1,user_pushback,2026-08-29 04:34:05.035
Sitara-2::conversation_5166849_4336.csv::s1,astro_callback_within,2026-08-29 04:34:10.036
Sitara-2::conversation_5166849_4336.csv::s1,user_neutral,2026-08-29 04:34:21.037
Sitara-2::conversation_5166849_4336.csv::s1,astro_callback_within,2026-08-29 04:34:26.038
Sitara-2::conversation_5166849_4336.csv::s1,user_neutral_factual,2026-08-29 04:34:33.039
Sitara-2::conversation_5166849_4336.csv::s1,astro_other,2026-08-29 04:34:38.040
Sitara-2::conversation_5166849_4336.csv::s1,user_neutral,2026-08-29 04:34:45.041
Sitara-2::conversation_5166849_4336.csv::s1,astro_callback_within,2026-08-29 04:34:50.042
Sitara-2::conversation_5166849_4336.csv::s1,astro_open_thread,2026-08-29 04:34:59.043
Sitara-2::conversation_5166849_4336.csv::s1,user_enthusiastic,2026-08-29 04:35:04.044
Sitara-2::conversation_5166849_4336.csv::s1,astro_callback_within,2026-08-29 04:35:09.045
Sitara-2::conversation_5167954_4336.csv::s1,user_neutral,2026-08-29 04:59:48.000
Sitara-2::conversation_5167954_4336.csv::s1,astro_other,2026-08-29 04:59:52.001
Sitara-2::conversation_5167954_4336.csv::s1,user_disengaging,2026-08-29 05:00:17.002
Sitara-2::conversation_5167954_4336.csv::s1,astro_callback_within,2026-08-29 05:00:21.003
Sitara-2::conversation_5167954_4336.csv::s1,user_neutral_factual,2026-08-29 05:00:37.004
Sitara-2::conversation_5167954_4336.csv::s1,astro_callback_within,2026-08-29 05:00:41.005
Sitara-2::conversation_5167954_4336.csv::s1,user_neutral_factual,2026-08-29 05:00:47.006
Sitara-2::conversation_5167954_4336.csv::s1,astro_other,2026-08-29 05:00:52.007
Sitara-2::conversation_5167954_4336.csv::s1,astro_other,2026-08-29 05:00:52.008
Sitara-2::conversation_5167954_4336.csv::s1,astro_other,2026-08-29 05:00:54.009
Sitara-2::conversation_5167954_4336.csv::s1,user_disengaging,2026-08-29 05:01:30.010
Sitara-2::conversation_5167954_4336.csv::s1,astro_callback_within,2026-08-29 05:01:34.011
Sitara-2::conversation_5167954_4336.csv::s1,astro_other,2026-08-29 05:01:36.012
Sitara-2::conversation_5167954_4336.csv::s1,user_neutral_factual,2026-08-29 05:01:50.013
Sitara-2::conversation_5167954_4336.csv::s1,astro_other,2026-08-29 05:01:55.014
Sitara-2::conversation_5167954_4336.csv::s1,user_pushback,2026-08-29 05:02:07.015
Sitara-2::conversation_5167954_4336.csv::s1,astro_callback_within,2026-08-29 05:02:12.016
Sitara-2::conversation_5167954_4336.csv::s1,user_pushback,2026-08-29 05:02:47.017
Sitara-2::conversation_5167954_4336.csv::s1,astro_callback_within,2026-08-29 05:02:52.018
Sitara-2::conversation_5167954_4336.csv::s1,user_disengaging,2026-08-29 05:02:59.019
Sitara-2::conversation_5167954_4336.csv::s1,astro_callback_within,2026-08-29 05:03:04.020
Sitara-2::conversation_5167954_4336.csv::s1,user_pushback,2026-08-29 05:03:18.021
Sitara-2::conversation_5167954_4336.csv::s1,astro_open_thread,2026-08-29 05:03:24.022
Sitara-2::conversation_5167954_4336.csv::s1,user_pushback,2026-08-29 05:03:34.023
Sitara-2::conversation_5167954_4336.csv::s1,astro_callback_within,2026-08-29 05:03:38.024
Sitara-2::conversation_5167954_4336.csv::s1,astro_other,2026-08-29 05:03:40.025
Sitara-2::conversation_5167954_4336.csv::s1,user_disengaging,2026-08-29 05:03:52.026
Sitara-2::conversation_5167954_4336.csv::s1,user_pushback,2026-08-29 05:04:09.027
Sitara-2::conversation_5167954_4336.csv::s1,astro_callback_within,2026-08-29 05:04:13.028
Sitara-2::conversation_5167954_4336.csv::s1,user_pushback,2026-08-29 05:04:23.029
Sitara-2::conversation_5167954_4336.csv::s1,astro_callback_within,2026-08-29 05:04:27.030
Sitara-2::conversation_5167954_4336.csv::s1,astro_dated_prediction,2026-08-29 05:04:29.031
Sitara-2::conversation_5167954_4336.csv::s1,astro_other,2026-08-29 05:04:31.032
Sitara-2::conversation_5167954_4336.csv::s1,user_pushback,2026-08-29 05:04:45.033
Sitara-2::conversation_5167954_4336.csv::s1,astro_callback_within,2026-08-29 05:04:51.034
Sitara-2::conversation_5167954_4336.csv::s1,astro_callback_within,2026-08-29 05:04:53.035
Sitara-2::conversation_5167954_4336.csv::s1,astro_other,2026-08-29 05:04:55.036
Sitara-2::conversation_5168464_4336.csv::s1,user_neutral,2026-08-29 05:16:33.000
Sitara-2::conversation_5168464_4336.csv::s1,astro_other,2026-08-29 05:16:38.001
Sitara-2::conversation_5168464_4336.csv::s1,user_neutral_factual,2026-08-29 05:16:43.002
Sitara-2::conversation_5168464_4336.csv::s1,user_neutral_factual,2026-08-29 05:16:47.003
Sitara-2::conversation_5168464_4336.csv::s1,astro_other,2026-08-29 05:16:52.004
Sitara-2::conversation_5168464_4336.csv::s1,user_neutral_factual,2026-08-29 05:16:57.005
Sitara-2::conversation_5168464_4336.csv::s1,astro_callback_within,2026-08-29 05:17:02.006
Sitara-2::conversation_5168464_4336.csv::s1,astro_other,2026-08-29 05:17:02.007
Sitara-2::conversation_5168464_4336.csv::s1,user_neutral_factual,2026-08-29 05:17:17.008
Sitara-2::conversation_5168464_4336.csv::s1,user_neutral_factual,2026-08-29 05:17:19.009
Sitara-2::conversation_5168464_4336.csv::s1,astro_callback_within,2026-08-29 05:17:22.010
Sitara-2::conversation_5168464_4336.csv::s1,astro_callback_within,2026-08-29 05:17:26.011
Sitara-2::conversation_5168464_4336.csv::s1,user_neutral_factual,2026-08-29 05:17:35.012
Sitara-2::conversation_5168464_4336.csv::s1,astro_callback_within,2026-08-29 05:17:36.013
Sitara-2::conversation_5168464_4336.csv::s1,astro_callback_within,2026-08-29 05:17:38.014
Sitara-2::conversation_5168464_4336.csv::s1,astro_callback_within,2026-08-29 05:17:43.015
Sitara-2::conversation_5168464_4336.csv::s1,astro_dated_prediction,2026-08-29 05:17:57.016
Sitara-2::conversation_5168464_4336.csv::s1,user_neutral_factual,2026-08-29 05:18:12.017
Sitara-2::conversation_5168464_4336.csv::s1,astro_dated_prediction,2026-08-29 05:18:16.018
Sitara-2::conversation_5168464_4336.csv::s1,user_neutral_factual,2026-08-29 05:18:27.019
Sitara-2::conversation_5168464_4336.csv::s1,user_neutral_factual,2026-08-29 05:18:30.020
Sitara-2::conversation_5168464_4336.csv::s1,astro_other,2026-08-29 05:18:32.021
Sitara-2::conversation_5168464_4336.csv::s1,user_neutral_factual,2026-08-29 05:18:34.022
Sitara-2::conversation_5168464_4336.csv::s1,astro_callback_within,2026-08-29 05:18:36.023
Sitara-2::conversation_5168464_4336.csv::s1,astro_other,2026-08-29 05:18:41.024
Sitara-2::conversation_5168464_4336.csv::s1,user_neutral_factual,2026-08-29 05:18:52.025
Sitara-2::conversation_5168464_4336.csv::s1,user_emotional_disclosure,2026-08-29 05:19:01.026
Sitara-2::conversation_5168464_4336.csv::s1,astro_callback_within,2026-08-29 05:19:06.027
Sitara-2::conversation_5168464_4336.csv::s1,user_neutral_factual,2026-08-29 05:19:15.028
Sitara-2::conversation_5168464_4336.csv::s1,user_neutral_factual,2026-08-29 05:19:23.029
Sitara-2::conversation_5168464_4336.csv::s1,astro_callback_within,2026-08-29 05:19:28.030
Sitara-2::conversation_5168464_4336.csv::s1,user_neutral_factual,2026-08-29 05:19:34.031
Sitara-2::conversation_5168464_4336.csv::s1,astro_callback_within,2026-08-29 05:19:38.032
Sitara-2::conversation_5168464_4336.csv::s1,astro_other,2026-08-29 05:19:49.033
Sitara-2::conversation_5168464_4336.csv::s1,user_neutral_factual,2026-08-29 05:19:56.034
Sitara-2::conversation_5168464_4336.csv::s1,astro_callback_within,2026-08-29 05:20:01.035
Sitara-2::conversation_5168464_4336.csv::s1,user_emotional_disclosure,2026-08-29 05:20:17.036
Sitara-2::conversation_5168464_4336.csv::s1,astro_callback_within,2026-08-29 05:20:22.037
Sitara-2::conversation_5168464_4336.csv::s1,user_emotional_disclosure,2026-08-29 05:20:25.038
Sitara-2::conversation_5168464_4336.csv::s1,astro_callback_within,2026-08-29 05:20:29.039
Sitara-2::conversation_5168464_4336.csv::s1,user_neutral_factual,2026-08-29 05:20:42.040
Sitara-2::conversation_5168464_4336.csv::s1,astro_dated_prediction,2026-08-29 05:20:46.041
Sitara-2::conversation_5168464_4336.csv::s1,user_neutral_factual,2026-08-29 05:20:47.042
Sitara-2::conversation_5168464_4336.csv::s1,astro_callback_within,2026-08-29 05:20:51.043
Sitara-2::conversation_5168464_4336.csv::s1,user_neutral_factual,2026-08-29 05:20:59.044
Sitara-2::conversation_5168464_4336.csv::s1,astro_callback_within,2026-08-29 05:21:04.045
Sitara-2::conversation_5168464_4336.csv::s1,astro_callback_within,2026-08-29 05:21:09.046
Sitara-2::conversation_5168464_4336.csv::s1,user_neutral_factual,2026-08-29 05:21:18.047
Sitara-2::conversation_5168464_4336.csv::s1,user_enthusiastic,2026-08-29 05:21:20.048
Sitara-2::conversation_5168464_4336.csv::s1,astro_callback_within,2026-08-29 05:21:22.049
Sitara-2::conversation_5168464_4336.csv::s1,astro_callback_within,2026-08-29 05:21:26.050
Sitara-2::conversation_5169327_4336.csv::s1,user_neutral,2026-08-29 05:35:37.000
Sitara-2::conversation_5169327_4336.csv::s1,astro_other,2026-08-29 05:35:42.001
Sitara-2::conversation_5169327_4336.csv::s1,user_neutral_factual,2026-08-29 05:35:50.002
Sitara-2::conversation_5169327_4336.csv::s1,astro_callback_within,2026-08-29 05:35:55.003
Sitara-2::conversation_5169327_4336.csv::s1,astro_other,2026-08-29 05:36:05.004
Sitara-2::conversation_5169327_4336.csv::s1,user_neutral_factual,2026-08-29 05:36:13.005
Sitara-2::conversation_5169327_4336.csv::s1,astro_dated_prediction,2026-08-29 05:36:17.006
Sitara-2::conversation_5169327_4336.csv::s1,astro_callback_within,2026-08-29 05:36:19.007
Sitara-2::conversation_5169327_4336.csv::s1,user_pushback,2026-08-29 05:36:39.008
Sitara-2::conversation_5169327_4336.csv::s1,astro_callback_within,2026-08-29 05:36:44.009
Sitara-2::conversation_5169327_4336.csv::s1,user_neutral_factual,2026-08-29 05:36:58.010
Sitara-2::conversation_5169327_4336.csv::s1,astro_callback_within,2026-08-29 05:37:03.011
Sitara-2::conversation_5169327_4336.csv::s1,astro_callback_within,2026-08-29 05:37:05.012
Sitara-2::conversation_5169327_4336.csv::s1,user_neutral_factual,2026-08-29 05:37:17.013
Sitara-2::conversation_5169327_4336.csv::s1,astro_callback_within,2026-08-29 05:37:21.014
Sitara-2::conversation_5169327_4336.csv::s1,user_emotional_disclosure,2026-08-29 05:37:43.015
Sitara-2::conversation_5169327_4336.csv::s1,astro_callback_within,2026-08-29 05:37:48.016
Sitara-2::conversation_5169327_4336.csv::s1,astro_callback_within,2026-08-29 05:37:50.017
Sitara-2::conversation_5169327_4336.csv::s1,user_emotional_disclosure,2026-08-29 05:38:13.018
Sitara-2::conversation_5169327_4336.csv::s1,astro_callback_within,2026-08-29 05:38:17.019
Sitara-2::conversation_5169327_4336.csv::s1,astro_callback_within,2026-08-29 05:38:19.020
Sitara-2::conversation_5169327_4336.csv::s1,user_emotional_disclosure,2026-08-29 05:38:44.021
Sitara-2::conversation_5169327_4336.csv::s1,astro_callback_within,2026-08-29 05:38:48.022
Sitara-2::conversation_5169327_4336.csv::s1,astro_callback_within,2026-08-29 05:38:50.023
Sitara-2::conversation_5169327_4336.csv::s1,user_neutral_factual,2026-08-29 05:39:24.024
Sitara-2::conversation_5169327_4336.csv::s1,astro_callback_within,2026-08-29 05:39:29.025
Sitara-2::conversation_5169327_4336.csv::s1,user_pushback,2026-08-29 05:39:38.026
Sitara-2::conversation_5169327_4336.csv::s1,astro_callback_within,2026-08-29 05:39:43.027
Sitara-2::conversation_5169327_4336.csv::s1,astro_callback_within,2026-08-29 05:39:45.028
Sitara-2::conversation_5169327_4336.csv::s1,user_emotional_disclosure,2026-08-29 05:40:10.029
Sitara-2::conversation_5169327_4336.csv::s1,astro_callback_within,2026-08-29 05:40:14.030
Sitara-2::conversation_5169327_4336.csv::s1,astro_callback_within,2026-08-29 05:40:16.031
Sitara-2::conversation_5169327_4336.csv::s1,user_neutral_factual,2026-08-29 05:40:20.032
Sitara-2::conversation_5169327_4336.csv::s1,astro_callback_within,2026-08-29 05:40:24.033
Sitara-2::conversation_5178039_4336.csv::s1,user_neutral,2026-08-29 09:26:29.000
Sitara-2::conversation_5178039_4336.csv::s1,astro_other,2026-08-29 09:26:34.001
Sitara-2::conversation_5178039_4336.csv::s1,user_neutral_factual,2026-08-29 09:26:35.002
Sitara-2::conversation_5178039_4336.csv::s1,astro_other,2026-08-29 09:26:36.003
Sitara-2::conversation_5178039_4336.csv::s1,astro_other,2026-08-29 09:26:38.004
Sitara-2::conversation_5178039_4336.csv::s1,astro_callback_within,2026-08-29 09:26:42.005
Sitara-2::conversation_5178039_4336.csv::s1,user_neutral_factual,2026-08-29 09:26:55.006
Sitara-2::conversation_5178039_4336.csv::s1,astro_callback_within,2026-08-29 09:27:00.007
Sitara-2::conversation_5178039_4336.csv::s1,user_neutral_factual,2026-08-29 09:27:01.008
Sitara-2::conversation_5178039_4336.csv::s1,astro_callback_within,2026-08-29 09:27:02.009
Sitara-2::conversation_5178039_4336.csv::s1,astro_callback_within,2026-08-29 09:27:06.010
Sitara-2::conversation_5178039_4336.csv::s1,astro_other,2026-08-29 09:27:10.011
Sitara-2::conversation_5178039_4336.csv::s1,user_neutral_factual,2026-08-29 09:27:32.012
Sitara-2::conversation_5178039_4336.csv::s1,astro_callback_within,2026-08-29 09:27:37.013
Sitara-2::conversation_5178039_4336.csv::s1,astro_callback_within,2026-08-29 09:27:39.014
Sitara-2::conversation_5178039_4336.csv::s1,astro_other,2026-08-29 09:27:57.015
Sitara-2::conversation_5178039_4336.csv::s1,astro_callback_within,2026-08-29 09:27:59.016
Sitara-2::conversation_5178039_4336.csv::s1,user_neutral_factual,2026-08-29 09:28:14.017
Sitara-2::conversation_5178039_4336.csv::s1,user_neutral_factual,2026-08-29 09:28:16.018
Sitara-2::conversation_5178039_4336.csv::s1,astro_other,2026-08-29 09:28:20.019
Sitara-2::conversation_5178039_4336.csv::s1,astro_dated_prediction,2026-08-29 09:28:23.020
Sitara-2::conversation_5178039_4336.csv::s1,astro_dated_prediction,2026-08-29 09:28:25.021
Sitara-2::conversation_5178039_4336.csv::s1,user_pushback,2026-08-29 09:28:48.022
Sitara-2::conversation_5178039_4336.csv::s1,astro_callback_within,2026-08-29 09:28:52.023
Sitara-2::conversation_5178039_4336.csv::s1,user_neutral_factual,2026-08-29 09:29:02.024
Sitara-2::conversation_5178039_4336.csv::s1,astro_callback_within,2026-08-29 09:29:07.025
Sitara-2::conversation_5178039_4336.csv::s1,user_neutral_factual,2026-08-29 09:29:17.026
Sitara-2::conversation_5178039_4336.csv::s1,astro_callback_within,2026-08-29 09:29:22.027
Sitara-2::conversation_5178039_4336.csv::s1,user_enthusiastic,2026-08-29 09:29:52.028
Sitara-2::conversation_5178039_4336.csv::s1,astro_callback_within,2026-08-29 09:29:57.029
Sitara-2::conversation_5178039_4336.csv::s1,astro_other,2026-08-29 09:29:59.030
Sitara-2::conversation_5178039_4336.csv::s1,astro_callback_within,2026-08-29 09:30:01.031
Sitara-2::conversation_5178039_4336.csv::s1,user_neutral_factual,2026-08-29 09:30:18.032
Sitara-2::conversation_5178039_4336.csv::s1,astro_callback_within,2026-08-29 09:30:23.033
Sitara-2::conversation_5178039_4336.csv::s1,astro_dated_prediction,2026-08-29 09:30:25.034
Sitara-2::conversation_5178039_4336.csv::s1,user_neutral_factual,2026-08-29 09:30:28.035
Sitara-2::conversation_5178039_4336.csv::s1,astro_callback_within,2026-08-29 09:30:33.036
Sitara-2::conversation_5178039_4336.csv::s1,astro_callback_within,2026-08-29 09:30:35.037
Sitara-2::conversation_5178039_4336.csv::s1,user_neutral_factual,2026-08-29 09:31:07.038
Sitara-2::conversation_5178039_4336.csv::s1,astro_callback_within,2026-08-29 09:31:11.039
Sitara-2::conversation_5178039_4336.csv::s1,astro_callback_within,2026-08-29 09:31:13.040
Sitara-2::conversation_5178039_4336.csv::s1,user_neutral_factual,2026-08-29 09:31:28.041
Sitara-2::conversation_5178039_4336.csv::s1,astro_other,2026-08-29 09:31:35.042
Sitara-2::conversation_5178039_4336.csv::s1,astro_callback_within,2026-08-29 09:31:37.043
Sitara-2::conversation_5179243_4336.csv::s1,user_neutral,2026-08-29 10:07:03.000
Sitara-2::conversation_5179243_4336.csv::s1,astro_other,2026-08-29 10:07:07.001
Sitara-2::conversation_5179243_4336.csv::s1,astro_other,2026-08-29 10:07:27.002
Sitara-2::conversation_5179243_4336.csv::s1,astro_other,2026-08-29 10:07:38.003
Sitara-2::conversation_5179243_4336.csv::s1,astro_other,2026-08-29 10:07:40.004
Sitara-2::conversation_5179243_4336.csv::s1,user_emotional_disclosure,2026-08-29 10:07:49.005
Sitara-2::conversation_5179243_4336.csv::s1,user_neutral_factual,2026-08-29 10:07:52.006
Sitara-2::conversation_5179243_4336.csv::s1,astro_other,2026-08-29 10:07:54.007
Sitara-2::conversation_5179243_4336.csv::s1,astro_other,2026-08-29 10:07:58.008
Sitara-2::conversation_5179243_4336.csv::s1,user_pushback,2026-08-29 10:08:14.009
Sitara-2::conversation_5179243_4336.csv::s1,astro_other,2026-08-29 10:08:21.010
Sitara-2::conversation_5179243_4336.csv::s1,user_emotional_disclosure,2026-08-29 10:08:41.011
Sitara-2::conversation_5179243_4336.csv::s1,astro_other,2026-08-29 10:08:45.012
Sitara-2::conversation_5179243_4336.csv::s1,astro_other,2026-08-29 10:08:47.013
Sitara-2::conversation_5179243_4336.csv::s1,user_enthusiastic,2026-08-29 10:08:55.014
Sitara-2::conversation_5179243_4336.csv::s1,astro_other,2026-08-29 10:08:59.015
Sitara-2::conversation_5179243_4336.csv::s1,user_enthusiastic,2026-08-29 10:09:08.016
Sitara-2::conversation_5179243_4336.csv::s1,astro_other,2026-08-29 10:09:12.017
Sitara-2::conversation_5179243_4336.csv::s1,user_enthusiastic,2026-08-29 10:09:20.018
Sitara-2::conversation_5179243_4336.csv::s1,astro_open_thread,2026-08-29 10:09:25.019
Sitara-2::conversation_5179243_4336.csv::s1,user_enthusiastic,2026-08-29 10:09:33.020
Sitara-2::conversation_5179243_4336.csv::s1,astro_callback_within,2026-08-29 10:09:37.021
Sitara-2::conversation_5179243_4336.csv::s1,user_enthusiastic,2026-08-29 10:09:44.022
Sitara-2::conversation_5179243_4336.csv::s1,astro_other,2026-08-29 10:09:49.023
Sitara-2::conversation_5179243_4336.csv::s1,user_enthusiastic,2026-08-29 10:09:54.024
Sitara-2::conversation_5179243_4336.csv::s1,astro_callback_within,2026-08-29 10:09:59.025
Sitara-2::conversation_5179243_4336.csv::s1,user_enthusiastic,2026-08-29 10:10:15.026
Sitara-2::conversation_5179243_4336.csv::s1,astro_other,2026-08-29 10:10:20.027
Sitara-2::conversation_5179243_4336.csv::s1,astro_open_thread,2026-08-29 10:10:22.028
Sitara-2::conversation_5179243_4336.csv::s1,user_emotional_disclosure,2026-08-29 10:10:38.029
Sitara-2::conversation_5179243_4336.csv::s1,astro_open_thread,2026-08-29 10:10:43.030
Sitara-2::conversation_5179243_4336.csv::s1,user_enthusiastic,2026-08-29 10:10:51.031
Sitara-2::conversation_5179243_4336.csv::s1,astro_callback_within,2026-08-29 10:10:55.032
Sitara-2::conversation_5179243_4336.csv::s1,user_enthusiastic,2026-08-29 10:11:05.033
Sitara-2::conversation_5179243_4336.csv::s1,astro_open_thread,2026-08-29 10:11:10.034
Sitara-2::conversation_5179243_4336.csv::s1,user_enthusiastic,2026-08-29 10:11:17.035
Sitara-2::conversation_5179243_4336.csv::s1,astro_other,2026-08-29 10:11:21.036
Sitara-2::conversation_5179243_4336.csv::s1,user_enthusiastic,2026-08-29 10:11:30.037
Sitara-2::conversation_5179243_4336.csv::s1,astro_reframe,2026-08-29 10:11:35.038
Sitara-2::conversation_5179243_4336.csv::s1,astro_other,2026-08-29 10:11:46.039
Sitara-2::conversation_5181346_4336.csv::s1,user_neutral,2026-08-29 11:29:13.000
Sitara-2::conversation_5181346_4336.csv::s1,astro_other,2026-08-29 11:29:17.001
Sitara-2::conversation_5181346_4336.csv::s1,user_neutral_factual,2026-08-29 11:29:25.002
Sitara-2::conversation_5181346_4336.csv::s1,astro_other,2026-08-29 11:29:29.003
Sitara-2::conversation_5181346_4336.csv::s1,astro_validation,2026-08-29 11:29:58.004
Sitara-2::conversation_5181346_4336.csv::s1,user_emotional_disclosure,2026-08-29 11:30:24.005
Sitara-2::conversation_5181346_4336.csv::s1,astro_validation,2026-08-29 11:30:29.006
Sitara-2::conversation_5181346_4336.csv::s1,user_emotional_disclosure,2026-08-29 11:30:45.007
Sitara-2::conversation_5181346_4336.csv::s1,astro_reframe,2026-08-29 11:30:49.008
Sitara-2::conversation_5181346_4336.csv::s1,user_emotional_disclosure,2026-08-29 11:30:58.009
Sitara-2::conversation_5181346_4336.csv::s1,astro_validation,2026-08-29 11:31:02.010
Sitara-2::conversation_5181346_4336.csv::s1,user_enthusiastic,2026-08-29 11:31:11.011
Sitara-2::conversation_5181346_4336.csv::s1,astro_reframe,2026-08-29 11:31:15.012
Sitara-2::conversation_5181346_4336.csv::s1,user_emotional_disclosure,2026-08-29 11:31:34.013
Sitara-2::conversation_5181346_4336.csv::s1,astro_validation,2026-08-29 11:31:38.014
Sitara-2::conversation_5181346_4336.csv::s1,astro_open_thread,2026-08-29 11:32:03.015
Sitara-2::conversation_5181346_4336.csv::s1,user_emotional_disclosure,2026-08-29 11:32:20.016
Sitara-2::conversation_5181346_4336.csv::s1,astro_callback_within,2026-08-29 11:32:24.017
Sitara-2::conversation_5181346_4336.csv::s1,astro_reframe,2026-08-29 11:32:26.018
Sitara-2::conversation_5181346_4336.csv::s1,astro_reframe,2026-08-29 11:33:12.019
Sitara-2::conversation_5181346_4336.csv::s1,user_enthusiastic,2026-08-29 11:33:20.020
Sitara-2::conversation_5181346_4336.csv::s1,astro_dated_prediction,2026-08-29 11:33:24.021
Sitara-2::conversation_5181346_4336.csv::s1,user_emotional_disclosure,2026-08-29 11:33:28.022
Sitara-2::conversation_5181346_4336.csv::s1,user_emotional_disclosure,2026-08-29 11:34:03.023
Sitara-2::conversation_5181346_4336.csv::s1,astro_reframe,2026-08-29 11:34:07.024
Sitara-2::conversation_5181346_4336.csv::s2,user_neutral,2026-08-29 11:43:46.000
Sitara-2::conversation_5181346_4336.csv::s2,astro_other,2026-08-29 11:43:50.001
Sitara-2::conversation_5181346_4336.csv::s2,astro_callback_prior,2026-08-29 11:43:52.002
Sitara-2::conversation_5181346_4336.csv::s2,astro_other,2026-08-29 11:43:54.003
Sitara-2::conversation_5181346_4336.csv::s2,user_emotional_disclosure,2026-08-29 11:44:07.004
Sitara-2::conversation_5181346_4336.csv::s2,astro_callback_within,2026-08-29 11:44:12.005
Sitara-2::conversation_5181346_4336.csv::s2,astro_callback_prior,2026-08-29 11:44:14.006
Sitara-2::conversation_5181346_4336.csv::s2,astro_callback_prior,2026-08-29 11:44:16.007
Sitara-2::conversation_5181346_4336.csv::s2,user_emotional_disclosure,2026-08-29 11:44:19.008
Sitara-2::conversation_5181346_4336.csv::s2,astro_validation,2026-08-29 11:44:24.009
Sitara-2::conversation_5181346_4336.csv::s2,astro_other,2026-08-29 11:44:34.010
Sitara-2::conversation_5181346_4336.csv::s2,astro_other,2026-08-29 11:44:36.011
Sitara-2::conversation_5181346_4336.csv::s2,user_neutral_factual,2026-08-29 11:45:16.012
Sitara-2::conversation_5181346_4336.csv::s2,astro_dated_prediction,2026-08-29 11:45:20.013
Sitara-2::conversation_5181346_4336.csv::s2,user_emotional_disclosure,2026-08-29 11:45:53.014
Sitara-2::conversation_5181346_4336.csv::s2,astro_other,2026-08-29 11:45:58.015
Sitara-2::conversation_5181346_4336.csv::s2,astro_callback_within,2026-08-29 11:46:00.016
Sitara-2::conversation_5181346_4336.csv::s2,user_emotional_disclosure,2026-08-29 11:46:25.017
Sitara-2::conversation_5181346_4336.csv::s2,astro_validation,2026-08-29 11:46:29.018
Sitara-2::conversation_5181346_4336.csv::s2,astro_callback_within,2026-08-29 11:46:31.019
Sitara-2::conversation_5181346_4336.csv::s2,user_emotional_disclosure,2026-08-29 11:46:53.020
Sitara-2::conversation_5181346_4336.csv::s2,astro_validation,2026-08-29 11:46:57.021
Sitara-2::conversation_5181346_4336.csv::s2,user_emotional_disclosure,2026-08-29 11:47:18.022
Sitara-2::conversation_5181346_4336.csv::s2,astro_other,2026-08-29 11:47:22.023
Sitara-2::conversation_5181346_4336.csv::s2,astro_other,2026-08-29 11:47:25.024
Sitara-2::conversation_5181346_4336.csv::s2,astro_other,2026-08-29 11:47:27.025
Sitara-2::conversation_5181346_4336.csv::s2,user_neutral_factual,2026-08-29 11:47:44.026
Sitara-2::conversation_5181346_4336.csv::s2,astro_callback_within,2026-08-29 11:47:48.027
Sitara-2::conversation_5181346_4336.csv::s2,user_enthusiastic,2026-08-29 11:48:00.028
Sitara-2::conversation_5181346_4336.csv::s2,astro_callback_prior,2026-08-29 11:48:05.029
Sitara-2::conversation_5181346_4336.csv::s2,user_neutral_factual,2026-08-29 11:48:12.030
Sitara-2::conversation_5181346_4336.csv::s2,astro_callback_within,2026-08-29 11:48:16.031
Sitara-2::conversation_5181346_4336.csv::s2,user_emotional_disclosure,2026-08-29 11:48:34.032
Sitara-2::conversation_5181346_4336.csv::s2,astro_reframe,2026-08-29 11:48:38.033
Sitara-2::conversation_5181346_4336.csv::s2,user_emotional_disclosure,2026-08-29 11:48:56.034
Sitara-2::conversation_5181346_4336.csv::s2,astro_validation,2026-08-29 11:49:01.035
Sitara-2::conversation_5181346_4336.csv::s2,astro_callback_within,2026-08-29 11:49:03.036
Sitara-2::conversation_5181346_4336.csv::s2,astro_callback_prior,2026-08-29 11:49:05.037
Sitara-2::conversation_5181346_4336.csv::s2,astro_open_thread,2026-08-29 11:49:07.038
Sitara-2::conversation_5181346_4336.csv::s2,astro_callback_within,2026-08-29 11:49:29.039
Sitara-2::conversation_5181346_4336.csv::s2,astro_callback_within,2026-08-29 11:49:59.040
Sitara-2::conversation_5181346_4336.csv::s2,astro_dated_prediction,2026-08-29 11:50:23.041
Sitara-2::conversation_5181346_4336.csv::s2,user_emotional_disclosure,2026-08-29 11:50:45.042
Sitara-2::conversation_5181346_4336.csv::s2,astro_dated_prediction,2026-08-29 11:50:49.043
Sitara-2::conversation_5181346_4336.csv::s2,user_enthusiastic,2026-08-29 11:51:03.044
Sitara-2::conversation_5181346_4336.csv::s2,astro_dated_prediction,2026-08-29 11:51:08.045
Sitara-2::conversation_5181346_4336.csv::s2,user_emotional_disclosure,2026-08-29 11:51:37.046
Sitara-2::conversation_5181346_4336.csv::s2,astro_dated_prediction,2026-08-29 11:51:42.047
Sitara-2::conversation_5181346_4336.csv::s2,user_enthusiastic,2026-08-29 11:51:57.048
Sitara-2::conversation_5181346_4336.csv::s2,astro_reframe,2026-08-29 11:52:02.049
Sitara-2::conversation_5181346_4336.csv::s2,user_enthusiastic,2026-08-29 11:52:10.050
Sitara-2::conversation_5181346_4336.csv::s2,astro_callback_within,2026-08-29 11:52:15.051
Sitara-2::conversation_5181346_4336.csv::s2,user_pushback,2026-08-29 11:52:33.052
Sitara-2::conversation_5181346_4336.csv::s2,astro_callback_within,2026-08-29 11:52:37.053
Sitara-2::conversation_5181346_4336.csv::s2,user_neutral_factual,2026-08-29 11:52:55.054
Sitara-2::conversation_5181346_4336.csv::s2,astro_callback_within,2026-08-29 11:53:00.055
Sitara-2::conversation_5181346_4336.csv::s2,astro_open_thread,2026-08-29 11:53:02.056
Sitara-2::conversation_5181346_4336.csv::s2,user_neutral,2026-08-29 11:53:08.057
Sitara-2::conversation_5181346_4336.csv::s2,astro_other,2026-08-29 11:53:13.058
Sitara-2::conversation_5181346_4336.csv::s2,user_neutral_factual,2026-08-29 11:53:19.059
Sitara-2::conversation_5181346_4336.csv::s2,astro_callback_within,2026-08-29 11:53:23.060
Sitara-2::conversation_5181346_4336.csv::s2,user_enthusiastic,2026-08-29 11:53:32.061
Sitara-2::conversation_5181346_4336.csv::s2,user_disengaging,2026-08-29 11:53:44.062
Sitara-2::conversation_5181346_4336.csv::s2,astro_dated_prediction,2026-08-29 11:53:48.063
Sitara-2::conversation_5182178_4336.csv::s1,user_neutral,2026-08-29 12:22:27.000
Sitara-2::conversation_5182178_4336.csv::s1,astro_other,2026-08-29 12:22:32.001
Sitara-2::conversation_5182178_4336.csv::s1,astro_other,2026-08-29 12:22:43.002
Sitara-2::conversation_5182178_4336.csv::s1,astro_other,2026-08-29 12:22:45.003
Sitara-2::conversation_5182178_4336.csv::s1,astro_other,2026-08-29 12:23:21.004
Sitara-2::conversation_5182178_4336.csv::s1,astro_other,2026-08-29 12:23:23.005
Sitara-2::conversation_5182178_4336.csv::s1,user_emotional_disclosure,2026-08-29 12:24:39.006
Sitara-2::conversation_5182178_4336.csv::s1,astro_validation,2026-08-29 12:24:43.007
Sitara-2::conversation_5182178_4336.csv::s1,user_emotional_disclosure,2026-08-29 12:24:44.008
Sitara-2::conversation_5182178_4336.csv::s1,astro_validation,2026-08-29 12:24:50.009
Sitara-2::conversation_5182178_4336.csv::s1,user_emotional_disclosure,2026-08-29 12:25:04.010
Sitara-2::conversation_5182178_4336.csv::s1,astro_validation,2026-08-29 12:25:09.011
Sitara-2::conversation_5182178_4336.csv::s1,astro_callback_within,2026-08-29 12:25:11.012
Sitara-2::conversation_5182178_4336.csv::s1,user_neutral,2026-08-29 12:25:22.013
Sitara-2::conversation_5182178_4336.csv::s1,astro_other,2026-08-29 12:25:26.014
Sitara-2::conversation_5182178_4336.csv::s1,user_neutral_factual,2026-08-29 12:25:59.015
Sitara-2::conversation_5182178_4336.csv::s1,astro_callback_within,2026-08-29 12:26:04.016
Sitara-2::conversation_5182178_4336.csv::s1,user_neutral_factual,2026-08-29 12:26:44.017
Sitara-2::conversation_5182178_4336.csv::s1,astro_callback_within,2026-08-29 12:26:49.018
Sitara-2::conversation_5182178_4336.csv::s1,user_neutral,2026-08-29 12:27:04.019
Sitara-2::conversation_5182178_4336.csv::s1,astro_callback_within,2026-08-29 12:27:09.020
Sitara-2::conversation_5182178_4336.csv::s1,astro_dated_prediction,2026-08-29 12:27:19.021
Sitara-2::conversation_5182178_4336.csv::s2,user_neutral,2026-08-29 12:29:48.000
Sitara-2::conversation_5182178_4336.csv::s2,astro_callback_prior,2026-08-29 12:29:53.001
Sitara-2::conversation_5182178_4336.csv::s2,astro_callback_prior,2026-08-29 12:29:55.002
Sitara-2::conversation_5182178_4336.csv::s2,user_enthusiastic,2026-08-29 12:29:57.003
Sitara-2::conversation_5182178_4336.csv::s2,astro_callback_prior,2026-08-29 12:30:02.004
Sitara-2::conversation_5182178_4336.csv::s2,user_emotional_disclosure,2026-08-29 12:30:06.005
Sitara-2::conversation_5182178_4336.csv::s2,astro_callback_prior,2026-08-29 12:30:10.006
Sitara-2::conversation_5182178_4336.csv::s2,user_emotional_disclosure,2026-08-29 12:30:15.007
Sitara-2::conversation_5182178_4336.csv::s2,astro_callback_prior,2026-08-29 12:30:19.008
Sitara-2::conversation_5182178_4336.csv::s2,astro_callback_prior,2026-08-29 12:30:21.009
Sitara-2::conversation_5182178_4336.csv::s2,user_neutral,2026-08-29 12:30:42.010
Sitara-2::conversation_5182178_4336.csv::s2,astro_dated_prediction,2026-08-29 12:30:46.011
Sitara-2::conversation_5182178_4336.csv::s2,user_neutral,2026-08-29 12:30:50.012
Sitara-2::conversation_5182178_4336.csv::s2,astro_callback_prior,2026-08-29 12:30:54.013
Sitara-2::conversation_5182178_4336.csv::s2,user_neutral,2026-08-29 12:31:16.014
Sitara-2::conversation_5182178_4336.csv::s2,astro_other,2026-08-29 12:31:20.015
Sitara-2::conversation_5182178_4336.csv::s2,user_pushback,2026-08-29 12:31:59.016
Sitara-2::conversation_5182178_4336.csv::s2,astro_open_thread,2026-08-29 12:32:04.017
Sitara-2::conversation_5182178_4336.csv::s2,user_emotional_disclosure,2026-08-29 12:32:05.018
Sitara-2::conversation_5182178_4336.csv::s2,user_enthusiastic,2026-08-29 12:32:21.019
Sitara-2::conversation_5182178_4336.csv::s2,user_emotional_disclosure,2026-08-29 12:32:30.020
Sitara-2::conversation_5182178_4336.csv::s2,astro_reframe,2026-08-29 12:32:35.021
Sitara-2::conversation_5182178_4336.csv::s2,user_emotional_disclosure,2026-08-29 12:33:05.022
Sitara-2::conversation_5182178_4336.csv::s2,astro_dated_prediction,2026-08-29 12:33:09.023
Sitara-2::conversation_5182178_4336.csv::s2,user_emotional_disclosure,2026-08-29 12:33:36.024
Sitara-2::conversation_5182178_4336.csv::s2,astro_reframe,2026-08-29 12:33:41.025
Sitara-2::conversation_5182178_4336.csv::s2,user_emotional_disclosure,2026-08-29 12:33:44.026
Sitara-2::conversation_5182178_4336.csv::s2,astro_reframe,2026-08-29 12:33:49.027
Sitara-2::conversation_5182178_4336.csv::s2,user_disengaging,2026-08-29 12:34:03.028
Sitara-2::conversation_5182178_4336.csv::s2,astro_open_thread,2026-08-29 12:34:08.029
Sitara-2::conversation_5182178_4336.csv::s2,user_neutral,2026-08-29 12:34:13.030
Sitara-2::conversation_5182178_4336.csv::s2,astro_dated_prediction,2026-08-29 12:34:18.031
Sitara-2::conversation_5182178_4336.csv::s2,astro_open_thread,2026-08-29 12:34:20.032
Sitara-2::conversation_5182178_4336.csv::s2,user_enthusiastic,2026-08-29 12:34:31.033
Sitara-2::conversation_5182178_4336.csv::s2,astro_callback_within,2026-08-29 12:34:35.034
Sitara-2::conversation_5191664_4336.csv::s1,user_neutral,2026-08-29 19:35:11.000
Sitara-2::conversation_5191664_4336.csv::s1,astro_other,2026-08-29 19:35:16.001
Sitara-2::conversation_5191664_4336.csv::s1,astro_other,2026-08-29 19:35:27.002
Sitara-2::conversation_5191664_4336.csv::s1,user_enthusiastic,2026-08-29 19:36:06.003
Sitara-2::conversation_5191664_4336.csv::s1,astro_other,2026-08-29 19:36:11.004
Sitara-2::conversation_5191664_4336.csv::s1,user_enthusiastic,2026-08-29 19:36:39.005
Sitara-2::conversation_5191664_4336.csv::s1,astro_dated_prediction,2026-08-29 19:36:43.006
Sitara-2::conversation_5191664_4336.csv::s1,user_neutral,2026-08-29 19:37:08.007
Sitara-2::conversation_5191664_4336.csv::s1,astro_dated_prediction,2026-08-29 19:37:12.008
Sitara-2::conversation_5191664_4336.csv::s1,user_enthusiastic,2026-08-29 19:37:44.009
Sitara-2::conversation_5191664_4336.csv::s1,astro_dated_prediction,2026-08-29 19:37:49.010
Sitara-2::conversation_5191664_4336.csv::s1,user_enthusiastic,2026-08-29 19:38:03.011
Sitara-2::conversation_5191664_4336.csv::s1,astro_open_thread,2026-08-29 19:38:07.012
Sitara-2::conversation_5191664_4336.csv::s1,user_neutral,2026-08-29 19:38:40.013
Sitara-2::conversation_5191664_4336.csv::s1,astro_other,2026-08-29 19:38:45.014
Sitara-2::conversation_5191664_4336.csv::s1,user_emotional_disclosure,2026-08-29 19:39:09.015
Sitara-2::conversation_5191664_4336.csv::s1,astro_dated_prediction,2026-08-29 19:39:14.016
Sitara-2::conversation_5191664_4336.csv::s1,user_pushback,2026-08-29 19:39:22.017
Sitara-2::conversation_5191664_4336.csv::s1,astro_callback_within,2026-08-29 19:39:27.018
Sitara-2::conversation_5191664_4336.csv::s1,user_disengaging,2026-08-29 19:39:46.019
Sitara-2::conversation_5191664_4336.csv::s1,astro_callback_within,2026-08-29 19:39:51.020
Sitara-2::conversation_5191664_4336.csv::s1,astro_other,2026-08-29 19:40:14.021
Sitara-2::conversation_5191664_4336.csv::s2,user_neutral,2026-08-29 19:41:12.000
Sitara-2::conversation_5191664_4336.csv::s2,astro_callback_prior,2026-08-29 19:41:17.001
Sitara-2::conversation_5191664_4336.csv::s2,astro_reframe,2026-08-29 19:41:19.002
Sitara-2::conversation_5191664_4336.csv::s2,user_neutral,2026-08-29 19:41:55.003
Sitara-2::conversation_5191664_4336.csv::s2,astro_dated_prediction,2026-08-29 19:42:00.004
Sitara-2::conversation_5191664_4336.csv::s2,user_neutral,2026-08-29 19:42:35.005
Sitara-2::conversation_5191664_4336.csv::s2,astro_callback_prior,2026-08-29 19:42:40.006
Sitara-2::conversation_5191664_4336.csv::s2,user_pushback,2026-08-29 19:42:56.007
Sitara-2::conversation_5191664_4336.csv::s2,astro_other,2026-08-29 19:43:01.008
Sitara-2::conversation_5191664_4336.csv::s2,user_neutral_factual,2026-08-29 19:43:09.009
Sitara-2::conversation_5191664_4336.csv::s2,astro_other,2026-08-29 19:43:13.010
Sitara-2::conversation_5191664_4336.csv::s2,user_enthusiastic,2026-08-29 19:43:30.011
Sitara-2::conversation_5191664_4336.csv::s2,astro_open_thread,2026-08-29 19:43:34.012
Sitara-2::conversation_5191664_4336.csv::s2,user_enthusiastic,2026-08-29 19:43:50.013
Sitara-2::conversation_5191664_4336.csv::s2,astro_callback_prior,2026-08-29 19:43:55.014
Sitara-2::conversation_5191664_4336.csv::s2,user_enthusiastic,2026-08-29 19:44:13.015
Sitara-2::conversation_5191664_4336.csv::s2,astro_dated_prediction,2026-08-29 19:44:17.016
Sitara-2::conversation_5191664_4336.csv::s2,user_enthusiastic,2026-08-29 19:44:24.017
Sitara-2::conversation_5191664_4336.csv::s2,user_enthusiastic,2026-08-29 19:44:39.018
Sitara-2::conversation_5191664_4336.csv::s2,astro_reframe,2026-08-29 19:44:44.019
Sitara-2::conversation_5191664_4336.csv::s2,user_enthusiastic,2026-08-29 19:44:52.020
Sitara-2::conversation_5191664_4336.csv::s2,astro_reframe,2026-08-29 19:44:56.021
Sitara-2::conversation_5191664_4336.csv::s2,user_enthusiastic,2026-08-29 19:45:01.022
Sitara-2::conversation_5191664_4336.csv::s2,astro_open_thread,2026-08-29 19:45:05.023
Sitara-2::conversation_5191664_4336.csv::s2,user_enthusiastic,2026-08-29 19:45:25.024
Sitara-2::conversation_5191664_4336.csv::s2,astro_other,2026-08-29 19:45:30.025
Sitara-2::conversation_5191664_4336.csv::s2,astro_dated_prediction,2026-08-29 19:45:32.026
Sitara-2::conversation_5191664_4336.csv::s2,user_enthusiastic,2026-08-29 19:45:43.027
Sitara-2::conversation_5191664_4336.csv::s2,user_enthusiastic,2026-08-29 19:45:45.028
Sitara-2::conversation_5191664_4336.csv::s2,astro_callback_within,2026-08-29 19:45:47.029
Sitara-2::conversation_5191664_4336.csv::s2,astro_dated_prediction,2026-08-29 19:45:52.030
Sitara-2::conversation_5191664_4336.csv::s2,astro_other,2026-08-29 19:45:54.031
Sitara-2::conversation_5192014_4336.csv::s1,astro_other,2026-08-29 20:16:17.000
Sitara-2::conversation_5192014_4336.csv::s1,astro_other,2026-08-29 20:16:33.001
Sitara-2::conversation_5192014_4336.csv::s1,astro_other,2026-08-29 20:16:35.002
Sitara-2::conversation_5192014_4336.csv::s1,user_enthusiastic,2026-08-29 20:16:35.003
Sitara-2::conversation_5192014_4336.csv::s1,astro_other,2026-08-29 20:16:37.004
Sitara-2::conversation_5192014_4336.csv::s1,astro_callback_within,2026-08-29 20:16:40.005
Sitara-2::conversation_5192014_4336.csv::s1,astro_other,2026-08-29 20:16:42.006
Sitara-2::conversation_5192014_4336.csv::s1,user_disengaging,2026-08-29 20:17:00.007
Sitara-2::conversation_5192014_4336.csv::s1,astro_dated_prediction,2026-08-29 20:17:06.008
Sitara-2::conversation_5192014_4336.csv::s1,astro_open_thread,2026-08-29 20:17:08.009
Sitara-2::conversation_5192014_4336.csv::s1,astro_other,2026-08-29 20:17:10.010
Sitara-2::conversation_5192014_4336.csv::s1,astro_open_thread,2026-08-29 20:17:12.011
Sitara-2::conversation_5192014_4336.csv::s1,astro_dated_prediction,2026-08-29 20:17:32.012
Sitara-2::conversation_5192014_4336.csv::s1,user_neutral,2026-08-29 20:17:43.013
Sitara-2::conversation_5192014_4336.csv::s1,astro_callback_within,2026-08-29 20:17:47.014
Sitara-2::conversation_5192014_4336.csv::s1,user_neutral_factual,2026-08-29 20:17:56.015
Sitara-2::conversation_5192014_4336.csv::s1,astro_dated_prediction,2026-08-29 20:18:00.016
Sitara-2::conversation_5192014_4336.csv::s1,astro_open_thread,2026-08-29 20:18:02.017
Sitara-2::conversation_5192014_4336.csv::s1,user_enthusiastic,2026-08-29 20:18:09.018
Sitara-2::conversation_5192014_4336.csv::s1,astro_callback_within,2026-08-29 20:18:14.019
Sitara-2::conversation_5192014_4336.csv::s1,astro_callback_within,2026-08-29 20:18:16.020
Sitara-2::conversation_5192014_4336.csv::s1,user_enthusiastic,2026-08-29 20:18:24.021
Sitara-2::conversation_5192014_4336.csv::s1,astro_callback_within,2026-08-29 20:18:28.022
Sitara-2::conversation_5192014_4336.csv::s1,user_enthusiastic,2026-08-29 20:18:51.023
Sitara-2::conversation_5192014_4336.csv::s1,astro_other,2026-08-29 20:18:56.024
Sitara-2::conversation_5192014_4336.csv::s1,astro_other,2026-08-29 20:18:58.025
Sitara-2::conversation_5192014_4336.csv::s1,user_neutral,2026-08-29 20:19:07.026
Sitara-2::conversation_5192014_4336.csv::s1,astro_callback_within,2026-08-29 20:19:12.027
Sitara-2::conversation_5192014_4336.csv::s1,user_pushback,2026-08-29 20:19:26.028
Sitara-2::conversation_5192014_4336.csv::s1,user_pushback,2026-08-29 20:19:29.029
Sitara-2::conversation_5192014_4336.csv::s1,astro_callback_within,2026-08-29 20:19:31.030
Sitara-2::conversation_5192014_4336.csv::s1,astro_other,2026-08-29 20:19:36.031
Sitara-2::conversation_5192014_4336.csv::s1,user_pushback,2026-08-29 20:19:39.032
Sitara-2::conversation_5192014_4336.csv::s1,astro_callback_within,2026-08-29 20:19:44.033
Sitara-2::conversation_5192014_4336.csv::s1,user_pushback,2026-08-29 20:20:04.034
Sitara-2::conversation_5192014_4336.csv::s1,user_pushback,2026-08-29 20:20:06.035
Sitara-2::conversation_5192014_4336.csv::s1,astro_callback_within,2026-08-29 20:20:09.036
Sitara-2::conversation_5192014_4336.csv::s1,user_pushback,2026-08-29 20:20:12.037
Sitara-2::conversation_5192014_4336.csv::s1,astro_callback_within,2026-08-29 20:20:14.038
Sitara-2::conversation_5192014_4336.csv::s1,astro_dated_prediction,2026-08-29 20:20:18.039
Sitara-2::conversation_5192014_4336.csv::s1,user_pushback,2026-08-29 20:20:31.040
Sitara-2::conversation_5192014_4336.csv::s1,astro_other,2026-08-29 20:20:36.041
Sitara-2::conversation_5192014_4336.csv::s1,user_pushback,2026-08-29 20:20:37.042
Sitara-2::conversation_5192014_4336.csv::s1,astro_other,2026-08-29 20:20:41.043
Sitara-2::conversation_5192014_4336.csv::s1,user_pushback,2026-08-29 20:20:50.044
Sitara-2::conversation_5192014_4336.csv::s1,astro_other,2026-08-29 20:20:55.045
Sitara-2::conversation_5192014_4336.csv::s1,user_pushback,2026-08-29 20:21:03.046
Sitara-2::conversation_5192014_4336.csv::s1,astro_other,2026-08-29 20:21:08.047
Sitara-2::conversation_5192014_4336.csv::s1,user_pushback,2026-08-29 20:21:11.048
Sitara-2::conversation_5192014_4336.csv::s1,astro_other,2026-08-29 20:21:13.049
Sitara-2::conversation_5192014_4336.csv::s1,astro_other,2026-08-29 20:21:20.050
Sitara-2::conversation_5192076_4336.csv::s1,astro_other,2026-08-29 20:40:50.000
Sitara-2::conversation_5192076_4336.csv::s1,astro_other,2026-08-29 20:40:59.001
Sitara-2::conversation_5192076_4336.csv::s1,astro_other,2026-08-29 20:41:01.002
Sitara-2::conversation_5192076_4336.csv::s1,user_enthusiastic,2026-08-29 20:41:04.003
Sitara-2::conversation_5192076_4336.csv::s1,astro_other,2026-08-29 20:41:09.004
Sitara-2::conversation_5192076_4336.csv::s1,astro_other,2026-08-29 20:41:11.005
Sitara-2::conversation_5192076_4336.csv::s1,user_enthusiastic,2026-08-29 20:41:39.006
Sitara-2::conversation_5192076_4336.csv::s1,astro_callback_within,2026-08-29 20:41:44.007
Sitara-2::conversation_5192076_4336.csv::s1,astro_other,2026-08-29 20:41:46.008
Sitara-2::conversation_5192076_4336.csv::s1,user_enthusiastic,2026-08-29 20:41:58.009
Sitara-2::conversation_5192076_4336.csv::s1,astro_other,2026-08-29 20:42:02.010
Sitara-2::conversation_5192076_4336.csv::s1,astro_dated_prediction,2026-08-29 20:42:04.011
Sitara-2::conversation_5192076_4336.csv::s1,user_enthusiastic,2026-08-29 20:42:37.012
Sitara-2::conversation_5192076_4336.csv::s1,astro_open_thread,2026-08-29 20:42:42.013
Sitara-2::conversation_5192076_4336.csv::s1,astro_callback_within,2026-08-29 20:43:31.014
Sitara-2::conversation_5192076_4336.csv::s1,astro_callback_within,2026-08-29 20:43:33.015
Sitara-2::conversation_5192076_4336.csv::s1,user_enthusiastic,2026-08-29 20:43:54.016
Sitara-2::conversation_5192076_4336.csv::s1,astro_callback_within,2026-08-29 20:43:58.017
Sitara-2::conversation_5192076_4336.csv::s1,user_enthusiastic,2026-08-29 20:43:58.018
Sitara-2::conversation_5192076_4336.csv::s1,astro_callback_within,2026-08-29 20:44:00.019
Sitara-2::conversation_5192076_4336.csv::s1,astro_callback_within,2026-08-29 20:44:04.020
Sitara-2::conversation_5192076_4336.csv::s1,user_enthusiastic,2026-08-29 20:44:45.021
Sitara-2::conversation_5192076_4336.csv::s1,astro_other,2026-08-29 20:45:03.022
Sitara-2::conversation_5192076_4336.csv::s1,astro_open_thread,2026-08-29 20:45:13.023
Sitara-2::conversation_5192076_4336.csv::s1,user_disengaging,2026-08-29 20:45:41.024
Sitara-2::conversation_5192076_4336.csv::s1,user_enthusiastic,2026-08-29 20:45:43.025
Sitara-2::conversation_5192076_4336.csv::s1,astro_callback_within,2026-08-29 20:45:47.026
Sitara-2::conversation_5192076_4336.csv::s1,astro_callback_within,2026-08-29 20:45:49.027
Sitara-2::conversation_5192076_4336.csv::s1,user_enthusiastic,2026-08-29 20:46:21.028
Sitara-2::conversation_5192076_4336.csv::s1,astro_callback_within,2026-08-29 20:46:29.029
Sitara-2::conversation_5192076_4336.csv::s1,user_enthusiastic,2026-08-29 20:46:38.030
Sitara-2::conversation_5192076_4336.csv::s1,astro_callback_within,2026-08-29 20:46:42.031
Sitara-2::conversation_5192076_4336.csv::s1,astro_open_thread,2026-08-29 20:46:44.032
Sitara-2::conversation_5192076_4336.csv::s1,user_enthusiastic,2026-08-29 20:46:49.033
Sitara-2::conversation_5192076_4336.csv::s1,astro_callback_within,2026-08-29 20:46:54.034
Sitara-2::conversation_5192076_4336.csv::s1,user_enthusiastic,2026-08-29 20:47:11.035
Sitara-2::conversation_5192076_4336.csv::s1,astro_callback_within,2026-08-29 20:47:16.036
Sitara-2::conversation_5192076_4336.csv::s1,astro_open_thread,2026-08-29 20:47:18.037
Sitara-2::conversation_5192076_4336.csv::s1,user_enthusiastic,2026-08-29 20:47:19.038
Sitara-2::conversation_5192076_4336.csv::s1,astro_callback_within,2026-08-29 20:47:23.039
Sitara-2::conversation_5192076_4336.csv::s1,astro_open_thread,2026-08-29 20:47:25.040
Sitara-2::conversation_5192076_4336.csv::s1,user_enthusiastic,2026-08-29 20:47:34.041
Sitara-2::conversation_5192076_4336.csv::s1,astro_callback_within,2026-08-29 20:47:39.042
Sitara-2::conversation_5192076_4336.csv::s1,user_enthusiastic,2026-08-29 20:47:43.043
Sitara-2::conversation_5192076_4336.csv::s1,astro_callback_within,2026-08-29 20:47:48.044
Sitara-2::conversation_5192596_4336.csv::s1,user_neutral,2026-08-29 23:07:48.000
Sitara-2::conversation_5192596_4336.csv::s1,astro_other,2026-08-29 23:07:52.001
Sitara-2::conversation_5192596_4336.csv::s1,astro_other,2026-08-29 23:07:54.002
Sitara-2::conversation_5192596_4336.csv::s1,astro_other,2026-08-29 23:08:03.003
Sitara-2::conversation_5192596_4336.csv::s1,astro_other,2026-08-29 23:08:05.004
Sitara-2::conversation_5192596_4336.csv::s1,user_emotional_disclosure,2026-08-29 23:08:06.005
Sitara-2::conversation_5192596_4336.csv::s1,astro_validation,2026-08-29 23:08:11.006
Sitara-2::conversation_5192596_4336.csv::s1,astro_other,2026-08-29 23:08:13.007
Sitara-2::conversation_5192596_4336.csv::s1,astro_other,2026-08-29 23:08:15.008
Sitara-2::conversation_5192596_4336.csv::s1,astro_reframe,2026-08-29 23:08:40.009
Sitara-2::conversation_5192596_4336.csv::s1,astro_dated_prediction,2026-08-29 23:08:42.010
Sitara-2::conversation_5192596_4336.csv::s1,user_pushback,2026-08-29 23:08:55.011
Sitara-2::conversation_5192596_4336.csv::s1,astro_callback_within,2026-08-29 23:09:00.012
Sitara-2::conversation_5192596_4336.csv::s1,user_emotional_disclosure,2026-08-29 23:09:24.013
Sitara-2::conversation_5192596_4336.csv::s1,astro_validation,2026-08-29 23:09:29.014
Sitara-2::conversation_5192596_4336.csv::s1,astro_other,2026-08-29 23:09:31.015
Sitara-2::conversation_5192596_4336.csv::s1,user_neutral_factual,2026-08-29 23:09:43.016
Sitara-2::conversation_5192596_4336.csv::s1,astro_other,2026-08-29 23:09:48.017
Sitara-2::conversation_5192596_4336.csv::s1,astro_reframe,2026-08-29 23:09:50.018
Sitara-2::conversation_5192596_4336.csv::s1,astro_other,2026-08-29 23:09:52.019
Sitara-2::conversation_5192596_4336.csv::s1,user_neutral_factual,2026-08-29 23:10:01.020
Sitara-2::conversation_5192596_4336.csv::s1,astro_other,2026-08-29 23:10:06.021
Sitara-2::conversation_5192596_4336.csv::s1,user_enthusiastic,2026-08-29 23:10:17.022
Sitara-2::conversation_5192596_4336.csv::s1,user_emotional_disclosure,2026-08-29 23:10:38.023
Sitara-2::conversation_5192596_4336.csv::s1,astro_other,2026-08-29 23:10:42.024
Sitara-2::conversation_5192596_4336.csv::s1,astro_other,2026-08-29 23:10:46.025
Sitara-2::conversation_5192596_4336.csv::s1,user_neutral_factual,2026-08-29 23:10:56.026
Sitara-2::conversation_5192596_4336.csv::s1,astro_other,2026-08-29 23:11:02.027
Sitara-2::conversation_5192596_4336.csv::s1,user_pushback,2026-08-29 23:11:28.028
Sitara-2::conversation_5192596_4336.csv::s1,astro_callback_within,2026-08-29 23:11:32.029
Sitara-2::conversation_5192596_4336.csv::s1,astro_other,2026-08-29 23:11:35.030
Sitara-2::conversation_5192596_4336.csv::s1,user_enthusiastic,2026-08-29 23:11:44.031
Sitara-2::conversation_5192596_4336.csv::s1,astro_callback_within,2026-08-29 23:11:48.032
Sitara-2::conversation_5192596_4336.csv::s1,user_neutral_factual,2026-08-29 23:12:03.033
Sitara-2::conversation_5192596_4336.csv::s1,astro_reframe,2026-08-29 23:12:08.034
Sitara-2::conversation_5192596_4336.csv::s1,astro_reframe,2026-08-29 23:12:25.035
Sitara-2::conversation_5192596_4336.csv::s1,user_enthusiastic,2026-08-29 23:12:41.036
Sitara-2::conversation_5192596_4336.csv::s1,astro_reframe,2026-08-29 23:12:46.037
Sitara-2::conversation_5193850_4336.csv::s1,astro_other,2026-08-30 02:17:07.000
Sitara-2::conversation_5193850_4336.csv::s1,user_neutral_factual,2026-08-30 02:17:15.001
Sitara-2::conversation_5193850_4336.csv::s1,astro_other,2026-08-30 02:17:20.002
Sitara-2::conversation_5193850_4336.csv::s1,user_neutral_factual,2026-08-30 02:17:41.003
Sitara-2::conversation_5193850_4336.csv::s1,astro_other,2026-08-30 02:17:47.004
Sitara-2::conversation_5193850_4336.csv::s1,astro_other,2026-08-30 02:17:49.005
Sitara-2::conversation_5193850_4336.csv::s1,astro_other,2026-08-30 02:17:59.006
Sitara-2::conversation_5193850_4336.csv::s1,user_neutral_factual,2026-08-30 02:18:10.007
Sitara-2::conversation_5193850_4336.csv::s1,astro_callback_within,2026-08-30 02:18:15.008
Sitara-2::conversation_5193850_4336.csv::s1,user_neutral_factual,2026-08-30 02:18:32.009
Sitara-2::conversation_5193850_4336.csv::s1,astro_callback_within,2026-08-30 02:18:37.010
Sitara-2::conversation_5193850_4336.csv::s1,user_neutral_factual,2026-08-30 02:18:57.011
Sitara-2::conversation_5193850_4336.csv::s1,astro_reframe,2026-08-30 02:19:04.012
Sitara-2::conversation_5193850_4336.csv::s1,user_pushback,2026-08-30 02:19:45.013
Sitara-2::conversation_5193850_4336.csv::s1,astro_other,2026-08-30 02:19:49.014
Sitara-2::conversation_5193850_4336.csv::s1,user_pushback,2026-08-30 02:20:08.015
Sitara-2::conversation_5193850_4336.csv::s1,astro_self_correction,2026-08-30 02:20:12.016
Sitara-2::conversation_5193850_4336.csv::s1,astro_callback_within,2026-08-30 02:20:14.017
Sitara-2::conversation_5193850_4336.csv::s1,astro_callback_within,2026-08-30 02:20:16.018
Sitara-2::conversation_5193850_4336.csv::s1,astro_other,2026-08-30 02:20:18.019
Sitara-2::conversation_5193850_4336.csv::s1,user_pushback,2026-08-30 02:21:02.020
Sitara-2::conversation_5193850_4336.csv::s1,astro_callback_within,2026-08-30 02:21:07.021
Sitara-2::conversation_5193850_4336.csv::s1,astro_other,2026-08-30 02:21:09.022
Sitara-2::conversation_5193850_4336.csv::s2,user_neutral,2026-08-30 02:23:12.000
Sitara-2::conversation_5193850_4336.csv::s2,user_neutral_factual,2026-08-30 02:23:40.001
Sitara-2::conversation_5193850_4336.csv::s2,astro_callback_prior,2026-08-30 02:23:45.002
Sitara-2::conversation_5193850_4336.csv::s2,astro_callback_prior,2026-08-30 02:23:47.003
Sitara-2::conversation_5193850_4336.csv::s2,astro_callback_within,2026-08-30 02:23:49.004
Sitara-2::conversation_5193850_4336.csv::s2,astro_other,2026-08-30 02:23:51.005
Sitara-2::conversation_5193850_4336.csv::s2,user_enthusiastic,2026-08-30 02:23:55.006
Sitara-2::conversation_5193850_4336.csv::s2,astro_dated_prediction,2026-08-30 02:24:00.007
Sitara-2::conversation_5193850_4336.csv::s2,astro_callback_within,2026-08-30 02:24:02.008
Sitara-2::conversation_5193850_4336.csv::s2,user_neutral_factual,2026-08-30 02:25:04.009
Sitara-2::conversation_5193850_4336.csv::s2,astro_callback_within,2026-08-30 02:25:08.010
Sitara-2::conversation_5193850_4336.csv::s2,astro_callback_prior,2026-08-30 02:25:10.011
Sitara-2::conversation_5193850_4336.csv::s2,user_enthusiastic,2026-08-30 02:25:57.012
Sitara-2::conversation_5193850_4336.csv::s2,astro_callback_within,2026-08-30 02:26:02.013
Sitara-2::conversation_5193850_4336.csv::s2,astro_callback_within,2026-08-30 02:26:04.014
Sitara-2::conversation_5193850_4336.csv::s2,astro_callback_within,2026-08-30 02:26:06.015
Sitara-2::conversation_5193850_4336.csv::s2,user_enthusiastic,2026-08-30 02:26:48.016
Sitara-2::conversation_5193850_4336.csv::s2,astro_callback_within,2026-08-30 02:26:59.017
Sitara-2::conversation_5193850_4336.csv::s2,user_enthusiastic,2026-08-30 02:27:24.018
Sitara-2::conversation_5193850_4336.csv::s2,astro_reframe,2026-08-30 02:27:29.019
Sitara-2::conversation_5193850_4336.csv::s2,user_emotional_disclosure,2026-08-30 02:27:55.020
Sitara-2::conversation_5193850_4336.csv::s2,astro_callback_within,2026-08-30 02:28:00.021
Sitara-2::conversation_5193850_4336.csv::s2,user_neutral_factual,2026-08-30 02:28:17.022
Sitara-2::conversation_5193850_4336.csv::s2,user_neutral_factual,2026-08-30 02:28:19.023
Sitara-2::conversation_5193850_4336.csv::s2,astro_callback_prior,2026-08-30 02:28:24.024
Sitara-2::conversation_5193850_4336.csv::s2,astro_validation,2026-08-30 02:28:26.025
Sitara-2::conversation_5193850_4336.csv::s2,user_pushback,2026-08-30 02:29:21.026
Sitara-2::conversation_5193850_4336.csv::s2,astro_callback_prior,2026-08-30 02:29:26.027
Sitara-2::conversation_5193850_4336.csv::s2,astro_callback_prior,2026-08-30 02:29:28.028
Sitara-2::conversation_5193850_4336.csv::s2,user_neutral_factual,2026-08-30 02:30:01.029
Sitara-2::conversation_5193850_4336.csv::s2,user_neutral_factual,2026-08-30 02:30:03.030
Sitara-2::conversation_5193850_4336.csv::s2,astro_callback_within,2026-08-30 02:30:06.031
Sitara-2::conversation_5193850_4336.csv::s2,astro_validation,2026-08-30 02:30:12.032
Sitara-2::conversation_5193850_4336.csv::s2,user_pushback,2026-08-30 02:30:38.033
Sitara-2::conversation_5193850_4336.csv::s2,user_neutral_factual,2026-08-30 02:30:41.034
Sitara-2::conversation_5193850_4336.csv::s2,astro_callback_within,2026-08-30 02:30:47.035
Sitara-2::conversation_5193850_4336.csv::s2,user_neutral_factual,2026-08-30 02:30:57.036
Sitara-2::conversation_5193850_4336.csv::s2,user_neutral_factual,2026-08-30 02:31:00.037
Sitara-2::conversation_5193850_4336.csv::s2,astro_callback_within,2026-08-30 02:31:01.038
Sitara-2::conversation_5193850_4336.csv::s2,astro_callback_within,2026-08-30 02:31:06.039
Sitara-2::conversation_5193850_4336.csv::s2,user_pushback,2026-08-30 02:31:19.040
Sitara-2::conversation_5193850_4336.csv::s2,astro_callback_prior,2026-08-30 02:31:23.041
Sitara-2::conversation_5193850_4336.csv::s2,user_pushback,2026-08-30 02:31:50.042
Sitara-2::conversation_5193850_4336.csv::s2,astro_callback_within,2026-08-30 02:31:55.043
Sitara-2::conversation_5193850_4336.csv::s2,user_pushback,2026-08-30 02:32:09.044
Sitara-2::conversation_5193850_4336.csv::s2,astro_other,2026-08-30 02:32:14.045
Sitara-2::conversation_5193850_4336.csv::s2,user_pushback,2026-08-30 02:32:43.046
Sitara-2::conversation_5193850_4336.csv::s2,astro_callback_within,2026-08-30 02:32:48.047
Sitara-2::conversation_5193850_4336.csv::s2,user_disengaging,2026-08-30 02:32:48.048
Sitara-2::conversation_5193850_4336.csv::s2,astro_callback_prior,2026-08-30 02:32:50.049
Sitara-2::conversation_5193850_4336.csv::s2,user_pushback,2026-08-30 02:33:15.050
Sitara-2::conversation_5193850_4336.csv::s2,astro_callback_within,2026-08-30 02:33:21.051
Sitara-2::conversation_5193850_4336.csv::s2,astro_callback_within,2026-08-30 02:33:42.052
Sitara-2::conversation_5193850_4336.csv::s2,user_neutral_factual,2026-08-30 02:33:57.053
Sitara-2::conversation_5193850_4336.csv::s2,astro_dated_prediction,2026-08-30 02:34:01.054
Sitara-2::conversation_5193850_4336.csv::s2,user_neutral_factual,2026-08-30 02:34:02.055
Sitara-2::conversation_5193850_4336.csv::s2,astro_callback_within,2026-08-30 02:34:04.056
Sitara-2::conversation_5193850_4336.csv::s2,astro_callback_within,2026-08-30 02:34:08.057
Sitara-2::conversation_5193850_4336.csv::s2,user_enthusiastic,2026-08-30 02:34:24.058
Sitara-2::conversation_5193850_4336.csv::s2,astro_callback_within,2026-08-30 02:34:29.059
Sitara-2::conversation_5193850_4336.csv::s2,user_neutral_factual,2026-08-30 02:34:52.060
Sitara-2::conversation_5193850_4336.csv::s2,astro_dated_prediction,2026-08-30 02:34:57.061
Sitara-2::conversation_5193850_4336.csv::s2,user_emotional_disclosure,2026-08-30 02:35:20.062
Sitara-2::conversation_5193850_4336.csv::s2,astro_callback_within,2026-08-30 02:35:24.063
Sitara-2::conversation_5193850_4336.csv::s2,user_neutral_factual,2026-08-30 02:35:30.064
Sitara-2::conversation_5193850_4336.csv::s2,astro_callback_within,2026-08-30 02:35:34.065
Sitara-2::conversation_5193850_4336.csv::s2,astro_callback_within,2026-08-30 02:35:39.066
Sitara-2::conversation_5193850_4336.csv::s2,user_neutral_factual,2026-08-30 02:36:11.067
Sitara-2::conversation_5193850_4336.csv::s2,user_neutral_factual,2026-08-30 02:36:13.068
Sitara-2::conversation_5193850_4336.csv::s2,astro_callback_within,2026-08-30 02:36:18.069
Sitara-2::conversation_5193850_4336.csv::s2,astro_callback_within,2026-08-30 02:36:20.070
Sitara-2::conversation_5193850_4336.csv::s2,user_pushback,2026-08-30 02:36:54.071
Sitara-2::conversation_5193850_4336.csv::s2,astro_callback_within,2026-08-30 02:36:58.072
Sitara-2::conversation_5193850_4336.csv::s2,astro_callback_within,2026-08-30 02:37:00.073
Sitara-2::conversation_5193850_4336.csv::s2,user_emotional_disclosure,2026-08-30 02:37:20.074
Sitara-2::conversation_5193850_4336.csv::s2,astro_callback_within,2026-08-30 02:37:25.075
Sitara-2::conversation_5193850_4336.csv::s2,astro_open_thread,2026-08-30 02:37:27.076
Sitara-2::conversation_5193850_4336.csv::s2,user_emotional_disclosure,2026-08-30 02:37:32.077
Sitara-2::conversation_5193850_4336.csv::s2,astro_callback_prior,2026-08-30 02:37:37.078
Sitara-2::conversation_5193850_4336.csv::s2,astro_other,2026-08-30 02:37:39.079
Sitara-2::conversation_5193850_4336.csv::s2,user_enthusiastic,2026-08-30 02:37:48.080
Sitara-2::conversation_5193850_4336.csv::s2,astro_callback_prior,2026-08-30 02:37:53.081
Sitara-2::conversation_5193850_4336.csv::s2,astro_reframe,2026-08-30 02:37:55.082
Sitara-2::conversation_5193850_4336.csv::s2,user_enthusiastic,2026-08-30 02:38:05.083
Sitara-2::conversation_5193850_4336.csv::s2,astro_callback_within,2026-08-30 02:38:09.084
Sitara-2::conversation_5196863_4336.csv::s1,user_neutral,2026-08-30 04:10:13.000
Sitara-2::conversation_5196863_4336.csv::s1,astro_other,2026-08-30 04:10:20.001
Sitara-2::conversation_5196863_4336.csv::s1,astro_other,2026-08-30 04:10:22.002
Sitara-2::conversation_5196863_4336.csv::s1,astro_other,2026-08-30 04:10:27.003
Sitara-2::conversation_5196863_4336.csv::s1,astro_other,2026-08-30 04:10:29.004
Sitara-2::conversation_5196863_4336.csv::s1,user_neutral,2026-08-30 04:10:41.005
Sitara-2::conversation_5196863_4336.csv::s1,astro_other,2026-08-30 04:10:46.006
Sitara-2::conversation_5196863_4336.csv::s1,astro_other,2026-08-30 04:10:48.007
Sitara-2::conversation_5196863_4336.csv::s1,astro_other,2026-08-30 04:10:50.008
Sitara-2::conversation_5196863_4336.csv::s1,astro_other,2026-08-30 04:10:52.009
Sitara-2::conversation_5196863_4336.csv::s1,user_pushback,2026-08-30 04:10:52.010
Sitara-2::conversation_5196863_4336.csv::s1,astro_callback_within,2026-08-30 04:10:55.011
Sitara-2::conversation_5196863_4336.csv::s1,astro_callback_within,2026-08-30 04:10:57.012
Sitara-2::conversation_5196863_4336.csv::s1,user_neutral,2026-08-30 04:11:14.013
Sitara-2::conversation_5196863_4336.csv::s1,astro_other,2026-08-30 04:11:19.014
Sitara-2::conversation_5196863_4336.csv::s1,astro_open_thread,2026-08-30 04:11:23.015
Sitara-2::conversation_5196863_4336.csv::s1,user_neutral_factual,2026-08-30 04:11:36.016
Sitara-2::conversation_5196863_4336.csv::s1,astro_callback_within,2026-08-30 04:11:41.017
Sitara-2::conversation_5196863_4336.csv::s1,astro_callback_within,2026-08-30 04:11:43.018
Sitara-2::conversation_5196863_4336.csv::s1,astro_other,2026-08-30 04:11:57.019
Sitara-2::conversation_5196863_4336.csv::s1,astro_other,2026-08-30 04:11:59.020
Sitara-2::conversation_5196863_4336.csv::s1,user_neutral,2026-08-30 04:12:03.021
Sitara-2::conversation_5196863_4336.csv::s1,astro_other,2026-08-30 04:12:08.022
Sitara-2::conversation_5196863_4336.csv::s1,user_enthusiastic,2026-08-30 04:12:11.023
Sitara-2::conversation_5196863_4336.csv::s1,astro_callback_within,2026-08-30 04:12:15.024
Sitara-2::conversation_5196863_4336.csv::s1,astro_other,2026-08-30 04:12:17.025
Sitara-2::conversation_5196863_4336.csv::s1,user_neutral_factual,2026-08-30 04:12:23.026
Sitara-2::conversation_5196863_4336.csv::s1,astro_callback_within,2026-08-30 04:12:28.027
Sitara-2::conversation_5196863_4336.csv::s1,astro_reframe,2026-08-30 04:12:30.028
Sitara-2::conversation_5196863_4336.csv::s1,user_enthusiastic,2026-08-30 04:12:41.029
Sitara-2::conversation_5196863_4336.csv::s1,astro_callback_within,2026-08-30 04:12:46.030
Sitara-2::conversation_5196863_4336.csv::s1,user_neutral,2026-08-30 04:13:09.031
Sitara-2::conversation_5196863_4336.csv::s1,astro_other,2026-08-30 04:13:14.032
Sitara-2::conversation_5196863_4336.csv::s1,user_emotional_disclosure,2026-08-30 04:13:43.033
Sitara-2::conversation_5196863_4336.csv::s1,astro_other,2026-08-30 04:13:50.034
Sitara-2::conversation_5196863_4336.csv::s1,user_neutral,2026-08-30 04:14:04.035
Sitara-2::conversation_5196863_4336.csv::s1,astro_callback_within,2026-08-30 04:14:09.036
Sitara-2::conversation_5196863_4336.csv::s1,astro_open_thread,2026-08-30 04:14:11.037
Sitara-2::conversation_5196863_4336.csv::s1,user_enthusiastic,2026-08-30 04:14:16.038
Sitara-2::conversation_5196863_4336.csv::s1,astro_callback_within,2026-08-30 04:14:21.039
Sitara-2::conversation_5196863_4336.csv::s1,astro_other,2026-08-30 04:14:23.040
Sitara-2::conversation_5196863_4336.csv::s1,user_emotional_disclosure,2026-08-30 04:14:29.041
Sitara-2::conversation_5196863_4336.csv::s1,astro_callback_within,2026-08-30 04:14:34.042
Sitara-2::conversation_5196863_4336.csv::s1,astro_open_thread,2026-08-30 04:14:36.043
Sitara-2::conversation_5196863_4336.csv::s1,user_enthusiastic,2026-08-30 04:14:40.044
Sitara-2::conversation_5196863_4336.csv::s1,astro_callback_within,2026-08-30 04:14:45.045
Sitara-2::conversation_5196863_4336.csv::s1,astro_other,2026-08-30 04:14:47.046
Sitara-2::conversation_5196863_4336.csv::s1,user_enthusiastic,2026-08-30 04:14:56.047
Sitara-2::conversation_5196863_4336.csv::s1,user_enthusiastic,2026-08-30 04:14:58.048
Sitara-2::conversation_5196863_4336.csv::s1,astro_callback_within,2026-08-30 04:15:00.049
Sitara-2::conversation_5196863_4336.csv::s1,astro_callback_within,2026-08-30 04:15:02.050
Sitara-2::conversation_5196863_4336.csv::s1,user_emotional_disclosure,2026-08-30 04:15:02.051
Sitara-2::conversation_5196863_4336.csv::s1,astro_callback_within,2026-08-30 04:15:07.052
Sitara-2::conversation_5196863_4336.csv::s1,astro_callback_within,2026-08-30 04:15:10.053
Sitara-2::conversation_5196863_4336.csv::s1,astro_open_thread,2026-08-30 04:15:12.054
Sitara-2::conversation_5198046_4336.csv::s1,user_neutral,2026-08-31 18:45:12.000
Sitara-2::conversation_5198046_4336.csv::s1,astro_other,2026-08-31 18:45:17.001
Sitara-2::conversation_5198046_4336.csv::s1,user_neutral_factual,2026-08-31 18:45:31.002
Sitara-2::conversation_5198046_4336.csv::s1,user_neutral_factual,2026-08-31 18:45:40.003
Sitara-2::conversation_5198046_4336.csv::s1,astro_callback_within,2026-08-31 18:45:45.004
Sitara-2::conversation_5198046_4336.csv::s1,astro_other,2026-08-31 18:45:46.005
Sitara-2::conversation_5198046_4336.csv::s1,user_neutral_factual,2026-08-31 18:45:58.006
Sitara-2::conversation_5198046_4336.csv::s1,astro_callback_within,2026-08-31 18:46:03.007
Sitara-2::conversation_5198046_4336.csv::s1,astro_callback_within,2026-08-31 18:46:05.008
Sitara-2::conversation_5198046_4336.csv::s1,user_neutral_factual,2026-08-31 18:46:09.009
Sitara-2::conversation_5198046_4336.csv::s1,astro_callback_within,2026-08-31 18:46:16.010
Sitara-2::conversation_5198046_4336.csv::s1,user_enthusiastic,2026-08-31 18:46:50.011
Sitara-2::conversation_5198046_4336.csv::s1,astro_dated_prediction,2026-08-31 18:46:54.012
Sitara-2::conversation_5198046_4336.csv::s1,astro_callback_within,2026-08-31 18:46:56.013
Sitara-2::conversation_5198046_4336.csv::s1,astro_other,2026-08-31 18:46:58.014
Sitara-2::conversation_5198046_4336.csv::s1,user_neutral_factual,2026-08-31 18:47:23.015
Sitara-2::conversation_5198046_4336.csv::s1,astro_callback_within,2026-08-31 18:47:28.016
Sitara-2::conversation_5198046_4336.csv::s1,astro_open_thread,2026-08-31 18:47:30.017
Sitara-2::conversation_5198046_4336.csv::s1,user_enthusiastic,2026-08-31 18:47:45.018
Sitara-2::conversation_5198046_4336.csv::s1,astro_callback_within,2026-08-31 18:47:49.019
Sitara-2::conversation_5198046_4336.csv::s1,astro_callback_within,2026-08-31 18:47:51.020
Sitara-2::conversation_5198046_4336.csv::s1,user_neutral,2026-08-31 18:47:58.021
Sitara-2::conversation_5198046_4336.csv::s1,astro_callback_within,2026-08-31 18:48:03.022
Sitara-2::conversation_5198046_4336.csv::s1,astro_open_thread,2026-08-31 18:48:05.023
Sitara-2::conversation_5198046_4336.csv::s1,user_emotional_disclosure,2026-08-31 18:48:19.024
Sitara-2::conversation_5198046_4336.csv::s1,astro_callback_within,2026-08-31 18:48:26.025
Sitara-2::conversation_5198046_4336.csv::s1,user_emotional_disclosure,2026-08-31 18:48:45.026
Sitara-2::conversation_5198046_4336.csv::s1,astro_callback_within,2026-08-31 18:48:52.027
Sitara-2::conversation_5198046_4336.csv::s1,user_emotional_disclosure,2026-08-31 18:49:21.028
Sitara-2::conversation_5198046_4336.csv::s1,astro_callback_within,2026-08-31 18:49:28.029
Sitara-2::conversation_5198046_4336.csv::s1,user_enthusiastic,2026-08-31 18:49:38.030
Sitara-2::conversation_5198046_4336.csv::s1,user_enthusiastic,2026-08-31 18:49:41.031
Sitara-2::conversation_5198046_4336.csv::s1,astro_callback_within,2026-08-31 18:49:43.032
Sitara-2::conversation_5198046_4336.csv::s1,user_enthusiastic,2026-08-31 18:49:43.033
Sitara-2::conversation_5198046_4336.csv::s1,astro_callback_within,2026-08-31 18:49:45.034
Sitara-2::conversation_5198046_4336.csv::s1,astro_other,2026-08-31 18:49:50.035
Sitara-2::conversation_5198046_4336.csv::s1,user_enthusiastic,2026-08-31 18:49:51.036
Sitara-2::conversation_5198046_4336.csv::s1,astro_callback_within,2026-08-31 18:49:52.037
Sitara-2::conversation_5198046_4336.csv::s1,astro_callback_within,2026-08-31 18:49:55.038
Sitara-2::conversation_5198046_4336.csv::s1,astro_callback_within,2026-08-31 18:49:59.039
Sitara-2::conversation_5198046_4336.csv::s1,user_neutral_factual,2026-08-31 18:50:08.040
Sitara-2::conversation_5198046_4336.csv::s1,astro_callback_within,2026-08-31 18:50:13.041
Sitara-2::conversation_5200278_4336.csv::s1,user_neutral,2026-08-30 05:32:26.000
Sitara-2::conversation_5200278_4336.csv::s1,astro_other,2026-08-30 05:33:09.001
Sitara-2::conversation_5200278_4336.csv::s1,astro_other,2026-08-30 05:33:20.002
Sitara-2::conversation_5200278_4336.csv::s1,astro_callback_within,2026-08-30 05:33:22.003
Sitara-2::conversation_5200278_4336.csv::s1,user_neutral,2026-08-30 05:33:39.004
Sitara-2::conversation_5200278_4336.csv::s1,astro_other,2026-08-30 05:33:43.005
Sitara-2::conversation_5200278_4336.csv::s1,astro_other,2026-08-30 05:33:45.006
Sitara-2::conversation_5200278_4336.csv::s1,user_emotional_disclosure,2026-08-30 05:34:07.007
Sitara-2::conversation_5200278_4336.csv::s1,user_emotional_disclosure,2026-08-30 05:34:12.008
Sitara-2::conversation_5200278_4336.csv::s1,astro_callback_within,2026-08-30 05:34:12.009
Sitara-2::conversation_5200278_4336.csv::s1,astro_callback_within,2026-08-30 05:34:14.010
Sitara-2::conversation_5200278_4336.csv::s1,astro_callback_within,2026-08-30 05:34:19.011
Sitara-2::conversation_5200278_4336.csv::s1,astro_callback_within,2026-08-30 05:34:21.012
Sitara-2::conversation_5200278_4336.csv::s1,astro_open_thread,2026-08-30 05:34:23.013
Sitara-2::conversation_5200278_4336.csv::s1,astro_dated_prediction,2026-08-30 05:34:41.014
Sitara-2::conversation_5200278_4336.csv::s1,astro_callback_within,2026-08-30 05:34:43.015
Sitara-2::conversation_5200278_4336.csv::s1,user_emotional_disclosure,2026-08-30 05:34:46.016
Sitara-2::conversation_5200278_4336.csv::s1,astro_other,2026-08-30 05:34:52.017
Sitara-2::conversation_5200278_4336.csv::s1,astro_callback_within,2026-08-30 05:34:54.018
Sitara-2::conversation_5200278_4336.csv::s1,user_enthusiastic,2026-08-30 05:35:12.019
Sitara-2::conversation_5200278_4336.csv::s1,astro_dated_prediction,2026-08-30 05:35:17.020
Sitara-2::conversation_5200278_4336.csv::s1,user_neutral,2026-08-30 05:35:17.021
Sitara-2::conversation_5200278_4336.csv::s1,astro_callback_within,2026-08-30 05:35:21.022
Sitara-2::conversation_5200278_4336.csv::s1,user_pushback,2026-08-30 05:35:39.023
Sitara-2::conversation_5200278_4336.csv::s1,astro_callback_within,2026-08-30 05:35:45.024
Sitara-2::conversation_5200278_4336.csv::s1,user_enthusiastic,2026-08-30 05:36:07.025
Sitara-2::conversation_5200278_4336.csv::s1,user_enthusiastic,2026-08-30 05:36:11.026
Sitara-2::conversation_5200278_4336.csv::s1,astro_callback_within,2026-08-30 05:36:14.027
Sitara-2::conversation_5200278_4336.csv::s1,astro_callback_within,2026-08-30 05:36:18.028
Sitara-2::conversation_5200278_4336.csv::s1,user_neutral_factual,2026-08-30 05:36:33.029
Sitara-2::conversation_5200278_4336.csv::s1,user_enthusiastic,2026-08-30 05:36:41.030
Sitara-2::conversation_5200278_4336.csv::s1,astro_callback_within,2026-08-30 05:36:41.031
Sitara-2::conversation_5200278_4336.csv::s1,astro_open_thread,2026-08-30 05:36:43.032
Sitara-2::conversation_5200278_4336.csv::s1,astro_callback_within,2026-08-30 05:36:50.033
Sitara-2::conversation_5200278_4336.csv::s1,user_enthusiastic,2026-08-30 05:37:02.034
Sitara-2::conversation_5200278_4336.csv::s1,user_enthusiastic,2026-08-30 05:37:05.035
Sitara-2::conversation_5200278_4336.csv::s1,astro_callback_within,2026-08-30 05:37:07.036
Sitara-2::conversation_5200278_4336.csv::s1,user_enthusiastic,2026-08-30 05:37:16.037
Sitara-2::conversation_5200278_4336.csv::s1,astro_callback_within,2026-08-30 05:37:16.038
Sitara-2::conversation_5200278_4336.csv::s1,astro_other,2026-08-30 05:37:19.039
Sitara-2::conversation_5200278_4336.csv::s1,astro_open_thread,2026-08-30 05:37:21.040
Sitara-2::conversation_5200655_4336.csv::s1,user_neutral,2026-08-30 05:41:15.000
Sitara-2::conversation_5200655_4336.csv::s1,astro_other,2026-08-30 05:41:19.001
Sitara-2::conversation_5200655_4336.csv::s1,user_neutral_factual,2026-08-30 05:41:38.002
Sitara-2::conversation_5200655_4336.csv::s1,astro_other,2026-08-30 05:41:43.003
Sitara-2::conversation_5200655_4336.csv::s1,astro_other,2026-08-30 05:41:52.004
Sitara-2::conversation_5200655_4336.csv::s1,user_neutral_factual,2026-08-30 05:41:56.005
Sitara-2::conversation_5200655_4336.csv::s1,astro_other,2026-08-30 05:42:00.006
Sitara-2::conversation_5200655_4336.csv::s1,astro_other,2026-08-30 05:42:02.007
Sitara-2::conversation_5200655_4336.csv::s1,user_enthusiastic,2026-08-30 05:42:09.008
Sitara-2::conversation_5200655_4336.csv::s1,user_neutral_factual,2026-08-30 05:42:25.009
Sitara-2::conversation_5200655_4336.csv::s1,astro_other,2026-08-30 05:42:29.010
Sitara-2::conversation_5200655_4336.csv::s1,astro_dated_prediction,2026-08-30 05:42:46.011
Sitara-2::conversation_5200655_4336.csv::s1,astro_other,2026-08-30 05:42:48.012
Sitara-2::conversation_5200655_4336.csv::s1,user_neutral_factual,2026-08-30 05:43:01.013
Sitara-2::conversation_5200655_4336.csv::s1,astro_other,2026-08-30 05:43:08.014
Sitara-2::conversation_5200655_4336.csv::s1,user_enthusiastic,2026-08-30 05:43:15.015
Sitara-2::conversation_5200655_4336.csv::s1,astro_other,2026-08-30 05:43:22.016
Sitara-2::conversation_5200655_4336.csv::s1,user_neutral_factual,2026-08-30 05:43:31.017
Sitara-2::conversation_5200655_4336.csv::s1,astro_other,2026-08-30 05:43:36.018
Sitara-2::conversation_5200655_4336.csv::s1,astro_other,2026-08-30 05:43:38.019
Sitara-2::conversation_5200655_4336.csv::s1,user_neutral_factual,2026-08-30 05:43:55.020
Sitara-2::conversation_5200655_4336.csv::s1,astro_other,2026-08-30 05:44:03.021
Sitara-2::conversation_5200655_4336.csv::s2,user_neutral,2026-08-30 06:02:23.000
Sitara-2::conversation_5200655_4336.csv::s2,astro_other,2026-08-30 06:02:28.001
Sitara-2::conversation_5200655_4336.csv::s2,astro_other,2026-08-30 06:02:30.002
Sitara-2::conversation_5200655_4336.csv::s2,user_pushback,2026-08-30 06:02:43.003
Sitara-2::conversation_5200655_4336.csv::s2,astro_validation,2026-08-30 06:02:47.004
Sitara-2::conversation_5200655_4336.csv::s2,astro_other,2026-08-30 06:02:50.005
Sitara-2::conversation_5200655_4336.csv::s2,user_neutral_factual,2026-08-30 06:03:04.006
Sitara-2::conversation_5200655_4336.csv::s2,user_enthusiastic,2026-08-30 06:03:08.007
Sitara-2::conversation_5200655_4336.csv::s2,astro_dated_prediction,2026-08-30 06:03:09.008
Sitara-2::conversation_5200655_4336.csv::s2,astro_dated_prediction,2026-08-30 06:03:14.009
Sitara-2::conversation_5200655_4336.csv::s2,astro_other,2026-08-30 06:03:16.010
Sitara-2::conversation_5200655_4336.csv::s2,user_enthusiastic,2026-08-30 06:03:21.011
Sitara-2::conversation_5200655_4336.csv::s2,user_neutral_factual,2026-08-30 06:03:47.012
Sitara-2::conversation_5200655_4336.csv::s2,astro_other,2026-08-30 06:03:52.013
Sitara-2::conversation_5200655_4336.csv::s2,astro_other,2026-08-30 06:03:54.014
Sitara-2::conversation_5200655_4336.csv::s2,user_emotional_disclosure,2026-08-30 06:04:13.015
Sitara-2::conversation_5200655_4336.csv::s2,astro_other,2026-08-30 06:04:18.016
Sitara-2::conversation_5200655_4336.csv::s2,astro_other,2026-08-30 06:04:20.017
Sitara-2::conversation_5200655_4336.csv::s2,user_pushback,2026-08-30 06:04:37.018
Sitara-2::conversation_5200655_4336.csv::s2,user_pushback,2026-08-30 06:04:40.019
Sitara-2::conversation_5200655_4336.csv::s2,astro_other,2026-08-30 06:04:42.020
Sitara-2::conversation_5200655_4336.csv::s2,astro_other,2026-08-30 06:04:44.021
Sitara-2::conversation_5200655_4336.csv::s2,astro_reframe,2026-08-30 06:04:48.022
Sitara-2::conversation_5200655_4336.csv::s2,user_neutral_factual,2026-08-30 06:05:38.023
Sitara-2::conversation_5200655_4336.csv::s2,user_neutral_factual,2026-08-30 06:05:42.024
Sitara-2::conversation_5200655_4336.csv::s2,astro_other,2026-08-30 06:05:45.025
Sitara-2::conversation_5200655_4336.csv::s2,astro_other,2026-08-30 06:05:47.026
Sitara-2::conversation_5200655_4336.csv::s2,astro_other,2026-08-30 06:05:49.027
Sitara-2::conversation_5200655_4336.csv::s2,astro_other,2026-08-30 06:05:51.028
Sitara-2::conversation_5200655_4336.csv::s2,astro_reframe,2026-08-30 06:05:57.029
Sitara-2::conversation_5200655_4336.csv::s2,astro_other,2026-08-30 06:06:02.030
Sitara-2::conversation_5200655_4336.csv::s2,user_neutral_factual,2026-08-30 06:06:54.031
Sitara-2::conversation_5200655_4336.csv::s2,astro_dated_prediction,2026-08-30 06:06:59.032
Sitara-2::conversation_5200655_4336.csv::s2,astro_other,2026-08-30 06:07:18.033
Sitara-2::conversation_5200655_4336.csv::s2,user_enthusiastic,2026-08-30 06:07:27.034
Sitara-2::conversation_5200655_4336.csv::s2,astro_other,2026-08-30 06:07:33.035
Sitara-2::conversation_5200655_4336.csv::s2,user_neutral_factual,2026-08-30 06:07:40.036
Sitara-2::conversation_5200655_4336.csv::s2,user_pushback,2026-08-30 06:07:47.037
Sitara-2::conversation_5200655_4336.csv::s2,astro_dated_prediction,2026-08-30 06:07:48.038
Sitara-2::conversation_5200655_4336.csv::s2,user_pushback,2026-08-30 06:07:54.039
Sitara-2::conversation_5200655_4336.csv::s2,astro_dated_prediction,2026-08-30 06:07:55.040
Sitara-2::conversation_5200655_4336.csv::s2,user_neutral_factual,2026-08-30 06:07:57.041
Sitara-2::conversation_5200655_4336.csv::s2,astro_dated_prediction,2026-08-30 06:08:01.042
Sitara-2::conversation_5200655_4336.csv::s2,user_neutral_factual,2026-08-30 06:08:16.043
Sitara-2::conversation_5200655_4336.csv::s2,astro_other,2026-08-30 06:08:21.044
Sitara-2::conversation_5200655_4336.csv::s2,astro_other,2026-08-30 06:08:23.045
Sitara-2::conversation_5200655_4336.csv::s2,user_pushback,2026-08-30 06:08:23.046
Sitara-2::conversation_5200655_4336.csv::s2,astro_other,2026-08-30 06:08:28.047
Sitara-2::conversation_5200655_4336.csv::s2,user_neutral_factual,2026-08-30 06:08:35.048
Sitara-2::conversation_5200655_4336.csv::s2,astro_other,2026-08-30 06:08:42.049
Sitara-2::conversation_5200655_4336.csv::s2,user_pushback,2026-08-30 06:08:42.050
Sitara-2::conversation_5200655_4336.csv::s2,astro_other,2026-08-30 06:08:49.051
Sitara-2::conversation_5200655_4336.csv::s2,astro_other,2026-08-30 06:08:59.052
Sitara-2::conversation_5200655_4336.csv::s2,astro_other,2026-08-30 06:09:01.053
Sitara-2::conversation_5200655_4336.csv::s2,user_enthusiastic,2026-08-30 06:09:08.054
Sitara-2::conversation_5200655_4336.csv::s2,astro_other,2026-08-30 06:09:16.055
Sitara-2::conversation_5200655_4336.csv::s2,astro_other,2026-08-30 06:09:18.056
Sitara-2::conversation_5200655_4336.csv::s2,user_enthusiastic,2026-08-30 06:09:23.057
Sitara-2::conversation_5200655_4336.csv::s2,astro_other,2026-08-30 06:09:28.058
Sitara-2::conversation_5200655_4336.csv::s2,astro_other,2026-08-30 06:09:30.059
Sitara-2::conversation_5200655_4336.csv::s2,user_enthusiastic,2026-08-30 06:09:36.060
Sitara-2::conversation_5200655_4336.csv::s2,astro_other,2026-08-30 06:09:41.061
Sitara-2::conversation_5200655_4336.csv::s2,astro_other,2026-08-30 06:09:43.062
Sitara-2::conversation_5200655_4336.csv::s2,user_pushback,2026-08-30 06:09:47.063
Sitara-2::conversation_5200655_4336.csv::s2,astro_other,2026-08-30 06:09:52.064
Sitara-2::conversation_5200655_4336.csv::s2,user_pushback,2026-08-30 06:10:06.065
Sitara-2::conversation_5200655_4336.csv::s2,astro_other,2026-08-30 06:10:11.066
Sitara-2::conversation_5200655_4336.csv::s2,astro_other,2026-08-30 06:10:18.067
Sitara-2::conversation_5200655_4336.csv::s2,user_pushback,2026-08-30 06:10:31.068
Sitara-2::conversation_5200655_4336.csv::s2,astro_other,2026-08-30 06:10:35.069
Sitara-2::conversation_5200655_4336.csv::s2,user_pushback,2026-08-30 06:10:35.070
Sitara-2::conversation_5200655_4336.csv::s2,astro_other,2026-08-30 06:10:40.071
Sitara-2::conversation_5200655_4336.csv::s2,user_pushback,2026-08-30 06:10:47.072
Sitara-2::conversation_5200655_4336.csv::s2,astro_validation,2026-08-30 06:10:52.073
Sitara-2::conversation_5200655_4336.csv::s2,user_pushback,2026-08-30 06:10:58.074
Sitara-2::conversation_5200655_4336.csv::s2,astro_validation,2026-08-30 06:10:59.075
Sitara-2::conversation_5200655_4336.csv::s2,astro_validation,2026-08-30 06:11:04.076
Sitara-2::conversation_5200660_4336.csv::s1,user_neutral,2026-08-30 05:42:14.000
Sitara-2::conversation_5200660_4336.csv::s1,astro_other,2026-08-30 05:42:19.001
Sitara-2::conversation_5200660_4336.csv::s1,astro_other,2026-08-30 05:42:28.002
Sitara-2::conversation_5200660_4336.csv::s1,astro_other,2026-08-30 05:42:30.003
Sitara-2::conversation_5200660_4336.csv::s1,astro_other,2026-08-30 05:42:36.004
Sitara-2::conversation_5200660_4336.csv::s1,user_neutral,2026-08-30 05:43:05.005
Sitara-2::conversation_5200660_4336.csv::s1,astro_callback_within,2026-08-30 05:43:11.006
Sitara-2::conversation_5200660_4336.csv::s1,astro_callback_within,2026-08-30 05:43:13.007
Sitara-2::conversation_5200660_4336.csv::s1,user_neutral,2026-08-30 05:43:21.008
Sitara-2::conversation_5200660_4336.csv::s1,astro_dated_prediction,2026-08-30 05:43:27.009
Sitara-2::conversation_5200660_4336.csv::s1,user_emotional_disclosure,2026-08-30 05:43:40.010
Sitara-2::conversation_5200660_4336.csv::s1,astro_callback_within,2026-08-30 05:43:50.011
Sitara-2::conversation_5200660_4336.csv::s1,user_neutral,2026-08-30 05:43:51.012
Sitara-2::conversation_5200660_4336.csv::s1,astro_other,2026-08-30 05:43:56.013
Sitara-2::conversation_5200660_4336.csv::s1,astro_dated_prediction,2026-08-30 05:43:58.014
Sitara-2::conversation_5200660_4336.csv::s1,user_neutral,2026-08-30 05:44:02.015
Sitara-2::conversation_5200660_4336.csv::s1,user_disengaging,2026-08-30 05:44:21.016
Sitara-2::conversation_5200660_4336.csv::s1,astro_other,2026-08-30 05:44:25.017
Sitara-2::conversation_5200660_4336.csv::s1,user_neutral,2026-08-30 05:44:33.018
Sitara-2::conversation_5200660_4336.csv::s1,astro_dated_prediction,2026-08-30 05:44:38.019
Sitara-2::conversation_5200660_4336.csv::s1,user_neutral,2026-08-30 05:44:45.020
Sitara-2::conversation_5200660_4336.csv::s1,astro_callback_within,2026-08-30 05:44:58.021
Sitara-2::conversation_5200660_4336.csv::s1,user_neutral,2026-08-30 05:47:08.022
Sitara-2::conversation_5200660_4336.csv::s1,astro_callback_within,2026-08-30 05:47:12.023
Sitara-2::conversation_5200660_4336.csv::s1,user_pushback,2026-08-30 05:47:21.024
Sitara-2::conversation_5200660_4336.csv::s1,astro_other,2026-08-30 05:47:27.025
Sitara-2::conversation_5200660_4336.csv::s1,astro_callback_within,2026-08-30 05:47:29.026
Sitara-2::conversation_5200660_4336.csv::s1,user_neutral,2026-08-30 05:47:52.027
Sitara-2::conversation_5200660_4336.csv::s1,astro_dated_prediction,2026-08-30 05:47:56.028
Sitara-2::conversation_5200660_4336.csv::s1,user_neutral,2026-08-30 05:48:04.029
Sitara-2::conversation_5200660_4336.csv::s1,astro_callback_within,2026-08-30 05:48:09.030
Sitara-2::conversation_5200660_4336.csv::s1,user_neutral,2026-08-30 05:48:20.031
Sitara-2::conversation_5200660_4336.csv::s1,astro_other,2026-08-30 05:48:25.032
Sitara-2::conversation_5200660_4336.csv::s1,user_neutral_factual,2026-08-30 05:48:30.033
Sitara-2::conversation_5200660_4336.csv::s1,user_neutral,2026-08-30 05:48:35.034
Sitara-2::conversation_5200660_4336.csv::s1,astro_callback_within,2026-08-30 05:48:39.035
Sitara-2::conversation_5200660_4336.csv::s1,astro_callback_within,2026-08-30 05:48:54.036
Sitara-2::conversation_5200660_4336.csv::s1,user_neutral,2026-08-30 05:49:07.037
Sitara-2::conversation_5200660_4336.csv::s1,astro_callback_within,2026-08-30 05:49:12.038
Sitara-2::conversation_5200660_4336.csv::s1,user_neutral,2026-08-30 05:49:14.039
Sitara-2::conversation_5200660_4336.csv::s1,astro_other,2026-08-30 05:49:21.040
Sitara-2::conversation_5200660_4336.csv::s1,user_neutral_factual,2026-08-30 05:49:35.041
Sitara-2::conversation_5200660_4336.csv::s1,user_neutral,2026-08-30 05:49:52.042
Sitara-2::conversation_5200660_4336.csv::s1,user_neutral,2026-08-30 05:49:54.043
Sitara-2::conversation_5200660_4336.csv::s1,astro_callback_within,2026-08-30 05:49:56.044
Sitara-2::conversation_5200660_4336.csv::s1,astro_callback_within,2026-08-30 05:50:00.045
Sitara-2::conversation_5200660_4336.csv::s1,user_pushback,2026-08-30 05:50:08.046
Sitara-2::conversation_5200660_4336.csv::s1,astro_callback_within,2026-08-30 05:50:12.047
Sitara-2::conversation_5200660_4336.csv::s1,astro_callback_within,2026-08-30 05:50:14.048
Sitara-2::conversation_5200660_4336.csv::s1,user_disengaging,2026-08-30 05:50:18.049
Sitara-2::conversation_5200660_4336.csv::s1,astro_callback_within,2026-08-30 05:50:23.050
Sitara-2::conversation_5200660_4336.csv::s1,user_pushback,2026-08-30 05:50:27.051
Sitara-2::conversation_5200660_4336.csv::s1,astro_other,2026-08-30 05:50:32.052
Sitara-2::conversation_5200660_4336.csv::s1,user_neutral_factual,2026-08-30 05:50:36.053
Sitara-2::conversation_5200660_4336.csv::s1,astro_callback_within,2026-08-30 05:50:40.054
Sitara-2::conversation_5200660_4336.csv::s1,user_pushback,2026-08-30 05:50:53.055
Sitara-2::conversation_5200660_4336.csv::s1,astro_callback_within,2026-08-30 05:50:58.056
Sitara-2::conversation_5201522_4336.csv::s1,user_neutral,2026-08-30 06:05:20.000
Sitara-2::conversation_5201522_4336.csv::s1,astro_other,2026-08-30 06:05:25.001
Sitara-2::conversation_5201522_4336.csv::s1,user_emotional_disclosure,2026-08-30 06:05:39.002
Sitara-2::conversation_5201522_4336.csv::s1,astro_callback_within,2026-08-30 06:05:54.003
Sitara-2::conversation_5201522_4336.csv::s1,astro_other,2026-08-30 06:06:04.004
Sitara-2::conversation_5201522_4336.csv::s1,astro_callback_within,2026-08-30 06:06:06.005
Sitara-2::conversation_5201522_4336.csv::s1,astro_reframe,2026-08-30 06:06:08.006
Sitara-2::conversation_5201522_4336.csv::s1,astro_callback_within,2026-08-30 06:06:10.007
Sitara-2::conversation_5201522_4336.csv::s1,user_neutral_factual,2026-08-30 06:06:41.008
Sitara-2::conversation_5201522_4336.csv::s1,astro_callback_within,2026-08-30 06:06:46.009
Sitara-2::conversation_5201522_4336.csv::s1,astro_callback_within,2026-08-30 06:06:48.010
Sitara-2::conversation_5201522_4336.csv::s1,astro_other,2026-08-30 06:06:50.011
Sitara-2::conversation_5201522_4336.csv::s1,user_disengaging,2026-08-30 06:06:55.012
Sitara-2::conversation_5201522_4336.csv::s1,astro_callback_within,2026-08-30 06:07:02.013
Sitara-2::conversation_5201522_4336.csv::s1,astro_dated_prediction,2026-08-30 06:07:04.014
Sitara-2::conversation_5201522_4336.csv::s1,user_pushback,2026-08-30 06:07:24.015
Sitara-2::conversation_5201522_4336.csv::s1,astro_callback_within,2026-08-30 06:07:29.016
Sitara-2::conversation_5201522_4336.csv::s1,astro_callback_within,2026-08-30 06:07:41.017
Sitara-2::conversation_5201522_4336.csv::s1,astro_callback_within,2026-08-30 06:07:43.018
Sitara-2::conversation_5201522_4336.csv::s1,user_neutral_factual,2026-08-30 06:07:46.019
Sitara-2::conversation_5201522_4336.csv::s1,astro_callback_within,2026-08-30 06:07:53.020
Sitara-2::conversation_5201522_4336.csv::s1,user_emotional_disclosure,2026-08-30 06:08:06.021
Sitara-2::conversation_5201522_4336.csv::s1,user_neutral,2026-08-30 06:08:08.022
Sitara-2::conversation_5201522_4336.csv::s1,astro_callback_within,2026-08-30 06:08:12.023
Sitara-2::conversation_5201522_4336.csv::s1,astro_callback_within,2026-08-30 06:08:15.024
Sitara-2::conversation_5201522_4336.csv::s1,user_emotional_disclosure,2026-08-30 06:08:26.025
Sitara-2::conversation_5201522_4336.csv::s1,astro_callback_within,2026-08-30 06:08:32.026
Sitara-2::conversation_5201522_4336.csv::s1,user_neutral,2026-08-30 06:08:33.027
Sitara-2::conversation_5201522_4336.csv::s1,astro_callback_within,2026-08-30 06:08:37.028
Sitara-2::conversation_5201522_4336.csv::s1,user_neutral,2026-08-30 06:08:48.029
Sitara-2::conversation_5201522_4336.csv::s1,user_neutral,2026-08-30 06:09:06.030
Sitara-2::conversation_5201522_4336.csv::s1,astro_callback_within,2026-08-30 06:09:12.031
Sitara-2::conversation_5201522_4336.csv::s1,user_neutral,2026-08-30 06:09:28.032
Sitara-2::conversation_5201522_4336.csv::s1,astro_callback_within,2026-08-30 06:09:34.033
Sitara-2::conversation_5201522_4336.csv::s1,astro_reframe,2026-08-30 06:09:36.034
Sitara-2::conversation_5201522_4336.csv::s1,user_neutral,2026-08-30 06:09:51.035
Sitara-2::conversation_5201522_4336.csv::s1,astro_open_thread,2026-08-30 06:09:59.036
Sitara-2::conversation_5201522_4336.csv::s1,user_disengaging,2026-08-30 06:10:06.037
Sitara-2::conversation_5201522_4336.csv::s1,astro_callback_within,2026-08-30 06:10:13.038
Sitara-2::conversation_5203512_4336.csv::s1,user_neutral,2026-08-30 06:43:18.000
Sitara-2::conversation_5203512_4336.csv::s1,astro_other,2026-08-30 06:43:24.001
Sitara-2::conversation_5203512_4336.csv::s1,user_neutral,2026-08-30 06:43:30.002
Sitara-2::conversation_5203512_4336.csv::s1,astro_other,2026-08-30 06:43:35.003
Sitara-2::conversation_5203512_4336.csv::s1,user_neutral,2026-08-30 06:43:38.004
Sitara-2::conversation_5203512_4336.csv::s1,astro_other,2026-08-30 06:43:42.005
Sitara-2::conversation_5203512_4336.csv::s1,user_neutral_factual,2026-08-30 06:43:49.006
Sitara-2::conversation_5203512_4336.csv::s1,astro_other,2026-08-30 06:43:54.007
Sitara-2::conversation_5203512_4336.csv::s1,user_neutral_factual,2026-08-30 06:43:59.008
Sitara-2::conversation_5203512_4336.csv::s1,astro_other,2026-08-30 06:44:04.009
Sitara-2::conversation_5203512_4336.csv::s1,astro_other,2026-08-30 06:44:05.010
Sitara-2::conversation_5203512_4336.csv::s1,user_neutral,2026-08-30 06:44:13.011
Sitara-2::conversation_5203512_4336.csv::s1,user_neutral,2026-08-30 06:44:33.012
Sitara-2::conversation_5203512_4336.csv::s1,astro_dated_prediction,2026-08-30 06:44:38.013
Sitara-2::conversation_5203512_4336.csv::s1,astro_other,2026-08-30 06:44:40.014
Sitara-2::conversation_5203512_4336.csv::s1,astro_callback_within,2026-08-30 06:44:44.015
Sitara-2::conversation_5203512_4336.csv::s1,user_neutral,2026-08-30 06:44:47.016
Sitara-2::conversation_5203512_4336.csv::s1,astro_other,2026-08-30 06:44:52.017
Sitara-2::conversation_5203512_4336.csv::s1,user_neutral,2026-08-30 06:44:58.018
Sitara-2::conversation_5203512_4336.csv::s1,astro_dated_prediction,2026-08-30 06:45:04.019
Sitara-2::conversation_5203512_4336.csv::s1,user_pushback,2026-08-30 06:45:13.020
Sitara-2::conversation_5203512_4336.csv::s1,astro_callback_within,2026-08-30 06:45:17.021
Sitara-2::conversation_5203512_4336.csv::s1,astro_other,2026-08-30 06:45:19.022
Sitara-2::conversation_5203512_4336.csv::s1,user_neutral,2026-08-30 06:45:19.023
Sitara-2::conversation_5203512_4336.csv::s1,astro_validation,2026-08-30 06:45:24.024
Sitara-2::conversation_5203512_4336.csv::s1,astro_other,2026-08-30 06:45:26.025
Sitara-2::conversation_5203512_4336.csv::s1,user_neutral_factual,2026-08-30 06:45:34.026
Sitara-2::conversation_5203512_4336.csv::s1,astro_validation,2026-08-30 06:45:41.027
Sitara-2::conversation_5203512_4336.csv::s1,user_neutral_factual,2026-08-30 06:45:45.028
Sitara-2::conversation_5203512_4336.csv::s1,user_enthusiastic,2026-08-30 06:45:47.029
Sitara-2::conversation_5203512_4336.csv::s1,astro_other,2026-08-30 06:45:55.030
Sitara-2::conversation_5203512_4336.csv::s1,user_neutral_factual,2026-08-30 06:46:01.031
Sitara-2::conversation_5203512_4336.csv::s1,user_neutral,2026-08-30 06:46:02.032
Sitara-2::conversation_5203512_4336.csv::s1,astro_callback_within,2026-08-30 06:46:07.033
Sitara-2::conversation_5203512_4336.csv::s1,astro_other,2026-08-30 06:46:11.034
Sitara-2::conversation_5203512_4336.csv::s1,user_neutral_factual,2026-08-30 06:46:20.035
Sitara-2::conversation_5203512_4336.csv::s1,user_neutral,2026-08-30 06:46:23.036
Sitara-2::conversation_5203512_4336.csv::s1,astro_callback_within,2026-08-30 06:46:24.037
Sitara-2::conversation_5203512_4336.csv::s1,astro_reframe,2026-08-30 06:46:29.038
Sitara-2::conversation_5203512_4336.csv::s1,astro_reframe,2026-08-30 06:46:36.039
Sitara-2::conversation_5203512_4336.csv::s1,user_enthusiastic,2026-08-30 06:46:46.040
Sitara-2::conversation_5203512_4336.csv::s1,astro_validation,2026-08-30 06:46:50.041
Sitara-2::conversation_5203512_4336.csv::s1,user_neutral,2026-08-30 06:46:53.042
Sitara-2::conversation_5203512_4336.csv::s1,astro_callback_within,2026-08-30 06:46:57.043
Sitara-2::conversation_5203512_4336.csv::s1,user_enthusiastic,2026-08-30 06:47:02.044
Sitara-2::conversation_5203512_4336.csv::s1,astro_other,2026-08-30 06:47:07.045
Sitara-2::conversation_5203512_4336.csv::s1,user_neutral_factual,2026-08-30 06:47:20.046
Sitara-2::conversation_5203512_4336.csv::s1,user_neutral,2026-08-30 06:47:21.047
Sitara-2::conversation_5203512_4336.csv::s1,astro_callback_within,2026-08-30 06:47:26.048
Sitara-2::conversation_5203512_4336.csv::s1,astro_other,2026-08-30 06:47:28.049
Sitara-2::conversation_5203512_4336.csv::s1,user_emotional_disclosure,2026-08-30 06:47:31.050
Sitara-2::conversation_5203512_4336.csv::s1,astro_other,2026-08-30 06:47:35.051
Sitara-2::conversation_5203512_4336.csv::s1,user_neutral,2026-08-30 06:47:50.052
Sitara-2::conversation_5203512_4336.csv::s1,astro_callback_within,2026-08-30 06:47:54.053
Sitara-2::conversation_5203512_4336.csv::s1,user_neutral_factual,2026-08-30 06:48:05.054
Sitara-2::conversation_5203512_4336.csv::s1,astro_callback_within,2026-08-30 06:48:10.055
Sitara-2::conversation_5203512_4336.csv::s1,user_neutral_factual,2026-08-30 06:48:16.056
Sitara-2::conversation_5203512_4336.csv::s1,astro_callback_within,2026-08-30 06:48:21.057
Sitara-2::conversation_5205817_4336.csv::s1,user_neutral,2026-08-30 07:27:00.000
Sitara-2::conversation_5205817_4336.csv::s1,astro_other,2026-08-30 07:27:05.001
Sitara-2::conversation_5205817_4336.csv::s1,user_neutral,2026-08-30 07:27:17.002
Sitara-2::conversation_5205817_4336.csv::s1,astro_other,2026-08-30 07:27:21.003
Sitara-2::conversation_5205817_4336.csv::s1,user_neutral,2026-08-30 07:27:38.004
Sitara-2::conversation_5205817_4336.csv::s1,astro_other,2026-08-30 07:27:43.005
Sitara-2::conversation_5205817_4336.csv::s1,user_emotional_disclosure,2026-08-30 07:27:56.006
Sitara-2::conversation_5205817_4336.csv::s1,astro_validation,2026-08-30 07:28:01.007
Sitara-2::conversation_5205817_4336.csv::s1,user_neutral_factual,2026-08-30 07:28:02.008
Sitara-2::conversation_5205817_4336.csv::s1,astro_reframe,2026-08-30 07:28:03.009
Sitara-2::conversation_5205817_4336.csv::s1,astro_other,2026-08-30 07:28:08.010
Sitara-2::conversation_5205817_4336.csv::s1,user_emotional_disclosure,2026-08-30 07:28:15.011
Sitara-2::conversation_5205817_4336.csv::s1,astro_reframe,2026-08-30 07:28:19.012
Sitara-2::conversation_5205817_4336.csv::s1,user_neutral_factual,2026-08-30 07:28:26.013
Sitara-2::conversation_5205817_4336.csv::s1,user_neutral,2026-08-30 07:28:30.014
Sitara-2::conversation_5205817_4336.csv::s1,astro_dated_prediction,2026-08-30 07:28:31.015
Sitara-2::conversation_5205817_4336.csv::s1,astro_open_thread,2026-08-30 07:28:36.016
Sitara-2::conversation_5205817_4336.csv::s1,user_neutral_factual,2026-08-30 07:28:42.017
Sitara-2::conversation_5205817_4336.csv::s1,astro_dated_prediction,2026-08-30 07:28:47.018
Sitara-2::conversation_5205817_4336.csv::s1,user_emotional_disclosure,2026-08-30 07:28:54.019
Sitara-2::conversation_5205817_4336.csv::s1,astro_reframe,2026-08-30 07:28:58.020
Sitara-2::conversation_5205817_4336.csv::s1,user_emotional_disclosure,2026-08-30 07:29:04.021
Sitara-2::conversation_5205817_4336.csv::s1,astro_reframe,2026-08-30 07:29:09.022
Sitara-2::conversation_5205817_4336.csv::s1,user_emotional_disclosure,2026-08-30 07:29:17.023
Sitara-2::conversation_5205817_4336.csv::s1,user_emotional_disclosure,2026-08-30 07:29:22.024
Sitara-2::conversation_5205817_4336.csv::s1,astro_other,2026-08-30 07:29:22.025
Sitara-2::conversation_5205817_4336.csv::s1,astro_reframe,2026-08-30 07:29:27.026
Sitara-2::conversation_5205817_4336.csv::s1,user_neutral_factual,2026-08-30 07:29:34.027
Sitara-2::conversation_5205817_4336.csv::s1,astro_reframe,2026-08-30 07:29:39.028
Sitara-2::conversation_5205817_4336.csv::s1,user_neutral,2026-08-30 07:29:43.029
Sitara-2::conversation_5205817_4336.csv::s1,astro_open_thread,2026-08-30 07:29:47.030
Sitara-2::conversation_5205817_4336.csv::s1,user_pushback,2026-08-30 07:29:48.031
Sitara-2::conversation_5205817_4336.csv::s1,astro_callback_within,2026-08-30 07:29:52.032
Sitara-2::conversation_5205817_4336.csv::s1,user_neutral,2026-08-30 07:30:08.033
Sitara-2::conversation_5205817_4336.csv::s1,astro_dated_prediction,2026-08-30 07:30:12.034
Sitara-2::conversation_5205817_4336.csv::s1,user_neutral,2026-08-30 07:30:25.035
Sitara-2::conversation_5205817_4336.csv::s1,user_neutral,2026-08-30 07:30:31.036
Sitara-2::conversation_5205817_4336.csv::s1,astro_callback_within,2026-08-30 07:30:36.037
Sitara-2::conversation_5205817_4336.csv::s1,user_enthusiastic,2026-08-30 07:30:46.038
Sitara-2::conversation_5205817_4336.csv::s1,astro_dated_prediction,2026-08-30 07:30:51.039
Sitara-2::conversation_5205817_4336.csv::s1,user_neutral_factual,2026-08-30 07:30:58.040
Sitara-2::conversation_5205817_4336.csv::s1,user_neutral,2026-08-30 07:31:03.041
Sitara-2::conversation_5205817_4336.csv::s1,astro_reframe,2026-08-30 07:31:03.042
Sitara-2::conversation_5205817_4336.csv::s1,astro_reframe,2026-08-30 07:31:08.043
Sitara-2::conversation_5205817_4336.csv::s1,user_emotional_disclosure,2026-08-30 07:31:15.044
Sitara-2::conversation_5205817_4336.csv::s1,astro_open_thread,2026-08-30 07:31:22.045
Sitara-2::conversation_5205817_4336.csv::s1,user_emotional_disclosure,2026-08-30 07:31:23.046
Sitara-2::conversation_5205817_4336.csv::s1,astro_callback_within,2026-08-30 07:31:28.047
Sitara-2::conversation_5205817_4336.csv::s1,astro_reframe,2026-08-30 07:31:30.048
Sitara-2::conversation_5205817_4336.csv::s1,astro_other,2026-08-30 07:31:32.049
Sitara-2::conversation_5208311_4336.csv::s1,user_neutral,2026-08-30 08:24:10.000
Sitara-2::conversation_5208311_4336.csv::s1,astro_other,2026-08-30 08:24:14.001
Sitara-2::conversation_5208311_4336.csv::s1,user_neutral,2026-08-30 08:24:40.002
Sitara-2::conversation_5208311_4336.csv::s1,astro_other,2026-08-30 08:24:44.003
Sitara-2::conversation_5208311_4336.csv::s1,user_neutral_factual,2026-08-30 08:24:52.004
Sitara-2::conversation_5208311_4336.csv::s1,astro_other,2026-08-30 08:24:57.005
Sitara-2::conversation_5208311_4336.csv::s1,astro_other,2026-08-30 08:25:05.006
Sitara-2::conversation_5208311_4336.csv::s1,user_neutral,2026-08-30 08:25:19.007
Sitara-2::conversation_5208311_4336.csv::s1,astro_open_thread,2026-08-30 08:25:24.008
Sitara-2::conversation_5208311_4336.csv::s1,astro_other,2026-08-30 08:25:28.009
Sitara-2::conversation_5208311_4336.csv::s1,astro_callback_within,2026-08-30 08:25:30.010
Sitara-2::conversation_5208311_4336.csv::s1,user_neutral,2026-08-30 08:25:54.011
Sitara-2::conversation_5208311_4336.csv::s1,astro_other,2026-08-30 08:25:59.012
Sitara-2::conversation_5208311_4336.csv::s1,user_neutral_factual,2026-08-30 08:26:09.013
Sitara-2::conversation_5208311_4336.csv::s1,astro_other,2026-08-30 08:26:13.014
Sitara-2::conversation_5208311_4336.csv::s1,user_neutral,2026-08-30 08:26:21.015
Sitara-2::conversation_5208311_4336.csv::s1,astro_other,2026-08-30 08:26:26.016
Sitara-2::conversation_5208311_4336.csv::s1,user_neutral_factual,2026-08-30 08:26:39.017
Sitara-2::conversation_5208311_4336.csv::s1,astro_other,2026-08-30 08:26:44.018
Sitara-2::conversation_5208311_4336.csv::s1,user_neutral,2026-08-30 08:27:06.019
Sitara-2::conversation_5208311_4336.csv::s1,astro_dated_prediction,2026-08-30 08:27:10.020
Sitara-2::conversation_5208311_4336.csv::s1,user_neutral_factual,2026-08-30 08:27:21.021
Sitara-2::conversation_5208311_4336.csv::s1,astro_callback_within,2026-08-30 08:27:25.022
Sitara-2::conversation_5208311_4336.csv::s1,user_neutral,2026-08-30 08:27:45.023
Sitara-2::conversation_5208311_4336.csv::s1,astro_open_thread,2026-08-30 08:27:50.024
Sitara-2::conversation_5208311_4336.csv::s1,astro_other,2026-08-30 08:27:52.025
Sitara-2::conversation_5208311_4336.csv::s1,user_neutral_factual,2026-08-30 08:28:03.026
Sitara-2::conversation_5208311_4336.csv::s1,astro_other,2026-08-30 08:28:08.027
Sitara-2::conversation_5208311_4336.csv::s1,astro_other,2026-08-30 08:28:10.028
Sitara-2::conversation_5208311_4336.csv::s1,user_neutral,2026-08-30 08:28:20.029
Sitara-2::conversation_5208311_4336.csv::s1,astro_other,2026-08-30 08:28:24.030
Sitara-2::conversation_5208311_4336.csv::s1,user_neutral_factual,2026-08-30 08:28:33.031
Sitara-2::conversation_5208311_4336.csv::s1,astro_other,2026-08-30 08:28:38.032
Sitara-2::conversation_5208311_4336.csv::s1,astro_other,2026-08-30 08:28:40.033
Sitara-2::conversation_5208311_4336.csv::s1,astro_other,2026-08-30 08:28:42.034
Sitara-2::conversation_5208311_4336.csv::s1,user_enthusiastic,2026-08-30 08:28:51.035
Sitara-2::conversation_5208311_4336.csv::s1,astro_callback_within,2026-08-30 08:28:56.036
Sitara-2::conversation_5208311_4336.csv::s1,user_neutral_factual,2026-08-30 08:29:06.037
Sitara-2::conversation_5208311_4336.csv::s1,astro_callback_within,2026-08-30 08:29:11.038
Sitara-2::conversation_5210027_4336.csv::s1,user_neutral,2026-08-30 09:01:01.000
Sitara-2::conversation_5210027_4336.csv::s1,user_neutral_factual,2026-08-30 09:01:08.001
Sitara-2::conversation_5210027_4336.csv::s1,astro_other,2026-08-30 09:01:13.002
Sitara-2::conversation_5210027_4336.csv::s1,user_neutral_factual,2026-08-30 09:01:18.003
Sitara-2::conversation_5210027_4336.csv::s1,astro_other,2026-08-30 09:01:23.004
Sitara-2::conversation_5210027_4336.csv::s1,user_neutral_factual,2026-08-30 09:01:25.005
Sitara-2::conversation_5210027_4336.csv::s1,astro_other,2026-08-30 09:01:32.006
Sitara-2::conversation_5210027_4336.csv::s1,user_emotional_disclosure,2026-08-30 09:01:55.007
Sitara-2::conversation_5210027_4336.csv::s1,astro_callback_within,2026-08-30 09:02:00.008
Sitara-2::conversation_5210027_4336.csv::s1,astro_other,2026-08-30 09:02:02.009
Sitara-2::conversation_5210027_4336.csv::s1,user_neutral_factual,2026-08-30 09:02:19.010
Sitara-2::conversation_5210027_4336.csv::s1,user_neutral_factual,2026-08-30 09:02:27.011
Sitara-2::conversation_5210027_4336.csv::s1,astro_dated_prediction,2026-08-30 09:02:31.012
Sitara-2::conversation_5210027_4336.csv::s1,astro_callback_within,2026-08-30 09:02:33.013
Sitara-2::conversation_5210027_4336.csv::s1,astro_dated_prediction,2026-08-30 09:02:35.014
Sitara-2::conversation_5210027_4336.csv::s1,user_neutral_factual,2026-08-30 09:02:51.015
Sitara-2::conversation_5210027_4336.csv::s1,astro_dated_prediction,2026-08-30 09:03:10.016
Sitara-2::conversation_5210027_4336.csv::s1,user_neutral_factual,2026-08-30 09:03:24.017
Sitara-2::conversation_5210027_4336.csv::s1,user_neutral_factual,2026-08-30 09:03:32.018
Sitara-2::conversation_5210027_4336.csv::s1,astro_callback_within,2026-08-30 09:03:32.019
Sitara-2::conversation_5210027_4336.csv::s1,astro_callback_within,2026-08-30 09:03:37.020
Sitara-2::conversation_5210027_4336.csv::s1,user_neutral_factual,2026-08-30 09:03:51.021
Sitara-2::conversation_5210027_4336.csv::s1,astro_dated_prediction,2026-08-30 09:03:55.022
Sitara-2::conversation_5210027_4336.csv::s1,user_pushback,2026-08-30 09:04:00.023
Sitara-2::conversation_5210027_4336.csv::s1,astro_callback_within,2026-08-30 09:04:06.024
Sitara-2::conversation_5210027_4336.csv::s1,astro_dated_prediction,2026-08-30 09:04:23.025
Sitara-2::conversation_5210027_4336.csv::s1,user_neutral_factual,2026-08-30 09:04:25.026
Sitara-2::conversation_5210027_4336.csv::s1,astro_callback_within,2026-08-30 09:04:31.027
Sitara-2::conversation_5210027_4336.csv::s1,user_neutral_factual,2026-08-30 09:04:45.028
Sitara-2::conversation_5210027_4336.csv::s1,astro_dated_prediction,2026-08-30 09:04:52.029
Sitara-2::conversation_5210027_4336.csv::s1,user_neutral_factual,2026-08-30 09:05:00.030
Sitara-2::conversation_5210027_4336.csv::s1,astro_callback_within,2026-08-30 09:05:05.031
Sitara-2::conversation_5210027_4336.csv::s1,user_emotional_disclosure,2026-08-30 09:05:14.032
Sitara-2::conversation_5210027_4336.csv::s1,astro_callback_within,2026-08-30 09:05:19.033
Sitara-2::conversation_5210027_4336.csv::s1,astro_callback_within,2026-08-30 09:05:21.034
Sitara-2::conversation_5210027_4336.csv::s1,user_neutral_factual,2026-08-30 09:05:24.035
Sitara-2::conversation_5210027_4336.csv::s1,astro_dated_prediction,2026-08-30 09:05:29.036
Sitara-2::conversation_5210027_4336.csv::s1,user_neutral_factual,2026-08-30 09:05:38.037
Sitara-2::conversation_5210027_4336.csv::s1,astro_dated_prediction,2026-08-30 09:05:42.038
Sitara-2::conversation_5210027_4336.csv::s1,user_neutral_factual,2026-08-30 09:05:49.039
Sitara-2::conversation_5210027_4336.csv::s1,astro_dated_prediction,2026-08-30 09:05:54.040
Sitara-2::conversation_5210404_4336.csv::s1,user_neutral,2026-08-30 08:54:20.000
Sitara-2::conversation_5210404_4336.csv::s1,astro_other,2026-08-30 08:54:25.001
Sitara-2::conversation_5210404_4336.csv::s1,astro_other,2026-08-30 08:54:27.002
Sitara-2::conversation_5210404_4336.csv::s1,astro_other,2026-08-30 08:54:29.003
Sitara-2::conversation_5210404_4336.csv::s1,user_neutral_factual,2026-08-30 08:54:29.004
Sitara-2::conversation_5210404_4336.csv::s1,astro_validation,2026-08-30 08:54:34.005
Sitara-2::conversation_5210404_4336.csv::s1,astro_other,2026-08-30 08:54:36.006
Sitara-2::conversation_5210404_4336.csv::s1,astro_callback_within,2026-08-30 08:54:38.007
Sitara-2::conversation_5210404_4336.csv::s1,user_neutral_factual,2026-08-30 08:54:44.008
Sitara-2::conversation_5210404_4336.csv::s1,astro_other,2026-08-30 08:54:44.009
Sitara-2::conversation_5210404_4336.csv::s1,astro_callback_within,2026-08-30 08:54:46.010
Sitara-2::conversation_5210404_4336.csv::s1,astro_callback_within,2026-08-30 08:54:53.011
Sitara-2::conversation_5210404_4336.csv::s1,astro_open_thread,2026-08-30 08:54:55.012
Sitara-2::conversation_5210404_4336.csv::s1,astro_other,2026-08-30 08:55:10.013
Sitara-2::conversation_5210404_4336.csv::s1,user_neutral_factual,2026-08-30 08:55:24.014
Sitara-2::conversation_5210404_4336.csv::s1,astro_callback_within,2026-08-30 08:55:29.015
Sitara-2::conversation_5210404_4336.csv::s1,astro_open_thread,2026-08-30 08:55:31.016
Sitara-2::conversation_5210404_4336.csv::s1,user_neutral_factual,2026-08-30 08:55:42.017
Sitara-2::conversation_5210404_4336.csv::s1,astro_callback_within,2026-08-30 08:55:46.018
Sitara-2::conversation_5210404_4336.csv::s1,astro_callback_within,2026-08-30 08:55:48.019
Sitara-2::conversation_5210404_4336.csv::s1,user_enthusiastic,2026-08-30 08:55:57.020
Sitara-2::conversation_5210404_4336.csv::s1,astro_callback_within,2026-08-30 08:56:01.021
Sitara-2::conversation_5210404_4336.csv::s1,user_neutral_factual,2026-08-30 08:56:09.022
Sitara-2::conversation_5210404_4336.csv::s1,astro_callback_within,2026-08-30 08:56:14.023
Sitara-2::conversation_5210404_4336.csv::s1,user_enthusiastic,2026-08-30 08:56:20.024
Sitara-2::conversation_5210404_4336.csv::s1,astro_dated_prediction,2026-08-30 08:56:25.025
Sitara-2::conversation_5210404_4336.csv::s1,user_neutral_factual,2026-08-30 08:56:43.026
Sitara-2::conversation_5210404_4336.csv::s1,astro_callback_within,2026-08-30 08:56:48.027
Sitara-2::conversation_5210404_4336.csv::s1,astro_callback_within,2026-08-30 08:56:50.028
Sitara-2::conversation_5210404_4336.csv::s1,user_enthusiastic,2026-08-30 08:56:58.029
Sitara-2::conversation_5210404_4336.csv::s1,astro_callback_within,2026-08-30 08:57:02.030
Sitara-2::conversation_5210404_4336.csv::s1,astro_callback_within,2026-08-30 08:57:04.031
Sitara-2::conversation_5210404_4336.csv::s1,user_neutral_factual,2026-08-30 08:57:21.032
Sitara-2::conversation_5210404_4336.csv::s1,user_emotional_disclosure,2026-08-30 08:57:26.033
Sitara-2::conversation_5210404_4336.csv::s1,astro_callback_within,2026-08-30 08:57:26.034
Sitara-2::conversation_5210404_4336.csv::s1,astro_callback_within,2026-08-30 08:57:31.035
Sitara-2::conversation_5210404_4336.csv::s1,user_neutral_factual,2026-08-30 08:57:45.036
Sitara-2::conversation_5210404_4336.csv::s1,astro_callback_within,2026-08-30 08:57:50.037
Sitara-2::conversation_5210404_4336.csv::s1,astro_open_thread,2026-08-30 08:57:52.038
Sitara-2::conversation_5210404_4336.csv::s1,user_enthusiastic,2026-08-30 08:57:57.039
Sitara-2::conversation_5210404_4336.csv::s1,user_emotional_disclosure,2026-08-30 08:58:06.040
Sitara-2::conversation_5210404_4336.csv::s1,astro_callback_within,2026-08-30 08:58:11.041
Sitara-2::conversation_5210404_4336.csv::s1,user_enthusiastic,2026-08-30 08:58:17.042
Sitara-2::conversation_5210404_4336.csv::s1,astro_callback_within,2026-08-30 08:58:22.043
Sitara-2::conversation_5210404_4336.csv::s1,user_neutral_factual,2026-08-30 08:58:31.044
Sitara-2::conversation_5210404_4336.csv::s1,astro_callback_within,2026-08-30 08:58:33.045
Sitara-2::conversation_5210404_4336.csv::s1,astro_callback_within,2026-08-30 08:58:35.046
Sitara-2::conversation_5210404_4336.csv::s1,astro_callback_within,2026-08-30 08:58:40.047
Sitara-2::conversation_5210404_4336.csv::s1,astro_open_thread,2026-08-30 08:58:42.048
Sitara-2::conversation_5210404_4336.csv::s1,user_enthusiastic,2026-08-30 08:58:48.049
Sitara-2::conversation_5210404_4336.csv::s1,astro_callback_within,2026-08-30 08:58:52.050
Sitara-2::conversation_5210404_4336.csv::s1,user_enthusiastic,2026-08-30 08:58:58.051
Sitara-2::conversation_5210404_4336.csv::s1,astro_callback_within,2026-08-30 08:59:02.052
Sitara-2::conversation_5210404_4336.csv::s1,user_neutral_factual,2026-08-30 08:59:11.053
Sitara-2::conversation_5210404_4336.csv::s1,astro_dated_prediction,2026-08-30 08:59:16.054
Sitara-2::conversation_5211190_4336.csv::s1,user_neutral,2026-08-30 09:12:34.000
Sitara-2::conversation_5211190_4336.csv::s1,astro_other,2026-08-30 09:12:39.001
Sitara-2::conversation_5211190_4336.csv::s1,user_neutral_factual,2026-08-30 09:12:49.002
Sitara-2::conversation_5211190_4336.csv::s1,astro_callback_within,2026-08-30 09:12:54.003
Sitara-2::conversation_5211190_4336.csv::s1,user_neutral_factual,2026-08-30 09:12:59.004
Sitara-2::conversation_5211190_4336.csv::s1,user_neutral_factual,2026-08-30 09:13:00.005
Sitara-2::conversation_5211190_4336.csv::s1,astro_other,2026-08-30 09:13:03.006
Sitara-2::conversation_5211190_4336.csv::s1,astro_callback_within,2026-08-30 09:13:10.007
Sitara-2::conversation_5211190_4336.csv::s1,user_neutral_factual,2026-08-30 09:13:22.008
Sitara-2::conversation_5211190_4336.csv::s1,astro_callback_within,2026-08-30 09:13:29.009
Sitara-2::conversation_5211190_4336.csv::s1,astro_callback_within,2026-08-30 09:13:31.010
Sitara-2::conversation_5211190_4336.csv::s1,user_neutral_factual,2026-08-30 09:13:33.011
Sitara-2::conversation_5211190_4336.csv::s1,astro_callback_within,2026-08-30 09:13:39.012
Sitara-2::conversation_5211190_4336.csv::s1,astro_callback_within,2026-08-30 09:13:41.013
Sitara-2::conversation_5211190_4336.csv::s1,user_neutral_factual,2026-08-30 09:13:57.014
Sitara-2::conversation_5211190_4336.csv::s1,user_neutral_factual,2026-08-30 09:14:15.015
Sitara-2::conversation_5211190_4336.csv::s1,astro_callback_within,2026-08-30 09:14:20.016
Sitara-2::conversation_5211190_4336.csv::s1,astro_other,2026-08-30 09:14:34.017
Sitara-2::conversation_5211190_4336.csv::s1,astro_callback_within,2026-08-30 09:14:36.018
Sitara-2::conversation_5211190_4336.csv::s1,user_neutral_factual,2026-08-30 09:14:57.019
Sitara-2::conversation_5211190_4336.csv::s1,astro_callback_within,2026-08-30 09:15:01.020
Sitara-2::conversation_5211190_4336.csv::s1,user_pushback,2026-08-30 09:15:16.021
Sitara-2::conversation_5211190_4336.csv::s1,astro_validation,2026-08-30 09:15:23.022
Sitara-2::conversation_5211190_4336.csv::s1,astro_callback_within,2026-08-30 09:15:25.023
Sitara-2::conversation_5211190_4336.csv::s1,astro_validation,2026-08-30 09:15:46.024
Sitara-2::conversation_5211190_4336.csv::s1,astro_callback_within,2026-08-30 09:15:48.025
Sitara-2::conversation_5211190_4336.csv::s1,user_neutral_factual,2026-08-30 09:15:59.026
Sitara-2::conversation_5211190_4336.csv::s1,astro_callback_within,2026-08-30 09:16:03.027
Sitara-2::conversation_5211190_4336.csv::s1,user_neutral_factual,2026-08-30 09:16:13.028
Sitara-2::conversation_5211190_4336.csv::s1,astro_dated_prediction,2026-08-30 09:16:17.029
Sitara-2::conversation_5211190_4336.csv::s1,user_neutral_factual,2026-08-30 09:16:42.030
Sitara-2::conversation_5211190_4336.csv::s1,user_neutral_factual,2026-08-30 09:16:46.031
Sitara-2::conversation_5211190_4336.csv::s1,astro_other,2026-08-30 09:16:47.032
Sitara-2::conversation_5211190_4336.csv::s1,astro_callback_within,2026-08-30 09:16:49.033
Sitara-2::conversation_5211190_4336.csv::s1,astro_callback_within,2026-08-30 09:16:51.034
Sitara-2::conversation_5211190_4336.csv::s1,astro_other,2026-08-30 09:16:56.035
Sitara-2::conversation_5211190_4336.csv::s1,astro_callback_within,2026-08-30 09:16:58.036
Sitara-2::conversation_5211190_4336.csv::s1,user_pushback,2026-08-30 09:17:05.037
Sitara-2::conversation_5211190_4336.csv::s1,astro_open_thread,2026-08-30 09:17:10.038
Sitara-2::conversation_5211190_4336.csv::s1,user_pushback,2026-08-30 09:17:13.039
Sitara-2::conversation_5211190_4336.csv::s1,astro_callback_within,2026-08-30 09:17:17.040
Sitara-2::conversation_5212476_4336.csv::s1,user_neutral,2026-08-31 11:35:38.000
Sitara-2::conversation_5212476_4336.csv::s1,astro_other,2026-08-31 11:35:43.001
Sitara-2::conversation_5212476_4336.csv::s1,user_neutral_factual,2026-08-31 11:35:54.002
Sitara-2::conversation_5212476_4336.csv::s1,astro_callback_within,2026-08-31 11:35:59.003
Sitara-2::conversation_5212476_4336.csv::s1,user_neutral_factual,2026-08-31 11:36:08.004
Sitara-2::conversation_5212476_4336.csv::s1,astro_callback_within,2026-08-31 11:36:11.005
Sitara-2::conversation_5212476_4336.csv::s1,astro_callback_within,2026-08-31 11:36:12.006
Sitara-2::conversation_5212476_4336.csv::s1,astro_callback_within,2026-08-31 11:36:14.007
Sitara-2::conversation_5212476_4336.csv::s1,astro_callback_within,2026-08-31 11:36:16.008
Sitara-2::conversation_5212476_4336.csv::s1,user_neutral_factual,2026-08-31 11:36:29.009
Sitara-2::conversation_5212476_4336.csv::s1,astro_callback_within,2026-08-31 11:36:34.010
Sitara-2::conversation_5212476_4336.csv::s1,astro_callback_within,2026-08-31 11:36:38.011
Sitara-2::conversation_5212476_4336.csv::s1,astro_callback_within,2026-08-31 11:36:40.012
Sitara-2::conversation_5212476_4336.csv::s1,user_neutral_factual,2026-08-31 11:36:57.013
Sitara-2::conversation_5212476_4336.csv::s1,astro_callback_within,2026-08-31 11:37:01.014
Sitara-2::conversation_5212476_4336.csv::s1,user_neutral_factual,2026-08-31 11:37:11.015
Sitara-2::conversation_5212476_4336.csv::s1,astro_callback_within,2026-08-31 11:37:16.016
Sitara-2::conversation_5212476_4336.csv::s1,user_neutral_factual,2026-08-31 11:37:36.017
Sitara-2::conversation_5212476_4336.csv::s1,astro_callback_within,2026-08-31 11:37:45.018
Sitara-2::conversation_5212476_4336.csv::s1,user_neutral_factual,2026-08-31 11:37:52.019
Sitara-2::conversation_5212476_4336.csv::s1,astro_callback_within,2026-08-31 11:37:57.020
Sitara-2::conversation_5212476_4336.csv::s1,astro_callback_within,2026-08-31 11:37:59.021
Sitara-2::conversation_5212476_4336.csv::s1,user_enthusiastic,2026-08-31 11:38:17.022
Sitara-2::conversation_5212476_4336.csv::s1,astro_callback_within,2026-08-31 11:38:21.023
Sitara-2::conversation_5212476_4336.csv::s1,user_neutral_factual,2026-08-31 11:38:35.024
Sitara-2::conversation_5212476_4336.csv::s1,astro_callback_within,2026-08-31 11:38:39.025
Sitara-2::conversation_5212476_4336.csv::s1,astro_other,2026-08-31 11:38:41.026
Sitara-2::conversation_5212476_4336.csv::s1,user_neutral_factual,2026-08-31 11:38:49.027
Sitara-2::conversation_5212476_4336.csv::s1,user_enthusiastic,2026-08-31 11:39:01.028
Sitara-2::conversation_5212476_4336.csv::s1,astro_callback_within,2026-08-31 11:39:06.029
Sitara-2::conversation_5212476_4336.csv::s1,astro_other,2026-08-31 11:39:08.030
Sitara-2::conversation_5212476_4336.csv::s1,user_enthusiastic,2026-08-31 11:39:13.031
Sitara-2::conversation_5212476_4336.csv::s1,astro_callback_within,2026-08-31 11:39:17.032
Sitara-2::conversation_5212476_4336.csv::s1,astro_callback_within,2026-08-31 11:39:19.033
Sitara-2::conversation_5212476_4336.csv::s1,user_enthusiastic,2026-08-31 11:39:27.034
Sitara-2::conversation_5212476_4336.csv::s1,astro_callback_within,2026-08-31 11:39:32.035
Sitara-2::conversation_5212476_4336.csv::s1,user_enthusiastic,2026-08-31 11:39:41.036
Sitara-2::conversation_5212476_4336.csv::s1,astro_dated_prediction,2026-08-31 11:39:45.037
Sitara-2::conversation_5212476_4336.csv::s1,user_enthusiastic,2026-08-31 11:39:53.038
Sitara-2::conversation_5212476_4336.csv::s1,astro_dated_prediction,2026-08-31 11:39:58.039
Sitara-2::conversation_5212476_4336.csv::s1,user_enthusiastic,2026-08-31 11:40:09.040
Sitara-2::conversation_5212476_4336.csv::s1,astro_callback_within,2026-08-31 11:40:14.041
Sitara-2::conversation_5212476_4336.csv::s1,user_pushback,2026-08-31 11:40:24.042
Sitara-2::conversation_5212476_4336.csv::s1,astro_other,2026-08-31 11:40:28.043
Sitara-2::conversation_5212476_4336.csv::s1,astro_callback_within,2026-08-31 11:40:30.044
Sitara-2::conversation_5212476_4336.csv::s1,user_disengaging,2026-08-31 11:40:35.045
Sitara-2::conversation_5212476_4336.csv::s1,astro_callback_within,2026-08-31 11:40:40.046
Sitara-2::conversation_5213900_4336.csv::s1,user_neutral,2026-08-30 10:09:26.000
Sitara-2::conversation_5213900_4336.csv::s1,astro_other,2026-08-30 10:09:30.001
Sitara-2::conversation_5213900_4336.csv::s1,user_neutral_factual,2026-08-30 10:09:41.002
Sitara-2::conversation_5213900_4336.csv::s1,astro_callback_within,2026-08-30 10:09:54.003
Sitara-2::conversation_5213900_4336.csv::s1,user_emotional_disclosure,2026-08-30 10:10:13.004
Sitara-2::conversation_5213900_4336.csv::s1,astro_callback_within,2026-08-30 10:10:18.005
Sitara-2::conversation_5213900_4336.csv::s1,astro_callback_within,2026-08-30 10:10:20.006
Sitara-2::conversation_5213900_4336.csv::s1,astro_callback_within,2026-08-30 10:10:56.007
Sitara-2::conversation_5213900_4336.csv::s1,user_pushback,2026-08-30 10:11:04.008
Sitara-2::conversation_5213900_4336.csv::s1,astro_callback_within,2026-08-30 10:11:09.009
Sitara-2::conversation_5213900_4336.csv::s1,user_neutral_factual,2026-08-30 10:11:17.010
Sitara-2::conversation_5213900_4336.csv::s1,astro_callback_within,2026-08-30 10:11:22.011
Sitara-2::conversation_5213900_4336.csv::s1,user_emotional_disclosure,2026-08-30 10:11:58.012
Sitara-2::conversation_5213900_4336.csv::s1,astro_callback_within,2026-08-30 10:12:02.013
Sitara-2::conversation_5213900_4336.csv::s1,user_neutral_factual,2026-08-30 10:12:12.014
Sitara-2::conversation_5213900_4336.csv::s1,astro_dated_prediction,2026-08-30 10:12:17.015
Sitara-2::conversation_5213900_4336.csv::s1,user_neutral_factual,2026-08-30 10:12:33.016
Sitara-2::conversation_5213900_4336.csv::s1,user_emotional_disclosure,2026-08-30 10:13:06.017
Sitara-2::conversation_5213900_4336.csv::s1,astro_callback_within,2026-08-30 10:13:10.018
Sitara-2::conversation_5213900_4336.csv::s1,user_neutral_factual,2026-08-30 10:13:28.019
Sitara-2::conversation_5213900_4336.csv::s1,astro_callback_within,2026-08-30 10:13:33.020
Sitara-2::conversation_5213900_4336.csv::s1,user_neutral_factual,2026-08-30 10:13:44.021
Sitara-2::conversation_5213900_4336.csv::s1,astro_callback_within,2026-08-30 10:13:49.022
Sitara-2::conversation_5213900_4336.csv::s1,user_neutral_factual,2026-08-30 10:14:00.023
Sitara-2::conversation_5213900_4336.csv::s1,astro_callback_within,2026-08-30 10:14:05.024
Sitara-2::conversation_5213900_4336.csv::s1,user_emotional_disclosure,2026-08-30 10:15:12.025
Sitara-2::conversation_5213900_4336.csv::s1,astro_callback_within,2026-08-30 10:15:17.026
Sitara-2::conversation_5213900_4336.csv::s1,user_emotional_disclosure,2026-08-30 10:15:38.027
Sitara-2::conversation_5213900_4336.csv::s1,astro_callback_within,2026-08-30 10:15:43.028
Sitara-2::conversation_5213900_4336.csv::s1,user_neutral_factual,2026-08-30 10:16:04.029
Sitara-2::conversation_5213900_4336.csv::s1,astro_callback_within,2026-08-30 10:16:08.030
Sitara-2::conversation_5213900_4336.csv::s1,user_emotional_disclosure,2026-08-30 10:16:20.031
Sitara-2::conversation_5213900_4336.csv::s1,user_neutral_factual,2026-08-30 10:16:32.032
Sitara-2::conversation_5213900_4336.csv::s1,astro_callback_within,2026-08-30 10:16:36.033
Sitara-2::conversation_5213900_4336.csv::s1,user_neutral_factual,2026-08-30 10:16:46.034
Sitara-2::conversation_5213900_4336.csv::s1,astro_callback_within,2026-08-30 10:16:51.035
Sitara-2::conversation_5213900_4336.csv::s1,astro_callback_within,2026-08-30 10:17:06.036
Sitara-2::conversation_5213900_4336.csv::s1,user_neutral_factual,2026-08-30 10:17:21.037
Sitara-2::conversation_5213900_4336.csv::s1,astro_callback_within,2026-08-30 10:17:25.038
Sitara-2::conversation_5213900_4336.csv::s1,user_neutral_factual,2026-08-30 10:17:40.039
Sitara-2::conversation_5213900_4336.csv::s1,astro_callback_within,2026-08-30 10:17:44.040
Sitara-2::conversation_5213900_4336.csv::s1,user_neutral_factual,2026-08-30 10:18:26.041
Sitara-2::conversation_5213900_4336.csv::s1,astro_callback_within,2026-08-30 10:18:30.042
Sitara-2::conversation_5213900_4336.csv::s1,user_neutral_factual,2026-08-30 10:19:00.043
Sitara-2::conversation_5213900_4336.csv::s1,astro_callback_within,2026-08-30 10:19:05.044
Sitara-2::conversation_5213900_4336.csv::s1,user_disengaging,2026-08-30 10:19:08.045
Sitara-2::conversation_5213900_4336.csv::s1,astro_open_thread,2026-08-30 10:19:15.046
Sitara-2::conversation_5213900_4336.csv::s1,user_enthusiastic,2026-08-30 10:19:22.047
Sitara-2::conversation_5213900_4336.csv::s1,astro_dated_prediction,2026-08-30 10:19:26.048
Sitara-2::conversation_5214285_4336.csv::s1,user_neutral,2026-08-30 10:18:08.000
Sitara-2::conversation_5214285_4336.csv::s1,user_neutral_factual,2026-08-30 10:18:38.001
Sitara-2::conversation_5214285_4336.csv::s1,astro_callback_within,2026-08-30 10:18:43.002
Sitara-2::conversation_5214285_4336.csv::s1,user_pushback,2026-08-30 10:19:01.003
Sitara-2::conversation_5214285_4336.csv::s1,astro_callback_within,2026-08-30 10:19:08.004
Sitara-2::conversation_5214285_4336.csv::s1,astro_callback_within,2026-08-30 10:19:18.005
Sitara-2::conversation_5214285_4336.csv::s1,user_neutral_factual,2026-08-30 10:19:28.006
Sitara-2::conversation_5214285_4336.csv::s1,user_neutral_factual,2026-08-30 10:19:42.007
Sitara-2::conversation_5214285_4336.csv::s1,astro_callback_within,2026-08-30 10:19:47.008
Sitara-2::conversation_5214285_4336.csv::s1,user_neutral_factual,2026-08-30 10:19:52.009
Sitara-2::conversation_5214285_4336.csv::s1,astro_dated_prediction,2026-08-30 10:19:56.010
Sitara-2::conversation_5214285_4336.csv::s1,user_neutral_factual,2026-08-30 10:20:17.011
Sitara-2::conversation_5214285_4336.csv::s1,astro_callback_within,2026-08-30 10:20:22.012
Sitara-2::conversation_5214285_4336.csv::s1,astro_callback_within,2026-08-30 10:20:24.013
Sitara-2::conversation_5214285_4336.csv::s1,user_pushback,2026-08-30 10:20:45.014
Sitara-2::conversation_5214285_4336.csv::s1,astro_callback_within,2026-08-30 10:20:50.015
Sitara-2::conversation_5214285_4336.csv::s1,astro_callback_within,2026-08-30 10:20:52.016
Sitara-2::conversation_5214285_4336.csv::s1,user_neutral_factual,2026-08-30 10:21:13.017
Sitara-2::conversation_5214285_4336.csv::s1,user_neutral_factual,2026-08-30 10:21:16.018
Sitara-2::conversation_5214285_4336.csv::s1,astro_callback_within,2026-08-30 10:21:17.019
Sitara-2::conversation_5214285_4336.csv::s1,astro_callback_within,2026-08-30 10:21:22.020
Sitara-2::conversation_5214285_4336.csv::s1,user_neutral_factual,2026-08-30 10:21:28.021
Sitara-2::conversation_5214285_4336.csv::s1,astro_callback_within,2026-08-30 10:21:33.022
Sitara-2::conversation_5214285_4336.csv::s1,user_emotional_disclosure,2026-08-30 10:21:57.023
Sitara-2::conversation_5214285_4336.csv::s1,astro_dated_prediction,2026-08-30 10:22:01.024
Sitara-2::conversation_5214285_4336.csv::s1,user_neutral_factual,2026-08-30 10:22:23.025
Sitara-2::conversation_5214285_4336.csv::s1,astro_callback_within,2026-08-30 10:22:28.026
Sitara-2::conversation_5214285_4336.csv::s1,user_enthusiastic,2026-08-30 10:22:40.027
Sitara-2::conversation_5214285_4336.csv::s1,astro_callback_within,2026-08-30 10:22:45.028
Sitara-2::conversation_5214285_4336.csv::s1,astro_open_thread,2026-08-30 10:22:47.029
Sitara-2::conversation_5214285_4336.csv::s1,user_enthusiastic,2026-08-30 10:22:55.030
Sitara-2::conversation_5214285_4336.csv::s1,astro_callback_within,2026-08-30 10:22:59.031
Sitara-2::conversation_5214285_4336.csv::s1,user_enthusiastic,2026-08-30 10:23:08.032
Sitara-2::conversation_5214285_4336.csv::s1,astro_other,2026-08-30 10:23:14.033
Sitara-2::conversation_5214285_4336.csv::s1,astro_callback_within,2026-08-30 10:23:16.034
Sitara-2::conversation_5214285_4336.csv::s1,astro_callback_within,2026-08-30 10:23:18.035
Sitara-2::conversation_5218413_4336.csv::s1,user_neutral,2026-08-30 12:33:52.000
Sitara-2::conversation_5218413_4336.csv::s1,astro_other,2026-08-30 12:33:56.001
Sitara-2::conversation_5218413_4336.csv::s1,astro_other,2026-08-30 12:33:58.002
Sitara-2::conversation_5218413_4336.csv::s1,user_neutral_factual,2026-08-30 12:38:01.003
Sitara-2::conversation_5218413_4336.csv::s1,astro_callback_within,2026-08-30 12:38:06.004
Sitara-2::conversation_5218413_4336.csv::s1,user_emotional_disclosure,2026-08-30 12:38:39.005
Sitara-2::conversation_5218413_4336.csv::s1,astro_callback_within,2026-08-30 12:38:44.006
Sitara-2::conversation_5218413_4336.csv::s1,user_neutral_factual,2026-08-30 12:38:51.007
Sitara-2::conversation_5218413_4336.csv::s1,astro_dated_prediction,2026-08-30 12:38:56.008
Sitara-2::conversation_5218413_4336.csv::s2,user_neutral,2026-08-30 12:54:10.000
Sitara-2::conversation_5218413_4336.csv::s2,astro_other,2026-08-30 12:54:14.001
Sitara-2::conversation_5218413_4336.csv::s2,astro_other,2026-08-30 12:54:17.002
Sitara-2::conversation_5218413_4336.csv::s2,user_neutral_factual,2026-08-30 12:54:34.003
Sitara-2::conversation_5218413_4336.csv::s2,astro_dated_prediction,2026-08-30 12:54:39.004
Sitara-2::conversation_5218413_4336.csv::s2,astro_callback_within,2026-08-30 12:54:41.005
Sitara-2::conversation_5218413_4336.csv::s2,astro_other,2026-08-30 12:55:05.006
Sitara-2::conversation_5218413_4336.csv::s2,astro_other,2026-08-30 12:55:34.007
Sitara-2::conversation_5218413_4336.csv::s2,user_neutral_factual,2026-08-30 12:55:53.008
Sitara-2::conversation_5218413_4336.csv::s2,astro_callback_within,2026-08-30 12:55:58.009
Sitara-2::conversation_5218413_4336.csv::s2,user_emotional_disclosure,2026-08-30 12:56:46.010
Sitara-2::conversation_5218413_4336.csv::s2,astro_callback_within,2026-08-30 12:56:51.011
Sitara-2::conversation_5218413_4336.csv::s2,astro_callback_within,2026-08-30 12:58:21.012
Sitara-2::conversation_5218413_4336.csv::s2,user_neutral_factual,2026-08-30 12:58:37.013
Sitara-2::conversation_5218413_4336.csv::s2,astro_reframe,2026-08-30 12:58:41.014
Sitara-2::conversation_5218413_4336.csv::s2,user_neutral_factual,2026-08-30 12:58:53.015
Sitara-2::conversation_5218413_4336.csv::s2,astro_dated_prediction,2026-08-30 12:58:58.016
Sitara-2::conversation_5218413_4336.csv::s2,user_pushback,2026-08-30 12:59:21.017
Sitara-2::conversation_5218413_4336.csv::s2,astro_dated_prediction,2026-08-30 12:59:26.018
Sitara-2::conversation_5218413_4336.csv::s2,user_neutral_factual,2026-08-30 13:00:05.019
Sitara-2::conversation_5218413_4336.csv::s2,astro_other,2026-08-30 13:00:10.020
Sitara-2::conversation_5218413_4336.csv::s2,user_neutral_factual,2026-08-30 13:00:35.021
Sitara-2::conversation_5218413_4336.csv::s2,astro_other,2026-08-30 13:00:39.022
Sitara-2::conversation_5218413_4336.csv::s2,user_neutral_factual,2026-08-30 13:01:05.023
Sitara-2::conversation_5218413_4336.csv::s2,astro_other,2026-08-30 13:01:10.024
Sitara-2::conversation_5218413_4336.csv::s2,user_neutral_factual,2026-08-30 13:01:29.025
Sitara-2::conversation_5218413_4336.csv::s2,astro_callback_within,2026-08-30 13:01:33.026
Sitara-2::conversation_5218413_4336.csv::s2,user_neutral_factual,2026-08-30 13:01:48.027
Sitara-2::conversation_5218413_4336.csv::s2,astro_callback_within,2026-08-30 13:01:53.028
Sitara-2::conversation_5218413_4336.csv::s2,user_neutral_factual,2026-08-30 13:02:04.029
Sitara-2::conversation_5218413_4336.csv::s2,astro_dated_prediction,2026-08-30 13:02:09.030
Sitara-2::conversation_5218413_4336.csv::s2,user_neutral_factual,2026-08-30 13:02:27.031
Sitara-2::conversation_5218413_4336.csv::s2,astro_callback_within,2026-08-30 13:02:34.032
Sitara-2::conversation_5218413_4336.csv::s2,user_emotional_disclosure,2026-08-30 13:02:57.033
Sitara-2::conversation_5218413_4336.csv::s2,astro_callback_within,2026-08-30 13:03:01.034
Sitara-2::conversation_5218413_4336.csv::s2,astro_reframe,2026-08-30 13:03:13.035
Sitara-2::conversation_5218413_4336.csv::s2,user_neutral_factual,2026-08-30 13:03:33.036
Sitara-2::conversation_5218413_4336.csv::s2,astro_dated_prediction,2026-08-30 13:03:37.037
Sitara-2::conversation_5218413_4336.csv::s2,astro_dated_prediction,2026-08-30 13:03:39.038
Sitara-2::conversation_5218413_4336.csv::s2,user_neutral_factual,2026-08-30 13:04:06.039
Sitara-2::conversation_5218413_4336.csv::s2,astro_open_thread,2026-08-30 13:04:10.040
Sitara-2::conversation_5218413_4336.csv::s2,user_enthusiastic,2026-08-30 13:04:48.041
Sitara-2::conversation_5218413_4336.csv::s2,astro_dated_prediction,2026-08-30 13:04:53.042
Sitara-2::conversation_5218413_4336.csv::s2,astro_other,2026-08-30 13:05:26.043
Sitara-2::conversation_5218413_4336.csv::s2,user_enthusiastic,2026-08-30 13:05:44.044
Sitara-2::conversation_5218413_4336.csv::s2,astro_reframe,2026-08-30 13:06:07.045
Sitara-2::conversation_5218413_4336.csv::s2,user_enthusiastic,2026-08-30 13:06:20.046
Sitara-2::conversation_5218413_4336.csv::s2,astro_callback_within,2026-08-30 13:06:25.047
Sitara-2::conversation_5218413_4336.csv::s2,user_neutral_factual,2026-08-30 13:06:44.048
Sitara-2::conversation_5218413_4336.csv::s2,astro_callback_within,2026-08-30 13:06:49.049
Sitara-2::conversation_5218413_4336.csv::s2,user_neutral_factual,2026-08-30 13:07:09.050
Sitara-2::conversation_5218413_4336.csv::s2,astro_reframe,2026-08-30 13:07:14.051
Sitara-2::conversation_5218413_4336.csv::s2,user_enthusiastic,2026-08-30 13:07:22.052
Sitara-2::conversation_5218413_4336.csv::s2,astro_reframe,2026-08-30 13:07:26.053
Sitara-2::conversation_5218413_4336.csv::s2,user_enthusiastic,2026-08-30 13:07:34.054
Sitara-2::conversation_5218413_4336.csv::s2,astro_reframe,2026-08-30 13:07:38.055
Sitara-2::conversation_5226060_4336.csv::s1,user_neutral,2026-08-30 16:50:10.000
Sitara-2::conversation_5226060_4336.csv::s1,astro_other,2026-08-30 16:50:14.001
Sitara-2::conversation_5226060_4336.csv::s1,astro_validation,2026-08-30 16:50:35.002
Sitara-2::conversation_5226060_4336.csv::s1,astro_other,2026-08-30 16:50:37.003
Sitara-2::conversation_5226060_4336.csv::s1,astro_other,2026-08-30 16:50:46.004
Sitara-2::conversation_5226060_4336.csv::s1,astro_callback_within,2026-08-30 16:50:48.005
Sitara-2::conversation_5226060_4336.csv::s1,user_emotional_disclosure,2026-08-30 16:50:51.006
Sitara-2::conversation_5226060_4336.csv::s1,astro_dated_prediction,2026-08-30 16:50:56.007
Sitara-2::conversation_5226060_4336.csv::s1,user_neutral_factual,2026-08-30 16:51:05.008
Sitara-2::conversation_5226060_4336.csv::s1,astro_callback_within,2026-08-30 16:51:10.009
Sitara-2::conversation_5226060_4336.csv::s1,astro_other,2026-08-30 16:51:12.010
Sitara-2::conversation_5226060_4336.csv::s1,astro_validation,2026-08-30 16:51:29.011
Sitara-2::conversation_5226060_4336.csv::s1,user_emotional_disclosure,2026-08-30 16:51:57.012
Sitara-2::conversation_5226060_4336.csv::s1,astro_dated_prediction,2026-08-30 16:52:01.013
Sitara-2::conversation_5226060_4336.csv::s1,user_neutral_factual,2026-08-30 16:52:01.014
Sitara-2::conversation_5226060_4336.csv::s1,astro_other,2026-08-30 16:52:06.015
Sitara-2::conversation_5226060_4336.csv::s1,user_emotional_disclosure,2026-08-30 16:52:26.016
Sitara-2::conversation_5226060_4336.csv::s1,astro_reframe,2026-08-30 16:52:30.017
Sitara-2::conversation_5226060_4336.csv::s1,user_neutral_factual,2026-08-30 16:52:30.018
Sitara-2::conversation_5226060_4336.csv::s1,astro_dated_prediction,2026-08-30 16:52:35.019
Sitara-2::conversation_5226060_4336.csv::s1,user_neutral_factual,2026-08-30 16:52:52.020
Sitara-2::conversation_5226060_4336.csv::s1,astro_callback_within,2026-08-30 16:52:57.021
Sitara-2::conversation_5226060_4336.csv::s1,user_neutral_factual,2026-08-30 16:53:09.022
Sitara-2::conversation_5226060_4336.csv::s1,astro_reframe,2026-08-30 16:53:14.023
Sitara-2::conversation_5226060_4336.csv::s1,user_emotional_disclosure,2026-08-30 16:53:55.024
Sitara-2::conversation_5226060_4336.csv::s1,astro_reframe,2026-08-30 16:54:00.025
Sitara-2::conversation_5226060_4336.csv::s1,user_neutral_factual,2026-08-30 16:54:13.026
Sitara-2::conversation_5226060_4336.csv::s1,astro_dated_prediction,2026-08-30 16:54:18.027
Sitara-2::conversation_5226060_4336.csv::s1,user_emotional_disclosure,2026-08-30 16:54:39.028
Sitara-2::conversation_5226060_4336.csv::s1,astro_callback_within,2026-08-30 16:54:44.029
Sitara-2::conversation_5226060_4336.csv::s1,user_neutral_factual,2026-08-30 16:55:05.030
Sitara-2::conversation_5226060_4336.csv::s1,astro_other,2026-08-30 16:55:10.031
Sitara-2::conversation_5226060_4336.csv::s2,user_neutral,2026-08-30 16:56:31.000
Sitara-2::conversation_5226060_4336.csv::s2,astro_other,2026-08-30 16:56:35.001
Sitara-2::conversation_5226060_4336.csv::s2,astro_other,2026-08-30 16:56:37.002
Sitara-2::conversation_5226060_4336.csv::s2,user_emotional_disclosure,2026-08-30 16:56:57.003
Sitara-2::conversation_5226060_4336.csv::s2,astro_callback_within,2026-08-30 16:57:02.004
Sitara-2::conversation_5226060_4336.csv::s2,astro_reframe,2026-08-30 16:57:04.005
Sitara-2::conversation_5226060_4336.csv::s2,astro_other,2026-08-30 16:57:09.006
Sitara-2::conversation_5226060_4336.csv::s2,user_emotional_disclosure,2026-08-30 16:57:38.007
Sitara-2::conversation_5226060_4336.csv::s2,astro_callback_within,2026-08-30 16:57:43.008
Sitara-2::conversation_5226060_4336.csv::s2,user_emotional_disclosure,2026-08-30 16:57:44.009
Sitara-2::conversation_5226060_4336.csv::s2,astro_callback_within,2026-08-30 16:57:49.010
Sitara-2::conversation_5226060_4336.csv::s2,astro_callback_within,2026-08-30 16:57:51.011
Sitara-2::conversation_5226060_4336.csv::s2,user_neutral,2026-08-30 16:58:00.012
Sitara-2::conversation_5226060_4336.csv::s2,astro_dated_prediction,2026-08-30 16:58:05.013
Sitara-2::conversation_5226060_4336.csv::s2,user_emotional_disclosure,2026-08-30 16:58:27.014
Sitara-2::conversation_5226060_4336.csv::s2,user_emotional_disclosure,2026-08-30 16:58:32.015
Sitara-2::conversation_5226060_4336.csv::s2,astro_callback_within,2026-08-30 16:58:36.016
Sitara-2::conversation_5226060_4336.csv::s2,user_enthusiastic,2026-08-30 16:58:48.017
Sitara-2::conversation_5226060_4336.csv::s2,astro_callback_within,2026-08-30 16:58:52.018
Sitara-2::conversation_5226060_4336.csv::s2,user_enthusiastic,2026-08-30 16:59:03.019
Sitara-2::conversation_5226060_4336.csv::s2,astro_callback_within,2026-08-30 16:59:07.020
Sitara-2::conversation_5226060_4336.csv::s2,user_neutral,2026-08-30 16:59:24.021
Sitara-2::conversation_5226060_4336.csv::s2,astro_callback_within,2026-08-30 16:59:29.022
Sitara-2::conversation_5226060_4336.csv::s2,user_neutral,2026-08-30 17:00:02.023
Sitara-2::conversation_5226060_4336.csv::s2,astro_callback_within,2026-08-30 17:00:07.024
Sitara-2::conversation_5226060_4336.csv::s2,user_neutral,2026-08-30 17:00:38.025
Sitara-2::conversation_5226060_4336.csv::s2,astro_callback_within,2026-08-30 17:00:43.026
Sitara-2::conversation_5226060_4336.csv::s2,user_neutral,2026-08-30 17:01:01.027
Sitara-2::conversation_5226060_4336.csv::s2,astro_callback_within,2026-08-30 17:01:05.028
Sitara-2::conversation_5226060_4336.csv::s2,user_emotional_disclosure,2026-08-30 17:01:34.029
Sitara-2::conversation_5226060_4336.csv::s2,astro_callback_within,2026-08-30 17:01:38.030
Sitara-2::conversation_5226060_4336.csv::s2,astro_callback_within,2026-08-30 17:01:45.031
Sitara-2::conversation_5226060_4336.csv::s2,user_neutral_factual,2026-08-30 17:01:57.032
Sitara-2::conversation_5226060_4336.csv::s2,astro_dated_prediction,2026-08-30 17:02:02.033
Sitara-2::conversation_5226060_4336.csv::s2,user_emotional_disclosure,2026-08-30 17:02:19.034
Sitara-2::conversation_5226060_4336.csv::s2,astro_callback_within,2026-08-30 17:02:24.035
Sitara-2::conversation_5226060_4336.csv::s2,user_emotional_disclosure,2026-08-30 17:02:24.036
Sitara-2::conversation_5226060_4336.csv::s2,astro_callback_within,2026-08-30 17:02:26.037
Sitara-2::conversation_5226060_4336.csv::s2,astro_callback_within,2026-08-30 17:02:31.038
Sitara-2::conversation_5226060_4336.csv::s2,user_neutral,2026-08-30 17:02:45.039
Sitara-2::conversation_5226060_4336.csv::s2,astro_dated_prediction,2026-08-30 17:02:49.040
Sitara-2::conversation_5226060_4336.csv::s2,user_neutral,2026-08-30 17:03:04.041
Sitara-2::conversation_5226060_4336.csv::s2,user_neutral,2026-08-30 17:03:07.042
Sitara-2::conversation_5226060_4336.csv::s2,astro_callback_within,2026-08-30 17:03:09.043
Sitara-2::conversation_5226060_4336.csv::s2,astro_other,2026-08-30 17:03:11.044
Sitara-2::conversation_5226060_4336.csv::s2,astro_callback_within,2026-08-30 17:03:15.045
Sitara-2::conversation_5226060_4336.csv::s2,user_emotional_disclosure,2026-08-30 17:03:33.046
Sitara-2::conversation_5226060_4336.csv::s2,astro_callback_within,2026-08-30 17:03:38.047
Sitara-2::conversation_5226060_4336.csv::s2,user_neutral_factual,2026-08-30 17:03:53.048
Sitara-2::conversation_5226060_4336.csv::s2,astro_callback_within,2026-08-30 17:03:58.049
Sitara-2::conversation_5226060_4336.csv::s2,user_neutral,2026-08-30 17:04:27.050
Sitara-2::conversation_5226060_4336.csv::s2,astro_callback_within,2026-08-30 17:04:32.051
Sitara-2::conversation_5226060_4336.csv::s2,user_neutral_factual,2026-08-30 17:04:32.052
Sitara-2::conversation_5226060_4336.csv::s2,astro_callback_within,2026-08-30 17:04:37.053
Sitara-2::conversation_5226060_4336.csv::s2,user_neutral,2026-08-30 17:04:53.054
Sitara-2::conversation_5226060_4336.csv::s2,astro_dated_prediction,2026-08-30 17:04:58.055
Sitara-2::conversation_5226060_4336.csv::s2,user_neutral,2026-08-30 17:05:13.056
Sitara-2::conversation_5226060_4336.csv::s2,astro_callback_within,2026-08-30 17:05:18.057
Sitara-2::conversation_5226060_4336.csv::s2,user_neutral,2026-08-30 17:05:31.058
Sitara-2::conversation_5226060_4336.csv::s2,astro_callback_within,2026-08-30 17:05:36.059
Sitara-2::conversation_5226060_4336.csv::s2,user_enthusiastic,2026-08-30 17:05:59.060
Sitara-2::conversation_5226060_4336.csv::s2,astro_callback_within,2026-08-30 17:06:04.061
Sitara-2::conversation_5226060_4336.csv::s2,user_enthusiastic,2026-08-30 17:06:11.062
Sitara-2::conversation_5226060_4336.csv::s2,astro_open_thread,2026-08-30 17:06:16.063
Sitara-2::conversation_5226060_4336.csv::s2,user_enthusiastic,2026-08-30 17:06:26.064
Sitara-2::conversation_5226060_4336.csv::s2,astro_callback_within,2026-08-30 17:06:31.065
Sitara-2::conversation_5227466_4336.csv::s1,user_neutral,2026-08-30 17:35:32.000
Sitara-2::conversation_5227466_4336.csv::s1,astro_other,2026-08-30 17:35:37.001
Sitara-2::conversation_5227466_4336.csv::s1,user_enthusiastic,2026-08-30 17:35:45.002
Sitara-2::conversation_5227466_4336.csv::s1,astro_other,2026-08-30 17:35:49.003
Sitara-2::conversation_5227466_4336.csv::s1,user_neutral_factual,2026-08-30 17:35:55.004
Sitara-2::conversation_5227466_4336.csv::s1,astro_callback_within,2026-08-30 17:36:00.005
Sitara-2::conversation_5227466_4336.csv::s1,user_neutral,2026-08-30 17:36:07.006
Sitara-2::conversation_5227466_4336.csv::s1,astro_callback_within,2026-08-30 17:36:12.007
Sitara-2::conversation_5227466_4336.csv::s1,user_neutral_factual,2026-08-30 17:36:30.008
Sitara-2::conversation_5227466_4336.csv::s1,astro_dated_prediction,2026-08-30 17:36:35.009
Sitara-2::conversation_5227466_4336.csv::s1,user_neutral_factual,2026-08-30 17:36:41.010
Sitara-2::conversation_5227466_4336.csv::s1,astro_callback_within,2026-08-30 17:36:45.011
Sitara-2::conversation_5227466_4336.csv::s1,user_neutral,2026-08-30 17:36:47.012
Sitara-2::conversation_5227466_4336.csv::s1,astro_dated_prediction,2026-08-30 17:36:51.013
Sitara-2::conversation_5227466_4336.csv::s1,user_neutral_factual,2026-08-30 17:37:02.014
Sitara-2::conversation_5227466_4336.csv::s1,astro_dated_prediction,2026-08-30 17:37:06.015
Sitara-2::conversation_5227466_4336.csv::s1,user_neutral,2026-08-30 17:37:13.016
Sitara-2::conversation_5227466_4336.csv::s1,astro_callback_within,2026-08-30 17:37:17.017
Sitara-2::conversation_5227466_4336.csv::s1,user_neutral_factual,2026-08-30 17:37:26.018
Sitara-2::conversation_5227466_4336.csv::s1,astro_callback_within,2026-08-30 17:37:31.019
Sitara-2::conversation_5227466_4336.csv::s1,user_neutral,2026-08-30 17:37:36.020
Sitara-2::conversation_5227466_4336.csv::s1,astro_callback_within,2026-08-30 17:37:40.021
Sitara-2::conversation_5227466_4336.csv::s1,user_neutral,2026-08-30 17:37:51.022
Sitara-2::conversation_5227466_4336.csv::s1,astro_callback_within,2026-08-30 17:37:56.023
Sitara-2::conversation_5227466_4336.csv::s1,user_neutral,2026-08-30 17:38:02.024
Sitara-2::conversation_5227466_4336.csv::s1,astro_callback_within,2026-08-30 17:38:07.025
Sitara-2::conversation_5227466_4336.csv::s1,user_neutral_factual,2026-08-30 17:38:13.026
Sitara-2::conversation_5227466_4336.csv::s1,astro_callback_within,2026-08-30 17:38:18.027
Sitara-2::conversation_5227466_4336.csv::s1,user_neutral_factual,2026-08-30 17:38:27.028
Sitara-2::conversation_5227466_4336.csv::s1,astro_callback_within,2026-08-30 17:38:32.029
Sitara-2::conversation_5227466_4336.csv::s1,user_neutral_factual,2026-08-30 17:38:36.030
Sitara-2::conversation_5227466_4336.csv::s1,astro_callback_within,2026-08-30 17:38:41.031
Sitara-2::conversation_5227466_4336.csv::s1,user_enthusiastic,2026-08-30 17:38:51.032
Sitara-2::conversation_5227466_4336.csv::s1,astro_callback_within,2026-08-30 17:38:56.033
Sitara-2::conversation_5227466_4336.csv::s1,user_neutral_factual,2026-08-30 17:39:06.034
Sitara-2::conversation_5227466_4336.csv::s1,astro_callback_within,2026-08-30 17:39:10.035
Sitara-2::conversation_5227466_4336.csv::s1,user_neutral,2026-08-30 17:39:14.036
Sitara-2::conversation_5227466_4336.csv::s1,astro_callback_within,2026-08-30 17:39:23.037
Sitara-2::conversation_5227466_4336.csv::s1,user_neutral,2026-08-30 17:39:29.038
Sitara-2::conversation_5227466_4336.csv::s1,astro_callback_within,2026-08-30 17:39:34.039
Sitara-2::conversation_5227466_4336.csv::s1,user_emotional_disclosure,2026-08-30 17:39:42.040
Sitara-2::conversation_5227466_4336.csv::s1,astro_callback_within,2026-08-30 17:39:51.041
Sitara-2::conversation_5227466_4336.csv::s1,user_neutral_factual,2026-08-30 17:40:01.042
Sitara-2::conversation_5227466_4336.csv::s1,astro_reframe,2026-08-30 17:40:06.043
Sitara-2::conversation_5227780_4336.csv::s1,user_neutral,2026-08-30 17:48:30.000
Sitara-2::conversation_5227780_4336.csv::s1,astro_other,2026-08-30 17:48:34.001
Sitara-2::conversation_5227780_4336.csv::s1,astro_other,2026-08-30 17:48:36.002
Sitara-2::conversation_5227780_4336.csv::s1,user_pushback,2026-08-30 17:49:03.003
Sitara-2::conversation_5227780_4336.csv::s1,astro_callback_within,2026-08-30 17:49:08.004
Sitara-2::conversation_5227780_4336.csv::s1,astro_callback_within,2026-08-30 17:49:18.005
Sitara-2::conversation_5227780_4336.csv::s1,user_neutral,2026-08-30 17:49:40.006
Sitara-2::conversation_5227780_4336.csv::s1,astro_callback_within,2026-08-30 17:49:44.007
Sitara-2::conversation_5227780_4336.csv::s1,astro_other,2026-08-30 17:49:53.008
Sitara-2::conversation_5227780_4336.csv::s1,astro_other,2026-08-30 17:49:55.009
Sitara-2::conversation_5227780_4336.csv::s1,user_emotional_disclosure,2026-08-30 17:50:02.010
Sitara-2::conversation_5227780_4336.csv::s1,astro_callback_within,2026-08-30 17:50:07.011
Sitara-2::conversation_5227780_4336.csv::s1,astro_callback_within,2026-08-30 17:50:09.012
Sitara-2::conversation_5227780_4336.csv::s1,user_enthusiastic,2026-08-30 17:50:30.013
Sitara-2::conversation_5227780_4336.csv::s1,astro_callback_within,2026-08-30 17:50:35.014
Sitara-2::conversation_5227780_4336.csv::s1,astro_callback_within,2026-08-30 17:50:37.015
Sitara-2::conversation_5227780_4336.csv::s1,astro_callback_within,2026-08-30 17:50:40.016
Sitara-2::conversation_5227780_4336.csv::s1,user_enthusiastic,2026-08-30 17:50:54.017
Sitara-2::conversation_5227780_4336.csv::s1,astro_callback_within,2026-08-30 17:50:59.018
Sitara-2::conversation_5227780_4336.csv::s1,user_emotional_disclosure,2026-08-30 17:51:11.019
Sitara-2::conversation_5227780_4336.csv::s1,user_emotional_disclosure,2026-08-30 17:51:29.020
Sitara-2::conversation_5227780_4336.csv::s1,astro_callback_within,2026-08-30 17:51:34.021
Sitara-2::conversation_5227780_4336.csv::s1,user_neutral,2026-08-30 17:51:57.022
Sitara-2::conversation_5227780_4336.csv::s1,astro_callback_within,2026-08-30 17:52:03.023
Sitara-2::conversation_5227780_4336.csv::s1,user_emotional_disclosure,2026-08-30 17:52:05.024
Sitara-2::conversation_5227780_4336.csv::s1,astro_callback_within,2026-08-30 17:52:09.025
Sitara-2::conversation_5227780_4336.csv::s1,user_neutral,2026-08-30 17:52:22.026
Sitara-2::conversation_5227780_4336.csv::s1,astro_dated_prediction,2026-08-30 17:52:26.027
Sitara-2::conversation_5227780_4336.csv::s1,user_emotional_disclosure,2026-08-30 17:52:30.028
Sitara-2::conversation_5227780_4336.csv::s1,astro_dated_prediction,2026-08-30 17:52:35.029
Sitara-2::conversation_5227780_4336.csv::s1,astro_callback_within,2026-08-30 17:52:55.030
Sitara-2::conversation_5227780_4336.csv::s1,user_emotional_disclosure,2026-08-30 17:52:56.031
Sitara-2::conversation_5227780_4336.csv::s1,astro_callback_within,2026-08-30 17:53:01.032
Sitara-2::conversation_5227780_4336.csv::s1,astro_callback_within,2026-08-30 17:53:03.033
Sitara-2::conversation_5227780_4336.csv::s1,user_neutral,2026-08-30 17:53:12.034
Sitara-2::conversation_5227780_4336.csv::s1,astro_callback_within,2026-08-30 17:53:17.035
Sitara-2::conversation_5227780_4336.csv::s1,astro_callback_within,2026-08-30 17:53:31.036
Sitara-2::conversation_5229089_4336.csv::s1,user_neutral,2026-08-30 18:47:25.000
Sitara-2::conversation_5229089_4336.csv::s1,astro_other,2026-08-30 18:47:29.001
Sitara-2::conversation_5229089_4336.csv::s1,user_neutral,2026-08-30 18:48:09.002
Sitara-2::conversation_5229089_4336.csv::s1,astro_other,2026-08-30 18:48:14.003
Sitara-2::conversation_5229089_4336.csv::s1,astro_other,2026-08-30 18:48:24.004
Sitara-2::conversation_5229089_4336.csv::s1,user_neutral_factual,2026-08-30 18:48:39.005
Sitara-2::conversation_5229089_4336.csv::s1,astro_other,2026-08-30 18:48:44.006
Sitara-2::conversation_5229089_4336.csv::s1,user_emotional_disclosure,2026-08-30 18:49:07.007
Sitara-2::conversation_5229089_4336.csv::s1,astro_reframe,2026-08-30 18:49:12.008
Sitara-2::conversation_5229089_4336.csv::s1,astro_dated_prediction,2026-08-30 18:49:14.009
Sitara-2::conversation_5229089_4336.csv::s1,user_emotional_disclosure,2026-08-30 18:49:39.010
Sitara-2::conversation_5229089_4336.csv::s1,astro_other,2026-08-30 18:49:44.011
Sitara-2::conversation_5229089_4336.csv::s1,user_neutral,2026-08-30 18:49:50.012
Sitara-2::conversation_5229089_4336.csv::s1,astro_other,2026-08-30 18:49:55.013
Sitara-2::conversation_5229089_4336.csv::s1,user_neutral_factual,2026-08-30 18:50:19.014
Sitara-2::conversation_5229089_4336.csv::s1,astro_other,2026-08-30 18:50:23.015
Sitara-2::conversation_5229089_4336.csv::s1,user_neutral,2026-08-30 18:50:27.016
Sitara-2::conversation_5229089_4336.csv::s1,user_neutral,2026-08-30 18:52:01.017
Sitara-2::conversation_5229089_4336.csv::s1,astro_other,2026-08-30 18:52:06.018
Sitara-2::conversation_5229089_4336.csv::s1,user_neutral_factual,2026-08-30 18:52:46.019
Sitara-2::conversation_5229089_4336.csv::s1,astro_other,2026-08-30 18:52:50.020
Sitara-2::conversation_5229089_4336.csv::s1,user_emotional_disclosure,2026-08-30 18:53:15.021
Sitara-2::conversation_5229089_4336.csv::s1,user_emotional_disclosure,2026-08-30 18:53:20.022
Sitara-2::conversation_5229089_4336.csv::s1,astro_reframe,2026-08-30 18:53:22.023
Sitara-2::conversation_5229089_4336.csv::s1,astro_validation,2026-08-30 18:53:26.024
Sitara-2::conversation_5229089_4336.csv::s1,astro_other,2026-08-30 18:53:28.025
Sitara-2::conversation_5229089_4336.csv::s1,user_emotional_disclosure,2026-08-30 18:53:37.026
Sitara-2::conversation_5229089_4336.csv::s1,astro_other,2026-08-30 18:53:42.027
Sitara-2::conversation_5229089_4336.csv::s1,astro_reframe,2026-08-30 18:53:44.028
Sitara-2::conversation_5229089_4336.csv::s1,astro_open_thread,2026-08-30 18:53:46.029
Sitara-2::conversation_5229089_4336.csv::s1,user_disengaging,2026-08-30 18:54:16.030
Sitara-2::conversation_5229089_4336.csv::s1,astro_other,2026-08-30 18:54:21.031
Sitara-2::conversation_5229089_4336.csv::s1,astro_other,2026-08-30 18:54:23.032
Sitara-2::conversation_5229089_4336.csv::s1,user_neutral_factual,2026-08-30 18:54:38.033
Sitara-2::conversation_5229089_4336.csv::s1,astro_reframe,2026-08-30 18:54:42.034
Sitara-2::conversation_5229089_4336.csv::s1,user_pushback,2026-08-30 18:54:51.035
Sitara-2::conversation_5229089_4336.csv::s1,user_emotional_disclosure,2026-08-30 18:54:56.036
Sitara-2::conversation_5229089_4336.csv::s1,astro_reframe,2026-08-30 18:54:56.037
Sitara-2::conversation_5229089_4336.csv::s1,astro_reframe,2026-08-30 18:55:00.038
Sitara-2::conversation_5229089_4336.csv::s1,user_emotional_disclosure,2026-08-30 18:55:00.039
Sitara-2::conversation_5229089_4336.csv::s1,astro_reframe,2026-08-30 18:55:05.040
Sitara-2::conversation_5229089_4336.csv::s1,user_neutral_factual,2026-08-30 18:55:38.041
Sitara-2::conversation_5229089_4336.csv::s1,astro_reframe,2026-08-30 18:55:42.042
Sitara-2::conversation_5229089_4336.csv::s1,user_neutral_factual,2026-08-30 18:55:48.043
Sitara-2::conversation_5229089_4336.csv::s1,astro_validation,2026-08-30 18:55:53.044
Sitara-2::conversation_5229089_4336.csv::s1,user_emotional_disclosure,2026-08-30 18:55:59.045
Sitara-2::conversation_5229089_4336.csv::s1,astro_reframe,2026-08-30 18:56:03.046
Sitara-2::conversation_5229089_4336.csv::s1,astro_reframe,2026-08-30 18:56:15.047
Sitara-2::conversation_5229089_4336.csv::s1,user_neutral_factual,2026-08-30 18:56:52.048
Sitara-2::conversation_5229089_4336.csv::s1,astro_reframe,2026-08-30 18:56:56.049
Sitara-2::conversation_5229089_4336.csv::s1,user_emotional_disclosure,2026-08-30 18:57:11.050
Sitara-2::conversation_5229089_4336.csv::s1,astro_reframe,2026-08-30 18:57:16.051
Sitara-2::conversation_5229616_4336.csv::s1,user_neutral,2026-08-30 19:33:12.000
Sitara-2::conversation_5229616_4336.csv::s1,astro_other,2026-08-30 19:33:17.001
Sitara-2::conversation_5229616_4336.csv::s1,user_neutral,2026-08-30 19:33:35.002
Sitara-2::conversation_5229616_4336.csv::s1,astro_other,2026-08-30 19:33:39.003
Sitara-2::conversation_5229616_4336.csv::s1,user_neutral_factual,2026-08-30 19:34:28.004
Sitara-2::conversation_5229616_4336.csv::s1,astro_reframe,2026-08-30 19:34:33.005
Sitara-2::conversation_5229616_4336.csv::s1,user_emotional_disclosure,2026-08-30 19:34:38.006
Sitara-2::conversation_5229616_4336.csv::s1,astro_other,2026-08-30 19:34:41.007
Sitara-2::conversation_5229616_4336.csv::s1,astro_other,2026-08-30 19:34:45.008
Sitara-2::conversation_5229616_4336.csv::s1,user_neutral,2026-08-30 19:35:49.009
Sitara-2::conversation_5229616_4336.csv::s1,astro_other,2026-08-30 19:35:53.010
Sitara-2::conversation_5229616_4336.csv::s1,astro_other,2026-08-30 19:35:55.011
Sitara-2::conversation_5229616_4336.csv::s1,user_neutral_factual,2026-08-30 19:35:59.012
Sitara-2::conversation_5229616_4336.csv::s1,user_emotional_disclosure,2026-08-30 19:36:07.013
Sitara-2::conversation_5229616_4336.csv::s1,astro_callback_within,2026-08-30 19:36:12.014
Sitara-2::conversation_5229616_4336.csv::s1,astro_reframe,2026-08-30 19:36:14.015
Sitara-2::conversation_5229616_4336.csv::s1,user_neutral,2026-08-30 19:36:18.016
Sitara-2::conversation_5229616_4336.csv::s1,astro_other,2026-08-30 19:36:22.017
Sitara-2::conversation_5229616_4336.csv::s2,user_neutral,2026-08-30 19:40:16.000
Sitara-2::conversation_5229616_4336.csv::s2,astro_other,2026-08-30 19:40:21.001
Sitara-2::conversation_5229616_4336.csv::s2,astro_callback_prior,2026-08-30 19:40:23.002
Sitara-2::conversation_5229616_4336.csv::s2,astro_reframe,2026-08-30 19:40:25.003
Sitara-2::conversation_5229616_4336.csv::s2,user_neutral_factual,2026-08-30 19:40:52.004
Sitara-2::conversation_5229616_4336.csv::s2,astro_other,2026-08-30 19:40:57.005
Sitara-2::conversation_5229616_4336.csv::s2,user_neutral_factual,2026-08-30 19:41:02.006
Sitara-2::conversation_5229616_4336.csv::s2,astro_other,2026-08-30 19:41:07.007
Sitara-2::conversation_5229616_4336.csv::s2,user_neutral_factual,2026-08-30 19:41:43.008
Sitara-2::conversation_5229616_4336.csv::s2,astro_other,2026-08-30 19:41:47.009
Sitara-2::conversation_5229616_4336.csv::s2,astro_other,2026-08-30 19:41:52.010
Sitara-2::conversation_5229616_4336.csv::s2,user_neutral_factual,2026-08-30 19:42:31.011
Sitara-2::conversation_5229616_4336.csv::s2,astro_other,2026-08-30 19:42:36.012
Sitara-2::conversation_5229616_4336.csv::s2,user_emotional_disclosure,2026-08-30 19:43:07.013
Sitara-2::conversation_5229616_4336.csv::s2,astro_callback_prior,2026-08-30 19:43:12.014
Sitara-2::conversation_5229616_4336.csv::s2,astro_other,2026-08-30 19:43:14.015
Sitara-2::conversation_5229616_4336.csv::s2,user_neutral,2026-08-30 19:43:39.016
Sitara-2::conversation_5229616_4336.csv::s2,astro_dated_prediction,2026-08-30 19:43:43.017
Sitara-2::conversation_5229616_4336.csv::s2,user_emotional_disclosure,2026-08-30 19:43:55.018
Sitara-2::conversation_5229616_4336.csv::s2,astro_dated_prediction,2026-08-30 19:44:00.019
Sitara-2::conversation_5229616_4336.csv::s2,user_emotional_disclosure,2026-08-30 19:44:03.020
Sitara-2::conversation_5229616_4336.csv::s2,astro_reframe,2026-08-30 19:44:07.021
Sitara-2::conversation_5229616_4336.csv::s2,astro_other,2026-08-30 19:44:09.022
Sitara-2::conversation_5229616_4336.csv::s2,user_neutral,2026-08-30 19:44:37.023
Sitara-2::conversation_5229616_4336.csv::s2,astro_dated_prediction,2026-08-30 19:44:41.024
Sitara-2::conversation_5229616_4336.csv::s2,user_neutral,2026-08-30 19:44:58.025
Sitara-2::conversation_5229616_4336.csv::s2,astro_other,2026-08-30 19:45:03.026
Sitara-2::conversation_5229616_4336.csv::s2,user_neutral,2026-08-30 19:45:04.027
Sitara-2::conversation_5229616_4336.csv::s2,astro_dated_prediction,2026-08-30 19:45:08.028
Sitara-2::conversation_5229616_4336.csv::s2,user_emotional_disclosure,2026-08-30 19:45:08.029
Sitara-2::conversation_5229616_4336.csv::s2,user_emotional_disclosure,2026-08-30 19:45:12.030
Sitara-2::conversation_5229616_4336.csv::s2,astro_callback_prior,2026-08-30 19:45:13.031
Sitara-2::conversation_5229616_4336.csv::s2,astro_reframe,2026-08-30 19:45:18.032
Sitara-2::conversation_5229616_4336.csv::s3,user_neutral,2026-08-30 19:52:41.000
Sitara-2::conversation_5229616_4336.csv::s3,astro_callback_prior,2026-08-30 19:52:46.001
Sitara-2::conversation_5229616_4336.csv::s3,user_neutral,2026-08-30 19:53:16.002
Sitara-2::conversation_5229616_4336.csv::s3,astro_dated_prediction,2026-08-30 19:53:21.003
Sitara-2::conversation_5229616_4336.csv::s3,user_neutral,2026-08-30 19:53:23.004
Sitara-2::conversation_5229616_4336.csv::s3,astro_callback_prior,2026-08-30 19:53:27.005
Sitara-2::conversation_5229616_4336.csv::s3,user_neutral,2026-08-30 19:53:50.006
Sitara-2::conversation_5229616_4336.csv::s3,astro_dated_prediction,2026-08-30 19:53:55.007
Sitara-2::conversation_5229616_4336.csv::s3,astro_dated_prediction,2026-08-30 19:54:51.008
Sitara-2::conversation_5229616_4336.csv::s3,user_neutral,2026-08-30 19:54:58.009
Sitara-2::conversation_5229616_4336.csv::s3,astro_callback_prior,2026-08-30 19:55:03.010
Sitara-2::conversation_5229616_4336.csv::s3,astro_dated_prediction,2026-08-30 19:55:05.011
Sitara-2::conversation_5229616_4336.csv::s3,user_pushback,2026-08-30 19:55:07.012
Sitara-2::conversation_5229616_4336.csv::s3,astro_dated_prediction,2026-08-30 19:55:12.013
Sitara-2::conversation_5229616_4336.csv::s3,user_neutral,2026-08-30 19:55:55.014
Sitara-2::conversation_5229616_4336.csv::s3,astro_dated_prediction,2026-08-30 19:55:59.015
Sitara-2::conversation_5229616_4336.csv::s3,user_emotional_disclosure,2026-08-30 19:56:00.016
Sitara-2::conversation_5229616_4336.csv::s3,astro_other,2026-08-30 19:56:04.017
Sitara-2::conversation_5229616_4336.csv::s3,user_neutral,2026-08-30 19:56:25.018
Sitara-2::conversation_5229616_4336.csv::s3,astro_dated_prediction,2026-08-30 19:56:30.019
Sitara-2::conversation_5229616_4336.csv::s3,user_emotional_disclosure,2026-08-30 19:57:00.020
Sitara-2::conversation_5229616_4336.csv::s3,astro_reframe,2026-08-30 19:57:05.021
Sitara-2::conversation_5229616_4336.csv::s3,user_emotional_disclosure,2026-08-30 19:57:08.022
Sitara-2::conversation_5229616_4336.csv::s3,astro_callback_prior,2026-08-30 19:57:13.023
Sitara-2::conversation_5229616_4336.csv::s3,astro_callback_prior,2026-08-30 19:57:15.024
Sitara-2::conversation_5229616_4336.csv::s3,user_emotional_disclosure,2026-08-30 19:57:15.025
Sitara-2::conversation_5229616_4336.csv::s3,astro_other,2026-08-30 19:57:20.026
Sitara-2::conversation_5229616_4336.csv::s3,astro_reframe,2026-08-30 19:57:22.027
Sitara-2::conversation_5229616_4336.csv::s3,user_emotional_disclosure,2026-08-30 19:57:24.028
Sitara-2::conversation_5229616_4336.csv::s3,astro_callback_prior,2026-08-30 19:57:29.029
Sitara-2::conversation_5229616_4336.csv::s3,user_emotional_disclosure,2026-08-30 19:57:30.030
Sitara-2::conversation_5229616_4336.csv::s3,astro_dated_prediction,2026-08-30 19:57:31.031
Sitara-2::conversation_5229616_4336.csv::s3,astro_callback_prior,2026-08-30 19:57:36.032
Sitara-2::conversation_5229616_4336.csv::s3,user_emotional_disclosure,2026-08-30 19:57:37.033
Sitara-2::conversation_5229616_4336.csv::s3,astro_dated_prediction,2026-08-30 19:57:38.034
Sitara-2::conversation_5229616_4336.csv::s3,astro_callback_prior,2026-08-30 19:57:42.035
Sitara-2::conversation_5229616_4336.csv::s3,astro_other,2026-08-30 19:57:44.036
Sitara-2::conversation_5229616_4336.csv::s3,astro_dated_prediction,2026-08-30 19:57:46.037
Sitara-2::conversation_5229679_4336.csv::s1,user_neutral,2026-08-30 19:38:36.000
Sitara-2::conversation_5229679_4336.csv::s1,astro_other,2026-08-30 19:38:40.001
Sitara-2::conversation_5229679_4336.csv::s1,user_neutral,2026-08-30 19:38:47.002
Sitara-2::conversation_5229679_4336.csv::s1,astro_other,2026-08-30 19:38:50.003
Sitara-2::conversation_5229679_4336.csv::s1,astro_other,2026-08-30 19:38:52.004
Sitara-2::conversation_5229679_4336.csv::s1,user_neutral_factual,2026-08-30 19:39:00.005
Sitara-2::conversation_5229679_4336.csv::s1,astro_other,2026-08-30 19:39:07.006
Sitara-2::conversation_5229679_4336.csv::s1,astro_callback_within,2026-08-30 19:39:09.007
Sitara-2::conversation_5229679_4336.csv::s1,astro_callback_within,2026-08-30 19:39:11.008
Sitara-2::conversation_5229679_4336.csv::s1,user_emotional_disclosure,2026-08-30 19:39:19.009
Sitara-2::conversation_5229679_4336.csv::s1,astro_other,2026-08-30 19:39:23.010
Sitara-2::conversation_5229679_4336.csv::s1,user_emotional_disclosure,2026-08-30 19:39:25.011
Sitara-2::conversation_5229679_4336.csv::s1,astro_callback_within,2026-08-30 19:39:25.012
Sitara-2::conversation_5229679_4336.csv::s1,astro_callback_within,2026-08-30 19:39:27.013
Sitara-2::conversation_5229679_4336.csv::s1,astro_callback_within,2026-08-30 19:39:30.014
Sitara-2::conversation_5229679_4336.csv::s1,user_neutral,2026-08-30 19:40:01.015
Sitara-2::conversation_5229679_4336.csv::s1,astro_callback_within,2026-08-30 19:40:05.016
Sitara-2::conversation_5229679_4336.csv::s1,user_enthusiastic,2026-08-30 19:40:10.017
Sitara-2::conversation_5229679_4336.csv::s1,astro_callback_within,2026-08-30 19:40:15.018
Sitara-2::conversation_5229679_4336.csv::s1,user_neutral_factual,2026-08-30 19:40:21.019
Sitara-2::conversation_5229679_4336.csv::s1,astro_callback_within,2026-08-30 19:40:25.020
Sitara-2::conversation_5229679_4336.csv::s1,user_neutral,2026-08-30 19:40:34.021
Sitara-2::conversation_5229679_4336.csv::s1,user_neutral_factual,2026-08-30 19:40:53.022
Sitara-2::conversation_5229679_4336.csv::s1,astro_callback_within,2026-08-30 19:40:58.023
Sitara-2::conversation_5229679_4336.csv::s1,user_emotional_disclosure,2026-08-30 19:41:15.024
Sitara-2::conversation_5229679_4336.csv::s1,astro_callback_within,2026-08-30 19:41:20.025
Sitara-2::conversation_5229679_4336.csv::s1,user_neutral,2026-08-30 19:41:39.026
Sitara-2::conversation_5229679_4336.csv::s1,astro_callback_within,2026-08-30 19:41:44.027
Sitara-2::conversation_5229679_4336.csv::s1,astro_open_thread,2026-08-30 19:41:46.028
Sitara-2::conversation_5229679_4336.csv::s1,user_enthusiastic,2026-08-30 19:41:52.029
Sitara-2::conversation_5229679_4336.csv::s1,user_enthusiastic,2026-08-30 19:41:53.030
Sitara-2::conversation_5229679_4336.csv::s1,astro_callback_within,2026-08-30 19:41:58.031
Sitara-2::conversation_5229679_4336.csv::s1,astro_callback_within,2026-08-30 19:42:01.032
Sitara-2::conversation_5229679_4336.csv::s1,user_neutral,2026-08-30 19:42:08.033
Sitara-2::conversation_5229679_4336.csv::s1,astro_callback_within,2026-08-30 19:42:13.034
Sitara-2::conversation_5229679_4336.csv::s1,user_neutral,2026-08-30 19:42:22.035
Sitara-2::conversation_5229679_4336.csv::s1,astro_callback_within,2026-08-30 19:42:27.036
Sitara-2::conversation_5229679_4336.csv::s1,user_emotional_disclosure,2026-08-30 19:42:35.037
Sitara-2::conversation_5229679_4336.csv::s1,astro_callback_within,2026-08-30 19:42:40.038
Sitara-2::conversation_5229679_4336.csv::s1,user_neutral_factual,2026-08-30 19:42:48.039
Sitara-2::conversation_5229679_4336.csv::s1,astro_reframe,2026-08-30 19:42:52.040
Sitara-2::conversation_5229679_4336.csv::s1,user_neutral,2026-08-30 19:43:00.041
Sitara-2::conversation_5229679_4336.csv::s1,astro_callback_within,2026-08-30 19:43:04.042
Sitara-2::conversation_5229679_4336.csv::s1,user_emotional_disclosure,2026-08-30 19:43:05.043
Sitara-2::conversation_5229679_4336.csv::s1,astro_callback_within,2026-08-30 19:43:10.044
Sitara-2::conversation_5229880_4336.csv::s1,user_neutral,2026-08-30 20:07:19.000
Sitara-2::conversation_5229880_4336.csv::s1,astro_other,2026-08-30 20:07:23.001
Sitara-2::conversation_5229880_4336.csv::s1,user_neutral,2026-08-30 20:07:54.002
Sitara-2::conversation_5229880_4336.csv::s1,astro_other,2026-08-30 20:07:58.003
Sitara-2::conversation_5229880_4336.csv::s1,astro_reframe,2026-08-30 20:08:00.004
Sitara-2::conversation_5229880_4336.csv::s1,user_neutral,2026-08-30 20:08:14.005
Sitara-2::conversation_5229880_4336.csv::s1,astro_callback_within,2026-08-30 20:08:18.006
Sitara-2::conversation_5229880_4336.csv::s1,user_neutral,2026-08-30 20:08:34.007
Sitara-2::conversation_5229880_4336.csv::s1,astro_other,2026-08-30 20:08:39.008
Sitara-2::conversation_5229880_4336.csv::s1,astro_other,2026-08-30 20:08:41.009
Sitara-2::conversation_5229880_4336.csv::s1,user_neutral_factual,2026-08-30 20:08:48.010
Sitara-2::conversation_5229880_4336.csv::s1,astro_callback_within,2026-08-30 20:08:53.011
Sitara-2::conversation_5229880_4336.csv::s1,astro_other,2026-08-30 20:09:04.012
Sitara-2::conversation_5229880_4336.csv::s1,astro_callback_within,2026-08-30 20:09:06.013
Sitara-2::conversation_5229880_4336.csv::s1,user_pushback,2026-08-30 20:09:20.014
Sitara-2::conversation_5229880_4336.csv::s1,astro_callback_within,2026-08-30 20:09:24.015
Sitara-2::conversation_5229880_4336.csv::s1,user_neutral,2026-08-30 20:09:42.016
Sitara-2::conversation_5229880_4336.csv::s1,astro_callback_within,2026-08-30 20:09:46.017
Sitara-2::conversation_5229880_4336.csv::s1,user_emotional_disclosure,2026-08-30 20:10:00.018
Sitara-2::conversation_5229880_4336.csv::s1,astro_other,2026-08-30 20:10:05.019
Sitara-2::conversation_5229880_4336.csv::s1,user_enthusiastic,2026-08-30 20:10:12.020
Sitara-2::conversation_5229880_4336.csv::s1,astro_other,2026-08-30 20:10:17.021
Sitara-2::conversation_5229880_4336.csv::s1,astro_open_thread,2026-08-30 20:10:19.022
Sitara-2::conversation_5229880_4336.csv::s1,user_enthusiastic,2026-08-30 20:10:37.023
Sitara-2::conversation_5229880_4336.csv::s1,astro_other,2026-08-30 20:10:41.024
Sitara-2::conversation_5229880_4336.csv::s1,astro_open_thread,2026-08-30 20:10:44.025
Sitara-2::conversation_5229880_4336.csv::s1,user_enthusiastic,2026-08-30 20:11:52.026
Sitara-2::conversation_5229880_4336.csv::s1,astro_callback_within,2026-08-30 20:11:56.027
Sitara-2::conversation_5229880_4336.csv::s1,user_neutral,2026-08-30 20:12:22.028
Sitara-2::conversation_5229880_4336.csv::s1,astro_callback_within,2026-08-30 20:12:26.029
Sitara-2::conversation_5229880_4336.csv::s1,astro_callback_within,2026-08-30 20:12:28.030
Sitara-2::conversation_5229880_4336.csv::s1,user_emotional_disclosure,2026-08-30 20:12:41.031
Sitara-2::conversation_5229880_4336.csv::s1,astro_callback_within,2026-08-30 20:12:46.032
Sitara-2::conversation_5229880_4336.csv::s1,astro_callback_within,2026-08-30 20:12:48.033
Sitara-2::conversation_5229880_4336.csv::s1,astro_callback_within,2026-08-30 20:12:50.034
Sitara-2::conversation_5229880_4336.csv::s1,user_enthusiastic,2026-08-30 20:12:59.035
Sitara-2::conversation_5229880_4336.csv::s1,astro_other,2026-08-30 20:13:04.036
Sitara-2::conversation_5229880_4336.csv::s1,user_pushback,2026-08-30 20:13:16.037
Sitara-2::conversation_5229880_4336.csv::s1,astro_callback_within,2026-08-30 20:13:20.038
Sitara-2::conversation_5229880_4336.csv::s1,user_emotional_disclosure,2026-08-30 20:13:38.039
Sitara-2::conversation_5229880_4336.csv::s1,astro_callback_within,2026-08-30 20:13:42.040
Sitara-2::conversation_5229880_4336.csv::s1,astro_callback_within,2026-08-30 20:13:44.041
Sitara-2::conversation_5229880_4336.csv::s1,user_emotional_disclosure,2026-08-30 20:14:09.042
Sitara-2::conversation_5229880_4336.csv::s1,astro_callback_within,2026-08-30 20:14:13.043
Sitara-2::conversation_5229880_4336.csv::s1,astro_open_thread,2026-08-30 20:14:16.044
Sitara-2::conversation_5229880_4336.csv::s1,user_enthusiastic,2026-08-30 20:14:17.045
Sitara-2::conversation_5229880_4336.csv::s1,astro_other,2026-08-30 20:14:22.046
Sitara-2::conversation_5229880_4336.csv::s1,astro_open_thread,2026-08-30 20:14:24.047
Sitara-2::conversation_5229880_4336.csv::s1,user_pushback,2026-08-30 20:14:37.048
Sitara-2::conversation_5229880_4336.csv::s1,astro_other,2026-08-30 20:14:42.049
Sitara-2::conversation_5229880_4336.csv::s1,astro_callback_within,2026-08-30 20:14:44.050
Sitara-2::conversation_5229880_4336.csv::s1,user_neutral_factual,2026-08-30 20:14:59.051
Sitara-2::conversation_5229880_4336.csv::s1,astro_callback_within,2026-08-30 20:15:03.052
Sitara-2::conversation_5229880_4336.csv::s1,user_neutral,2026-08-30 20:15:16.053
Sitara-2::conversation_5229880_4336.csv::s1,astro_callback_within,2026-08-30 20:15:21.054
Sitara-2::conversation_5229880_4336.csv::s1,astro_other,2026-08-30 20:15:40.055
Sitara-2::conversation_5229880_4336.csv::s1,user_enthusiastic,2026-08-30 20:15:51.056
Sitara-2::conversation_5229880_4336.csv::s1,user_enthusiastic,2026-08-30 20:16:09.057
Sitara-2::conversation_5229880_4336.csv::s1,astro_other,2026-08-30 20:16:14.058
Sitara-2::conversation_5229880_4336.csv::s1,user_neutral,2026-08-30 20:16:35.059
Sitara-2::conversation_5229880_4336.csv::s1,astro_dated_prediction,2026-08-30 20:16:40.060
Sitara-2::conversation_5229880_4336.csv::s1,user_neutral_factual,2026-08-30 20:16:55.061
Sitara-2::conversation_5229880_4336.csv::s1,astro_open_thread,2026-08-30 20:17:00.062
Sitara-2::conversation_5229880_4336.csv::s1,user_enthusiastic,2026-08-30 20:17:07.063
Sitara-2::conversation_5229880_4336.csv::s1,astro_other,2026-08-30 20:17:11.064
Sitara-2::conversation_5229880_4336.csv::s1,astro_open_thread,2026-08-30 20:17:14.065
Sitara-2::conversation_5229880_4336.csv::s1,user_enthusiastic,2026-08-30 20:17:26.066
Sitara-2::conversation_5229880_4336.csv::s1,astro_other,2026-08-30 20:17:30.067
Sitara-2::conversation_5229880_4336.csv::s1,astro_open_thread,2026-08-30 20:17:32.068
Sitara-2::conversation_5229880_4336.csv::s1,user_enthusiastic,2026-08-30 20:17:55.069
Sitara-2::conversation_5229880_4336.csv::s1,user_enthusiastic,2026-08-30 20:17:57.070
Sitara-2::conversation_5229880_4336.csv::s1,astro_callback_within,2026-08-30 20:18:01.071
Sitara-2::conversation_5229880_4336.csv::s1,astro_open_thread,2026-08-30 20:18:03.072
Sitara-2::conversation_5229880_4336.csv::s1,astro_other,2026-08-30 20:18:06.073
Sitara-2::conversation_5229880_4336.csv::s1,astro_open_thread,2026-08-30 20:18:08.074
Sitara-2::conversation_5229880_4336.csv::s1,user_enthusiastic,2026-08-30 20:18:19.075
Sitara-2::conversation_5229880_4336.csv::s1,user_enthusiastic,2026-08-30 20:18:20.076
Sitara-2::conversation_5229880_4336.csv::s1,astro_callback_within,2026-08-30 20:18:25.077
Sitara-2::conversation_5229880_4336.csv::s1,astro_callback_within,2026-08-30 20:18:27.078
Sitara-2::conversation_5229880_4336.csv::s1,user_neutral_factual,2026-08-30 20:18:39.079
Sitara-2::conversation_5229880_4336.csv::s1,astro_open_thread,2026-08-30 20:18:44.080
Sitara-2::conversation_5229880_4336.csv::s1,user_enthusiastic,2026-08-30 20:18:50.081
Sitara-2::conversation_5229880_4336.csv::s1,user_enthusiastic,2026-08-30 20:18:52.082
Sitara-2::conversation_5229880_4336.csv::s1,astro_other,2026-08-30 20:18:57.083
Sitara-2::conversation_5229880_4336.csv::s1,astro_open_thread,2026-08-30 20:18:59.084
Sitara-2::conversation_5229880_4336.csv::s1,astro_callback_within,2026-08-30 20:19:02.085
Sitara-2::conversation_5229880_4336.csv::s1,user_neutral,2026-08-30 20:19:16.086
Sitara-2::conversation_5229880_4336.csv::s1,user_enthusiastic,2026-08-30 20:19:18.087
Sitara-2::conversation_5229880_4336.csv::s1,astro_callback_within,2026-08-30 20:19:22.088
Sitara-2::conversation_5229880_4336.csv::s1,user_emotional_disclosure,2026-08-30 20:19:24.089
Sitara-2::conversation_5229880_4336.csv::s1,astro_callback_within,2026-08-30 20:19:25.090
Sitara-2::conversation_5229880_4336.csv::s1,astro_callback_within,2026-08-30 20:19:30.091
Sitara-2::conversation_5229880_4336.csv::s1,user_enthusiastic,2026-08-30 20:19:51.092
Sitara-2::conversation_5229880_4336.csv::s1,astro_callback_within,2026-08-30 20:19:56.093
Sitara-2::conversation_5229880_4336.csv::s1,user_enthusiastic,2026-08-30 20:20:02.094
Sitara-2::conversation_5229880_4336.csv::s1,astro_callback_within,2026-08-30 20:20:07.095
Sitara-2::conversation_5229880_4336.csv::s1,user_pushback,2026-08-30 20:20:14.096
Sitara-2::conversation_5229880_4336.csv::s1,astro_callback_within,2026-08-30 20:20:18.097
Sitara-2::conversation_5229880_4336.csv::s1,astro_open_thread,2026-08-30 20:20:20.098
Sitara-2::conversation_5229880_4336.csv::s1,user_enthusiastic,2026-08-30 20:20:26.099
Sitara-2::conversation_5229880_4336.csv::s1,astro_callback_within,2026-08-30 20:20:30.100
Sitara-2::conversation_5229880_4336.csv::s1,user_enthusiastic,2026-08-30 20:20:47.101
Sitara-2::conversation_5229880_4336.csv::s1,astro_callback_within,2026-08-30 20:20:52.102
Sitara-2::conversation_5229880_4336.csv::s1,user_enthusiastic,2026-08-30 20:20:58.103
Sitara-2::conversation_5229880_4336.csv::s1,astro_callback_within,2026-08-30 20:21:03.104
Sitara-2::conversation_5229880_4336.csv::s1,user_enthusiastic,2026-08-30 20:21:09.105
Sitara-2::conversation_5229880_4336.csv::s1,astro_callback_within,2026-08-30 20:21:14.106
Sitara-2::conversation_5229880_4336.csv::s1,user_enthusiastic,2026-08-30 20:21:20.107
Sitara-2::conversation_5229880_4336.csv::s1,astro_open_thread,2026-08-30 20:21:25.108
Sitara-2::conversation_5229880_4336.csv::s1,user_enthusiastic,2026-08-30 20:21:31.109
Sitara-2::conversation_5229880_4336.csv::s1,astro_callback_within,2026-08-30 20:21:36.110
Sitara-2::conversation_5230182_4336.csv::s1,user_neutral,2026-08-30 21:09:33.000
Sitara-2::conversation_5230182_4336.csv::s1,astro_other,2026-08-30 21:09:37.001
Sitara-2::conversation_5230182_4336.csv::s1,user_neutral_factual,2026-08-30 21:09:46.002
Sitara-2::conversation_5230182_4336.csv::s1,astro_other,2026-08-30 21:09:50.003
Sitara-2::conversation_5230182_4336.csv::s1,user_neutral,2026-08-30 21:09:58.004
Sitara-2::conversation_5230182_4336.csv::s1,astro_other,2026-08-30 21:10:02.005
Sitara-2::conversation_5230182_4336.csv::s1,user_neutral_factual,2026-08-30 21:10:18.006
Sitara-2::conversation_5230182_4336.csv::s1,astro_reframe,2026-08-30 21:10:22.007
Sitara-2::conversation_5230182_4336.csv::s1,astro_other,2026-08-30 21:10:34.008
Sitara-2::conversation_5230182_4336.csv::s1,user_neutral_factual,2026-08-30 21:10:59.009
Sitara-2::conversation_5230182_4336.csv::s1,user_neutral,2026-08-30 21:11:14.010
Sitara-2::conversation_5230182_4336.csv::s1,astro_other,2026-08-30 21:11:18.011
Sitara-2::conversation_5230182_4336.csv::s1,user_neutral,2026-08-30 21:11:46.012
Sitara-2::conversation_5230182_4336.csv::s1,astro_callback_within,2026-08-30 21:11:51.013
Sitara-2::conversation_5230182_4336.csv::s1,user_neutral,2026-08-30 21:12:18.014
Sitara-2::conversation_5230182_4336.csv::s1,astro_callback_within,2026-08-30 21:12:25.015
Sitara-2::conversation_5230182_4336.csv::s1,user_emotional_disclosure,2026-08-30 21:12:58.016
Sitara-2::conversation_5230182_4336.csv::s1,astro_callback_within,2026-08-30 21:13:03.017
Sitara-2::conversation_5230182_4336.csv::s1,user_neutral,2026-08-30 21:13:12.018
Sitara-2::conversation_5230182_4336.csv::s1,astro_callback_within,2026-08-30 21:13:17.019
Sitara-2::conversation_5230182_4336.csv::s1,user_enthusiastic,2026-08-30 21:14:05.020
Sitara-2::conversation_5230182_4336.csv::s1,user_enthusiastic,2026-08-30 21:14:22.021
Sitara-2::conversation_5230182_4336.csv::s1,user_enthusiastic,2026-08-30 21:14:25.022
Sitara-2::conversation_5230182_4336.csv::s1,astro_callback_within,2026-08-30 21:14:27.023
Sitara-2::conversation_5230182_4336.csv::s1,astro_callback_within,2026-08-30 21:14:32.024
Sitara-2::conversation_5230182_4336.csv::s2,user_neutral,2026-08-30 21:21:35.000
Sitara-2::conversation_5230182_4336.csv::s2,astro_other,2026-08-30 21:21:40.001
Sitara-2::conversation_5230182_4336.csv::s2,user_enthusiastic,2026-08-30 21:22:07.002
Sitara-2::conversation_5230182_4336.csv::s2,astro_callback_prior,2026-08-30 21:22:11.003
Sitara-2::conversation_5230182_4336.csv::s2,user_enthusiastic,2026-08-30 21:22:40.004
Sitara-2::conversation_5230182_4336.csv::s2,astro_other,2026-08-30 21:22:45.005
Sitara-2::conversation_5230182_4336.csv::s2,astro_other,2026-08-30 21:23:48.006
Sitara-2::conversation_5230182_4336.csv::s2,user_enthusiastic,2026-08-30 21:24:24.007
Sitara-2::conversation_5230182_4336.csv::s2,astro_other,2026-08-30 21:24:29.008
Sitara-2::conversation_5230182_4336.csv::s2,user_disengaging,2026-08-30 21:24:29.009
Sitara-2::conversation_5230182_4336.csv::s2,astro_other,2026-08-30 21:24:34.010
Sitara-2::conversation_5232430_4336.csv::s1,astro_other,2026-08-31 03:14:53.000
Sitara-2::conversation_5232430_4336.csv::s1,user_neutral,2026-08-31 03:15:02.001
Sitara-2::conversation_5232430_4336.csv::s1,astro_other,2026-08-31 03:15:06.002
Sitara-2::conversation_5232430_4336.csv::s1,astro_other,2026-08-31 03:15:07.003
Sitara-2::conversation_5232430_4336.csv::s1,user_neutral,2026-08-31 03:15:07.004
Sitara-2::conversation_5232430_4336.csv::s1,astro_other,2026-08-31 03:15:09.005
Sitara-2::conversation_5232430_4336.csv::s1,astro_other,2026-08-31 03:15:14.006
Sitara-2::conversation_5232430_4336.csv::s1,astro_other,2026-08-31 03:15:16.007
Sitara-2::conversation_5232430_4336.csv::s1,user_neutral_factual,2026-08-31 03:15:25.008
Sitara-2::conversation_5232430_4336.csv::s1,user_neutral,2026-08-31 03:15:33.009
Sitara-2::conversation_5232430_4336.csv::s1,astro_dated_prediction,2026-08-31 03:15:35.010
Sitara-2::conversation_5232430_4336.csv::s1,astro_other,2026-08-31 03:15:39.011
Sitara-2::conversation_5232430_4336.csv::s1,astro_callback_within,2026-08-31 03:15:41.012
Sitara-2::conversation_5232430_4336.csv::s1,user_pushback,2026-08-31 03:15:50.013
Sitara-2::conversation_5232430_4336.csv::s1,astro_callback_within,2026-08-31 03:16:01.014
Sitara-2::conversation_5232430_4336.csv::s1,user_emotional_disclosure,2026-08-31 03:16:08.015
Sitara-2::conversation_5232430_4336.csv::s1,astro_callback_within,2026-08-31 03:16:13.016
Sitara-2::conversation_5232430_4336.csv::s1,user_emotional_disclosure,2026-08-31 03:16:27.017
Sitara-2::conversation_5232430_4336.csv::s1,astro_callback_within,2026-08-31 03:16:31.018
Sitara-2::conversation_5232430_4336.csv::s1,user_neutral,2026-08-31 03:16:44.019
Sitara-2::conversation_5232430_4336.csv::s1,astro_callback_within,2026-08-31 03:16:50.020
Sitara-2::conversation_5232430_4336.csv::s1,user_neutral,2026-08-31 03:17:21.021
Sitara-2::conversation_5232430_4336.csv::s1,astro_callback_within,2026-08-31 03:17:26.022
Sitara-2::conversation_5232430_4336.csv::s1,user_neutral,2026-08-31 03:17:39.023
Sitara-2::conversation_5232430_4336.csv::s1,user_neutral,2026-08-31 03:17:53.024
Sitara-2::conversation_5232430_4336.csv::s1,astro_callback_within,2026-08-31 03:17:57.025
Sitara-2::conversation_5232430_4336.csv::s1,user_neutral,2026-08-31 03:18:00.026
Sitara-2::conversation_5232430_4336.csv::s1,astro_callback_within,2026-08-31 03:18:06.027
Sitara-2::conversation_5232430_4336.csv::s1,user_neutral,2026-08-31 03:18:14.028
Sitara-2::conversation_5232430_4336.csv::s1,astro_dated_prediction,2026-08-31 03:18:19.029
Sitara-2::conversation_5232430_4336.csv::s1,user_neutral,2026-08-31 03:18:21.030
Sitara-2::conversation_5232430_4336.csv::s1,astro_callback_within,2026-08-31 03:18:25.031
Sitara-2::conversation_5232430_4336.csv::s1,user_neutral,2026-08-31 03:18:41.032
Sitara-2::conversation_5232430_4336.csv::s1,astro_callback_within,2026-08-31 03:18:45.033
Sitara-2::conversation_5232430_4336.csv::s1,user_neutral,2026-08-31 03:18:49.034
Sitara-2::conversation_5232430_4336.csv::s1,astro_callback_within,2026-08-31 03:18:53.035
Sitara-2::conversation_5232430_4336.csv::s1,user_emotional_disclosure,2026-08-31 03:19:08.036
Sitara-2::conversation_5232430_4336.csv::s1,astro_callback_within,2026-08-31 03:19:13.037
Sitara-2::conversation_5232430_4336.csv::s1,user_emotional_disclosure,2026-08-31 03:19:24.038
Sitara-2::conversation_5232430_4336.csv::s1,astro_callback_within,2026-08-31 03:19:29.039
Sitara-2::conversation_5232430_4336.csv::s1,user_emotional_disclosure,2026-08-31 03:19:39.040
Sitara-2::conversation_5232430_4336.csv::s1,astro_callback_within,2026-08-31 03:19:42.041
Sitara-2::conversation_5232430_4336.csv::s1,user_emotional_disclosure,2026-08-31 03:19:43.042
Sitara-2::conversation_5232430_4336.csv::s1,user_neutral,2026-08-31 03:19:46.043
Sitara-2::conversation_5232430_4336.csv::s1,astro_callback_within,2026-08-31 03:19:48.044
Sitara-2::conversation_5232430_4336.csv::s1,astro_other,2026-08-31 03:19:50.045
Sitara-2::conversation_5232430_4336.csv::s1,astro_callback_within,2026-08-31 03:19:53.046
Sitara-2::conversation_5232430_4336.csv::s1,astro_callback_within,2026-08-31 03:19:55.047
Sitara-2::conversation_5233496_4336.csv::s1,user_neutral,2026-08-31 03:45:04.000
Sitara-2::conversation_5233496_4336.csv::s1,astro_other,2026-08-31 03:45:08.001
Sitara-2::conversation_5233496_4336.csv::s1,user_neutral,2026-08-31 03:45:20.002
Sitara-2::conversation_5233496_4336.csv::s1,astro_callback_within,2026-08-31 03:45:24.003
Sitara-2::conversation_5233496_4336.csv::s1,astro_other,2026-08-31 03:45:26.004
Sitara-2::conversation_5233496_4336.csv::s1,user_emotional_disclosure,2026-08-31 03:45:30.005
Sitara-2::conversation_5233496_4336.csv::s1,astro_other,2026-08-31 03:45:34.006
Sitara-2::conversation_5233496_4336.csv::s1,astro_callback_within,2026-08-31 03:45:35.007
Sitara-2::conversation_5233496_4336.csv::s1,astro_other,2026-08-31 03:45:36.008
Sitara-2::conversation_5233496_4336.csv::s1,user_neutral,2026-08-31 03:46:13.009
Sitara-2::conversation_5233496_4336.csv::s1,astro_callback_within,2026-08-31 03:46:18.010
Sitara-2::conversation_5233496_4336.csv::s1,astro_other,2026-08-31 03:46:20.011
Sitara-2::conversation_5233496_4336.csv::s1,user_emotional_disclosure,2026-08-31 03:46:21.012
Sitara-2::conversation_5233496_4336.csv::s1,astro_dated_prediction,2026-08-31 03:46:28.013
Sitara-2::conversation_5233496_4336.csv::s1,user_emotional_disclosure,2026-08-31 03:46:51.014
Sitara-2::conversation_5233496_4336.csv::s1,astro_dated_prediction,2026-08-31 03:46:55.015
Sitara-2::conversation_5233496_4336.csv::s1,user_emotional_disclosure,2026-08-31 03:46:59.016
Sitara-2::conversation_5233496_4336.csv::s1,astro_callback_within,2026-08-31 03:47:04.017
Sitara-2::conversation_5233496_4336.csv::s1,user_enthusiastic,2026-08-31 03:47:28.018
Sitara-2::conversation_5233496_4336.csv::s1,astro_callback_within,2026-08-31 03:47:33.019
Sitara-2::conversation_5233496_4336.csv::s1,user_emotional_disclosure,2026-08-31 03:47:49.020
Sitara-2::conversation_5233496_4336.csv::s1,astro_callback_within,2026-08-31 03:47:54.021
Sitara-2::conversation_5233496_4336.csv::s1,user_pushback,2026-08-31 03:48:21.022
Sitara-2::conversation_5233496_4336.csv::s1,astro_callback_within,2026-08-31 03:48:26.023
Sitara-2::conversation_5233496_4336.csv::s1,user_neutral,2026-08-31 03:48:26.024
Sitara-2::conversation_5233496_4336.csv::s1,astro_callback_within,2026-08-31 03:48:28.025
Sitara-2::conversation_5233496_4336.csv::s1,astro_callback_within,2026-08-31 03:48:33.026
Sitara-2::conversation_5233496_4336.csv::s1,user_disengaging,2026-08-31 03:48:51.027
Sitara-2::conversation_5233496_4336.csv::s1,astro_callback_within,2026-08-31 03:48:56.028
Sitara-2::conversation_5233496_4336.csv::s1,astro_reframe,2026-08-31 03:48:58.029
Sitara-2::conversation_5233496_4336.csv::s1,user_pushback,2026-08-31 03:49:08.030
Sitara-2::conversation_5233496_4336.csv::s1,astro_callback_within,2026-08-31 03:49:12.031
Sitara-2::conversation_5233496_4336.csv::s1,user_pushback,2026-08-31 03:49:24.032
Sitara-2::conversation_5233496_4336.csv::s1,user_pushback,2026-08-31 03:49:39.033
Sitara-2::conversation_5233496_4336.csv::s1,astro_callback_within,2026-08-31 03:49:44.034
Sitara-2::conversation_5233496_4336.csv::s1,user_pushback,2026-08-31 03:49:58.035
Sitara-2::conversation_5233496_4336.csv::s1,astro_callback_within,2026-08-31 03:50:03.036
Sitara-2::conversation_5235104_4336.csv::s1,user_neutral,2026-08-31 04:44:12.000
Sitara-2::conversation_5235104_4336.csv::s1,astro_other,2026-08-31 04:44:17.001
Sitara-2::conversation_5235104_4336.csv::s1,astro_other,2026-08-31 04:44:19.002
Sitara-2::conversation_5235104_4336.csv::s1,user_neutral_factual,2026-08-31 04:44:30.003
Sitara-2::conversation_5235104_4336.csv::s1,astro_callback_within,2026-08-31 04:44:34.004
Sitara-2::conversation_5235104_4336.csv::s1,astro_other,2026-08-31 04:44:36.005
Sitara-2::conversation_5235104_4336.csv::s1,user_neutral_factual,2026-08-31 04:44:45.006
Sitara-2::conversation_5235104_4336.csv::s1,astro_other,2026-08-31 04:44:45.007
Sitara-2::conversation_5235104_4336.csv::s1,astro_other,2026-08-31 04:44:47.008
Sitara-2::conversation_5235104_4336.csv::s1,user_neutral_factual,2026-08-31 04:44:49.009
Sitara-2::conversation_5235104_4336.csv::s1,astro_other,2026-08-31 04:44:54.010
Sitara-2::conversation_5235104_4336.csv::s1,astro_dated_prediction,2026-08-31 04:44:56.011
Sitara-2::conversation_5235104_4336.csv::s1,user_neutral,2026-08-31 04:45:19.012
Sitara-2::conversation_5235104_4336.csv::s1,user_neutral,2026-08-31 04:45:30.013
Sitara-2::conversation_5235104_4336.csv::s1,astro_callback_within,2026-08-31 04:45:35.014
Sitara-2::conversation_5235104_4336.csv::s1,user_enthusiastic,2026-08-31 04:45:45.015
Sitara-2::conversation_5235104_4336.csv::s1,astro_callback_within,2026-08-31 04:45:50.016
Sitara-2::conversation_5235104_4336.csv::s1,user_enthusiastic,2026-08-31 04:45:59.017
Sitara-2::conversation_5235104_4336.csv::s1,astro_callback_within,2026-08-31 04:46:03.018
Sitara-2::conversation_5235104_4336.csv::s1,user_neutral,2026-08-31 04:46:14.019
Sitara-2::conversation_5235104_4336.csv::s1,astro_callback_within,2026-08-31 04:46:18.020
Sitara-2::conversation_5235104_4336.csv::s1,user_neutral,2026-08-31 04:46:21.021
Sitara-2::conversation_5235104_4336.csv::s1,astro_callback_within,2026-08-31 04:46:25.022
Sitara-2::conversation_5235104_4336.csv::s1,user_disengaging,2026-08-31 04:46:51.023
Sitara-2::conversation_5235104_4336.csv::s1,astro_callback_within,2026-08-31 04:46:55.024
Sitara-2::conversation_5235104_4336.csv::s1,astro_callback_within,2026-08-31 04:47:02.025
Sitara-2::conversation_5235104_4336.csv::s1,user_neutral,2026-08-31 04:47:13.026
Sitara-2::conversation_5235104_4336.csv::s1,user_neutral,2026-08-31 04:47:15.027
Sitara-2::conversation_5235104_4336.csv::s1,astro_callback_within,2026-08-31 04:47:17.028
Sitara-2::conversation_5235104_4336.csv::s1,astro_other,2026-08-31 04:47:21.029
Sitara-2::conversation_5235104_4336.csv::s1,user_neutral,2026-08-31 04:48:04.030
Sitara-2::conversation_5235104_4336.csv::s1,user_neutral,2026-08-31 04:48:09.031
Sitara-2::conversation_5235104_4336.csv::s1,astro_dated_prediction,2026-08-31 04:48:09.032
Sitara-2::conversation_5235104_4336.csv::s1,astro_dated_prediction,2026-08-31 04:48:14.033
Sitara-2::conversation_5235104_4336.csv::s1,user_neutral,2026-08-31 04:48:20.034
Sitara-2::conversation_5235104_4336.csv::s1,astro_callback_within,2026-08-31 04:48:25.035
Sitara-2::conversation_5235104_4336.csv::s1,astro_other,2026-08-31 04:48:42.036
Sitara-2::conversation_5235104_4336.csv::s1,user_neutral,2026-08-31 04:48:48.037
Sitara-2::conversation_5235104_4336.csv::s1,user_pushback,2026-08-31 04:48:51.038
Sitara-2::conversation_5235104_4336.csv::s1,astro_callback_within,2026-08-31 04:48:53.039
Sitara-2::conversation_5235104_4336.csv::s1,astro_callback_within,2026-08-31 04:48:57.040
Sitara-2::conversation_5235104_4336.csv::s1,user_neutral_factual,2026-08-31 04:49:06.041
Sitara-2::conversation_5235104_4336.csv::s1,astro_open_thread,2026-08-31 04:49:10.042
Sitara-2::conversation_5236467_4336.csv::s1,user_neutral,2026-08-31 06:35:59.000
Sitara-2::conversation_5236467_4336.csv::s1,astro_other,2026-08-31 06:36:03.001
Sitara-2::conversation_5236467_4336.csv::s1,astro_other,2026-08-31 06:36:06.002
Sitara-2::conversation_5236467_4336.csv::s1,user_neutral,2026-08-31 06:36:07.003
Sitara-2::conversation_5236467_4336.csv::s1,astro_dated_prediction,2026-08-31 06:36:11.004
Sitara-2::conversation_5236467_4336.csv::s1,astro_other,2026-08-31 06:36:14.005
Sitara-2::conversation_5236467_4336.csv::s1,user_enthusiastic,2026-08-31 06:36:22.006
Sitara-2::conversation_5236467_4336.csv::s1,astro_dated_prediction,2026-08-31 06:36:26.007
Sitara-2::conversation_5236467_4336.csv::s1,user_enthusiastic,2026-08-31 06:36:30.008
Sitara-2::conversation_5236467_4336.csv::s1,astro_other,2026-08-31 06:36:35.009
Sitara-2::conversation_5236467_4336.csv::s1,astro_other,2026-08-31 06:36:46.010
Sitara-2::conversation_5236467_4336.csv::s1,user_enthusiastic,2026-08-31 06:37:54.011
Sitara-2::conversation_5236467_4336.csv::s1,astro_other,2026-08-31 06:37:58.012
Sitara-2::conversation_5236467_4336.csv::s1,user_neutral,2026-08-31 06:38:14.013
Sitara-2::conversation_5236467_4336.csv::s1,astro_other,2026-08-31 06:38:19.014
Sitara-2::conversation_5236467_4336.csv::s1,user_neutral,2026-08-31 06:38:34.015
Sitara-2::conversation_5236467_4336.csv::s1,astro_other,2026-08-31 06:38:38.016
Sitara-2::conversation_5236467_4336.csv::s1,astro_other,2026-08-31 06:38:51.017
Sitara-2::conversation_5236467_4336.csv::s1,user_emotional_disclosure,2026-08-31 06:39:13.018
Sitara-2::conversation_5236467_4336.csv::s1,astro_validation,2026-08-31 06:39:18.019
Sitara-2::conversation_5236467_4336.csv::s1,user_enthusiastic,2026-08-31 06:39:34.020
Sitara-2::conversation_5236467_4336.csv::s1,astro_dated_prediction,2026-08-31 06:39:38.021
Sitara-2::conversation_5236467_4336.csv::s1,user_enthusiastic,2026-08-31 06:39:46.022
Sitara-2::conversation_5236467_4336.csv::s1,astro_dated_prediction,2026-08-31 06:39:51.023
Sitara-2::conversation_5236467_4336.csv::s1,user_emotional_disclosure,2026-08-31 06:39:59.024
Sitara-2::conversation_5236467_4336.csv::s1,astro_reframe,2026-08-31 06:40:03.025
Sitara-2::conversation_5236467_4336.csv::s1,user_pushback,2026-08-31 06:40:05.026
Sitara-2::conversation_5236467_4336.csv::s1,astro_other,2026-08-31 06:40:10.027
Sitara-2::conversation_5236467_4336.csv::s1,user_enthusiastic,2026-08-31 06:40:11.028
Sitara-2::conversation_5236467_4336.csv::s1,astro_reframe,2026-08-31 06:40:17.029
Sitara-2::conversation_5236467_4336.csv::s1,user_enthusiastic,2026-08-31 06:40:26.030
Sitara-2::conversation_5236467_4336.csv::s1,astro_reframe,2026-08-31 06:40:31.031
Sitara-2::conversation_5236467_4336.csv::s1,user_enthusiastic,2026-08-31 06:40:32.032
Sitara-2::conversation_5236467_4336.csv::s1,astro_reframe,2026-08-31 06:40:37.033
Sitara-2::conversation_5236467_4336.csv::s1,user_enthusiastic,2026-08-31 06:40:43.034
Sitara-2::conversation_5236467_4336.csv::s1,user_enthusiastic,2026-08-31 06:40:47.035
Sitara-2::conversation_5236467_4336.csv::s1,astro_reframe,2026-08-31 06:40:48.036
Sitara-2::conversation_5241672_4336.csv::s1,astro_other,2026-08-31 07:38:22.000
Sitara-2::conversation_5241672_4336.csv::s1,astro_other,2026-08-31 07:38:24.001
Sitara-2::conversation_5241672_4336.csv::s1,user_neutral_factual,2026-08-31 07:38:28.002
Sitara-2::conversation_5241672_4336.csv::s1,astro_other,2026-08-31 07:38:33.003
Sitara-2::conversation_5241672_4336.csv::s1,user_enthusiastic,2026-08-31 07:38:41.004
Sitara-2::conversation_5241672_4336.csv::s1,astro_other,2026-08-31 07:38:43.005
Sitara-2::conversation_5241672_4336.csv::s1,astro_other,2026-08-31 07:38:45.006
Sitara-2::conversation_5241672_4336.csv::s1,astro_other,2026-08-31 07:38:47.007
Sitara-2::conversation_5241672_4336.csv::s1,user_enthusiastic,2026-08-31 07:38:54.008
Sitara-2::conversation_5241672_4336.csv::s1,user_enthusiastic,2026-08-31 07:39:12.009
Sitara-2::conversation_5241672_4336.csv::s1,astro_other,2026-08-31 07:39:16.010
Sitara-2::conversation_5241672_4336.csv::s1,astro_other,2026-08-31 07:39:19.011
Sitara-2::conversation_5241672_4336.csv::s1,user_enthusiastic,2026-08-31 07:39:32.012
Sitara-2::conversation_5241672_4336.csv::s1,astro_other,2026-08-31 07:39:36.013
Sitara-2::conversation_5241672_4336.csv::s1,astro_other,2026-08-31 07:39:38.014
Sitara-2::conversation_5241672_4336.csv::s1,astro_open_thread,2026-08-31 07:39:40.015
Sitara-2::conversation_5241672_4336.csv::s1,user_neutral_factual,2026-08-31 07:39:54.016
Sitara-2::conversation_5241672_4336.csv::s1,astro_callback_within,2026-08-31 07:39:58.017
Sitara-2::conversation_5241672_4336.csv::s1,user_neutral,2026-08-31 07:39:59.018
Sitara-2::conversation_5241672_4336.csv::s1,astro_callback_within,2026-08-31 07:40:00.019
Sitara-2::conversation_5241672_4336.csv::s1,astro_open_thread,2026-08-31 07:40:02.020
Sitara-2::conversation_5241672_4336.csv::s1,astro_callback_within,2026-08-31 07:40:07.021
Sitara-2::conversation_5241672_4336.csv::s1,user_enthusiastic,2026-08-31 07:40:15.022
Sitara-2::conversation_5241672_4336.csv::s1,astro_callback_within,2026-08-31 07:40:20.023
Sitara-2::conversation_5241672_4336.csv::s1,user_disengaging,2026-08-31 07:40:31.024
Sitara-2::conversation_5241672_4336.csv::s1,astro_open_thread,2026-08-31 07:40:38.025
Sitara-2::conversation_5241672_4336.csv::s1,user_enthusiastic,2026-08-31 07:40:47.026
Sitara-2::conversation_5241672_4336.csv::s1,astro_other,2026-08-31 07:40:51.027
Sitara-2::conversation_5241672_4336.csv::s1,user_neutral,2026-08-31 07:41:04.028
Sitara-2::conversation_5241672_4336.csv::s1,user_neutral_factual,2026-08-31 07:41:14.029
Sitara-2::conversation_5241672_4336.csv::s1,astro_callback_within,2026-08-31 07:41:18.030
Sitara-2::conversation_5241672_4336.csv::s1,user_emotional_disclosure,2026-08-31 07:41:23.031
Sitara-2::conversation_5241672_4336.csv::s1,user_emotional_disclosure,2026-08-31 07:41:27.032
Sitara-2::conversation_5241672_4336.csv::s1,astro_callback_within,2026-08-31 07:41:28.033
Sitara-2::conversation_5241672_4336.csv::s1,astro_callback_within,2026-08-31 07:41:32.034
Sitara-2::conversation_5241672_4336.csv::s1,user_neutral_factual,2026-08-31 07:41:48.035
Sitara-2::conversation_5241672_4336.csv::s1,astro_callback_within,2026-08-31 07:41:53.036
Sitara-2::conversation_5241672_4336.csv::s1,user_enthusiastic,2026-08-31 07:42:37.037
Sitara-2::conversation_5241672_4336.csv::s1,user_neutral,2026-08-31 07:42:42.038
Sitara-2::conversation_5241672_4336.csv::s1,astro_dated_prediction,2026-08-31 07:42:42.039
Sitara-2::conversation_5241672_4336.csv::s1,astro_open_thread,2026-08-31 07:42:44.040
Sitara-2::conversation_5241672_4336.csv::s1,astro_callback_within,2026-08-31 07:42:48.041
Sitara-2::conversation_5241672_4336.csv::s1,user_enthusiastic,2026-08-31 07:43:03.042
Sitara-2::conversation_5241672_4336.csv::s1,astro_callback_within,2026-08-31 07:43:07.043
Sitara-2::conversation_5241672_4336.csv::s1,user_enthusiastic,2026-08-31 07:43:16.044
Sitara-2::conversation_5241672_4336.csv::s1,astro_other,2026-08-31 07:43:20.045
Sitara-2::conversation_5241672_4336.csv::s1,astro_open_thread,2026-08-31 07:43:22.046
Sitara-2::conversation_5244133_4336.csv::s1,user_neutral,2026-08-31 08:43:53.000
Sitara-2::conversation_5244133_4336.csv::s1,astro_other,2026-08-31 08:43:58.001
Sitara-2::conversation_5244133_4336.csv::s1,astro_other,2026-08-31 08:44:00.002
Sitara-2::conversation_5244133_4336.csv::s1,astro_other,2026-08-31 08:44:12.003
Sitara-2::conversation_5244133_4336.csv::s1,user_neutral,2026-08-31 08:44:15.004
Sitara-2::conversation_5244133_4336.csv::s1,astro_validation,2026-08-31 08:44:21.005
Sitara-2::conversation_5244133_4336.csv::s1,astro_dated_prediction,2026-08-31 08:44:23.006
Sitara-2::conversation_5244133_4336.csv::s1,astro_other,2026-08-31 08:44:25.007
Sitara-2::conversation_5244133_4336.csv::s1,user_neutral,2026-08-31 08:44:34.008
Sitara-2::conversation_5244133_4336.csv::s1,astro_other,2026-08-31 08:44:39.009
Sitara-2::conversation_5244133_4336.csv::s1,user_neutral,2026-08-31 08:44:50.010
Sitara-2::conversation_5244133_4336.csv::s1,astro_other,2026-08-31 08:44:54.011
Sitara-2::conversation_5244133_4336.csv::s1,astro_other,2026-08-31 08:44:56.012
Sitara-2::conversation_5244133_4336.csv::s1,user_pushback,2026-08-31 08:45:14.013
Sitara-2::conversation_5244133_4336.csv::s1,astro_callback_within,2026-08-31 08:45:19.014
Sitara-2::conversation_5244133_4336.csv::s1,user_emotional_disclosure,2026-08-31 08:45:30.015
Sitara-2::conversation_5244133_4336.csv::s1,astro_validation,2026-08-31 08:45:35.016
Sitara-2::conversation_5244133_4336.csv::s1,user_pushback,2026-08-31 08:45:51.017
Sitara-2::conversation_5244133_4336.csv::s1,astro_other,2026-08-31 08:45:56.018
Sitara-2::conversation_5244133_4336.csv::s1,astro_callback_within,2026-08-31 08:46:12.019
Sitara-2::conversation_5244133_4336.csv::s1,user_enthusiastic,2026-08-31 08:46:17.020
Sitara-2::conversation_5244133_4336.csv::s1,astro_other,2026-08-31 08:46:22.021
Sitara-2::conversation_5244133_4336.csv::s1,user_pushback,2026-08-31 08:46:47.022
Sitara-2::conversation_5244133_4336.csv::s1,astro_callback_within,2026-08-31 08:46:52.023
Sitara-2::conversation_5244133_4336.csv::s1,astro_other,2026-08-31 08:46:54.024
Sitara-2::conversation_5244133_4336.csv::s1,astro_other,2026-08-31 08:47:21.025
Sitara-2::conversation_5244133_4336.csv::s1,user_enthusiastic,2026-08-31 08:47:33.026
Sitara-2::conversation_5244133_4336.csv::s1,astro_other,2026-08-31 08:47:38.027
Sitara-2::conversation_5244133_4336.csv::s1,user_enthusiastic,2026-08-31 08:47:47.028
Sitara-2::conversation_5244133_4336.csv::s1,astro_other,2026-08-31 08:47:49.029
Sitara-2::conversation_5244133_4336.csv::s1,astro_other,2026-08-31 08:47:54.030
Sitara-2::conversation_5244133_4336.csv::s1,user_enthusiastic,2026-08-31 08:48:07.031
Sitara-2::conversation_5244133_4336.csv::s1,astro_other,2026-08-31 08:48:11.032
Sitara-2::conversation_5244133_4336.csv::s1,astro_other,2026-08-31 08:48:21.033
Sitara-2::conversation_5244133_4336.csv::s1,user_emotional_disclosure,2026-08-31 08:48:35.034
Sitara-2::conversation_5244133_4336.csv::s1,astro_callback_within,2026-08-31 08:48:39.035
Sitara-2::conversation_5244133_4336.csv::s1,astro_open_thread,2026-08-31 08:48:41.036
Sitara-2::conversation_5246045_4336.csv::s1,user_neutral,2026-08-31 09:32:32.000
Sitara-2::conversation_5246045_4336.csv::s1,user_neutral_factual,2026-08-31 09:32:45.001
Sitara-2::conversation_5246045_4336.csv::s1,astro_other,2026-08-31 09:32:50.002
Sitara-2::conversation_5246045_4336.csv::s1,astro_other,2026-08-31 09:33:01.003
Sitara-2::conversation_5246045_4336.csv::s1,user_neutral_factual,2026-08-31 09:33:09.004
Sitara-2::conversation_5246045_4336.csv::s1,astro_callback_within,2026-08-31 09:33:13.005
Sitara-2::conversation_5246045_4336.csv::s1,user_neutral_factual,2026-08-31 09:33:24.006
Sitara-2::conversation_5246045_4336.csv::s1,astro_other,2026-08-31 09:33:29.007
Sitara-2::conversation_5246045_4336.csv::s1,astro_other,2026-08-31 09:33:31.008
Sitara-2::conversation_5246045_4336.csv::s1,astro_callback_within,2026-08-31 09:33:33.009
Sitara-2::conversation_5246045_4336.csv::s1,user_neutral_factual,2026-08-31 09:33:33.010
Sitara-2::conversation_5246045_4336.csv::s1,astro_callback_within,2026-08-31 09:33:41.011
Sitara-2::conversation_5246045_4336.csv::s1,user_neutral_factual,2026-08-31 09:33:42.012
Sitara-2::conversation_5246045_4336.csv::s1,astro_callback_within,2026-08-31 09:33:47.013
Sitara-2::conversation_5246045_4336.csv::s1,astro_other,2026-08-31 09:33:49.014
Sitara-2::conversation_5246045_4336.csv::s1,user_neutral_factual,2026-08-31 09:33:51.015
Sitara-2::conversation_5246045_4336.csv::s1,astro_other,2026-08-31 09:33:55.016
Sitara-2::conversation_5246045_4336.csv::s1,user_neutral_factual,2026-08-31 09:33:55.017
Sitara-2::conversation_5246045_4336.csv::s1,user_neutral_factual,2026-08-31 09:34:13.018
Sitara-2::conversation_5246045_4336.csv::s1,user_neutral_factual,2026-08-31 09:34:17.019
Sitara-2::conversation_5246045_4336.csv::s1,astro_callback_within,2026-08-31 09:34:18.020
Sitara-2::conversation_5246045_4336.csv::s1,astro_callback_within,2026-08-31 09:34:23.021
Sitara-2::conversation_5246045_4336.csv::s1,astro_dated_prediction,2026-08-31 09:34:30.022
Sitara-2::conversation_5246045_4336.csv::s1,user_neutral_factual,2026-08-31 09:34:41.023
Sitara-2::conversation_5246045_4336.csv::s1,user_neutral_factual,2026-08-31 09:34:43.024
Sitara-2::conversation_5246045_4336.csv::s1,user_neutral_factual,2026-08-31 09:34:45.025
Sitara-2::conversation_5246045_4336.csv::s1,astro_callback_within,2026-08-31 09:34:50.026
Sitara-2::conversation_5246045_4336.csv::s1,astro_open_thread,2026-08-31 09:34:52.027
Sitara-2::conversation_5246045_4336.csv::s1,user_neutral_factual,2026-08-31 09:34:53.028
Sitara-2::conversation_5246045_4336.csv::s1,astro_other,2026-08-31 09:34:54.029
Sitara-2::conversation_5246045_4336.csv::s1,astro_callback_within,2026-08-31 09:35:00.030
Sitara-2::conversation_5246045_4336.csv::s1,user_neutral_factual,2026-08-31 09:35:05.031
Sitara-2::conversation_5246045_4336.csv::s1,user_neutral_factual,2026-08-31 09:35:14.032
Sitara-2::conversation_5246045_4336.csv::s1,astro_other,2026-08-31 09:35:18.033
Sitara-2::conversation_5246045_4336.csv::s1,user_neutral_factual,2026-08-31 09:35:28.034
Sitara-2::conversation_5246045_4336.csv::s1,astro_dated_prediction,2026-08-31 09:35:29.035
Sitara-2::conversation_5246045_4336.csv::s1,astro_dated_prediction,2026-08-31 09:35:34.036
Sitara-2::conversation_5246045_4336.csv::s1,astro_callback_within,2026-08-31 09:35:39.037
Sitara-2::conversation_5246045_4336.csv::s1,user_enthusiastic,2026-08-31 09:35:44.038
Sitara-2::conversation_5246045_4336.csv::s1,astro_callback_within,2026-08-31 09:35:48.039
Sitara-2::conversation_5246045_4336.csv::s1,user_neutral_factual,2026-08-31 09:35:53.040
Sitara-2::conversation_5246045_4336.csv::s1,astro_callback_within,2026-08-31 09:35:58.041
Sitara-2::conversation_5246045_4336.csv::s1,user_neutral_factual,2026-08-31 09:36:00.042
Sitara-2::conversation_5246045_4336.csv::s1,astro_callback_within,2026-08-31 09:36:06.043
Sitara-2::conversation_5246045_4336.csv::s1,user_emotional_disclosure,2026-08-31 09:36:06.044
Sitara-2::conversation_5246045_4336.csv::s1,astro_validation,2026-08-31 09:36:11.045
Sitara-2::conversation_5246045_4336.csv::s1,astro_reframe,2026-08-31 09:36:13.046
Sitara-2::conversation_5246045_4336.csv::s1,user_emotional_disclosure,2026-08-31 09:36:14.047
Sitara-2::conversation_5246045_4336.csv::s1,astro_callback_within,2026-08-31 09:36:18.048
Sitara-2::conversation_5246045_4336.csv::s1,user_neutral_factual,2026-08-31 09:36:35.049
Sitara-2::conversation_5246045_4336.csv::s1,user_emotional_disclosure,2026-08-31 09:36:39.050
Sitara-2::conversation_5246045_4336.csv::s1,astro_callback_within,2026-08-31 09:36:39.051
Sitara-2::conversation_5246045_4336.csv::s1,astro_callback_within,2026-08-31 09:36:44.052
Sitara-2::conversation_5246045_4336.csv::s1,user_emotional_disclosure,2026-08-31 09:36:51.053
Sitara-2::conversation_5246045_4336.csv::s1,user_neutral_factual,2026-08-31 09:36:57.054
Sitara-2::conversation_5246045_4336.csv::s1,astro_callback_within,2026-08-31 09:36:59.055
Sitara-2::conversation_5246045_4336.csv::s1,astro_callback_within,2026-08-31 09:37:04.056
Sitara-2::conversation_5246045_4336.csv::s1,user_neutral_factual,2026-08-31 09:37:04.057
Sitara-2::conversation_5246045_4336.csv::s1,user_neutral_factual,2026-08-31 09:37:05.058
Sitara-2::conversation_5246045_4336.csv::s1,astro_other,2026-08-31 09:37:10.059
Sitara-2::conversation_5246045_4336.csv::s1,astro_reframe,2026-08-31 09:37:12.060
Sitara-2::conversation_5246045_4336.csv::s1,user_neutral_factual,2026-08-31 09:37:22.061
Sitara-2::conversation_5251163_4336.csv::s1,user_neutral,2026-08-31 12:13:57.000
Sitara-2::conversation_5251163_4336.csv::s1,user_emotional_disclosure,2026-08-31 12:15:35.001
Sitara-2::conversation_5251163_4336.csv::s1,astro_other,2026-08-31 12:15:39.002
Sitara-2::conversation_5251163_4336.csv::s1,user_neutral_factual,2026-08-31 12:15:50.003
Sitara-2::conversation_5251163_4336.csv::s1,astro_other,2026-08-31 12:15:54.004
Sitara-2::conversation_5251163_4336.csv::s1,user_pushback,2026-08-31 12:16:08.005
Sitara-2::conversation_5251163_4336.csv::s1,astro_callback_within,2026-08-31 12:16:12.006
Sitara-2::conversation_5251163_4336.csv::s1,astro_open_thread,2026-08-31 12:16:14.007
Sitara-2::conversation_5251163_4336.csv::s1,user_emotional_disclosure,2026-08-31 12:16:20.008
Sitara-2::conversation_5251163_4336.csv::s1,astro_callback_within,2026-08-31 12:16:25.009
Sitara-2::conversation_5251163_4336.csv::s1,astro_callback_within,2026-08-31 12:16:26.010
Sitara-2::conversation_5251163_4336.csv::s1,astro_callback_within,2026-08-31 12:16:29.011
Sitara-2::conversation_5251163_4336.csv::s1,user_neutral_factual,2026-08-31 12:18:48.012
Sitara-2::conversation_5251163_4336.csv::s1,astro_callback_within,2026-08-31 12:18:53.013
Sitara-2::conversation_5251163_4336.csv::s1,user_neutral_factual,2026-08-31 12:19:10.014
Sitara-2::conversation_5251163_4336.csv::s1,astro_callback_within,2026-08-31 12:19:15.015
Sitara-2::conversation_5251163_4336.csv::s1,user_enthusiastic,2026-08-31 12:19:26.016
Sitara-2::conversation_5251163_4336.csv::s1,user_enthusiastic,2026-08-31 12:19:39.017
Sitara-2::conversation_5251163_4336.csv::s1,astro_callback_within,2026-08-31 12:19:44.018
Sitara-2::conversation_5251163_4336.csv::s1,user_neutral_factual,2026-08-31 12:19:56.019
Sitara-2::conversation_5251163_4336.csv::s1,astro_callback_within,2026-08-31 12:20:00.020
Sitara-2::conversation_5251163_4336.csv::s1,user_neutral_factual,2026-08-31 12:20:00.021
Sitara-2::conversation_5251163_4336.csv::s1,user_neutral_factual,2026-08-31 12:20:21.022
Sitara-2::conversation_5251163_4336.csv::s1,astro_callback_within,2026-08-31 12:20:26.023
Sitara-2::conversation_5251163_4336.csv::s1,user_emotional_disclosure,2026-08-31 12:20:33.024
Sitara-2::conversation_5251163_4336.csv::s1,astro_callback_within,2026-08-31 12:20:38.025
Sitara-2::conversation_5251163_4336.csv::s1,user_neutral_factual,2026-08-31 12:21:06.026
Sitara-2::conversation_5251163_4336.csv::s1,user_neutral_factual,2026-08-31 12:21:11.027
Sitara-2::conversation_5251163_4336.csv::s1,astro_other,2026-08-31 12:21:13.028
Sitara-2::conversation_5251163_4336.csv::s1,user_neutral_factual,2026-08-31 12:21:17.029
Sitara-2::conversation_5251163_4336.csv::s1,astro_callback_within,2026-08-31 12:21:18.030
Sitara-2::conversation_5251163_4336.csv::s1,astro_callback_within,2026-08-31 12:21:22.031
Sitara-2::conversation_5251163_4336.csv::s1,user_pushback,2026-08-31 12:21:47.032
Sitara-2::conversation_5251163_4336.csv::s1,astro_callback_within,2026-08-31 12:21:51.033
Sitara-2::conversation_5251163_4336.csv::s1,user_neutral_factual,2026-08-31 12:22:01.034
Sitara-2::conversation_5251163_4336.csv::s1,user_neutral_factual,2026-08-31 12:22:17.035
Sitara-2::conversation_5251163_4336.csv::s1,astro_other,2026-08-31 12:22:22.036
Sitara-2::conversation_5251163_4336.csv::s1,user_neutral_factual,2026-08-31 12:22:31.037
Sitara-2::conversation_5251163_4336.csv::s1,astro_dated_prediction,2026-08-31 12:22:35.038
Sitara-2::conversation_5251163_4336.csv::s1,user_emotional_disclosure,2026-08-31 12:22:47.039
Sitara-2::conversation_5251163_4336.csv::s1,astro_callback_within,2026-08-31 12:22:52.040
Sitara-2::conversation_5251163_4336.csv::s1,user_neutral_factual,2026-08-31 12:23:08.041
Sitara-2::conversation_5251163_4336.csv::s1,astro_other,2026-08-31 12:23:12.042
Sitara-2::conversation_5251163_4336.csv::s1,user_emotional_disclosure,2026-08-31 12:23:29.043
Sitara-2::conversation_5251163_4336.csv::s1,astro_callback_within,2026-08-31 12:23:33.044
Sitara-2::conversation_5251163_4336.csv::s1,user_neutral_factual,2026-08-31 12:23:47.045
Sitara-2::conversation_5251163_4336.csv::s1,astro_other,2026-08-31 12:23:51.046
Sitara-2::conversation_5251163_4336.csv::s1,user_pushback,2026-08-31 12:23:58.047
Sitara-2::conversation_5251163_4336.csv::s1,astro_callback_within,2026-08-31 12:24:03.048
Sitara-2::conversation_5251163_4336.csv::s1,user_neutral_factual,2026-08-31 12:24:18.049
Sitara-2::conversation_5251163_4336.csv::s1,astro_other,2026-08-31 12:24:24.050
Sitara-2::conversation_5251163_4336.csv::s1,user_pushback,2026-08-31 12:24:33.051
Sitara-2::conversation_5251163_4336.csv::s1,astro_callback_within,2026-08-31 12:24:37.052
Sitara-2::conversation_5251163_4336.csv::s1,user_neutral_factual,2026-08-31 12:25:02.053
Sitara-2::conversation_5251163_4336.csv::s1,astro_callback_within,2026-08-31 12:25:07.054
Sitara-2::conversation_5251163_4336.csv::s1,astro_other,2026-08-31 12:25:09.055
Sitara-2::conversation_5251163_4336.csv::s1,user_pushback,2026-08-31 12:25:29.056
Sitara-2::conversation_5251163_4336.csv::s1,astro_validation,2026-08-31 12:25:33.057
Sitara-2::conversation_5251163_4336.csv::s1,user_pushback,2026-08-31 12:25:35.058
Sitara-2::conversation_5251163_4336.csv::s1,astro_callback_within,2026-08-31 12:25:35.059
Sitara-2::conversation_5251163_4336.csv::s1,astro_other,2026-08-31 12:25:40.060
Sitara-2::conversation_5251163_4336.csv::s1,astro_callback_within,2026-08-31 12:25:42.061
Sitara-2::conversation_5251163_4336.csv::s1,astro_other,2026-08-31 12:25:44.062
Sitara-2::conversation_5251163_4336.csv::s1,user_pushback,2026-08-31 12:26:03.063
Sitara-2::conversation_5251163_4336.csv::s1,user_disengaging,2026-08-31 12:26:16.064
Sitara-2::conversation_5251163_4336.csv::s1,user_neutral_factual,2026-08-31 12:26:24.065
Sitara-2::conversation_5251163_4336.csv::s1,astro_callback_within,2026-08-31 12:26:29.066
Sitara-2::conversation_5255303_4336.csv::s1,user_neutral,2026-08-31 15:17:11.000
Sitara-2::conversation_5255303_4336.csv::s1,astro_other,2026-08-31 15:17:16.001
Sitara-2::conversation_5255303_4336.csv::s1,user_neutral_factual,2026-08-31 15:19:42.002
Sitara-2::conversation_5255303_4336.csv::s1,user_neutral_factual,2026-08-31 15:20:15.003
Sitara-2::conversation_5255303_4336.csv::s1,astro_other,2026-08-31 15:20:20.004
Sitara-2::conversation_5255303_4336.csv::s1,astro_callback_within,2026-08-31 15:20:22.005
Sitara-2::conversation_5255303_4336.csv::s2,user_neutral,2026-08-31 15:24:32.000
Sitara-2::conversation_5255303_4336.csv::s2,astro_other,2026-08-31 15:24:37.001
Sitara-2::conversation_5255303_4336.csv::s2,astro_other,2026-08-31 15:24:39.002
Sitara-2::conversation_5255303_4336.csv::s2,user_neutral_factual,2026-08-31 15:25:13.003
Sitara-2::conversation_5255303_4336.csv::s2,astro_callback_within,2026-08-31 15:25:17.004
Sitara-2::conversation_5255303_4336.csv::s2,astro_other,2026-08-31 15:25:29.005
Sitara-2::conversation_5255303_4336.csv::s2,user_emotional_disclosure,2026-08-31 15:25:59.006
Sitara-2::conversation_5255303_4336.csv::s2,astro_other,2026-08-31 15:26:03.007
Sitara-2::conversation_5255303_4336.csv::s2,user_pushback,2026-08-31 15:26:45.008
Sitara-2::conversation_5255303_4336.csv::s2,user_neutral_factual,2026-08-31 15:27:09.009
Sitara-2::conversation_5255303_4336.csv::s2,astro_dated_prediction,2026-08-31 15:27:13.010
Sitara-2::conversation_5255303_4336.csv::s2,user_emotional_disclosure,2026-08-31 15:27:46.011
Sitara-2::conversation_5255303_4336.csv::s2,astro_other,2026-08-31 15:27:50.012
Sitara-2::conversation_5255303_4336.csv::s2,user_neutral_factual,2026-08-31 15:28:04.013
Sitara-2::conversation_5255303_4336.csv::s2,astro_open_thread,2026-08-31 15:28:09.014
Sitara-2::conversation_5255303_4336.csv::s2,user_enthusiastic,2026-08-31 15:28:25.015
Sitara-2::conversation_5255303_4336.csv::s2,astro_other,2026-08-31 15:28:30.016
Sitara-2::conversation_5255303_4336.csv::s2,user_neutral_factual,2026-08-31 15:29:19.017
Sitara-2::conversation_5255303_4336.csv::s2,astro_other,2026-08-31 15:29:24.018
Sitara-2::conversation_5255303_4336.csv::s2,user_enthusiastic,2026-08-31 15:29:39.019
Sitara-2::conversation_5255303_4336.csv::s2,astro_callback_within,2026-08-31 15:29:44.020
Sitara-2::conversation_5255303_4336.csv::s2,user_enthusiastic,2026-08-31 15:29:52.021
Sitara-2::conversation_5255303_4336.csv::s2,astro_other,2026-08-31 15:29:56.022
Sitara-2::conversation_5255303_4336.csv::s2,astro_other,2026-08-31 15:29:58.023
Sitara-2::conversation_5255303_4336.csv::s2,user_neutral_factual,2026-08-31 15:30:23.024
Sitara-2::conversation_5255303_4336.csv::s2,astro_callback_within,2026-08-31 15:30:28.025
Sitara-2::conversation_5255303_4336.csv::s2,user_enthusiastic,2026-08-31 15:30:39.026
Sitara-2::conversation_5255303_4336.csv::s2,astro_callback_within,2026-08-31 15:30:44.027
Sitara-2::conversation_5255303_4336.csv::s2,astro_open_thread,2026-08-31 15:30:46.028
Sitara-2::conversation_5255303_4336.csv::s2,user_enthusiastic,2026-08-31 15:30:55.029
Sitara-2::conversation_5255303_4336.csv::s2,astro_open_thread,2026-08-31 15:30:59.030
Sitara-2::conversation_5255303_4336.csv::s2,user_enthusiastic,2026-08-31 15:31:13.031
Sitara-2::conversation_5255303_4336.csv::s2,astro_other,2026-08-31 15:31:17.032
Sitara-2::conversation_5255303_4336.csv::s2,user_neutral_factual,2026-08-31 15:31:35.033
Sitara-2::conversation_5255303_4336.csv::s2,astro_open_thread,2026-08-31 15:31:39.034
Sitara-2::conversation_5255303_4336.csv::s2,user_enthusiastic,2026-08-31 15:31:50.035
Sitara-2::conversation_5255303_4336.csv::s2,user_enthusiastic,2026-08-31 15:32:06.036
Sitara-2::conversation_5255303_4336.csv::s2,astro_callback_within,2026-08-31 15:32:10.037
Sitara-2::conversation_5255303_4336.csv::s2,user_pushback,2026-08-31 15:32:26.038
Sitara-2::conversation_5255303_4336.csv::s2,astro_other,2026-08-31 15:32:30.039
Sitara-2::conversation_5255303_4336.csv::s2,astro_open_thread,2026-08-31 15:32:32.040
Sitara-2::conversation_5255303_4336.csv::s2,user_enthusiastic,2026-08-31 15:32:53.041
Sitara-2::conversation_5255303_4336.csv::s2,user_enthusiastic,2026-08-31 15:33:08.042
Sitara-2::conversation_5255303_4336.csv::s2,astro_callback_within,2026-08-31 15:33:12.043
Sitara-2::conversation_5255303_4336.csv::s2,astro_callback_within,2026-08-31 15:33:14.044
Sitara-2::conversation_5255303_4336.csv::s2,user_enthusiastic,2026-08-31 15:33:26.045
Sitara-2::conversation_5255303_4336.csv::s2,astro_callback_within,2026-08-31 15:33:31.046
Sitara-2::conversation_5255303_4336.csv::s2,astro_open_thread,2026-08-31 15:33:33.047
Sitara-2::conversation_5255303_4336.csv::s2,user_enthusiastic,2026-08-31 15:33:42.048
Sitara-2::conversation_5255303_4336.csv::s2,astro_other,2026-08-31 15:33:47.049
Sitara-2::conversation_5255752_4336.csv::s1,user_neutral,2026-08-31 15:26:05.000
Sitara-2::conversation_5255752_4336.csv::s1,astro_other,2026-08-31 15:26:09.001
Sitara-2::conversation_5255752_4336.csv::s1,astro_other,2026-08-31 15:26:22.002
Sitara-2::conversation_5255752_4336.csv::s1,user_neutral_factual,2026-08-31 15:26:35.003
Sitara-2::conversation_5255752_4336.csv::s1,astro_other,2026-08-31 15:26:40.004
Sitara-2::conversation_5255752_4336.csv::s1,astro_other,2026-08-31 15:26:42.005
Sitara-2::conversation_5255752_4336.csv::s1,user_neutral_factual,2026-08-31 15:26:48.006
Sitara-2::conversation_5255752_4336.csv::s1,astro_dated_prediction,2026-08-31 15:26:53.007
Sitara-2::conversation_5255752_4336.csv::s1,astro_other,2026-08-31 15:27:07.008
Sitara-2::conversation_5255752_4336.csv::s1,user_emotional_disclosure,2026-08-31 15:27:12.009
Sitara-2::conversation_5255752_4336.csv::s1,astro_open_thread,2026-08-31 15:27:17.010
Sitara-2::conversation_5255752_4336.csv::s1,user_enthusiastic,2026-08-31 15:27:24.011
Sitara-2::conversation_5255752_4336.csv::s1,astro_other,2026-08-31 15:27:28.012
Sitara-2::conversation_5255752_4336.csv::s1,astro_callback_within,2026-08-31 15:27:59.013
Sitara-2::conversation_5255752_4336.csv::s1,user_emotional_disclosure,2026-08-31 15:28:24.014
Sitara-2::conversation_5255752_4336.csv::s1,astro_callback_within,2026-08-31 15:28:29.015
Sitara-2::conversation_5255752_4336.csv::s1,user_neutral_factual,2026-08-31 15:28:39.016
Sitara-2::conversation_5255752_4336.csv::s1,astro_open_thread,2026-08-31 15:28:44.017
Sitara-2::conversation_5255752_4336.csv::s1,user_enthusiastic,2026-08-31 15:28:50.018
Sitara-2::conversation_5255752_4336.csv::s1,astro_other,2026-08-31 15:28:55.019
Sitara-2::conversation_5255752_4336.csv::s1,user_neutral_factual,2026-08-31 15:29:03.020
Sitara-2::conversation_5255752_4336.csv::s1,astro_other,2026-08-31 15:29:07.021
Sitara-2::conversation_5255752_4336.csv::s1,user_pushback,2026-08-31 15:29:18.022
Sitara-2::conversation_5255752_4336.csv::s1,astro_other,2026-08-31 15:29:22.023
Sitara-2::conversation_5255752_4336.csv::s1,user_neutral_factual,2026-08-31 15:29:28.024
Sitara-2::conversation_5255752_4336.csv::s1,astro_open_thread,2026-08-31 15:29:32.025
Sitara-2::conversation_5255752_4336.csv::s1,user_enthusiastic,2026-08-31 15:29:37.026
Sitara-2::conversation_5255752_4336.csv::s1,astro_callback_within,2026-08-31 15:29:41.027
Sitara-2::conversation_5255752_4336.csv::s1,user_emotional_disclosure,2026-08-31 15:29:52.028
Sitara-2::conversation_5255752_4336.csv::s1,astro_open_thread,2026-08-31 15:29:58.029
Sitara-2::conversation_5255752_4336.csv::s1,user_emotional_disclosure,2026-08-31 15:29:58.030
Sitara-2::conversation_5255752_4336.csv::s1,astro_validation,2026-08-31 15:30:04.031
Sitara-2::conversation_5255752_4336.csv::s1,astro_other,2026-08-31 15:30:20.032
Sitara-2::conversation_5255752_4336.csv::s1,astro_open_thread,2026-08-31 15:30:22.033
Sitara-2::conversation_5255752_4336.csv::s1,user_disengaging,2026-08-31 15:30:42.034
Sitara-2::conversation_5255752_4336.csv::s1,astro_validation,2026-08-31 15:30:47.035
Sitara-2::conversation_5255752_4336.csv::s1,astro_other,2026-08-31 15:30:49.036
Sitara-2::conversation_5255752_4336.csv::s1,astro_reframe,2026-08-31 15:30:52.037
Sitara-2::conversation_5255752_4336.csv::s1,user_disengaging,2026-08-31 15:30:58.038
Sitara-2::conversation_5255752_4336.csv::s1,astro_reframe,2026-08-31 15:31:02.039
Sitara-2::conversation_5256384_4336.csv::s1,user_neutral,2026-08-31 15:45:14.000
Sitara-2::conversation_5256384_4336.csv::s1,astro_other,2026-08-31 15:45:21.001
Sitara-2::conversation_5256384_4336.csv::s1,user_neutral_factual,2026-08-31 15:45:24.002
Sitara-2::conversation_5256384_4336.csv::s1,astro_other,2026-08-31 15:45:29.003
Sitara-2::conversation_5256384_4336.csv::s1,astro_other,2026-08-31 15:45:36.004
Sitara-2::conversation_5256384_4336.csv::s1,user_emotional_disclosure,2026-08-31 15:45:53.005
Sitara-2::conversation_5256384_4336.csv::s1,astro_validation,2026-08-31 15:45:57.006
Sitara-2::conversation_5256384_4336.csv::s1,user_emotional_disclosure,2026-08-31 15:46:19.007
Sitara-2::conversation_5256384_4336.csv::s1,astro_other,2026-08-31 15:46:24.008
Sitara-2::conversation_5256384_4336.csv::s1,user_neutral_factual,2026-08-31 15:46:33.009
Sitara-2::conversation_5256384_4336.csv::s1,user_neutral_factual,2026-08-31 15:46:45.010
Sitara-2::conversation_5256384_4336.csv::s1,astro_callback_within,2026-08-31 15:46:49.011
Sitara-2::conversation_5256384_4336.csv::s1,user_neutral_factual,2026-08-31 15:46:53.012
Sitara-2::conversation_5256384_4336.csv::s1,user_neutral_factual,2026-08-31 15:46:57.013
Sitara-2::conversation_5256384_4336.csv::s1,astro_callback_within,2026-08-31 15:47:01.014
Sitara-2::conversation_5256384_4336.csv::s1,astro_other,2026-08-31 15:47:04.015
Sitara-2::conversation_5256384_4336.csv::s1,astro_callback_within,2026-08-31 15:47:16.016
Sitara-2::conversation_5256384_4336.csv::s1,user_neutral_factual,2026-08-31 15:47:24.017
Sitara-2::conversation_5256384_4336.csv::s1,astro_other,2026-08-31 15:47:28.018
Sitara-2::conversation_5256384_4336.csv::s1,user_neutral_factual,2026-08-31 15:47:37.019
Sitara-2::conversation_5256384_4336.csv::s1,astro_other,2026-08-31 15:47:47.020
Sitara-2::conversation_5256384_4336.csv::s1,astro_callback_within,2026-08-31 15:48:01.021
Sitara-2::conversation_5256384_4336.csv::s1,user_emotional_disclosure,2026-08-31 15:48:27.022
Sitara-2::conversation_5256384_4336.csv::s1,astro_reframe,2026-08-31 15:48:32.023
Sitara-2::conversation_5256384_4336.csv::s1,user_emotional_disclosure,2026-08-31 15:48:51.024
Sitara-2::conversation_5256384_4336.csv::s1,astro_other,2026-08-31 15:48:56.025
Sitara-2::conversation_5256384_4336.csv::s1,user_emotional_disclosure,2026-08-31 15:49:09.026
Sitara-2::conversation_5256384_4336.csv::s1,astro_other,2026-08-31 15:49:14.027
Sitara-2::conversation_5256384_4336.csv::s1,astro_open_thread,2026-08-31 15:49:26.028
Sitara-2::conversation_5256384_4336.csv::s1,user_emotional_disclosure,2026-08-31 15:49:30.029
Sitara-2::conversation_5256384_4336.csv::s1,astro_callback_within,2026-08-31 15:49:35.030
Sitara-2::conversation_5256384_4336.csv::s1,user_neutral_factual,2026-08-31 15:49:42.031
Sitara-2::conversation_5256384_4336.csv::s1,astro_other,2026-08-31 15:49:46.032
Sitara-2::conversation_5256384_4336.csv::s1,user_enthusiastic,2026-08-31 15:49:54.033
Sitara-2::conversation_5256384_4336.csv::s1,astro_callback_within,2026-08-31 15:49:58.034
Sitara-2::conversation_5256384_4336.csv::s1,user_neutral_factual,2026-08-31 15:50:08.035
Sitara-2::conversation_5256384_4336.csv::s1,astro_callback_within,2026-08-31 15:50:10.036
Sitara-2::conversation_5256384_4336.csv::s1,astro_callback_within,2026-08-31 15:50:15.037
Sitara-2::conversation_5258219_4336.csv::s1,user_neutral,2026-08-31 16:39:48.000
Sitara-2::conversation_5258219_4336.csv::s1,astro_other,2026-08-31 16:39:53.001
Sitara-2::conversation_5258219_4336.csv::s1,user_neutral_factual,2026-08-31 16:40:13.002
Sitara-2::conversation_5258219_4336.csv::s1,astro_other,2026-08-31 16:40:18.003
Sitara-2::conversation_5258219_4336.csv::s1,user_neutral,2026-08-31 16:40:32.004
Sitara-2::conversation_5258219_4336.csv::s1,astro_other,2026-08-31 16:40:36.005
Sitara-2::conversation_5258219_4336.csv::s1,astro_reframe,2026-08-31 16:40:38.006
Sitara-2::conversation_5258219_4336.csv::s1,user_pushback,2026-08-31 16:41:06.007
Sitara-2::conversation_5258219_4336.csv::s1,astro_other,2026-08-31 16:41:10.008
Sitara-2::conversation_5258219_4336.csv::s1,astro_other,2026-08-31 16:41:23.009
Sitara-2::conversation_5258219_4336.csv::s1,astro_other,2026-08-31 16:41:25.010
Sitara-2::conversation_5258219_4336.csv::s1,user_neutral,2026-08-31 16:41:32.011
Sitara-2::conversation_5258219_4336.csv::s1,astro_other,2026-08-31 16:41:37.012
Sitara-2::conversation_5258219_4336.csv::s1,user_neutral,2026-08-31 16:42:26.013
Sitara-2::conversation_5258219_4336.csv::s1,astro_other,2026-08-31 16:42:31.014
Sitara-2::conversation_5258219_4336.csv::s1,astro_dated_prediction,2026-08-31 16:42:33.015
Sitara-2::conversation_5258219_4336.csv::s1,user_pushback,2026-08-31 16:42:54.016
Sitara-2::conversation_5258219_4336.csv::s1,astro_reframe,2026-08-31 16:42:58.017
Sitara-2::conversation_5258219_4336.csv::s1,user_neutral,2026-08-31 16:43:13.018
Sitara-2::conversation_5258219_4336.csv::s1,astro_other,2026-08-31 16:43:18.019
Sitara-2::conversation_5258219_4336.csv::s1,user_pushback,2026-08-31 16:43:42.020
Sitara-2::conversation_5258219_4336.csv::s1,astro_other,2026-08-31 16:43:47.021
Sitara-2::conversation_5258219_4336.csv::s1,user_pushback,2026-08-31 16:43:48.022
Sitara-2::conversation_5258219_4336.csv::s1,astro_other,2026-08-31 16:43:49.023
Sitara-2::conversation_5258219_4336.csv::s1,astro_callback_within,2026-08-31 16:43:53.024
Sitara-2::conversation_5258219_4336.csv::s1,astro_other,2026-08-31 16:43:55.025
Sitara-2::conversation_5258219_4336.csv::s1,astro_other,2026-08-31 16:43:57.026
Sitara-2::conversation_5258219_4336.csv::s1,user_neutral_factual,2026-08-31 16:44:23.027
Sitara-2::conversation_5258219_4336.csv::s1,astro_open_thread,2026-08-31 16:44:28.028
Sitara-2::conversation_5258219_4336.csv::s1,user_neutral,2026-08-31 16:44:35.029
Sitara-2::conversation_5258219_4336.csv::s1,astro_dated_prediction,2026-08-31 16:44:40.030
Sitara-2::conversation_5258219_4336.csv::s1,astro_open_thread,2026-08-31 16:44:42.031
Sitara-2::conversation_5259595_4336.csv::s1,astro_other,2026-08-31 17:30:47.000
Sitara-2::conversation_5259595_4336.csv::s1,user_neutral_factual,2026-08-31 17:30:48.001
Sitara-2::conversation_5259595_4336.csv::s1,astro_other,2026-08-31 17:30:52.002
Sitara-2::conversation_5259595_4336.csv::s1,astro_other,2026-08-31 17:30:57.003
Sitara-2::conversation_5259595_4336.csv::s1,astro_other,2026-08-31 17:30:59.004
Sitara-2::conversation_5259595_4336.csv::s1,astro_other,2026-08-31 17:31:01.005
Sitara-2::conversation_5259595_4336.csv::s1,astro_other,2026-08-31 17:31:06.006
Sitara-2::conversation_5259595_4336.csv::s1,astro_open_thread,2026-08-31 17:31:10.007
Sitara-2::conversation_5259595_4336.csv::s1,user_emotional_disclosure,2026-08-31 17:31:22.008
Sitara-2::conversation_5259595_4336.csv::s1,astro_validation,2026-08-31 17:31:26.009
Sitara-2::conversation_5259595_4336.csv::s1,astro_other,2026-08-31 17:31:28.010
Sitara-2::conversation_5259595_4336.csv::s1,astro_reframe,2026-08-31 17:31:30.011
Sitara-2::conversation_5259595_4336.csv::s1,user_emotional_disclosure,2026-08-31 17:31:50.012
Sitara-2::conversation_5259595_4336.csv::s1,astro_validation,2026-08-31 17:31:55.013
Sitara-2::conversation_5259595_4336.csv::s1,astro_open_thread,2026-08-31 17:31:57.014
Sitara-2::conversation_5259595_4336.csv::s1,astro_dated_prediction,2026-08-31 17:32:19.015
Sitara-2::conversation_5259595_4336.csv::s1,user_neutral,2026-08-31 17:32:19.016
Sitara-2::conversation_5259595_4336.csv::s1,astro_other,2026-08-31 17:32:21.017
Sitara-2::conversation_5259595_4336.csv::s1,user_emotional_disclosure,2026-08-31 17:32:34.018
Sitara-2::conversation_5259595_4336.csv::s1,astro_reframe,2026-08-31 17:32:40.019
Sitara-2::conversation_5259595_4336.csv::s1,user_neutral,2026-08-31 17:33:05.020
Sitara-2::conversation_5259595_4336.csv::s1,astro_other,2026-08-31 17:33:11.021
Sitara-2::conversation_5259595_4336.csv::s1,user_pushback,2026-08-31 17:33:17.022
Sitara-2::conversation_5259595_4336.csv::s1,astro_other,2026-08-31 17:33:21.023
Sitara-2::conversation_5259595_4336.csv::s1,user_pushback,2026-08-31 17:33:38.024
Sitara-2::conversation_5259595_4336.csv::s1,astro_open_thread,2026-08-31 17:33:43.025
Sitara-2::conversation_5259595_4336.csv::s1,user_pushback,2026-08-31 17:33:45.026
Sitara-2::conversation_5259595_4336.csv::s1,astro_self_correction,2026-08-31 17:33:49.027
Sitara-2::conversation_5259595_4336.csv::s1,user_neutral,2026-08-31 17:33:57.028
Sitara-2::conversation_5259595_4336.csv::s1,user_neutral,2026-08-31 17:34:01.029
Sitara-2::conversation_5259595_4336.csv::s1,astro_other,2026-08-31 17:34:03.030
Sitara-2::conversation_5259595_4336.csv::s1,astro_open_thread,2026-08-31 17:34:05.031
Sitara-2::conversation_5259595_4336.csv::s1,astro_dated_prediction,2026-08-31 17:34:12.032
Sitara-2::conversation_5259595_4336.csv::s1,astro_dated_prediction,2026-08-31 17:34:14.033
Sitara-2::conversation_5259595_4336.csv::s1,astro_other,2026-08-31 17:34:25.034
Sitara-2::conversation_5259595_4336.csv::s1,user_neutral,2026-08-31 17:34:29.035
Sitara-2::conversation_5259595_4336.csv::s1,astro_other,2026-08-31 17:34:35.036
Sitara-2::conversation_5259595_4336.csv::s1,user_neutral_factual,2026-08-31 17:34:41.037
Sitara-2::conversation_5259595_4336.csv::s1,astro_open_thread,2026-08-31 17:34:46.038
Sitara-2::conversation_5259595_4336.csv::s1,user_neutral,2026-08-31 17:34:48.039
Sitara-2::conversation_5259595_4336.csv::s1,astro_other,2026-08-31 17:34:53.040
Sitara-2::conversation_5259595_4336.csv::s1,user_neutral_factual,2026-08-31 17:35:00.041
Sitara-2::conversation_5259595_4336.csv::s1,user_neutral,2026-08-31 17:35:02.042
Sitara-2::conversation_5259595_4336.csv::s1,astro_other,2026-08-31 17:35:10.043
Sitara-2::conversation_5259595_4336.csv::s1,user_emotional_disclosure,2026-08-31 17:35:22.044
Sitara-2::conversation_5259595_4336.csv::s1,astro_other,2026-08-31 17:35:24.045
Sitara-2::conversation_5259595_4336.csv::s1,user_neutral_factual,2026-08-31 17:35:31.046
Sitara-2::conversation_5259595_4336.csv::s1,astro_reframe,2026-08-31 17:35:36.047
Sitara-2::conversation_5259595_4336.csv::s2,user_neutral,2026-08-31 17:37:52.000
Sitara-2::conversation_5259595_4336.csv::s2,astro_other,2026-08-31 17:37:57.001
Sitara-2::conversation_5259595_4336.csv::s2,astro_callback_prior,2026-08-31 17:37:59.002
Sitara-2::conversation_5259595_4336.csv::s2,astro_callback_prior,2026-08-31 17:38:01.003
Sitara-2::conversation_5259595_4336.csv::s2,astro_reframe,2026-08-31 17:38:03.004
Sitara-2::conversation_5259595_4336.csv::s2,user_neutral,2026-08-31 17:39:12.005
Sitara-2::conversation_5259595_4336.csv::s2,astro_dated_prediction,2026-08-31 17:39:17.006
Sitara-2::conversation_5259595_4336.csv::s2,astro_other,2026-08-31 17:39:19.007
Sitara-2::conversation_5259595_4336.csv::s2,user_pushback,2026-08-31 17:39:35.008
Sitara-2::conversation_5259595_4336.csv::s2,astro_validation,2026-08-31 17:39:40.009
Sitara-2::conversation_5259595_4336.csv::s2,astro_callback_prior,2026-08-31 17:39:42.010
Sitara-2::conversation_5259595_4336.csv::s2,user_pushback,2026-08-31 17:39:45.011
Sitara-2::conversation_5259595_4336.csv::s2,astro_callback_prior,2026-08-31 17:39:50.012
Sitara-2::conversation_5259595_4336.csv::s2,astro_callback_prior,2026-08-31 17:39:52.013
Sitara-2::conversation_5259595_4336.csv::s2,astro_callback_prior,2026-08-31 17:39:57.014
Sitara-2::conversation_5259595_4336.csv::s2,astro_dated_prediction,2026-08-31 17:39:59.015
Sitara-2::conversation_5259595_4336.csv::s2,user_pushback,2026-08-31 17:40:17.016
Sitara-2::conversation_5259595_4336.csv::s2,astro_callback_within,2026-08-31 17:40:22.017
Sitara-2::conversation_5259595_4336.csv::s2,user_neutral,2026-08-31 17:40:26.018
Sitara-2::conversation_5259595_4336.csv::s2,astro_other,2026-08-31 17:40:31.019
Sitara-2::conversation_5259595_4336.csv::s2,astro_open_thread,2026-08-31 17:40:33.020
Sitara-2::conversation_5259595_4336.csv::s2,user_enthusiastic,2026-08-31 17:40:41.021
Sitara-2::conversation_5259595_4336.csv::s2,user_enthusiastic,2026-08-31 17:40:44.022
Sitara-2::conversation_5259595_4336.csv::s2,astro_callback_prior,2026-08-31 17:40:46.023
Sitara-2::conversation_5259595_4336.csv::s2,astro_other,2026-08-31 17:40:50.024
Sitara-2::conversation_5259595_4336.csv::s2,user_neutral_factual,2026-08-31 17:41:03.025
Sitara-2::conversation_5259595_4336.csv::s2,user_neutral,2026-08-31 17:41:08.026
Sitara-2::conversation_5259595_4336.csv::s2,user_neutral_factual,2026-08-31 17:41:13.027
Sitara-2::conversation_5259595_4336.csv::s2,astro_callback_prior,2026-08-31 17:41:13.028
Sitara-2::conversation_5259595_4336.csv::s2,user_neutral,2026-08-31 17:41:30.029
Sitara-2::conversation_5259595_4336.csv::s2,astro_dated_prediction,2026-08-31 17:41:34.030
Sitara-2::conversation_5259595_4336.csv::s2,user_neutral_factual,2026-08-31 17:41:40.031
Sitara-2::conversation_5259595_4336.csv::s2,astro_callback_prior,2026-08-31 17:41:44.032
Sitara-2::conversation_5259595_4336.csv::s2,astro_dated_prediction,2026-08-31 17:41:50.033
Sitara-2::conversation_5259595_4336.csv::s2,user_emotional_disclosure,2026-08-31 17:42:01.034
Sitara-2::conversation_5259595_4336.csv::s2,astro_callback_prior,2026-08-31 17:42:06.035
Sitara-2::conversation_5259595_4336.csv::s2,astro_callback_prior,2026-08-31 17:42:08.036
Sitara-2::conversation_5259595_4336.csv::s2,user_neutral_factual,2026-08-31 17:42:18.037
Sitara-2::conversation_5259595_4336.csv::s2,astro_reframe,2026-08-31 17:42:22.038
Sitara-2::conversation_5259595_4336.csv::s2,user_pushback,2026-08-31 17:42:23.039
Sitara-2::conversation_5259595_4336.csv::s2,astro_reframe,2026-08-31 17:42:28.040
Sitara-2::conversation_5259595_4336.csv::s2,user_pushback,2026-08-31 17:42:35.041
Sitara-2::conversation_5259595_4336.csv::s2,astro_validation,2026-08-31 17:42:40.042
Sitara-2::conversation_5259595_4336.csv::s2,astro_callback_prior,2026-08-31 17:42:42.043
Sitara-2::conversation_5259595_4336.csv::s2,user_pushback,2026-08-31 17:42:49.044
Sitara-2::conversation_5259595_4336.csv::s2,astro_callback_prior,2026-08-31 17:42:54.045
Sitara-2::conversation_5259865_4336.csv::s1,user_neutral,2026-08-31 17:30:09.000
Sitara-2::conversation_5259865_4336.csv::s1,astro_other,2026-08-31 17:30:13.001
Sitara-2::conversation_5259865_4336.csv::s1,user_neutral_factual,2026-08-31 17:30:16.002
Sitara-2::conversation_5259865_4336.csv::s1,astro_callback_within,2026-08-31 17:30:21.003
Sitara-2::conversation_5259865_4336.csv::s1,astro_other,2026-08-31 17:30:24.004
Sitara-2::conversation_5259865_4336.csv::s1,user_neutral,2026-08-31 17:30:37.005
Sitara-2::conversation_5259865_4336.csv::s1,astro_other,2026-08-31 17:30:44.006
Sitara-2::conversation_5259865_4336.csv::s1,user_pushback,2026-08-31 17:31:08.007
Sitara-2::conversation_5259865_4336.csv::s1,astro_validation,2026-08-31 17:31:15.008
Sitara-2::conversation_5259865_4336.csv::s1,astro_callback_within,2026-08-31 17:31:17.009
Sitara-2::conversation_5259865_4336.csv::s1,user_neutral,2026-08-31 17:31:36.010
Sitara-2::conversation_5259865_4336.csv::s1,astro_dated_prediction,2026-08-31 17:31:41.011
Sitara-2::conversation_5259865_4336.csv::s1,user_pushback,2026-08-31 17:32:06.012
Sitara-2::conversation_5259865_4336.csv::s1,astro_dated_prediction,2026-08-31 17:32:11.013
Sitara-2::conversation_5259865_4336.csv::s1,user_neutral,2026-08-31 17:32:27.014
Sitara-2::conversation_5259865_4336.csv::s1,astro_callback_within,2026-08-31 17:32:31.015
Sitara-2::conversation_5259865_4336.csv::s1,user_neutral_factual,2026-08-31 17:32:32.016
Sitara-2::conversation_5259865_4336.csv::s1,user_neutral,2026-08-31 17:33:00.017
Sitara-2::conversation_5259865_4336.csv::s1,astro_callback_within,2026-08-31 17:33:05.018
Sitara-2::conversation_5259865_4336.csv::s1,user_pushback,2026-08-31 17:33:28.019
Sitara-2::conversation_5259865_4336.csv::s1,astro_callback_within,2026-08-31 17:33:32.020
Sitara-2::conversation_5259865_4336.csv::s1,user_neutral,2026-08-31 17:33:52.021
Sitara-2::conversation_5259865_4336.csv::s1,astro_callback_within,2026-08-31 17:33:57.022
Sitara-2::conversation_5259865_4336.csv::s1,user_neutral,2026-08-31 17:33:59.023
Sitara-2::conversation_5259865_4336.csv::s1,astro_callback_within,2026-08-31 17:34:08.024
Sitara-2::conversation_5259865_4336.csv::s1,astro_reframe,2026-08-31 17:34:10.025
Sitara-2::conversation_5259865_4336.csv::s1,user_neutral,2026-08-31 17:34:25.026
Sitara-2::conversation_5259865_4336.csv::s1,astro_callback_within,2026-08-31 17:34:30.027
Sitara-2::conversation_5259865_4336.csv::s1,user_neutral,2026-08-31 17:34:35.028
Sitara-2::conversation_5259865_4336.csv::s1,astro_callback_within,2026-08-31 17:34:40.029
Sitara-2::conversation_5259865_4336.csv::s1,astro_callback_within,2026-08-31 17:34:42.030
Sitara-2::conversation_5259865_4336.csv::s1,user_neutral,2026-08-31 17:34:58.031
Sitara-2::conversation_5259865_4336.csv::s1,astro_callback_within,2026-08-31 17:35:02.032
Sitara-2::conversation_5259865_4336.csv::s1,user_emotional_disclosure,2026-08-31 17:35:08.033
Sitara-2::conversation_5259865_4336.csv::s1,astro_callback_within,2026-08-31 17:35:15.034
Sitara-2::conversation_5259865_4336.csv::s1,astro_other,2026-08-31 17:35:17.035
Sitara-2::conversation_5259865_4336.csv::s1,astro_callback_within,2026-08-31 17:35:19.036
Sitara-2::conversation_5259865_4336.csv::s1,astro_callback_within,2026-08-31 17:35:21.037
Sitara-2::conversation_5261285_4336.csv::s1,user_neutral,2026-08-31 18:21:49.000
Sitara-2::conversation_5261285_4336.csv::s1,astro_other,2026-08-31 18:21:55.001
Sitara-2::conversation_5261285_4336.csv::s1,user_neutral_factual,2026-08-31 18:22:04.002
Sitara-2::conversation_5261285_4336.csv::s1,user_neutral,2026-08-31 18:22:19.003
Sitara-2::conversation_5261285_4336.csv::s1,user_neutral,2026-08-31 18:22:26.004
Sitara-2::conversation_5261285_4336.csv::s1,astro_callback_within,2026-08-31 18:22:28.005
Sitara-2::conversation_5261285_4336.csv::s1,astro_callback_within,2026-08-31 18:22:33.006
Sitara-2::conversation_5261285_4336.csv::s1,user_neutral_factual,2026-08-31 18:22:40.007
Sitara-2::conversation_5261285_4336.csv::s1,astro_other,2026-08-31 18:22:45.008
Sitara-2::conversation_5261285_4336.csv::s1,astro_other,2026-08-31 18:22:45.009
Sitara-2::conversation_5261285_4336.csv::s1,astro_callback_within,2026-08-31 18:22:47.010
Sitara-2::conversation_5261285_4336.csv::s1,astro_callback_within,2026-08-31 18:22:49.011
Sitara-2::conversation_5261285_4336.csv::s1,user_enthusiastic,2026-08-31 18:23:12.012
Sitara-2::conversation_5261285_4336.csv::s1,astro_callback_within,2026-08-31 18:23:19.013
Sitara-2::conversation_5261285_4336.csv::s1,user_neutral,2026-08-31 18:23:20.014
Sitara-2::conversation_5261285_4336.csv::s1,astro_callback_within,2026-08-31 18:23:28.015
Sitara-2::conversation_5261285_4336.csv::s1,user_neutral,2026-08-31 18:23:29.016
Sitara-2::conversation_5261285_4336.csv::s1,user_neutral,2026-08-31 18:23:59.017
Sitara-2::conversation_5261285_4336.csv::s1,astro_callback_within,2026-08-31 18:24:00.018
Sitara-2::conversation_5261285_4336.csv::s1,astro_callback_within,2026-08-31 18:24:02.019
Sitara-2::conversation_5261285_4336.csv::s1,astro_dated_prediction,2026-08-31 18:24:07.020
Sitara-2::conversation_5261285_4336.csv::s1,user_neutral,2026-08-31 18:24:28.021
Sitara-2::conversation_5261285_4336.csv::s1,astro_callback_within,2026-08-31 18:24:32.022
Sitara-2::conversation_5261285_4336.csv::s1,astro_callback_within,2026-08-31 18:24:35.023
Sitara-2::conversation_5261285_4336.csv::s1,user_pushback,2026-08-31 18:24:54.024
Sitara-2::conversation_5261285_4336.csv::s1,astro_callback_within,2026-08-31 18:24:58.025
Sitara-2::conversation_5261285_4336.csv::s1,user_emotional_disclosure,2026-08-31 18:25:13.026
Sitara-2::conversation_5261285_4336.csv::s1,user_pushback,2026-08-31 18:25:22.027
Sitara-2::conversation_5261285_4336.csv::s1,astro_callback_within,2026-08-31 18:25:34.028
Sitara-2::conversation_5261285_4336.csv::s1,user_neutral_factual,2026-08-31 18:25:52.029
Sitara-2::conversation_5261285_4336.csv::s1,astro_callback_within,2026-08-31 18:26:02.030
Sitara-2::conversation_5261285_4336.csv::s1,astro_callback_within,2026-08-31 18:26:04.031
Sitara-2::conversation_5261285_4336.csv::s1,astro_callback_within,2026-08-31 18:26:06.032
Sitara-2::conversation_5261285_4336.csv::s1,user_enthusiastic,2026-08-31 18:26:21.033
Sitara-2::conversation_5261285_4336.csv::s1,astro_other,2026-08-31 18:26:25.034
Sitara-2::conversation_5261285_4336.csv::s1,user_enthusiastic,2026-08-31 18:26:33.035
Sitara-2::conversation_5261285_4336.csv::s1,astro_dated_prediction,2026-08-31 18:26:38.036
Sitara-2::conversation_5261285_4336.csv::s1,user_neutral_factual,2026-08-31 18:26:48.037
Sitara-2::conversation_5261285_4336.csv::s1,astro_open_thread,2026-08-31 18:26:53.038
Sitara-2::conversation_5261285_4336.csv::s1,astro_other,2026-08-31 18:26:55.039
Sitara-2::conversation_5261285_4336.csv::s1,astro_callback_within,2026-08-31 18:26:57.040
Sitara-2::conversation_5261384_4336.csv::s1,user_neutral,2026-08-31 18:29:18.000
Sitara-2::conversation_5261384_4336.csv::s1,astro_other,2026-08-31 18:29:22.001
Sitara-2::conversation_5261384_4336.csv::s1,astro_other,2026-08-31 18:29:24.002
Sitara-2::conversation_5261384_4336.csv::s1,user_neutral,2026-08-31 18:29:35.003
Sitara-2::conversation_5261384_4336.csv::s1,astro_callback_within,2026-08-31 18:29:39.004
Sitara-2::conversation_5261384_4336.csv::s1,user_emotional_disclosure,2026-08-31 18:29:49.005
Sitara-2::conversation_5261384_4336.csv::s1,astro_callback_within,2026-08-31 18:29:50.006
Sitara-2::conversation_5261384_4336.csv::s1,astro_dated_prediction,2026-08-31 18:29:52.007
Sitara-2::conversation_5261384_4336.csv::s1,astro_callback_within,2026-08-31 18:29:56.008
Sitara-2::conversation_5261384_4336.csv::s1,user_pushback,2026-08-31 18:30:01.009
Sitara-2::conversation_5261384_4336.csv::s1,astro_callback_within,2026-08-31 18:30:08.010
Sitara-2::conversation_5261384_4336.csv::s1,astro_callback_within,2026-08-31 18:30:10.011
Sitara-2::conversation_5261384_4336.csv::s1,user_emotional_disclosure,2026-08-31 18:30:35.012
Sitara-2::conversation_5261384_4336.csv::s1,astro_callback_within,2026-08-31 18:30:42.013
Sitara-2::conversation_5261384_4336.csv::s1,user_emotional_disclosure,2026-08-31 18:30:56.014
Sitara-2::conversation_5261384_4336.csv::s1,user_emotional_disclosure,2026-08-31 18:30:59.015
Sitara-2::conversation_5261384_4336.csv::s1,user_emotional_disclosure,2026-08-31 18:31:30.016
Sitara-2::conversation_5261384_4336.csv::s1,user_neutral_factual,2026-08-31 18:31:35.017
Sitara-2::conversation_5261384_4336.csv::s1,astro_callback_within,2026-08-31 18:31:35.018
Sitara-2::conversation_5261384_4336.csv::s1,astro_callback_within,2026-08-31 18:31:41.019
Sitara-2::conversation_5261384_4336.csv::s1,user_enthusiastic,2026-08-31 18:31:49.020
Sitara-2::conversation_5261384_4336.csv::s1,astro_callback_within,2026-08-31 18:31:54.021
Sitara-2::conversation_5261384_4336.csv::s1,user_emotional_disclosure,2026-08-31 18:32:25.022
Sitara-2::conversation_5261384_4336.csv::s1,astro_callback_within,2026-08-31 18:32:31.023
Sitara-2::conversation_5261384_4336.csv::s1,user_emotional_disclosure,2026-08-31 18:32:50.024
Sitara-2::conversation_5261384_4336.csv::s1,astro_callback_within,2026-08-31 18:32:55.025
Sitara-2::conversation_5261384_4336.csv::s1,astro_callback_within,2026-08-31 18:32:57.026
Sitara-2::conversation_5261384_4336.csv::s1,user_emotional_disclosure,2026-08-31 18:33:21.027
Sitara-2::conversation_5261384_4336.csv::s1,astro_callback_within,2026-08-31 18:33:26.028
Sitara-2::conversation_5261384_4336.csv::s1,astro_callback_within,2026-08-31 18:33:28.029
Sitara-2::conversation_5261384_4336.csv::s1,astro_callback_within,2026-08-31 18:33:30.030
Sitara-2::conversation_5261384_4336.csv::s1,user_emotional_disclosure,2026-08-31 18:33:58.031
Sitara-2::conversation_5261384_4336.csv::s1,user_emotional_disclosure,2026-08-31 18:34:06.032
Sitara-2::conversation_5261384_4336.csv::s1,astro_callback_within,2026-08-31 18:34:06.033
Sitara-2::conversation_5261384_4336.csv::s1,astro_callback_within,2026-08-31 18:34:16.034
Sitara-2::conversation_5261384_4336.csv::s1,user_pushback,2026-08-31 18:34:47.035
Sitara-2::conversation_5261384_4336.csv::s1,user_pushback,2026-08-31 18:34:51.036
Sitara-2::conversation_5261384_4336.csv::s1,astro_callback_within,2026-08-31 18:34:52.037
Sitara-2::conversation_5261384_4336.csv::s1,user_neutral_factual,2026-08-31 18:35:13.038
Sitara-2::conversation_5261384_4336.csv::s1,astro_callback_within,2026-08-31 18:35:17.039
Sitara-2::conversation_5261384_4336.csv::s1,astro_callback_within,2026-08-31 18:35:19.040
Sitara-2::conversation_5261384_4336.csv::s1,user_enthusiastic,2026-08-31 18:35:25.041
Sitara-2::conversation_5261384_4336.csv::s1,user_emotional_disclosure,2026-08-31 18:36:10.042
Sitara-2::conversation_5261384_4336.csv::s1,astro_callback_within,2026-08-31 18:36:15.043
Sitara-2::conversation_5261384_4336.csv::s1,astro_callback_within,2026-08-31 18:36:17.044
Sitara-2::conversation_5261384_4336.csv::s1,astro_callback_within,2026-08-31 18:36:19.045
Sitara-2::conversation_5261384_4336.csv::s1,user_emotional_disclosure,2026-08-31 18:36:26.046
Sitara-2::conversation_5261384_4336.csv::s1,astro_callback_within,2026-08-31 18:36:32.047
Sitara-2::conversation_5261384_4336.csv::s1,user_neutral_factual,2026-08-31 18:36:34.048
Sitara-2::conversation_5261384_4336.csv::s1,user_neutral,2026-08-31 18:36:58.049
Sitara-2::conversation_5261384_4336.csv::s1,astro_callback_within,2026-08-31 18:37:12.050
Sitara-2::conversation_5261384_4336.csv::s1,user_enthusiastic,2026-08-31 18:37:17.051
Sitara-2::conversation_5261384_4336.csv::s1,astro_callback_within,2026-08-31 18:37:22.052
Sitara-2::conversation_5261384_4336.csv::s1,user_emotional_disclosure,2026-08-31 18:37:47.053
Sitara-2::conversation_5261384_4336.csv::s1,astro_callback_within,2026-08-31 18:37:52.054
Sitara-2::conversation_5261384_4336.csv::s1,user_neutral,2026-08-31 18:38:08.055
Sitara-2::conversation_5261384_4336.csv::s1,astro_callback_within,2026-08-31 18:38:14.056
Sitara-2::conversation_5261384_4336.csv::s1,user_neutral,2026-08-31 18:38:26.057
Sitara-2::conversation_5261384_4336.csv::s1,astro_callback_within,2026-08-31 18:38:30.058
Sitara-2::conversation_5261384_4336.csv::s1,user_neutral,2026-08-31 18:38:42.059
Sitara-2::conversation_5261384_4336.csv::s1,astro_dated_prediction,2026-08-31 18:38:47.060
Sitara-2::conversation_5261384_4336.csv::s1,user_emotional_disclosure,2026-08-31 18:38:57.061
Sitara-2::conversation_5261384_4336.csv::s1,astro_callback_within,2026-08-31 18:39:03.062
Sitara-2::conversation_5262094_4336.csv::s1,user_neutral,2026-08-31 19:10:18.000
Sitara-2::conversation_5262094_4336.csv::s1,astro_other,2026-08-31 19:10:22.001
Sitara-2::conversation_5262094_4336.csv::s1,astro_other,2026-08-31 19:10:24.002
Sitara-2::conversation_5262094_4336.csv::s1,astro_other,2026-08-31 19:10:45.003
Sitara-2::conversation_5262094_4336.csv::s1,astro_other,2026-08-31 19:10:47.004
Sitara-2::conversation_5262094_4336.csv::s1,user_emotional_disclosure,2026-08-31 19:10:58.005
Sitara-2::conversation_5262094_4336.csv::s1,astro_callback_within,2026-08-31 19:11:03.006
Sitara-2::conversation_5262094_4336.csv::s1,astro_other,2026-08-31 19:11:05.007
Sitara-2::conversation_5262094_4336.csv::s1,user_neutral,2026-08-31 19:11:10.008
Sitara-2::conversation_5262094_4336.csv::s1,astro_callback_within,2026-08-31 19:11:14.009
Sitara-2::conversation_5262094_4336.csv::s1,astro_other,2026-08-31 19:11:16.010
Sitara-2::conversation_5262094_4336.csv::s1,astro_callback_within,2026-08-31 19:11:16.011
Sitara-2::conversation_5262094_4336.csv::s1,user_emotional_disclosure,2026-08-31 19:11:40.012
Sitara-2::conversation_5262094_4336.csv::s1,astro_callback_within,2026-08-31 19:11:44.013
Sitara-2::conversation_5262094_4336.csv::s1,astro_callback_within,2026-08-31 19:11:46.014
Sitara-2::conversation_5262094_4336.csv::s1,astro_callback_within,2026-08-31 19:11:48.015
Sitara-2::conversation_5262094_4336.csv::s1,user_neutral,2026-08-31 19:12:15.016
Sitara-2::conversation_5262094_4336.csv::s1,astro_dated_prediction,2026-08-31 19:12:20.017
Sitara-2::conversation_5262094_4336.csv::s1,user_neutral,2026-08-31 19:12:31.018
Sitara-2::conversation_5262094_4336.csv::s1,user_neutral,2026-08-31 19:12:34.019
Sitara-2::conversation_5262094_4336.csv::s1,astro_callback_within,2026-08-31 19:12:35.020
Sitara-2::conversation_5262094_4336.csv::s1,astro_callback_within,2026-08-31 19:12:40.021
Sitara-2::conversation_5262094_4336.csv::s1,astro_callback_within,2026-08-31 19:12:42.022
Sitara-2::conversation_5262094_4336.csv::s1,user_neutral_factual,2026-08-31 19:13:10.023
Sitara-2::conversation_5262094_4336.csv::s1,astro_callback_within,2026-08-31 19:13:19.024
Sitara-2::conversation_5262094_4336.csv::s1,astro_callback_within,2026-08-31 19:13:21.025
Sitara-2::conversation_5262094_4336.csv::s1,user_enthusiastic,2026-08-31 19:13:45.026
Sitara-2::conversation_5262094_4336.csv::s1,astro_callback_within,2026-08-31 19:13:50.027
Sitara-2::conversation_5262094_4336.csv::s1,user_neutral_factual,2026-08-31 19:13:51.028
Sitara-2::conversation_5262094_4336.csv::s1,astro_callback_within,2026-08-31 19:13:56.029
Sitara-2::conversation_5262094_4336.csv::s1,user_enthusiastic,2026-08-31 19:14:14.030
Sitara-2::conversation_5262094_4336.csv::s1,astro_callback_within,2026-08-31 19:14:19.031
Sitara-2::conversation_5262094_4336.csv::s1,astro_callback_within,2026-08-31 19:14:21.032
Sitara-2::conversation_5262094_4336.csv::s1,user_emotional_disclosure,2026-08-31 19:14:54.033
Sitara-2::conversation_5262094_4336.csv::s1,astro_callback_within,2026-08-31 19:14:58.034
Sitara-2::conversation_5262094_4336.csv::s1,user_emotional_disclosure,2026-08-31 19:15:07.035
Sitara-2::conversation_5262094_4336.csv::s1,astro_callback_within,2026-08-31 19:15:13.036
Sitara-2::conversation_5262094_4336.csv::s1,user_neutral,2026-08-31 19:15:18.037
Sitara-2::conversation_5262094_4336.csv::s1,astro_callback_within,2026-08-31 19:15:24.038
Sitara-2::conversation_5262692_4336.csv::s1,user_neutral,2026-08-31 20:23:47.000
Sitara-2::conversation_5262692_4336.csv::s1,astro_other,2026-08-31 20:23:51.001
Sitara-2::conversation_5262692_4336.csv::s1,astro_other,2026-08-31 20:23:53.002
Sitara-2::conversation_5262692_4336.csv::s1,user_neutral_factual,2026-08-31 20:23:58.003
Sitara-2::conversation_5262692_4336.csv::s1,astro_callback_within,2026-08-31 20:24:03.004
Sitara-2::conversation_5262692_4336.csv::s1,astro_callback_within,2026-08-31 20:24:15.005
Sitara-2::conversation_5262692_4336.csv::s1,user_neutral_factual,2026-08-31 20:24:21.006
Sitara-2::conversation_5262692_4336.csv::s1,astro_callback_within,2026-08-31 20:24:26.007
Sitara-2::conversation_5262692_4336.csv::s1,astro_callback_within,2026-08-31 20:24:28.008
Sitara-2::conversation_5262692_4336.csv::s1,astro_callback_within,2026-08-31 20:24:30.009
Sitara-2::conversation_5262692_4336.csv::s1,user_neutral_factual,2026-08-31 20:24:44.010
Sitara-2::conversation_5262692_4336.csv::s1,astro_callback_within,2026-08-31 20:24:49.011
Sitara-2::conversation_5262692_4336.csv::s1,user_neutral_factual,2026-08-31 20:24:52.012
Sitara-2::conversation_5262692_4336.csv::s1,user_emotional_disclosure,2026-08-31 20:24:59.013
Sitara-2::conversation_5262692_4336.csv::s1,astro_callback_within,2026-08-31 20:24:59.014
Sitara-2::conversation_5262692_4336.csv::s1,astro_callback_within,2026-08-31 20:25:11.015
Sitara-2::conversation_5262692_4336.csv::s1,user_neutral,2026-08-31 20:25:23.016
Sitara-2::conversation_5262692_4336.csv::s1,astro_dated_prediction,2026-08-31 20:25:27.017
Sitara-2::conversation_5262692_4336.csv::s1,user_neutral,2026-08-31 20:25:27.018
Sitara-2::conversation_5262692_4336.csv::s1,astro_dated_prediction,2026-08-31 20:25:32.019
Sitara-2::conversation_5262692_4336.csv::s1,user_neutral,2026-08-31 20:25:52.020
Sitara-2::conversation_5262692_4336.csv::s1,astro_callback_within,2026-08-31 20:25:56.021
Sitara-2::conversation_5262692_4336.csv::s1,user_emotional_disclosure,2026-08-31 20:26:00.022
Sitara-2::conversation_5262692_4336.csv::s1,user_emotional_disclosure,2026-08-31 20:26:09.023
Sitara-2::conversation_5262692_4336.csv::s1,astro_callback_within,2026-08-31 20:26:15.024
Sitara-2::conversation_5262692_4336.csv::s1,astro_callback_within,2026-08-31 20:26:19.025
Sitara-2::conversation_5262692_4336.csv::s1,user_emotional_disclosure,2026-08-31 20:26:21.026
Sitara-2::conversation_5262692_4336.csv::s1,astro_callback_within,2026-08-31 20:26:26.027
Sitara-2::conversation_5262692_4336.csv::s1,astro_validation,2026-08-31 20:26:28.028
Sitara-2::conversation_5262692_4336.csv::s1,user_enthusiastic,2026-08-31 20:26:39.029
Sitara-2::conversation_5262692_4336.csv::s1,astro_other,2026-08-31 20:27:20.030
Sitara-2::conversation_5262692_4336.csv::s1,astro_other,2026-08-31 20:27:22.031
Sitara-2::conversation_5262692_4336.csv::s1,user_neutral,2026-08-31 20:27:27.032
Sitara-2::conversation_5262692_4336.csv::s1,astro_callback_within,2026-08-31 20:27:31.033
Sitara-2::conversation_5262692_4336.csv::s1,user_disengaging,2026-08-31 20:27:37.034
Sitara-2::conversation_5262692_4336.csv::s1,astro_callback_within,2026-08-31 20:27:43.035
Sitara-2::conversation_5262692_4336.csv::s1,user_disengaging,2026-08-31 20:28:32.036
Sitara-2::conversation_5262692_4336.csv::s1,astro_callback_within,2026-08-31 20:28:36.037
Sitara-2::conversation_5262692_4336.csv::s1,user_pushback,2026-08-31 20:29:17.038
Sitara-2::conversation_5262692_4336.csv::s1,user_pushback,2026-08-31 20:29:19.039
Sitara-2::conversation_5262692_4336.csv::s1,astro_callback_within,2026-08-31 20:29:23.040
Sitara-2::conversation_5262692_4336.csv::s1,astro_callback_within,2026-08-31 20:29:25.041
Sitara-2::conversation_5262692_4336.csv::s1,user_pushback,2026-08-31 20:29:25.042
Sitara-2::conversation_5262692_4336.csv::s1,user_pushback,2026-08-31 20:29:26.043
Sitara-2::conversation_5262692_4336.csv::s1,astro_callback_within,2026-08-31 20:29:30.044
Sitara-2::conversation_5262692_4336.csv::s1,astro_callback_within,2026-08-31 20:29:32.045
Sitara-2::conversation_5262692_4336.csv::s1,astro_callback_within,2026-08-31 20:29:35.046
Sitara-2::conversation_5262692_4336.csv::s1,astro_callback_within,2026-08-31 20:29:37.047
Sitara-2::conversation_5262692_4336.csv::s1,user_emotional_disclosure,2026-08-31 20:29:40.048
Sitara-2::conversation_5262692_4336.csv::s1,astro_callback_within,2026-08-31 20:29:45.049
Sitara-2::conversation_5262692_4336.csv::s1,user_enthusiastic,2026-08-31 20:30:16.050
Sitara-2::conversation_5262692_4336.csv::s1,astro_callback_within,2026-08-31 20:30:21.051
Sitara-2::conversation_5262692_4336.csv::s1,user_emotional_disclosure,2026-08-31 20:30:27.052
Sitara-2::conversation_5262692_4336.csv::s1,astro_callback_within,2026-08-31 20:30:32.053
Sitara-2::conversation_5262692_4336.csv::s1,astro_other,2026-08-31 20:30:34.054
Sitara-2::conversation_5262692_4336.csv::s1,user_enthusiastic,2026-08-31 20:30:39.055
Sitara-2::conversation_5262692_4336.csv::s1,astro_callback_within,2026-08-31 20:30:43.056
Sitara-2::conversation_5262692_4336.csv::s1,user_neutral,2026-08-31 20:31:24.057
Sitara-2::conversation_5262692_4336.csv::s1,user_enthusiastic,2026-08-31 20:31:52.058
Sitara-2::conversation_5262692_4336.csv::s1,astro_reframe,2026-08-31 20:31:57.059
Sitara-2::conversation_5262692_4336.csv::s1,user_enthusiastic,2026-08-31 20:32:06.060
Sitara-2::conversation_5262692_4336.csv::s1,astro_other,2026-08-31 20:32:11.061
Sitara-2::conversation_5262692_4336.csv::s1,user_neutral_factual,2026-08-31 20:32:32.062
Sitara-2::conversation_5262692_4336.csv::s1,user_enthusiastic,2026-08-31 20:32:44.063
Sitara-2::conversation_5262692_4336.csv::s1,user_disengaging,2026-08-31 20:32:47.064
Sitara-2::conversation_5262692_4336.csv::s1,astro_reframe,2026-08-31 20:32:49.065
Sitara-2::conversation_5262692_4336.csv::s1,astro_other,2026-08-31 20:32:51.066
Sitara-2::conversation_5262692_4336.csv::s1,astro_open_thread,2026-08-31 20:32:55.067
Sitara-2::conversation_5262692_4336.csv::s1,astro_callback_within,2026-08-31 20:32:57.068
Sitara-2::conversation_5262692_4336.csv::s1,user_neutral_factual,2026-08-31 20:33:05.069
Sitara-2::conversation_5262692_4336.csv::s1,astro_callback_within,2026-08-31 20:33:10.070
Sitara-2::conversation_5262692_4336.csv::s1,user_enthusiastic,2026-08-31 20:33:26.071
Sitara-2::conversation_5262692_4336.csv::s1,astro_callback_within,2026-08-31 20:33:31.072
Sitara-2::conversation_5262692_4336.csv::s1,user_neutral,2026-08-31 20:33:38.073
Sitara-2::conversation_5262692_4336.csv::s1,astro_callback_within,2026-08-31 20:33:39.074
Sitara-2::conversation_5263693_4336.csv::s1,astro_other,2026-09-01 01:17:35.000
Sitara-2::conversation_5263693_4336.csv::s1,user_neutral_factual,2026-09-01 01:17:57.001
Sitara-2::conversation_5263693_4336.csv::s1,astro_callback_within,2026-09-01 01:18:01.002
Sitara-2::conversation_5263693_4336.csv::s1,astro_callback_within,2026-09-01 01:18:23.003
Sitara-2::conversation_5263693_4336.csv::s1,astro_callback_within,2026-09-01 01:18:34.004
Sitara-2::conversation_5263693_4336.csv::s1,user_neutral,2026-09-01 01:18:47.005
Sitara-2::conversation_5263693_4336.csv::s1,astro_dated_prediction,2026-09-01 01:18:52.006
Sitara-2::conversation_5263693_4336.csv::s1,user_neutral_factual,2026-09-01 01:19:18.007
Sitara-2::conversation_5263693_4336.csv::s1,astro_dated_prediction,2026-09-01 01:19:22.008
Sitara-2::conversation_5263693_4336.csv::s1,user_enthusiastic,2026-09-01 01:19:29.009
Sitara-2::conversation_5263693_4336.csv::s1,astro_callback_within,2026-09-01 01:19:34.010
Sitara-2::conversation_5263693_4336.csv::s1,user_enthusiastic,2026-09-01 01:19:35.011
Sitara-2::conversation_5263693_4336.csv::s1,astro_callback_within,2026-09-01 01:19:40.012
Sitara-2::conversation_5263693_4336.csv::s1,user_enthusiastic,2026-09-01 01:20:08.013
Sitara-2::conversation_5263693_4336.csv::s1,astro_callback_within,2026-09-01 01:20:12.014
Sitara-2::conversation_5263693_4336.csv::s1,user_enthusiastic,2026-09-01 01:20:30.015
Sitara-2::conversation_5263693_4336.csv::s1,astro_callback_within,2026-09-01 01:20:35.016
Sitara-2::conversation_5263693_4336.csv::s1,user_neutral,2026-09-01 01:20:57.017
Sitara-2::conversation_5263693_4336.csv::s1,astro_callback_within,2026-09-01 01:21:03.018
Sitara-2::conversation_5263693_4336.csv::s1,astro_callback_within,2026-09-01 01:21:05.019
Sitara-2::conversation_5263693_4336.csv::s1,astro_callback_within,2026-09-01 01:21:19.020
Sitara-2::conversation_5263693_4336.csv::s1,user_neutral_factual,2026-09-01 01:21:41.021
Sitara-2::conversation_5263693_4336.csv::s1,astro_callback_within,2026-09-01 01:21:45.022
Sitara-2::conversation_5263693_4336.csv::s1,astro_open_thread,2026-09-01 01:21:47.023
Sitara-2::conversation_5263693_4336.csv::s1,user_neutral,2026-09-01 01:21:52.024
Sitara-2::conversation_5263693_4336.csv::s1,astro_dated_prediction,2026-09-01 01:21:57.025
Sitara-2::conversation_5263693_4336.csv::s1,user_pushback,2026-09-01 01:22:08.026
Sitara-2::conversation_5263693_4336.csv::s1,astro_callback_within,2026-09-01 01:22:13.027
Sitara-2::conversation_5263693_4336.csv::s1,user_pushback,2026-09-01 01:22:24.028
Sitara-2::conversation_5263693_4336.csv::s1,astro_callback_within,2026-09-01 01:22:28.029
Sitara-2::conversation_5263693_4336.csv::s2,user_neutral,2026-09-01 01:43:48.000
Sitara-2::conversation_5263693_4336.csv::s2,astro_other,2026-09-01 01:43:53.001
Sitara-2::conversation_5263693_4336.csv::s2,astro_dated_prediction,2026-09-01 01:43:55.002
Sitara-2::conversation_5263693_4336.csv::s2,user_neutral,2026-09-01 01:43:58.003
Sitara-2::conversation_5263693_4336.csv::s2,user_neutral,2026-09-01 01:44:05.004
Sitara-2::conversation_5263693_4336.csv::s2,astro_other,2026-09-01 01:44:07.005
Sitara-2::conversation_5263693_4336.csv::s2,astro_open_thread,2026-09-01 01:44:09.006
Sitara-2::conversation_5263693_4336.csv::s2,astro_callback_within,2026-09-01 01:44:11.007
Sitara-2::conversation_5263693_4336.csv::s2,astro_other,2026-09-01 01:44:13.008
Sitara-2::conversation_5263693_4336.csv::s2,user_neutral,2026-09-01 01:44:15.009
Sitara-2::conversation_5263693_4336.csv::s2,astro_callback_within,2026-09-01 01:44:20.010
Sitara-2::conversation_5263693_4336.csv::s2,astro_callback_within,2026-09-01 01:44:22.011
Sitara-2::conversation_5263693_4336.csv::s2,user_pushback,2026-09-01 01:44:30.012
Sitara-2::conversation_5263693_4336.csv::s2,astro_callback_within,2026-09-01 01:44:36.013
Sitara-2::conversation_5263693_4336.csv::s2,user_neutral,2026-09-01 01:44:48.014
Sitara-2::conversation_5263693_4336.csv::s2,astro_callback_within,2026-09-01 01:44:52.015
Sitara-2::conversation_5263693_4336.csv::s2,user_neutral,2026-09-01 01:45:07.016
Sitara-2::conversation_5263693_4336.csv::s2,astro_callback_within,2026-09-01 01:45:12.017
Sitara-2::conversation_5263693_4336.csv::s2,astro_callback_within,2026-09-01 01:45:14.018
Sitara-2::conversation_5263693_4336.csv::s2,user_neutral,2026-09-01 01:45:23.019
Sitara-2::conversation_5263693_4336.csv::s2,astro_other,2026-09-01 01:45:27.020
Sitara-2::conversation_5263693_4336.csv::s2,astro_other,2026-09-01 01:45:47.021
Sitara-2::conversation_5263693_4336.csv::s2,astro_dated_prediction,2026-09-01 01:45:49.022
Sitara-2::conversation_5263693_4336.csv::s2,user_neutral,2026-09-01 01:46:10.023
Sitara-2::conversation_5263693_4336.csv::s2,astro_other,2026-09-01 01:46:14.024
Sitara-2::conversation_5263693_4336.csv::s2,astro_callback_within,2026-09-01 01:46:16.025
Sitara-2::conversation_5263693_4336.csv::s2,user_neutral,2026-09-01 01:46:26.026
Sitara-2::conversation_5263693_4336.csv::s2,astro_callback_within,2026-09-01 01:46:31.027
Sitara-2::conversation_5263693_4336.csv::s2,astro_callback_within,2026-09-01 01:46:33.028
Sitara-2::conversation_5263693_4336.csv::s2,user_neutral,2026-09-01 01:46:36.029
Sitara-2::conversation_5263693_4336.csv::s2,astro_other,2026-09-01 01:46:40.030
Sitara-2::conversation_5263693_4336.csv::s2,astro_callback_within,2026-09-01 01:46:42.031
Sitara-2::conversation_5263693_4336.csv::s2,user_neutral,2026-09-01 01:46:58.032
Sitara-2::conversation_5263693_4336.csv::s2,astro_callback_within,2026-09-01 01:47:03.033
Sitara-2::conversation_5263693_4336.csv::s2,astro_callback_within,2026-09-01 01:47:05.034
Sitara-2::conversation_5263693_4336.csv::s2,user_neutral,2026-09-01 01:47:16.035
Sitara-2::conversation_5263693_4336.csv::s2,user_neutral,2026-09-01 01:47:19.036
Sitara-2::conversation_5263693_4336.csv::s2,astro_callback_within,2026-09-01 01:47:20.037
Sitara-2::conversation_5263693_4336.csv::s2,astro_callback_within,2026-09-01 01:47:22.038
Sitara-2::conversation_5263693_4336.csv::s2,astro_other,2026-09-01 01:47:27.039
Sitara-2::conversation_5263693_4336.csv::s2,user_neutral,2026-09-01 01:47:36.040
Sitara-2::conversation_5263693_4336.csv::s2,astro_callback_within,2026-09-01 01:47:37.041
Sitara-2::conversation_5263693_4336.csv::s2,astro_dated_prediction,2026-09-01 01:47:41.042
Sitara-2::conversation_5263693_4336.csv::s2,astro_other,2026-09-01 01:47:43.043
Sitara-2::conversation_5263693_4336.csv::s2,user_pushback,2026-09-01 01:47:51.044
Sitara-2::conversation_5263693_4336.csv::s2,astro_callback_within,2026-09-01 01:47:56.045
Sitara-2::conversation_5263693_4336.csv::s2,astro_callback_within,2026-09-01 01:47:58.046
Sitara-2::conversation_5263693_4336.csv::s2,user_neutral,2026-09-01 01:48:06.047
Sitara-2::conversation_5263693_4336.csv::s2,astro_callback_within,2026-09-01 01:48:11.048
Sitara-2::conversation_5263693_4336.csv::s2,user_pushback,2026-09-01 01:48:19.049
Sitara-2::conversation_5263693_4336.csv::s2,astro_callback_within,2026-09-01 01:48:24.050
Sitara-2::conversation_5263693_4336.csv::s2,astro_callback_within,2026-09-01 01:48:26.051
Sitara-2::conversation_5263693_4336.csv::s2,user_neutral,2026-09-01 01:48:29.052
Sitara-2::conversation_5263693_4336.csv::s2,astro_other,2026-09-01 01:48:34.053
Sitara-2::conversation_5263693_4336.csv::s2,astro_callback_within,2026-09-01 01:48:46.054
Sitara-2::conversation_5263693_4336.csv::s2,astro_other,2026-09-01 01:48:48.055
Sitara-2::conversation_5263918_4336.csv::s1,user_neutral,2026-09-01 01:53:32.000
Sitara-2::conversation_5263918_4336.csv::s1,astro_other,2026-09-01 01:53:37.001
Sitara-2::conversation_5263918_4336.csv::s1,astro_dated_prediction,2026-09-01 01:53:39.002
Sitara-2::conversation_5263918_4336.csv::s1,astro_other,2026-09-01 01:53:41.003
Sitara-2::conversation_5263918_4336.csv::s1,user_emotional_disclosure,2026-09-01 01:53:55.004
Sitara-2::conversation_5263918_4336.csv::s1,astro_validation,2026-09-01 01:53:59.005
Sitara-2::conversation_5263918_4336.csv::s1,astro_other,2026-09-01 01:54:01.006
Sitara-2::conversation_5263918_4336.csv::s1,user_neutral_factual,2026-09-01 01:54:22.007
Sitara-2::conversation_5263918_4336.csv::s1,astro_other,2026-09-01 01:54:27.008
Sitara-2::conversation_5263918_4336.csv::s1,user_neutral_factual,2026-09-01 01:54:35.009
Sitara-2::conversation_5263918_4336.csv::s1,astro_other,2026-09-01 01:54:40.010
Sitara-2::conversation_5263918_4336.csv::s1,user_emotional_disclosure,2026-09-01 01:54:46.011
Sitara-2::conversation_5263918_4336.csv::s1,astro_reframe,2026-09-01 01:54:51.012
Sitara-2::conversation_5263918_4336.csv::s1,user_pushback,2026-09-01 01:55:18.013
Sitara-2::conversation_5263918_4336.csv::s1,astro_other,2026-09-01 01:55:22.014
Sitara-2::conversation_5263918_4336.csv::s1,astro_other,2026-09-01 01:55:24.015
Sitara-2::conversation_5263918_4336.csv::s1,astro_validation,2026-09-01 01:55:34.016
Sitara-2::conversation_5263918_4336.csv::s1,user_neutral,2026-09-01 01:55:47.017
Sitara-2::conversation_5263918_4336.csv::s1,astro_callback_within,2026-09-01 01:55:54.018
Sitara-2::conversation_5263918_4336.csv::s1,user_emotional_disclosure,2026-09-01 01:56:12.019
Sitara-2::conversation_5263918_4336.csv::s1,astro_other,2026-09-01 01:56:17.020
Sitara-2::conversation_5263918_4336.csv::s1,astro_reframe,2026-09-01 01:56:19.021
Sitara-2::conversation_5263918_4336.csv::s1,user_neutral_factual,2026-09-01 01:56:34.022
Sitara-2::conversation_5263918_4336.csv::s1,astro_reframe,2026-09-01 01:56:38.023
Sitara-2::conversation_5263918_4336.csv::s1,user_neutral,2026-09-01 01:56:59.024
Sitara-2::conversation_5263918_4336.csv::s1,astro_dated_prediction,2026-09-01 01:57:04.025
Sitara-2::conversation_5263918_4336.csv::s1,astro_callback_within,2026-09-01 01:57:06.026
Sitara-2::conversation_5263918_4336.csv::s1,user_emotional_disclosure,2026-09-01 01:57:18.027
Sitara-2::conversation_5263918_4336.csv::s1,astro_other,2026-09-01 01:57:22.028
Sitara-2::conversation_5263918_4336.csv::s1,astro_reframe,2026-09-01 01:57:24.029
Sitara-2::conversation_5263918_4336.csv::s1,user_emotional_disclosure,2026-09-01 01:57:49.030
Sitara-2::conversation_5263918_4336.csv::s1,astro_validation,2026-09-01 01:57:54.031
Sitara-2::conversation_5263918_4336.csv::s1,astro_other,2026-09-01 01:57:56.032
Sitara-2::conversation_5263918_4336.csv::s1,user_emotional_disclosure,2026-09-01 01:58:13.033
Sitara-2::conversation_5263918_4336.csv::s1,astro_other,2026-09-01 01:58:18.034
Sitara-2::conversation_5263918_4336.csv::s1,user_emotional_disclosure,2026-09-01 01:58:25.035
Sitara-2::conversation_5263918_4336.csv::s1,astro_callback_within,2026-09-01 01:58:30.036
Sitara-2::conversation_5263918_4336.csv::s1,astro_open_thread,2026-09-01 01:58:32.037
Sitara-2::conversation_5263918_4336.csv::s1,user_neutral,2026-09-01 01:58:57.038
Sitara-2::conversation_5263918_4336.csv::s1,astro_callback_within,2026-09-01 01:59:02.039
Sitara-2::conversation_5263918_4336.csv::s1,user_pushback,2026-09-01 01:59:12.040
Sitara-2::conversation_5263918_4336.csv::s1,astro_callback_within,2026-09-01 01:59:13.041
Sitara-2::conversation_5263918_4336.csv::s1,astro_callback_within,2026-09-01 01:59:17.042
Sitara-2::conversation_5263918_4336.csv::s1,astro_reframe,2026-09-01 01:59:19.043
Sitara-2::conversation_5263918_4336.csv::s1,user_neutral_factual,2026-09-01 01:59:24.044
Sitara-2::conversation_5263918_4336.csv::s1,astro_callback_within,2026-09-01 01:59:29.045
Sitara-2::conversation_5263918_4336.csv::s1,user_emotional_disclosure,2026-09-01 01:59:39.046
Sitara-2::conversation_5263918_4336.csv::s1,astro_callback_within,2026-09-01 01:59:44.047
Sitara-2::conversation_5263918_4336.csv::s1,user_neutral,2026-09-01 01:59:45.048
Sitara-2::conversation_5263918_4336.csv::s1,astro_callback_within,2026-09-01 01:59:50.049
Sitara-2::conversation_5263918_4336.csv::s1,user_neutral_factual,2026-09-01 01:59:56.050
Sitara-2::conversation_5263918_4336.csv::s1,astro_callback_within,2026-09-01 02:00:02.051
Sitara-2::conversation_5263918_4336.csv::s1,user_pushback,2026-09-01 02:00:06.052
Sitara-2::conversation_5263918_4336.csv::s1,astro_callback_within,2026-09-01 02:00:11.053
Sitara-2::conversation_5263918_4336.csv::s1,astro_other,2026-09-01 02:00:13.054
Sitara-2::conversation_5263918_4336.csv::s1,user_disengaging,2026-09-01 02:00:23.055
Sitara-2::conversation_5263918_4336.csv::s1,user_pushback,2026-09-01 02:00:26.056
Sitara-2::conversation_5263918_4336.csv::s1,astro_validation,2026-09-01 02:00:27.057
Sitara-2::conversation_5263918_4336.csv::s1,user_pushback,2026-09-01 02:00:31.058
Sitara-2::conversation_5263918_4336.csv::s1,astro_callback_within,2026-09-01 02:00:32.059
Sitara-2::conversation_5263918_4336.csv::s1,user_emotional_disclosure,2026-09-01 02:00:37.060
Sitara-2::conversation_5263918_4336.csv::s1,astro_reframe,2026-09-01 02:00:37.061
Sitara-2::conversation_5263918_4336.csv::s1,astro_callback_within,2026-09-01 02:00:42.062
Sitara-2::conversation_5263918_4336.csv::s1,user_emotional_disclosure,2026-09-01 02:00:51.063
Sitara-2::conversation_5263918_4336.csv::s1,astro_callback_within,2026-09-01 02:00:56.064
Sitara-2::conversation_5263918_4336.csv::s1,user_disengaging,2026-09-01 02:01:03.065
Sitara-2::conversation_5263918_4336.csv::s1,astro_validation,2026-09-01 02:01:08.066
Sitara-2::conversation_5263918_4336.csv::s1,astro_callback_within,2026-09-01 02:01:13.067
Sitara-2::conversation_5263918_4336.csv::s1,user_pushback,2026-09-01 02:01:15.068
Sitara-2::conversation_5263918_4336.csv::s1,astro_callback_within,2026-09-01 02:01:20.069
Sitara-2::conversation_5263918_4336.csv::s1,astro_callback_within,2026-09-01 02:01:39.070
Sitara-2::conversation_5263918_4336.csv::s1,user_neutral,2026-09-01 02:01:48.071
Sitara-2::conversation_5263918_4336.csv::s1,astro_callback_within,2026-09-01 02:01:53.072
Sitara-2::conversation_5263918_4336.csv::s1,astro_other,2026-09-01 02:01:55.073
Sitara-2::conversation_5263918_4336.csv::s1,user_pushback,2026-09-01 02:02:03.074
Sitara-2::conversation_5263918_4336.csv::s1,astro_callback_within,2026-09-01 02:02:08.075
Sitara-2::conversation_5263918_4336.csv::s1,user_disengaging,2026-09-01 02:02:15.076
Sitara-2::conversation_5263918_4336.csv::s1,astro_validation,2026-09-01 02:02:19.077
Sitara-2::conversation_5263918_4336.csv::s1,astro_callback_within,2026-09-01 02:02:27.078
Sitara-2::conversation_5263918_4336.csv::s1,user_pushback,2026-09-01 02:02:33.079
Sitara-2::conversation_5263918_4336.csv::s1,astro_callback_within,2026-09-01 02:02:38.080
Sitara-2::conversation_5263918_4336.csv::s1,user_pushback,2026-09-01 02:03:00.081
Sitara-2::conversation_5263918_4336.csv::s1,user_emotional_disclosure,2026-09-01 02:03:06.082
Sitara-2::conversation_5263918_4336.csv::s1,astro_callback_within,2026-09-01 02:03:07.083
Sitara-2::conversation_5263918_4336.csv::s1,astro_callback_within,2026-09-01 02:03:11.084
Sitara-2::conversation_5263918_4336.csv::s1,user_pushback,2026-09-01 02:03:18.085
Sitara-2::conversation_5263918_4336.csv::s1,astro_callback_within,2026-09-01 02:03:22.086
Sitara-2::conversation_5263918_4336.csv::s1,user_neutral_factual,2026-09-01 02:03:35.087
Sitara-2::conversation_5263918_4336.csv::s1,astro_callback_within,2026-09-01 02:03:40.088
Sitara-2::conversation_5263918_4336.csv::s1,user_emotional_disclosure,2026-09-01 02:03:49.089
Sitara-2::conversation_5263918_4336.csv::s1,astro_dated_prediction,2026-09-01 02:03:54.090
Sitara-2::conversation_5263918_4336.csv::s1,user_emotional_disclosure,2026-09-01 02:04:00.091
Sitara-2::conversation_5263918_4336.csv::s1,astro_dated_prediction,2026-09-01 02:04:04.092
Sitara-2::conversation_5263918_4336.csv::s1,astro_callback_within,2026-09-01 02:04:24.093
Sitara-2::conversation_5263918_4336.csv::s1,user_neutral,2026-09-01 02:04:31.094
Sitara-2::conversation_5263918_4336.csv::s1,astro_other,2026-09-01 02:04:36.095
Sitara-2::conversation_5263918_4336.csv::s1,astro_callback_within,2026-09-01 02:04:38.096
Sitara-2::conversation_5263918_4336.csv::s1,user_neutral_factual,2026-09-01 02:04:52.097
Sitara-2::conversation_5263918_4336.csv::s1,user_pushback,2026-09-01 02:05:00.098
Sitara-2::conversation_5263918_4336.csv::s1,astro_callback_within,2026-09-01 02:05:05.099
Sitara-2::conversation_5263918_4336.csv::s1,user_neutral,2026-09-01 02:05:15.100
Sitara-2::conversation_5263918_4336.csv::s1,astro_callback_within,2026-09-01 02:05:19.101
Sitara-2::conversation_5263918_4336.csv::s1,astro_other,2026-09-01 02:05:21.102
Sitara-2::conversation_5263918_4336.csv::s1,user_pushback,2026-09-01 02:05:39.103
Sitara-2::conversation_5263918_4336.csv::s1,astro_callback_within,2026-09-01 02:05:44.104
Sitara-2::conversation_5263918_4336.csv::s1,astro_callback_within,2026-09-01 02:05:46.105
Sitara-2::conversation_5263918_4336.csv::s1,astro_callback_within,2026-09-01 02:05:50.106
Sitara-2::conversation_5263918_4336.csv::s1,user_pushback,2026-09-01 02:05:52.107
Sitara-2::conversation_5263918_4336.csv::s1,astro_callback_within,2026-09-01 02:05:56.108
Sitara-2::conversation_5263918_4336.csv::s1,user_pushback,2026-09-01 02:05:57.109
Sitara-2::conversation_5263918_4336.csv::s1,user_neutral,2026-09-01 02:06:01.110
Sitara-2::conversation_5263918_4336.csv::s1,astro_callback_within,2026-09-01 02:06:02.111
Sitara-2::conversation_5263918_4336.csv::s1,astro_callback_within,2026-09-01 02:06:07.112
Sitara-2::conversation_5263918_4336.csv::s1,user_pushback,2026-09-01 02:06:10.113
Sitara-2::conversation_5263918_4336.csv::s1,astro_other,2026-09-01 02:06:14.114
Sitara-2::conversation_5263918_4336.csv::s1,user_emotional_disclosure,2026-09-01 02:06:21.115
Sitara-2::conversation_5263918_4336.csv::s1,astro_callback_within,2026-09-01 02:06:25.116
Sitara-2::conversation_5263918_4336.csv::s1,user_disengaging,2026-09-01 02:06:30.117
Sitara-2::conversation_5263918_4336.csv::s1,astro_validation,2026-09-01 02:06:35.118
Sitara-2::conversation_5263918_4336.csv::s1,astro_callback_within,2026-09-01 02:06:45.119
Sitara-2::conversation_5263918_4336.csv::s1,user_disengaging,2026-09-01 02:06:52.120
Sitara-2::conversation_5263918_4336.csv::s1,astro_callback_within,2026-09-01 02:06:57.121
Sitara-2::conversation_5263918_4336.csv::s1,user_disengaging,2026-09-01 02:06:59.122
Sitara-2::conversation_5263918_4336.csv::s1,astro_reframe,2026-09-01 02:07:03.123
Sitara-2::conversation_5263918_4336.csv::s1,user_pushback,2026-09-01 02:07:15.124
Sitara-2::conversation_5263918_4336.csv::s1,astro_callback_within,2026-09-01 02:07:20.125
Sitara-2::conversation_5263918_4336.csv::s1,user_pushback,2026-09-01 02:07:25.126
Sitara-2::conversation_5263918_4336.csv::s1,astro_callback_within,2026-09-01 02:07:26.127
Sitara-2::conversation_5263918_4336.csv::s1,astro_callback_within,2026-09-01 02:07:31.128
Sitara-2::conversation_5263918_4336.csv::s1,astro_reframe,2026-09-01 02:07:40.129
Sitara-2::conversation_5263918_4336.csv::s1,user_pushback,2026-09-01 02:07:41.130
Sitara-2::conversation_5263918_4336.csv::s1,astro_other,2026-09-01 02:07:46.131
Sitara-2::conversation_5263918_4336.csv::s1,astro_callback_within,2026-09-01 02:07:48.132
Sitara-2::conversation_5263918_4336.csv::s1,astro_reframe,2026-09-01 02:07:57.133
Sitara-2::conversation_5263918_4336.csv::s1,user_pushback,2026-09-01 02:08:10.134
Sitara-2::conversation_5263918_4336.csv::s1,astro_callback_within,2026-09-01 02:08:14.135
Sitara-2::conversation_5263918_4336.csv::s1,user_disengaging,2026-09-01 02:08:15.136
Sitara-2::conversation_5263918_4336.csv::s1,astro_callback_within,2026-09-01 02:08:19.137
Sitara-2::conversation_5263918_4336.csv::s1,user_disengaging,2026-09-01 02:08:31.138
Sitara-2::conversation_5263918_4336.csv::s1,astro_callback_within,2026-09-01 02:08:35.139
Sitara-2::conversation_5267920_4336.csv::s1,user_neutral,2026-09-01 04:28:45.000
Sitara-2::conversation_5267920_4336.csv::s1,astro_other,2026-09-01 04:28:50.001
Sitara-2::conversation_5267920_4336.csv::s1,user_neutral_factual,2026-09-01 04:29:00.002
Sitara-2::conversation_5267920_4336.csv::s1,astro_other,2026-09-01 04:29:05.003
Sitara-2::conversation_5267920_4336.csv::s1,user_enthusiastic,2026-09-01 04:29:07.004
Sitara-2::conversation_5267920_4336.csv::s1,astro_callback_within,2026-09-01 04:29:11.005
Sitara-2::conversation_5267920_4336.csv::s1,astro_callback_within,2026-09-01 04:29:21.006
Sitara-2::conversation_5267920_4336.csv::s1,user_enthusiastic,2026-09-01 04:29:34.007
Sitara-2::conversation_5267920_4336.csv::s1,astro_dated_prediction,2026-09-01 04:29:39.008
Sitara-2::conversation_5267920_4336.csv::s1,user_neutral_factual,2026-09-01 04:29:45.009
Sitara-2::conversation_5267920_4336.csv::s1,astro_callback_within,2026-09-01 04:29:50.010
Sitara-2::conversation_5267920_4336.csv::s1,user_enthusiastic,2026-09-01 04:29:54.011
Sitara-2::conversation_5267920_4336.csv::s1,astro_callback_within,2026-09-01 04:29:59.012
Sitara-2::conversation_5267920_4336.csv::s1,user_enthusiastic,2026-09-01 04:30:24.013
Sitara-2::conversation_5267920_4336.csv::s1,astro_callback_within,2026-09-01 04:30:28.014
Sitara-2::conversation_5267920_4336.csv::s1,user_enthusiastic,2026-09-01 04:30:35.015
Sitara-2::conversation_5267920_4336.csv::s1,astro_callback_within,2026-09-01 04:30:39.016
Sitara-2::conversation_5267920_4336.csv::s1,user_enthusiastic,2026-09-01 04:30:47.017
Sitara-2::conversation_5267920_4336.csv::s1,astro_callback_within,2026-09-01 04:30:51.018
Sitara-2::conversation_5267920_4336.csv::s1,user_enthusiastic,2026-09-01 04:31:04.019
Sitara-2::conversation_5267920_4336.csv::s1,astro_callback_within,2026-09-01 04:31:08.020
Sitara-2::conversation_5267920_4336.csv::s1,user_emotional_disclosure,2026-09-01 04:31:14.021
Sitara-2::conversation_5267920_4336.csv::s1,astro_callback_within,2026-09-01 04:31:19.022
Sitara-2::conversation_5267920_4336.csv::s1,user_enthusiastic,2026-09-01 04:31:34.023
Sitara-2::conversation_5267920_4336.csv::s1,astro_callback_within,2026-09-01 04:31:39.024
Sitara-2::conversation_5267920_4336.csv::s1,user_enthusiastic,2026-09-01 04:31:51.025
Sitara-2::conversation_5267920_4336.csv::s1,astro_callback_within,2026-09-01 04:31:55.026
Sitara-2::conversation_5267920_4336.csv::s1,user_enthusiastic,2026-09-01 04:31:58.027
Sitara-2::conversation_5267920_4336.csv::s1,astro_callback_within,2026-09-01 04:32:03.028
Sitara-2::conversation_5267920_4336.csv::s1,astro_other,2026-09-01 04:32:05.029
Sitara-2::conversation_5267920_4336.csv::s1,user_enthusiastic,2026-09-01 04:32:06.030
Sitara-2::conversation_5267920_4336.csv::s1,astro_callback_within,2026-09-01 04:32:10.031
Sitara-2::conversation_5267920_4336.csv::s1,user_neutral_factual,2026-09-01 04:32:25.032
Sitara-2::conversation_5267920_4336.csv::s1,astro_callback_within,2026-09-01 04:32:29.033
Sitara-2::conversation_5267920_4336.csv::s1,user_enthusiastic,2026-09-01 04:32:38.034
Sitara-2::conversation_5267920_4336.csv::s1,astro_other,2026-09-01 04:32:42.035
Sitara-2::conversation_5267920_4336.csv::s1,user_neutral_factual,2026-09-01 04:32:54.036
Sitara-2::conversation_5267920_4336.csv::s1,astro_callback_within,2026-09-01 04:32:59.037
Sitara-2::conversation_5267920_4336.csv::s1,user_enthusiastic,2026-09-01 04:33:06.038
Sitara-2::conversation_5267920_4336.csv::s1,user_disengaging,2026-09-01 04:33:08.039
Sitara-2::conversation_5267920_4336.csv::s1,user_enthusiastic,2026-09-01 04:33:11.040
Sitara-2::conversation_5267920_4336.csv::s1,astro_callback_within,2026-09-01 04:33:12.041
Sitara-2::conversation_5267920_4336.csv::s1,astro_callback_within,2026-09-01 04:33:14.042
Sitara-2::conversation_5267920_4336.csv::s1,astro_callback_within,2026-09-01 04:33:34.043
Sitara-2::conversation_5268908_4336.csv::s1,user_neutral,2026-09-01 04:52:44.000
Sitara-2::conversation_5268908_4336.csv::s1,astro_other,2026-09-01 04:52:49.001
Sitara-2::conversation_5268908_4336.csv::s1,user_emotional_disclosure,2026-09-01 04:53:30.002
Sitara-2::conversation_5268908_4336.csv::s1,astro_other,2026-09-01 04:53:34.003
Sitara-2::conversation_5268908_4336.csv::s1,user_neutral_factual,2026-09-01 04:53:47.004
Sitara-2::conversation_5268908_4336.csv::s1,astro_other,2026-09-01 04:53:51.005
Sitara-2::conversation_5268908_4336.csv::s1,user_neutral_factual,2026-09-01 04:53:54.006
Sitara-2::conversation_5268908_4336.csv::s1,astro_callback_within,2026-09-01 04:53:58.007
Sitara-2::conversation_5268908_4336.csv::s1,astro_callback_within,2026-09-01 04:54:01.008
Sitara-2::conversation_5268908_4336.csv::s1,astro_callback_within,2026-09-01 04:54:22.009
Sitara-2::conversation_5268908_4336.csv::s1,astro_other,2026-09-01 04:54:24.010
Sitara-2::conversation_5268908_4336.csv::s1,user_enthusiastic,2026-09-01 04:54:27.011
Sitara-2::conversation_5268908_4336.csv::s1,astro_callback_within,2026-09-01 04:54:32.012
Sitara-2::conversation_5268908_4336.csv::s1,astro_callback_within,2026-09-01 04:54:34.013
Sitara-2::conversation_5268908_4336.csv::s1,astro_callback_within,2026-09-01 04:54:36.014
Sitara-2::conversation_5268908_4336.csv::s1,user_enthusiastic,2026-09-01 04:54:50.015
Sitara-2::conversation_5268908_4336.csv::s1,user_enthusiastic,2026-09-01 04:54:54.016
Sitara-2::conversation_5268908_4336.csv::s1,astro_callback_within,2026-09-01 04:54:55.017
Sitara-2::conversation_5268908_4336.csv::s1,astro_callback_within,2026-09-01 04:54:59.018
Sitara-2::conversation_5268908_4336.csv::s1,user_enthusiastic,2026-09-01 04:55:18.019
Sitara-2::conversation_5268908_4336.csv::s1,astro_callback_within,2026-09-01 04:55:23.020
Sitara-2::conversation_5268908_4336.csv::s1,astro_callback_within,2026-09-01 04:55:25.021
Sitara-2::conversation_5268908_4336.csv::s1,user_enthusiastic,2026-09-01 04:55:39.022
Sitara-2::conversation_5268908_4336.csv::s1,astro_callback_within,2026-09-01 04:55:43.023
Sitara-2::conversation_5268908_4336.csv::s1,astro_callback_within,2026-09-01 04:55:45.024
Sitara-2::conversation_5268908_4336.csv::s1,user_enthusiastic,2026-09-01 04:55:52.025
Sitara-2::conversation_5268908_4336.csv::s1,astro_callback_within,2026-09-01 04:55:56.026
Sitara-2::conversation_5268908_4336.csv::s1,user_enthusiastic,2026-09-01 04:56:06.027
Sitara-2::conversation_5268908_4336.csv::s1,astro_other,2026-09-01 04:56:10.028
Sitara-2::conversation_5268908_4336.csv::s1,user_enthusiastic,2026-09-01 04:56:18.029
Sitara-2::conversation_5268908_4336.csv::s1,astro_callback_within,2026-09-01 04:56:23.030
Sitara-2::conversation_5268908_4336.csv::s1,user_enthusiastic,2026-09-01 04:56:33.031
Sitara-2::conversation_5268908_4336.csv::s1,astro_callback_within,2026-09-01 04:56:38.032
Sitara-2::conversation_5268908_4336.csv::s1,user_enthusiastic,2026-09-01 04:56:54.033
Sitara-2::conversation_5268908_4336.csv::s1,astro_callback_within,2026-09-01 04:56:58.034
Sitara-2::conversation_5268908_4336.csv::s1,astro_other,2026-09-01 04:57:00.035
Sitara-2::conversation_5268908_4336.csv::s1,user_emotional_disclosure,2026-09-01 04:57:16.036
Sitara-2::conversation_5268908_4336.csv::s1,astro_callback_within,2026-09-01 04:57:21.037
Sitara-2::conversation_5268908_4336.csv::s1,user_neutral_factual,2026-09-01 04:57:31.038
Sitara-2::conversation_5268908_4336.csv::s1,astro_callback_within,2026-09-01 04:57:35.039
Sitara-2::conversation_5268908_4336.csv::s1,user_enthusiastic,2026-09-01 04:57:35.040
Sitara-2::conversation_5268908_4336.csv::s1,astro_callback_within,2026-09-01 04:57:40.041
Sitara-2::conversation_5270185_4336.csv::s1,user_neutral,2026-09-01 05:34:05.000
Sitara-2::conversation_5270185_4336.csv::s1,astro_other,2026-09-01 05:34:09.001
Sitara-2::conversation_5270185_4336.csv::s1,user_neutral_factual,2026-09-01 05:34:15.002
Sitara-2::conversation_5270185_4336.csv::s1,astro_other,2026-09-01 05:34:19.003
Sitara-2::conversation_5270185_4336.csv::s1,user_neutral_factual,2026-09-01 05:34:35.004
Sitara-2::conversation_5270185_4336.csv::s1,astro_other,2026-09-01 05:34:39.005
Sitara-2::conversation_5270185_4336.csv::s1,astro_dated_prediction,2026-09-01 05:34:50.006
Sitara-2::conversation_5270185_4336.csv::s1,user_neutral_factual,2026-09-01 05:35:05.007
Sitara-2::conversation_5270185_4336.csv::s1,astro_callback_within,2026-09-01 05:35:09.008
Sitara-2::conversation_5270185_4336.csv::s1,user_emotional_disclosure,2026-09-01 05:35:21.009
Sitara-2::conversation_5270185_4336.csv::s1,astro_callback_within,2026-09-01 05:35:25.010
Sitara-2::conversation_5270185_4336.csv::s1,user_neutral_factual,2026-09-01 05:35:36.011
Sitara-2::conversation_5270185_4336.csv::s1,astro_callback_within,2026-09-01 05:35:40.012
Sitara-2::conversation_5270185_4336.csv::s1,astro_callback_within,2026-09-01 05:35:42.013
Sitara-2::conversation_5270185_4336.csv::s1,user_emotional_disclosure,2026-09-01 05:36:16.014
Sitara-2::conversation_5270185_4336.csv::s1,astro_callback_within,2026-09-01 05:36:20.015
Sitara-2::conversation_5270185_4336.csv::s1,astro_callback_within,2026-09-01 05:36:22.016
Sitara-2::conversation_5270185_4336.csv::s1,astro_dated_prediction,2026-09-01 05:36:24.017
Sitara-2::conversation_5270185_4336.csv::s1,user_enthusiastic,2026-09-01 05:36:38.018
Sitara-2::conversation_5270185_4336.csv::s1,astro_callback_within,2026-09-01 05:36:42.019
Sitara-2::conversation_5270185_4336.csv::s1,astro_callback_within,2026-09-01 05:36:44.020
Sitara-2::conversation_5270185_4336.csv::s1,user_enthusiastic,2026-09-01 05:36:55.021
Sitara-2::conversation_5270185_4336.csv::s1,astro_callback_within,2026-09-01 05:37:00.022
Sitara-2::conversation_5270185_4336.csv::s1,astro_callback_within,2026-09-01 05:37:11.023
Sitara-2::conversation_5270185_4336.csv::s1,user_neutral_factual,2026-09-01 05:37:27.024
Sitara-2::conversation_5270185_4336.csv::s1,astro_callback_within,2026-09-01 05:37:31.025
Sitara-2::conversation_5270185_4336.csv::s1,user_emotional_disclosure,2026-09-01 05:38:02.026
Sitara-2::conversation_5270185_4336.csv::s1,astro_callback_within,2026-09-01 05:38:07.027
Sitara-2::conversation_5270185_4336.csv::s1,astro_dated_prediction,2026-09-01 05:38:13.028
Sitara-2::conversation_5270185_4336.csv::s1,user_pushback,2026-09-01 05:38:36.029
Sitara-2::conversation_5270185_4336.csv::s1,astro_callback_within,2026-09-01 05:38:43.030
Sitara-2::conversation_5270185_4336.csv::s1,user_pushback,2026-09-01 05:39:14.031
Sitara-2::conversation_5270185_4336.csv::s1,user_neutral_factual,2026-09-01 05:39:29.032
Sitara-2::conversation_5270185_4336.csv::s1,astro_dated_prediction,2026-09-01 05:39:34.033
Sitara-2::conversation_5270185_4336.csv::s1,user_emotional_disclosure,2026-09-01 05:39:58.034
Sitara-2::conversation_5270185_4336.csv::s1,astro_callback_within,2026-09-01 05:40:02.035
Sitara-2::conversation_5270185_4336.csv::s1,user_emotional_disclosure,2026-09-01 05:40:27.036
Sitara-2::conversation_5270185_4336.csv::s1,astro_callback_within,2026-09-01 05:40:31.037
Sitara-2::conversation_5270185_4336.csv::s1,user_enthusiastic,2026-09-01 05:40:50.038
Sitara-2::conversation_5270185_4336.csv::s1,astro_reframe,2026-09-01 05:40:55.039
Sitara-2::conversation_5270185_4336.csv::s1,user_enthusiastic,2026-09-01 05:41:02.040
Sitara-2::conversation_5270185_4336.csv::s1,astro_callback_within,2026-09-01 05:41:06.041
Sitara-2::conversation_5270185_4336.csv::s1,user_neutral_factual,2026-09-01 05:41:18.042
Sitara-2::conversation_5270185_4336.csv::s1,astro_callback_within,2026-09-01 05:41:22.043
Sitara-2::conversation_5270185_4336.csv::s1,user_neutral_factual,2026-09-01 05:41:31.044
Sitara-2::conversation_5270185_4336.csv::s1,astro_dated_prediction,2026-09-01 05:41:35.045
Sitara-2::conversation_5270185_4336.csv::s1,user_enthusiastic,2026-09-01 05:42:01.046
Sitara-2::conversation_5270185_4336.csv::s1,astro_callback_within,2026-09-01 05:42:05.047
Sitara-2::conversation_5270185_4336.csv::s1,user_neutral_factual,2026-09-01 05:42:20.048
Sitara-2::conversation_5270185_4336.csv::s1,astro_callback_within,2026-09-01 05:42:24.049
Sitara-2::conversation_5270185_4336.csv::s1,user_enthusiastic,2026-09-01 05:42:38.050
Sitara-2::conversation_5270185_4336.csv::s1,astro_reframe,2026-09-01 05:42:42.051
Sitara-2::conversation_5270185_4336.csv::s1,user_neutral_factual,2026-09-01 05:42:55.052
Sitara-2::conversation_5270185_4336.csv::s1,astro_reframe,2026-09-01 05:42:59.053
Sitara-2::conversation_5270185_4336.csv::s1,user_enthusiastic,2026-09-01 05:42:59.054
Sitara-2::conversation_5270185_4336.csv::s1,astro_reframe,2026-09-01 05:43:04.055
Sitara-2::conversation_5270185_4336.csv::s1,user_neutral_factual,2026-09-01 05:43:11.056
Sitara-2::conversation_5270185_4336.csv::s1,astro_reframe,2026-09-01 05:43:16.057
Sitara-2::conversation_5272159_4336.csv::s1,user_neutral,2026-09-01 06:14:18.000
Sitara-2::conversation_5272159_4336.csv::s1,astro_other,2026-09-01 06:14:22.001
Sitara-2::conversation_5272159_4336.csv::s1,user_emotional_disclosure,2026-09-01 06:14:40.002
Sitara-2::conversation_5272159_4336.csv::s1,astro_other,2026-09-01 06:14:45.003
Sitara-2::conversation_5272159_4336.csv::s1,user_neutral,2026-09-01 06:14:46.004
Sitara-2::conversation_5272159_4336.csv::s1,astro_other,2026-09-01 06:14:51.005
Sitara-2::conversation_5272159_4336.csv::s1,user_disengaging,2026-09-01 06:14:53.006
Sitara-2::conversation_5272159_4336.csv::s1,astro_other,2026-09-01 06:14:58.007
Sitara-2::conversation_5272159_4336.csv::s1,astro_other,2026-09-01 06:15:02.008
Sitara-2::conversation_5272159_4336.csv::s1,astro_other,2026-09-01 06:15:04.009
Sitara-2::conversation_5272159_4336.csv::s1,user_neutral_factual,2026-09-01 06:15:15.010
Sitara-2::conversation_5272159_4336.csv::s1,astro_other,2026-09-01 06:15:19.011
Sitara-2::conversation_5272159_4336.csv::s1,user_neutral,2026-09-01 06:15:28.012
Sitara-2::conversation_5272159_4336.csv::s1,astro_dated_prediction,2026-09-01 06:15:33.013
Sitara-2::conversation_5272159_4336.csv::s1,user_neutral,2026-09-01 06:15:59.014
Sitara-2::conversation_5272159_4336.csv::s1,astro_other,2026-09-01 06:16:03.015
Sitara-2::conversation_5272159_4336.csv::s1,user_neutral,2026-09-01 06:16:06.016
Sitara-2::conversation_5272159_4336.csv::s1,astro_other,2026-09-01 06:16:10.017
Sitara-2::conversation_5272159_4336.csv::s1,user_neutral,2026-09-01 06:16:20.018
Sitara-2::conversation_5272159_4336.csv::s1,astro_other,2026-09-01 06:16:24.019
Sitara-2::conversation_5272159_4336.csv::s1,user_emotional_disclosure,2026-09-01 06:16:30.020
Sitara-2::conversation_5272159_4336.csv::s1,astro_reframe,2026-09-01 06:16:35.021
Sitara-2::conversation_5272159_4336.csv::s1,user_neutral,2026-09-01 06:16:44.022
Sitara-2::conversation_5272159_4336.csv::s1,astro_other,2026-09-01 06:16:48.023
Sitara-2::conversation_5272159_4336.csv::s1,astro_reframe,2026-09-01 06:16:50.024
Sitara-2::conversation_5272159_4336.csv::s1,user_neutral,2026-09-01 06:17:22.025
Sitara-2::conversation_5272159_4336.csv::s1,astro_other,2026-09-01 06:17:27.026
Sitara-2::conversation_5272159_4336.csv::s1,user_emotional_disclosure,2026-09-01 06:17:34.027
Sitara-2::conversation_5272159_4336.csv::s1,astro_reframe,2026-09-01 06:17:38.028
Sitara-2::conversation_5272159_4336.csv::s1,user_emotional_disclosure,2026-09-01 06:17:47.029
Sitara-2::conversation_5272159_4336.csv::s1,astro_other,2026-09-01 06:17:51.030
Sitara-2::conversation_5272159_4336.csv::s1,astro_dated_prediction,2026-09-01 06:17:53.031
Sitara-2::conversation_5272159_4336.csv::s1,user_neutral,2026-09-01 06:18:03.032
Sitara-2::conversation_5272159_4336.csv::s1,astro_callback_within,2026-09-01 06:18:07.033
Sitara-2::conversation_5272159_4336.csv::s1,user_neutral,2026-09-01 06:18:07.034
Sitara-2::conversation_5272159_4336.csv::s1,astro_callback_within,2026-09-01 06:18:12.035
Sitara-2::conversation_5272159_4336.csv::s1,user_neutral,2026-09-01 06:18:33.036
Sitara-2::conversation_5272159_4336.csv::s1,astro_dated_prediction,2026-09-01 06:18:38.037
Sitara-2::conversation_5272159_4336.csv::s1,user_emotional_disclosure,2026-09-01 06:18:42.038
Sitara-2::conversation_5272159_4336.csv::s1,astro_callback_within,2026-09-01 06:18:46.039
Sitara-2::conversation_5272159_4336.csv::s1,astro_open_thread,2026-09-01 06:18:48.040
Sitara-2::conversation_5272159_4336.csv::s1,user_neutral,2026-09-01 06:18:53.041
Sitara-2::conversation_5272159_4336.csv::s1,astro_callback_within,2026-09-01 06:18:58.042
Sitara-2::conversation_5272159_4336.csv::s1,user_neutral,2026-09-01 06:19:06.043
Sitara-2::conversation_5272159_4336.csv::s1,astro_other,2026-09-01 06:19:10.044
Sitara-2::conversation_5272159_4336.csv::s1,user_neutral,2026-09-01 06:19:13.045
Sitara-2::conversation_5272159_4336.csv::s1,astro_callback_within,2026-09-01 06:19:18.046
Sitara-2::conversation_5272159_4336.csv::s2,user_neutral,2026-09-01 06:36:18.000
Sitara-2::conversation_5272159_4336.csv::s2,astro_other,2026-09-01 06:36:23.001
Sitara-2::conversation_5272159_4336.csv::s2,user_enthusiastic,2026-09-01 06:36:31.002
Sitara-2::conversation_5272159_4336.csv::s2,astro_callback_prior,2026-09-01 06:36:36.003
Sitara-2::conversation_5272159_4336.csv::s2,astro_other,2026-09-01 06:36:38.004
Sitara-2::conversation_5272159_4336.csv::s2,astro_callback_within,2026-09-01 06:36:40.005
Sitara-2::conversation_5272159_4336.csv::s2,user_neutral,2026-09-01 06:37:02.006
Sitara-2::conversation_5272159_4336.csv::s2,astro_dated_prediction,2026-09-01 06:37:07.007
Sitara-2::conversation_5272159_4336.csv::s2,user_emotional_disclosure,2026-09-01 06:37:24.008
Sitara-2::conversation_5272159_4336.csv::s2,astro_callback_prior,2026-09-01 06:37:29.009
Sitara-2::conversation_5272159_4336.csv::s2,user_emotional_disclosure,2026-09-01 06:37:47.010
Sitara-2::conversation_5272159_4336.csv::s2,astro_dated_prediction,2026-09-01 06:37:51.011
Sitara-2::conversation_5272159_4336.csv::s2,user_neutral,2026-09-01 06:38:00.012
Sitara-2::conversation_5272159_4336.csv::s2,astro_callback_prior,2026-09-01 06:38:04.013
Sitara-2::conversation_5272159_4336.csv::s2,user_neutral,2026-09-01 06:38:15.014
Sitara-2::conversation_5272159_4336.csv::s2,astro_callback_prior,2026-09-01 06:38:19.015
Sitara-2::conversation_5272159_4336.csv::s2,user_neutral,2026-09-01 06:38:36.016
Sitara-2::conversation_5272159_4336.csv::s2,astro_other,2026-09-01 06:38:40.017
Sitara-2::conversation_5272159_4336.csv::s2,user_neutral,2026-09-01 06:38:49.018
Sitara-2::conversation_5272159_4336.csv::s2,astro_callback_within,2026-09-01 06:38:54.019
Sitara-2::conversation_5272159_4336.csv::s2,user_neutral_factual,2026-09-01 06:39:06.020
Sitara-2::conversation_5272159_4336.csv::s2,astro_callback_within,2026-09-01 06:39:10.021
Sitara-2::conversation_5272159_4336.csv::s2,user_neutral_factual,2026-09-01 06:39:12.022
Sitara-2::conversation_5272159_4336.csv::s2,astro_callback_within,2026-09-01 06:39:16.023
Sitara-2::conversation_5272159_4336.csv::s2,user_neutral,2026-09-01 06:39:30.024
Sitara-2::conversation_5272159_4336.csv::s2,astro_callback_prior,2026-09-01 06:39:34.025
Sitara-2::conversation_5272159_4336.csv::s2,user_neutral,2026-09-01 06:39:40.026
Sitara-2::conversation_5272159_4336.csv::s2,astro_callback_within,2026-09-01 06:39:45.027
Sitara-2::conversation_5272159_4336.csv::s2,astro_callback_within,2026-09-01 06:39:55.028
Sitara-2::conversation_5272159_4336.csv::s2,astro_callback_within,2026-09-01 06:40:03.029
Sitara-2::conversation_5272159_4336.csv::s2,user_neutral,2026-09-01 06:40:07.030
Sitara-2::conversation_5272159_4336.csv::s2,astro_callback_within,2026-09-01 06:40:13.031
Sitara-2::conversation_5272159_4336.csv::s2,user_neutral,2026-09-01 06:40:14.032
Sitara-2::conversation_5272159_4336.csv::s2,astro_callback_within,2026-09-01 06:40:19.033
Sitara-2::conversation_5272159_4336.csv::s2,user_neutral,2026-09-01 06:40:25.034
Sitara-2::conversation_5272159_4336.csv::s2,astro_callback_within,2026-09-01 06:40:29.035
Sitara-2::conversation_5272159_4336.csv::s2,astro_open_thread,2026-09-01 06:40:31.036
Sitara-2::conversation_5272159_4336.csv::s2,user_neutral,2026-09-01 06:40:36.037
Sitara-2::conversation_5272159_4336.csv::s2,astro_other,2026-09-01 06:40:41.038
Sitara-2::conversation_5272159_4336.csv::s2,user_emotional_disclosure,2026-09-01 06:40:43.039
Sitara-2::conversation_5272159_4336.csv::s2,astro_reframe,2026-09-01 06:40:47.040
Sitara-2::conversation_5272159_4336.csv::s2,user_neutral,2026-09-01 06:40:50.041
Sitara-2::conversation_5272159_4336.csv::s2,astro_callback_within,2026-09-01 06:40:55.042
Sitara-2::conversation_5272159_4336.csv::s2,user_neutral,2026-09-01 06:41:01.043
Sitara-2::conversation_5272159_4336.csv::s2,user_neutral,2026-09-01 06:41:04.044
Sitara-2::conversation_5272159_4336.csv::s2,astro_callback_prior,2026-09-01 06:41:10.045
Sitara-2::conversation_5272159_4336.csv::s2,user_emotional_disclosure,2026-09-01 06:41:11.046
Sitara-2::conversation_5272159_4336.csv::s2,astro_callback_prior,2026-09-01 06:41:15.047
Sitara-2::conversation_5274718_4336.csv::s1,user_neutral,2026-09-01 07:06:24.000
Sitara-2::conversation_5274718_4336.csv::s1,astro_other,2026-09-01 07:06:28.001
Sitara-2::conversation_5274718_4336.csv::s1,user_neutral,2026-09-01 07:06:36.002
Sitara-2::conversation_5274718_4336.csv::s1,astro_other,2026-09-01 07:06:40.003
Sitara-2::conversation_5274718_4336.csv::s1,astro_other,2026-09-01 07:06:40.004
Sitara-2::conversation_5274718_4336.csv::s1,user_neutral,2026-09-01 07:06:41.005
Sitara-2::conversation_5274718_4336.csv::s1,astro_reframe,2026-09-01 07:06:42.006
Sitara-2::conversation_5274718_4336.csv::s1,astro_other,2026-09-01 07:06:47.007
Sitara-2::conversation_5274718_4336.csv::s1,user_emotional_disclosure,2026-09-01 07:07:02.008
Sitara-2::conversation_5274718_4336.csv::s1,user_neutral,2026-09-01 07:07:04.009
Sitara-2::conversation_5274718_4336.csv::s1,astro_reframe,2026-09-01 07:07:07.010
Sitara-2::conversation_5274718_4336.csv::s1,astro_reframe,2026-09-01 07:07:09.011
Sitara-2::conversation_5274718_4336.csv::s1,astro_reframe,2026-09-01 07:07:13.012
Sitara-2::conversation_5274718_4336.csv::s1,astro_other,2026-09-01 07:07:15.013
Sitara-2::conversation_5274718_4336.csv::s1,user_neutral_factual,2026-09-01 07:07:26.014
Sitara-2::conversation_5274718_4336.csv::s1,astro_callback_within,2026-09-01 07:07:30.015
Sitara-2::conversation_5274718_4336.csv::s1,user_neutral_factual,2026-09-01 07:07:30.016
Sitara-2::conversation_5274718_4336.csv::s1,astro_callback_within,2026-09-01 07:07:32.017
Sitara-2::conversation_5274718_4336.csv::s1,astro_callback_within,2026-09-01 07:07:37.018
Sitara-2::conversation_5274718_4336.csv::s1,user_pushback,2026-09-01 07:07:50.019
Sitara-2::conversation_5274718_4336.csv::s1,astro_other,2026-09-01 07:07:55.020
Sitara-2::conversation_5274718_4336.csv::s1,astro_other,2026-09-01 07:08:11.021
Sitara-2::conversation_5274718_4336.csv::s1,astro_other,2026-09-01 07:08:19.022
Sitara-2::conversation_5274718_4336.csv::s1,user_disengaging,2026-09-01 07:08:25.023
Sitara-2::conversation_5274718_4336.csv::s1,astro_other,2026-09-01 07:08:30.024
Sitara-2::conversation_5274718_4336.csv::s1,astro_other,2026-09-01 07:08:43.025
Sitara-2::conversation_5274718_4336.csv::s1,user_disengaging,2026-09-01 07:08:44.026
Sitara-2::conversation_5274718_4336.csv::s1,astro_callback_within,2026-09-01 07:08:48.027
Sitara-2::conversation_5274718_4336.csv::s1,user_neutral,2026-09-01 07:08:59.028
Sitara-2::conversation_5274718_4336.csv::s1,user_pushback,2026-09-01 07:09:05.029
Sitara-2::conversation_5274718_4336.csv::s1,astro_other,2026-09-01 07:09:12.030
Sitara-2::conversation_5274718_4336.csv::s1,user_neutral,2026-09-01 07:09:25.031
Sitara-2::conversation_5274718_4336.csv::s1,astro_other,2026-09-01 07:09:30.032
Sitara-2::conversation_5274718_4336.csv::s1,astro_callback_within,2026-09-01 07:09:32.033
Sitara-2::conversation_5274718_4336.csv::s1,user_emotional_disclosure,2026-09-01 07:09:44.034
Sitara-2::conversation_5274718_4336.csv::s1,astro_callback_within,2026-09-01 07:09:48.035
Sitara-2::conversation_5274718_4336.csv::s1,user_disengaging,2026-09-01 07:10:00.036
Sitara-2::conversation_5274718_4336.csv::s1,user_neutral,2026-09-01 07:10:02.037
Sitara-2::conversation_5274718_4336.csv::s1,astro_callback_within,2026-09-01 07:10:04.038
Sitara-2::conversation_5274718_4336.csv::s1,user_neutral,2026-09-01 07:10:06.039
Sitara-2::conversation_5274718_4336.csv::s1,astro_other,2026-09-01 07:10:10.040
Sitara-2::conversation_5274718_4336.csv::s1,astro_open_thread,2026-09-01 07:10:12.041
Sitara-2::conversation_5274718_4336.csv::s1,user_neutral_factual,2026-09-01 07:10:15.042
Sitara-2::conversation_5274718_4336.csv::s1,astro_callback_within,2026-09-01 07:10:15.043
Sitara-2::conversation_5274718_4336.csv::s1,astro_callback_within,2026-09-01 07:10:17.044
Sitara-2::conversation_5274718_4336.csv::s1,user_neutral,2026-09-01 07:10:33.045
Sitara-2::conversation_5274718_4336.csv::s1,user_neutral,2026-09-01 07:10:42.046
Sitara-2::conversation_5274718_4336.csv::s1,user_neutral,2026-09-01 07:10:55.047
Sitara-2::conversation_5274718_4336.csv::s1,user_neutral,2026-09-01 07:10:57.048
Sitara-2::conversation_5274718_4336.csv::s1,astro_callback_within,2026-09-01 07:11:01.049
Sitara-2::conversation_5274718_4336.csv::s1,astro_callback_within,2026-09-01 07:11:03.050
Sitara-2::conversation_5274718_4336.csv::s1,astro_callback_within,2026-09-01 07:11:06.051
Sitara-2::conversation_5274718_4336.csv::s1,user_enthusiastic,2026-09-01 07:11:12.052
Sitara-2::conversation_5274718_4336.csv::s1,astro_callback_within,2026-09-01 07:11:26.053
Sitara-2::conversation_646444_4336.csv::s1,user_neutral,2026-08-30 09:32:46.000
Sitara-2::conversation_646444_4336.csv::s1,astro_other,2026-08-30 09:32:50.001
Sitara-2::conversation_646444_4336.csv::s1,user_neutral_factual,2026-08-30 09:33:00.002
Sitara-2::conversation_646444_4336.csv::s1,user_neutral_factual,2026-08-30 09:33:05.003
Sitara-2::conversation_646444_4336.csv::s1,astro_other,2026-08-30 09:33:06.004
Sitara-2::conversation_646444_4336.csv::s1,astro_other,2026-08-30 09:33:10.005
Sitara-2::conversation_646444_4336.csv::s1,user_neutral_factual,2026-08-30 09:33:20.006
Sitara-2::conversation_646444_4336.csv::s1,astro_other,2026-08-30 09:33:27.007
Sitara-2::conversation_646444_4336.csv::s1,astro_other,2026-08-30 09:33:29.008
Sitara-2::conversation_646444_4336.csv::s1,user_neutral_factual,2026-08-30 09:33:30.009
Sitara-2::conversation_646444_4336.csv::s1,astro_other,2026-08-30 09:33:35.010
Sitara-2::conversation_646444_4336.csv::s1,astro_other,2026-08-30 09:33:35.011
Sitara-2::conversation_646444_4336.csv::s1,astro_other,2026-08-30 09:33:37.012
Sitara-2::conversation_646444_4336.csv::s1,astro_callback_within,2026-08-30 09:33:37.013
Sitara-2::conversation_646444_4336.csv::s1,user_neutral_factual,2026-08-30 09:34:00.014
Sitara-2::conversation_646444_4336.csv::s1,astro_other,2026-08-30 09:34:07.015
Sitara-2::conversation_646444_4336.csv::s1,astro_callback_within,2026-08-30 09:34:09.016
Sitara-2::conversation_646444_4336.csv::s1,user_pushback,2026-08-30 09:34:11.017
Sitara-2::conversation_646444_4336.csv::s1,astro_callback_within,2026-08-30 09:34:18.018
Sitara-2::conversation_646444_4336.csv::s1,user_neutral_factual,2026-08-30 09:34:28.019
Sitara-2::conversation_646444_4336.csv::s1,astro_callback_within,2026-08-30 09:34:32.020
Sitara-2::conversation_646444_4336.csv::s1,user_neutral_factual,2026-08-30 09:34:40.021
Sitara-2::conversation_646444_4336.csv::s1,user_neutral_factual,2026-08-30 09:34:43.022
Sitara-2::conversation_646444_4336.csv::s1,astro_dated_prediction,2026-08-30 09:34:45.023
Sitara-2::conversation_646444_4336.csv::s1,astro_dated_prediction,2026-08-30 09:34:49.024
Sitara-2::conversation_646444_4336.csv::s1,user_neutral_factual,2026-08-30 09:35:02.025
Sitara-2::conversation_646444_4336.csv::s1,astro_other,2026-08-30 09:35:06.026
Sitara-2::conversation_646444_4336.csv::s1,user_neutral_factual,2026-08-30 09:35:16.027
Sitara-2::conversation_646444_4336.csv::s1,astro_dated_prediction,2026-08-30 09:35:21.028
Sitara-2::conversation_646444_4336.csv::s1,user_emotional_disclosure,2026-08-30 09:35:38.029
Sitara-2::conversation_646444_4336.csv::s1,astro_callback_within,2026-08-30 09:36:05.030
Sitara-2::conversation_646444_4336.csv::s1,user_pushback,2026-08-30 09:36:08.031
Sitara-2::conversation_646444_4336.csv::s1,astro_callback_within,2026-08-30 09:36:13.032
Sitara-2::conversation_646444_4336.csv::s1,user_neutral_factual,2026-08-30 09:36:30.033
Sitara-2::conversation_646444_4336.csv::s1,astro_dated_prediction,2026-08-30 09:36:34.034
Sitara-2::conversation_646444_4336.csv::s1,user_pushback,2026-08-30 09:36:44.035
Sitara-2::conversation_646444_4336.csv::s1,astro_callback_within,2026-08-30 09:36:49.036
Sitara-2::conversation_646444_4336.csv::s1,user_pushback,2026-08-30 09:36:51.037
Sitara-2::conversation_646444_4336.csv::s1,astro_callback_within,2026-08-30 09:36:58.038
Sitara-2::conversation_646444_4336.csv::s1,astro_callback_within,2026-08-30 09:37:22.039
Sitara-2::conversation_646444_4336.csv::s1,user_neutral_factual,2026-08-30 09:37:29.040
Sitara-2::conversation_646444_4336.csv::s1,astro_callback_within,2026-08-30 09:37:34.041
Sitara-2::conversation_958699_4336.csv::s1,user_neutral,2026-08-28 17:02:20.000
Sitara-2::conversation_958699_4336.csv::s1,astro_other,2026-08-28 17:02:25.001
Sitara-2::conversation_958699_4336.csv::s1,user_neutral_factual,2026-08-28 17:02:27.002
Sitara-2::conversation_958699_4336.csv::s1,astro_other,2026-08-28 17:02:27.003
Sitara-2::conversation_958699_4336.csv::s1,astro_other,2026-08-28 17:02:29.004
Sitara-2::conversation_958699_4336.csv::s1,astro_other,2026-08-28 17:02:34.005
Sitara-2::conversation_958699_4336.csv::s1,astro_callback_within,2026-08-28 17:02:36.006
Sitara-2::conversation_958699_4336.csv::s1,astro_callback_within,2026-08-28 17:02:38.007
Sitara-2::conversation_958699_4336.csv::s1,astro_other,2026-08-28 17:02:39.008
Sitara-2::conversation_958699_4336.csv::s1,user_neutral_factual,2026-08-28 17:02:56.009
Sitara-2::conversation_958699_4336.csv::s1,astro_dated_prediction,2026-08-28 17:03:00.010
Sitara-2::conversation_958699_4336.csv::s1,user_pushback,2026-08-28 17:03:21.011
Sitara-2::conversation_958699_4336.csv::s1,astro_dated_prediction,2026-08-28 17:03:26.012
Sitara-2::conversation_958699_4336.csv::s1,user_neutral_factual,2026-08-28 17:03:34.013
Sitara-2::conversation_958699_4336.csv::s1,astro_dated_prediction,2026-08-28 17:03:39.014
Sitara-2::conversation_958699_4336.csv::s1,user_neutral_factual,2026-08-28 17:03:57.015
Sitara-2::conversation_958699_4336.csv::s1,astro_callback_within,2026-08-28 17:04:02.016
Sitara-2::conversation_958699_4336.csv::s1,user_neutral_factual,2026-08-28 17:04:24.017
Sitara-2::conversation_958699_4336.csv::s1,astro_callback_within,2026-08-28 17:04:28.018
Sitara-2::conversation_958699_4336.csv::s1,user_neutral_factual,2026-08-28 17:04:38.019
Sitara-2::conversation_958699_4336.csv::s1,astro_callback_within,2026-08-28 17:04:43.020
Sitara-2::conversation_958699_4336.csv::s1,astro_callback_within,2026-08-28 17:04:45.021
Sitara-2::conversation_958699_4336.csv::s1,astro_dated_prediction,2026-08-28 17:05:03.022
Sitara-2::conversation_958699_4336.csv::s1,user_neutral_factual,2026-08-28 17:05:09.023
Sitara-2::conversation_958699_4336.csv::s1,astro_other,2026-08-28 17:05:14.024
Sitara-2::conversation_958699_4336.csv::s1,user_neutral_factual,2026-08-28 17:05:24.025
Sitara-2::conversation_958699_4336.csv::s1,astro_callback_within,2026-08-28 17:05:28.026
Sitara-2::conversation_958699_4336.csv::s1,user_neutral_factual,2026-08-28 17:05:35.027
Sitara-2::conversation_958699_4336.csv::s1,astro_reframe,2026-08-28 17:05:40.028
Sitara-2::conversation_958699_4336.csv::s1,user_neutral_factual,2026-08-28 17:05:50.029
Sitara-2::conversation_958699_4336.csv::s1,user_neutral_factual,2026-08-28 17:06:04.030
Sitara-2::conversation_958699_4336.csv::s1,astro_other,2026-08-28 17:06:08.031
Sitara-2::conversation_958699_4336.csv::s1,user_pushback,2026-08-28 17:06:16.032
Sitara-2::conversation_958699_4336.csv::s1,astro_callback_within,2026-08-28 17:06:20.033
Sitara-2::conversation_958699_4336.csv::s1,astro_callback_within,2026-08-28 17:06:22.034
Sitara-2::conversation_958699_4336.csv::s1,astro_dated_prediction,2026-08-28 17:06:45.035
Sitara-2::conversation_958699_4336.csv::s1,user_neutral_factual,2026-08-28 17:06:58.036
Sitara-2::conversation_958699_4336.csv::s1,astro_callback_within,2026-08-28 17:07:03.037
Sitara-2::conversation_958699_4336.csv::s1,astro_callback_within,2026-08-28 17:07:05.038
Sitara-2::conversation_958699_4336.csv::s1,astro_other,2026-08-28 17:07:21.039
Sitara-2::conversation_958699_4336.csv::s1,user_neutral_factual,2026-08-28 17:07:30.040
Sitara-2::conversation_958699_4336.csv::s1,astro_callback_within,2026-08-28 17:07:35.041
Sitara-2::conversation_958699_4336.csv::s1,astro_callback_within,2026-08-28 17:07:40.042
Sitara-2::conversation_958699_4336.csv::s1,user_neutral_factual,2026-08-28 17:07:55.043
Sitara-2::conversation_958699_4336.csv::s1,astro_callback_within,2026-08-28 17:08:00.044
Sitara-2::conversation_958699_4336.csv::s1,astro_callback_within,2026-08-28 17:08:02.045
Sitara-2::conversation_958699_4336.csv::s1,user_neutral_factual,2026-08-28 17:08:04.046
Sitara-2::conversation_958699_4336.csv::s1,astro_callback_within,2026-08-28 17:08:09.047
Sitara-2::conversation_958699_4336.csv::s1,user_enthusiastic,2026-08-28 17:08:21.048
Sitara-2::conversation_958699_4336.csv::s1,astro_callback_within,2026-08-28 17:08:26.049
Sitara-2::conversation_958699_4336.csv::s1,astro_callback_within,2026-08-28 17:08:28.050
Sitara-2::conversation_958699_4336.csv::s1,user_enthusiastic,2026-08-28 17:08:37.051
Sitara-2::conversation_958699_4336.csv::s1,astro_callback_within,2026-08-28 17:08:41.052
Sitara-2::conversation_958699_4336.csv::s1,user_enthusiastic,2026-08-28 17:08:47.053
Sitara-2::conversation_958699_4336.csv::s1,astro_callback_within,2026-08-28 17:08:52.054
Sitara-2::conversation_958699_4336.csv::s1,user_neutral_factual,2026-08-28 17:09:10.055
Sitara-2::conversation_958699_4336.csv::s1,astro_callback_within,2026-08-28 17:09:14.056
Sitara-2::conversation_958699_4336.csv::s1,user_enthusiastic,2026-08-28 17:09:37.057
Sitara-2::conversation_958699_4336.csv::s1,astro_callback_within,2026-08-28 17:09:42.058
Sitara-2::conversation_958699_4336.csv::s1,user_enthusiastic,2026-08-28 17:09:59.059
Sitara-2::conversation_958699_4336.csv::s1,astro_callback_within,2026-08-28 17:10:04.060
Sitara-2::conversation_958699_4336.csv::s1,astro_callback_within,2026-08-28 17:10:06.061
Sitara-2::conversation_958699_4336.csv::s1,astro_other,2026-08-28 17:10:08.062
Sitara-2::conversation_958699_4336.csv::s1,user_enthusiastic,2026-08-28 17:10:17.063
Sitara-2::conversation_958699_4336.csv::s1,astro_callback_within,2026-08-28 17:10:22.064
Sitara-2::conversation_958699_4336.csv::s1,astro_callback_within,2026-08-28 17:10:24.065
Sitara-2::conversation_958699_4336.csv::s1,user_enthusiastic,2026-08-28 17:10:45.066
Sitara-2::conversation_958699_4336.csv::s1,astro_callback_within,2026-08-28 17:10:50.067
Sitara-2::conversation_958699_4336.csv::s1,user_emotional_disclosure,2026-08-28 17:11:01.068
Sitara-2::conversation_958699_4336.csv::s1,astro_callback_within,2026-08-28 17:11:10.069
Sitara-2::conversation_958699_4336.csv::s1,user_emotional_disclosure,2026-08-28 17:11:22.070
Sitara-2::conversation_958699_4336.csv::s1,astro_callback_within,2026-08-28 17:11:27.071
Sitara-2::conversation_958699_4336.csv::s1,user_enthusiastic,2026-08-28 17:11:41.072
Sitara-2::conversation_958699_4336.csv::s1,astro_callback_within,2026-08-28 17:11:48.073
Sitara-2::conversation_958699_4336.csv::s1,user_emotional_disclosure,2026-08-28 17:12:11.074
Sitara-2::conversation_958699_4336.csv::s1,user_emotional_disclosure,2026-08-28 17:12:24.075
Sitara-2::conversation_958699_4336.csv::s1,astro_callback_within,2026-08-28 17:12:28.076
Sitara-2::conversation_958699_4336.csv::s1,astro_callback_within,2026-08-28 17:12:30.077
Sitara-2::conversation_958699_4336.csv::s1,user_neutral_factual,2026-08-28 17:12:33.078
Sitara-2::conversation_958699_4336.csv::s1,astro_callback_within,2026-08-28 17:12:37.079
Sitara-2::conversation_958699_4336.csv::s1,user_enthusiastic,2026-08-28 17:12:40.080
Sitara-2::conversation_958699_4336.csv::s1,astro_callback_within,2026-08-28 17:12:45.081
Sitara-2::conversation_958699_4336.csv::s1,user_enthusiastic,2026-08-28 17:12:56.082
Sitara-2::conversation_958699_4336.csv::s1,astro_callback_within,2026-08-28 17:13:01.083
Sitara-2::conversation_958699_4336.csv::s1,user_enthusiastic,2026-08-28 17:13:08.084
Sitara-2::conversation_958699_4336.csv::s1,astro_reframe,2026-08-28 17:13:13.085
Sitara-2::conversation_958699_4336.csv::s1,user_enthusiastic,2026-08-28 17:13:21.086
Sitara-2::conversation_958699_4336.csv::s1,astro_other,2026-08-28 17:13:26.087
Sitara-2::conversation_974494_4336.csv::s1,user_neutral,2026-08-31 06:04:33.000
Sitara-2::conversation_974494_4336.csv::s1,astro_other,2026-08-31 06:04:38.001
Sitara-2::conversation_974494_4336.csv::s1,astro_other,2026-08-31 06:04:50.002
Sitara-2::conversation_974494_4336.csv::s1,astro_other,2026-08-31 06:04:50.003
Sitara-2::conversation_974494_4336.csv::s1,user_neutral,2026-08-31 06:04:57.004
Sitara-2::conversation_974494_4336.csv::s1,astro_dated_prediction,2026-08-31 06:05:01.005
Sitara-2::conversation_974494_4336.csv::s1,user_neutral_factual,2026-08-31 06:05:25.006
Sitara-2::conversation_974494_4336.csv::s1,astro_callback_within,2026-08-31 06:05:30.007
Sitara-2::conversation_974494_4336.csv::s1,user_disengaging,2026-08-31 06:05:36.008
Sitara-2::conversation_974494_4336.csv::s1,user_disengaging,2026-08-31 06:05:47.009
Sitara-2::conversation_974494_4336.csv::s1,astro_other,2026-08-31 06:05:51.010
Sitara-2::conversation_974494_4336.csv::s1,user_neutral,2026-08-31 06:06:14.011
Sitara-2::conversation_974494_4336.csv::s1,astro_other,2026-08-31 06:06:18.012
Sitara-2::conversation_974494_4336.csv::s1,user_disengaging,2026-08-31 06:06:29.013
Sitara-2::conversation_974494_4336.csv::s1,user_disengaging,2026-08-31 06:06:39.014
Sitara-2::conversation_974494_4336.csv::s1,astro_other,2026-08-31 06:06:44.015
Sitara-2::conversation_974494_4336.csv::s1,user_disengaging,2026-08-31 06:07:02.016
Sitara-2::conversation_974494_4336.csv::s1,user_disengaging,2026-08-31 06:07:05.017
Sitara-2::conversation_974494_4336.csv::s1,astro_open_thread,2026-08-31 06:07:12.018
Sitara-2::conversation_974494_4336.csv::s1,user_disengaging,2026-08-31 06:07:22.019
Sitara-2::conversation_974494_4336.csv::s1,astro_open_thread,2026-08-31 06:07:26.020
Sitara-2::conversation_974494_4336.csv::s1,user_neutral,2026-08-31 06:07:44.021
Sitara-2::conversation_974494_4336.csv::s1,user_disengaging,2026-08-31 06:07:55.022
Sitara-2::conversation_974494_4336.csv::s1,user_neutral,2026-08-31 06:07:58.023
Sitara-2::conversation_974494_4336.csv::s1,astro_other,2026-08-31 06:07:59.024
Sitara-2::conversation_974494_4336.csv::s1,astro_open_thread,2026-08-31 06:08:01.025
Sitara-2::conversation_974494_4336.csv::s1,astro_callback_within,2026-08-31 06:08:06.026
Sitara-2::conversation_974494_4336.csv::s1,user_disengaging,2026-08-31 06:08:13.027
Sitara-2::conversation_974494_4336.csv::s1,astro_callback_within,2026-08-31 06:08:17.028
Sitara-2::conversation_974494_4336.csv::s1,user_disengaging,2026-08-31 06:08:24.029
Sitara-2::conversation_974494_4336.csv::s1,user_neutral,2026-08-31 06:08:29.030
Sitara-2::conversation_974494_4336.csv::s1,astro_open_thread,2026-08-31 06:08:33.031
Sitara-2::conversation_974494_4336.csv::s1,user_pushback,2026-08-31 06:08:49.032
Sitara-2::conversation_974494_4336.csv::s1,astro_callback_within,2026-08-31 06:08:55.033
Sitara-2::conversation_974494_4336.csv::s1,user_pushback,2026-08-31 06:09:19.034
Sitara-2::conversation_974494_4336.csv::s1,astro_callback_within,2026-08-31 06:09:27.035
Sitara-2::conversation_974494_4336.csv::s1,astro_open_thread,2026-08-31 06:09:29.036
Sitara-2::conversation_974494_4336.csv::s1,user_neutral,2026-08-31 06:09:44.037
Sitara-2::conversation_974494_4336.csv::s1,astro_callback_within,2026-08-31 06:09:49.038
Sitara-2::conversation_974494_4336.csv::s1,user_pushback,2026-08-31 06:10:13.039
Sitara-2::conversation_974494_4336.csv::s1,astro_callback_within,2026-08-31 06:10:18.040
Sitara-2::conversation_974494_4336.csv::s1,astro_open_thread,2026-08-31 06:10:20.041
Sitara-2::conversation_974494_4336.csv::s1,user_pushback,2026-08-31 06:10:37.042
Sitara-2::conversation_974494_4336.csv::s1,user_neutral,2026-08-31 06:10:44.043
Sitara-2::conversation_974494_4336.csv::s1,astro_other,2026-08-31 06:10:49.044
Sitara-2::conversation_974494_4336.csv::s1,astro_callback_within,2026-08-31 06:10:51.045
Sitara-2::conversation_974494_4336.csv::s1,astro_dated_prediction,2026-08-31 06:11:13.046
Sitara-2::conversation_974494_4336.csv::s1,user_neutral,2026-08-31 06:11:23.047
Sitara-2::conversation_974494_4336.csv::s1,astro_dated_prediction,2026-08-31 06:11:28.048
Sitara-2::conversation_974494_4336.csv::s1,user_neutral_factual,2026-08-31 06:11:45.049
Sitara-2::conversation_974494_4336.csv::s1,astro_callback_within,2026-08-31 06:11:50.050
Sitara-2::conversation_974494_4336.csv::s1,user_pushback,2026-08-31 06:12:04.051
Sitara-2::conversation_974494_4336.csv::s1,astro_open_thread,2026-08-31 06:12:08.052
Sitara-2::conversation_974494_4336.csv::s1,user_pushback,2026-08-31 06:12:27.053
Sitara-2::conversation_974494_4336.csv::s1,astro_validation,2026-08-31 06:12:32.054
Sitara-2::conversation_974494_4336.csv::s1,astro_reframe,2026-08-31 06:12:34.055
Sitara-2::conversation_974494_4336.csv::s1,user_disengaging,2026-08-31 06:12:42.056
Sitara-2::conversation_974494_4336.csv::s1,user_pushback,2026-08-31 06:12:57.057
Sitara-2::conversation_974494_4336.csv::s1,astro_other,2026-08-31 06:13:01.058
Sitara-2::conversation_974494_4336.csv::s1,astro_callback_within,2026-08-31 06:13:03.059
Sitara-2::conversation_974494_4336.csv::s1,user_pushback,2026-08-31 06:13:28.060
Sitara-2::conversation_974494_4336.csv::s1,astro_reframe,2026-08-31 06:13:33.061
