session_id,n_turns,disengage_duration,disengage_event,positive_duration,positive_event,concrete_dated_prediction,specific_open_thread_named,callback_prior_session,callback_within_session,validation,self_correction,reframe,source_group
Human_Astro::conversation_1338879_1953.csv::s1,101,101,1,46,1,0.0,0.0,0.0,0.6976744186046512,0.0,0.023255813953488372,0.06976744186046512,baseline_returned
Human_Astro::conversation_1338879_1953.csv::s10,203,203,1,118,1,0.10416666666666667,0.010416666666666666,0.0,0.07291666666666667,0.125,0.010416666666666666,0.010416666666666666,baseline_returned
Human_Astro::conversation_1338879_1953.csv::s11,92,72,1,92,0,0.16666666666666666,0.0,0.0,0.6190476190476191,0.09523809523809523,0.0,0.07142857142857142,baseline_returned
Human_Astro::conversation_1338879_1953.csv::s12,62,62,0,59,1,0.09090909090909091,0.0,0.0,0.3939393939393939,0.0,0.0,0.0,baseline_returned
Human_Astro::conversation_1338879_1953.csv::s13,17,17,0,16,1,0.0,0.0,0.2222222222222222,0.3333333333333333,0.0,0.0,0.0,baseline_returned
Human_Astro::conversation_1338879_1953.csv::s14,69,69,0,21,1,0.06060606060606061,0.0,0.06060606060606061,0.42424242424242425,0.09090909090909091,0.0,0.06060606060606061,baseline_returned
Human_Astro::conversation_1338879_1953.csv::s15,22,15,1,22,0,0.0,0.0,0.0,0.4,0.0,0.0,0.3,baseline_returned
Human_Astro::conversation_1338879_1953.csv::s16,66,66,0,64,1,0.06451612903225806,0.0,0.1935483870967742,0.6451612903225806,0.06451612903225806,0.0,0.22580645161290322,baseline_returned
Human_Astro::conversation_1338879_1953.csv::s2,92,92,1,60,1,0.2,0.02857142857142857,0.0,0.4857142857142857,0.11428571428571428,0.0,0.2571428571428571,baseline_returned
Human_Astro::conversation_1338879_1953.csv::s3,28,28,1,28,0,0.0,0.0,0.16666666666666666,0.16666666666666666,0.25,0.0,0.3333333333333333,baseline_returned
Human_Astro::conversation_1338879_1953.csv::s4,78,78,0,31,1,0.08108108108108109,0.0,0.02702702702702703,0.6216216216216216,0.10810810810810811,0.0,0.10810810810810811,baseline_returned
Human_Astro::conversation_1338879_1953.csv::s6,39,39,1,39,0,0.0,0.0,0.5,0.16666666666666666,0.0,0.0,0.08333333333333333,baseline_returned
Human_Astro::conversation_1338879_1953.csv::s7,120,4,1,61,1,0.06896551724137931,0.017241379310344827,0.0,0.06896551724137931,0.08620689655172414,0.0,0.1206896551724138,baseline_returned
Human_Astro::conversation_1338879_1953.csv::s8,127,3,1,41,1,0.015625,0.0,0.0,0.65625,0.078125,0.015625,0.3125,baseline_returned
Human_Astro::conversation_1338879_1953.csv::s9,48,48,0,48,1,0.0,0.0,0.0,0.0,0.1,0.0,0.05,baseline_returned
Human_Astro::conversation_1378119_1270.csv::s1,63,16,1,33,1,0.03225806451612903,0.03225806451612903,0.0,0.6774193548387096,0.0,0.0,0.03225806451612903,baseline_returned
Human_Astro::conversation_1378119_1270.csv::s10,35,35,1,35,0,0.0,0.0,0.0,0.0,0.0,0.0,0.07142857142857142,baseline_returned
Human_Astro::conversation_1378119_1270.csv::s11,86,86,1,45,1,0.0,0.0,0.0,0.10256410256410256,0.05128205128205128,0.0,0.02564102564102564,baseline_returned
Human_Astro::conversation_1378119_1270.csv::s12,21,21,1,21,0,0.25,0.0,0.25,0.125,0.0,0.0,0.0,baseline_returned
Human_Astro::conversation_1378119_1270.csv::s13,64,64,1,1,1,0.07692307692307693,0.0,0.0,0.34615384615384615,0.0,0.0,0.11538461538461539,baseline_returned
Human_Astro::conversation_1378119_1270.csv::s2,104,104,1,87,1,0.024390243902439025,0.0,0.0,0.3170731707317073,0.0,0.0,0.0,baseline_returned
Human_Astro::conversation_1378119_1270.csv::s3,53,53,1,3,1,0.0,0.0,0.041666666666666664,0.0,0.041666666666666664,0.0,0.0,baseline_returned
Human_Astro::conversation_1378119_1270.csv::s4,16,16,1,10,1,0.0,0.0,0.1111111111111111,0.1111111111111111,0.3333333333333333,0.0,0.0,baseline_returned
Human_Astro::conversation_1378119_1270.csv::s5,10,10,1,3,1,0.0,0.0,0.0,0.0,0.0,0.0,0.0,baseline_returned
Human_Astro::conversation_1378119_1270.csv::s6,164,164,1,56,1,0.0273972602739726,0.0,0.0,0.3698630136986301,0.0547945205479452,0.0136986301369863,0.0136986301369863,baseline_returned
Human_Astro::conversation_1378119_1270.csv::s7,13,13,1,13,0,0.0,0.0,0.0,0.0,0.0,0.0,0.0,baseline_returned
Human_Astro::conversation_1378119_1270.csv::s8,30,30,1,19,1,0.0,0.0,0.0,0.0,0.07692307692307693,0.0,0.0,baseline_returned
Human_Astro::conversation_1378119_1270.csv::s9,11,11,1,11,0,0.0,0.0,0.0,0.0,0.0,0.0,0.0,baseline_returned
Human_Astro::conversation_1520760_2925.csv::s1,72,67,1,8,1,0.06896551724137931,0.034482758620689655,0.0,0.10344827586206896,0.0,0.0,0.0,baseline_returned
Human_Astro::conversation_1520760_2925.csv::s10,56,56,1,56,0,0.0,0.0,0.16666666666666666,0.6666666666666666,0.16666666666666666,0.0,0.25,baseline_returned
Human_Astro::conversation_1520760_2925.csv::s2,70,70,0,13,1,0.0,0.037037037037037035,0.07407407407407407,0.4074074074074074,0.07407407407407407,0.037037037037037035,0.0,baseline_returned
Human_Astro::conversation_1520760_2925.csv::s3,49,49,1,29,1,0.05555555555555555,0.05555555555555555,0.0,0.6111111111111112,0.16666666666666666,0.0,0.2222222222222222,baseline_returned
Human_Astro::conversation_1520760_2925.csv::s4,46,46,1,45,1,0.0,0.0,0.0,0.6428571428571429,0.21428571428571427,0.0,0.14285714285714285,baseline_returned
Human_Astro::conversation_1520760_2925.csv::s5,61,61,1,56,1,0.04,0.0,0.16,0.36,0.12,0.0,0.04,baseline_returned
Human_Astro::conversation_1520760_2925.csv::s6,57,57,1,49,1,0.09523809523809523,0.0,0.0,0.0,0.3333333333333333,0.0,0.09523809523809523,baseline_returned
Human_Astro::conversation_1520760_2925.csv::s7,46,46,1,42,1,0.058823529411764705,0.0,0.058823529411764705,0.0,0.058823529411764705,0.0,0.058823529411764705,baseline_returned
Human_Astro::conversation_1520760_2925.csv::s8,35,35,1,31,1,0.0,0.0,0.07142857142857142,0.0,0.14285714285714285,0.0,0.0,baseline_returned
Human_Astro::conversation_1520760_2925.csv::s9,55,55,1,48,1,0.07692307692307693,0.0,0.07692307692307693,0.6153846153846154,0.038461538461538464,0.0,0.0,baseline_returned
Human_Astro::conversation_1680677_1931.csv::s1,68,60,1,53,1,0.027777777777777776,0.0,0.0,0.1388888888888889,0.027777777777777776,0.0,0.05555555555555555,baseline_returned
Human_Astro::conversation_1680677_1931.csv::s10,30,30,1,30,0,0.09090909090909091,0.0,0.2727272727272727,0.09090909090909091,0.09090909090909091,0.0,0.2727272727272727,baseline_returned
Human_Astro::conversation_1680677_1931.csv::s11,136,136,1,136,0,0.0625,0.015625,0.03125,0.0625,0.078125,0.015625,0.140625,baseline_returned
Human_Astro::conversation_1680677_1931.csv::s12,145,145,1,145,0,0.04054054054054054,0.0,0.04054054054054054,0.6486486486486487,0.10810810810810811,0.0,0.10810810810810811,baseline_returned
Human_Astro::conversation_1680677_1931.csv::s13,149,149,1,149,0,0.02564102564102564,0.0,0.0,0.8717948717948718,0.05128205128205128,0.0,0.07692307692307693,baseline_returned
Human_Astro::conversation_1680677_1931.csv::s2,62,8,1,37,1,0.1,0.03333333333333333,0.13333333333333333,0.1,0.0,0.0,0.1,baseline_returned
Human_Astro::conversation_1680677_1931.csv::s3,45,45,1,45,0,0.09090909090909091,0.0,0.0,0.2727272727272727,0.09090909090909091,0.0,0.045454545454545456,baseline_returned
Human_Astro::conversation_1680677_1931.csv::s4,71,71,1,71,0,0.058823529411764705,0.0,0.029411764705882353,0.0,0.14705882352941177,0.0,0.14705882352941177,baseline_returned
Human_Astro::conversation_1680677_1931.csv::s5,60,60,1,40,1,0.1111111111111111,0.037037037037037035,0.037037037037037035,0.37037037037037035,0.037037037037037035,0.0,0.2962962962962963,baseline_returned
Human_Astro::conversation_1680677_1931.csv::s6,112,112,1,82,1,0.057692307692307696,0.0,0.0,0.19230769230769232,0.057692307692307696,0.0,0.038461538461538464,baseline_returned
Human_Astro::conversation_1680677_1931.csv::s7,42,18,1,42,0,0.1,0.0,0.0,0.1,0.05,0.0,0.0,baseline_returned
Human_Astro::conversation_1680677_1931.csv::s8,33,33,1,33,0,0.0,0.0,0.0,0.0,0.0,0.0,0.07142857142857142,baseline_returned
Human_Astro::conversation_1680677_1931.csv::s9,86,86,1,54,1,0.02857142857142857,0.02857142857142857,0.08571428571428572,0.08571428571428572,0.05714285714285714,0.0,0.11428571428571428,baseline_returned
Human_Astro::conversation_1851096_2048.csv::s1,31,31,1,31,0,0.0,0.0,0.0,0.0,0.0,0.0,0.1111111111111111,baseline_returned
Human_Astro::conversation_1851096_2048.csv::s10,7,7,1,2,1,0.0,0.0,0.5,1.0,0.5,0.0,0.0,baseline_returned
Human_Astro::conversation_1851096_2048.csv::s2,12,12,1,12,0,0.0,0.0,0.16666666666666666,0.0,0.0,0.0,0.16666666666666666,baseline_returned
Human_Astro::conversation_1851096_2048.csv::s3,70,70,1,56,1,0.02857142857142857,0.0,0.05714285714285714,0.3142857142857143,0.08571428571428572,0.0,0.17142857142857143,baseline_returned
Human_Astro::conversation_1851096_2048.csv::s4,16,16,0,12,1,0.0,0.0,0.1111111111111111,0.1111111111111111,0.0,0.0,0.2222222222222222,baseline_returned
Human_Astro::conversation_1851096_2048.csv::s5,14,14,1,14,0,0.0,0.0,0.16666666666666666,0.16666666666666666,0.5,0.0,0.16666666666666666,baseline_returned
Human_Astro::conversation_1851096_2048.csv::s6,12,8,1,12,0,0.0,0.0,0.0,0.0,0.16666666666666666,0.0,0.0,baseline_returned
Human_Astro::conversation_1851096_2048.csv::s7,18,18,1,6,1,0.0,0.0,0.0,0.5555555555555556,0.3333333333333333,0.0,0.1111111111111111,baseline_returned
Human_Astro::conversation_1851096_2048.csv::s8,9,9,1,9,0,0.0,0.0,0.4,0.4,0.0,0.0,0.2,baseline_returned
Human_Astro::conversation_1851096_2048.csv::s9,12,12,1,4,1,0.0,0.0,0.0,0.4,0.0,0.0,0.0,baseline_returned
Human_Astro::conversation_2221141_168.csv::s1,26,26,1,8,1,0.0,0.0,0.0,0.35294117647058826,0.0,0.0,0.17647058823529413,baseline_returned
Human_Astro::conversation_2221141_168.csv::s10,27,24,1,27,0,0.0,0.0,0.0,0.46153846153846156,0.0,0.0,0.0,baseline_returned
Human_Astro::conversation_2221141_168.csv::s11,64,64,0,64,1,0.0,0.0,0.0,0.20588235294117646,0.0,0.029411764705882353,0.0,baseline_returned
Human_Astro::conversation_2221141_168.csv::s12,26,6,1,6,1,0.0,0.0,0.4,0.26666666666666666,0.13333333333333333,0.0,0.2,baseline_returned
Human_Astro::conversation_2221141_168.csv::s13,12,12,1,12,0,0.0,0.0,0.375,0.375,0.0,0.0,0.5,baseline_returned
Human_Astro::conversation_2221141_168.csv::s2,16,16,0,2,1,0.09090909090909091,0.0,0.2727272727272727,0.36363636363636365,0.0,0.0,0.18181818181818182,baseline_returned
Human_Astro::conversation_2221141_168.csv::s3,16,16,1,7,1,0.09090909090909091,0.0,0.18181818181818182,0.7272727272727273,0.0,0.0,0.2727272727272727,baseline_returned
Human_Astro::conversation_2221141_168.csv::s4,14,14,0,1,1,0.0,0.0,0.0,0.8571428571428571,0.0,0.0,0.2857142857142857,baseline_returned
Human_Astro::conversation_2221141_168.csv::s5,21,21,0,21,0,0.18181818181818182,0.0,0.09090909090909091,0.5454545454545454,0.0,0.0,0.18181818181818182,baseline_returned
Human_Astro::conversation_2221141_168.csv::s6,17,14,1,17,0,0.0,0.0,0.0,0.8888888888888888,0.1111111111111111,0.0,0.5555555555555556,baseline_returned
Human_Astro::conversation_2221141_168.csv::s7,16,16,0,16,0,0.0,0.0,0.0,0.8,0.1,0.0,0.3,baseline_returned
Human_Astro::conversation_2221141_168.csv::s8,17,17,0,10,1,0.2222222222222222,0.0,0.0,0.6666666666666666,0.2222222222222222,0.0,0.5555555555555556,baseline_returned
Human_Astro::conversation_2221141_168.csv::s9,16,16,1,16,0,0.0,0.0,0.0,0.7142857142857143,0.14285714285714285,0.14285714285714285,0.0,baseline_returned
Human_Astro::conversation_2634220_347.csv::s1,375,121,1,38,1,0.01507537688442211,0.005025125628140704,0.0,0.1708542713567839,0.01507537688442211,0.010050251256281407,0.035175879396984924,baseline_returned
Human_Astro::conversation_2634220_347.csv::s3,218,107,1,115,1,0.01652892561983471,0.0,0.0,0.6942148760330579,0.008264462809917356,0.0,0.008264462809917356,baseline_returned
Human_Astro::conversation_2634220_347.csv::s4,32,3,1,32,0,0.0,0.0,0.0,0.0,0.0,0.0,0.0,baseline_returned
Human_Astro::conversation_2634220_347.csv::s5,12,8,1,12,0,0.0,0.0,0.0,0.3333333333333333,0.0,0.0,0.0,baseline_returned
Human_Astro::conversation_2634220_347.csv::s6,9,5,1,9,0,0.0,0.0,0.0,0.0,0.0,0.0,0.0,baseline_returned
Human_Astro::conversation_2634220_347.csv::s7,22,5,1,22,0,0.0,0.0,0.0,0.0,0.0,0.0,0.0,baseline_returned
Human_Astro::conversation_2634220_347.csv::s8,16,8,1,16,0,0.0,0.0,0.0,0.0,0.0,0.0,0.0,baseline_returned
Human_Astro::conversation_2678448_3177.csv::s1,65,5,1,65,0,0.020833333333333332,0.020833333333333332,0.0,0.08333333333333333,0.041666666666666664,0.0,0.1875,baseline_returned
Human_Astro::conversation_2678448_3177.csv::s10,20,20,0,20,0,0.16666666666666666,0.0,0.0,0.16666666666666666,0.0,0.0,0.3333333333333333,baseline_returned
Human_Astro::conversation_2678448_3177.csv::s11,19,19,0,19,0,0.0,0.0,0.0,0.14285714285714285,0.0,0.0,0.42857142857142855,baseline_returned
Human_Astro::conversation_2678448_3177.csv::s12,53,53,1,53,0,0.05263157894736842,0.0,0.05263157894736842,0.42105263157894735,0.0,0.0,0.5789473684210527,baseline_returned
Human_Astro::conversation_2678448_3177.csv::s2,86,86,1,36,1,0.05128205128205128,0.0,0.0,0.10256410256410256,0.07692307692307693,0.0,0.358974358974359,baseline_returned
Human_Astro::conversation_2678448_3177.csv::s3,47,47,1,47,0,0.0,0.047619047619047616,0.09523809523809523,0.09523809523809523,0.0,0.0,0.0,baseline_returned
Human_Astro::conversation_2678448_3177.csv::s4,30,30,1,30,0,0.0,0.09090909090909091,0.09090909090909091,0.8181818181818182,0.0,0.0,0.0,baseline_returned
Human_Astro::conversation_2678448_3177.csv::s5,63,63,1,63,0,0.058823529411764705,0.058823529411764705,0.29411764705882354,0.8823529411764706,0.11764705882352941,0.0,0.17647058823529413,baseline_returned
Human_Astro::conversation_2678448_3177.csv::s6,36,36,1,36,0,0.0,0.0,0.25,0.8333333333333334,0.08333333333333333,0.0,0.0,baseline_returned
Human_Astro::conversation_2678448_3177.csv::s7,39,39,0,39,1,0.0,0.0,0.5294117647058824,0.5294117647058824,0.0,0.0,0.0,baseline_returned
Human_Astro::conversation_2678448_3177.csv::s8,29,29,1,29,0,0.36363636363636365,0.0,0.8181818181818182,0.7272727272727273,0.0,0.0,0.0,baseline_returned
Human_Astro::conversation_2678448_3177.csv::s9,64,64,0,64,1,0.05555555555555555,0.0,0.5,0.6666666666666666,0.0,0.0,0.05555555555555555,baseline_returned
Human_Astro::conversation_2725383_4463.csv::s1,29,29,1,29,0,0.0,0.08333333333333333,0.0,0.0,0.125,0.0,0.20833333333333334,baseline_returned
Human_Astro::conversation_2725383_4463.csv::s10,78,78,1,78,0,0.041666666666666664,0.020833333333333332,0.020833333333333332,0.4791666666666667,0.125,0.0,0.0625,baseline_returned
Human_Astro::conversation_2725383_4463.csv::s2,54,7,1,42,1,0.06818181818181818,0.0,0.0,0.8409090909090909,0.045454545454545456,0.0,0.22727272727272727,baseline_returned
Human_Astro::conversation_2725383_4463.csv::s3,261,261,1,100,1,0.012048192771084338,0.03614457831325301,0.0,0.05421686746987952,0.09036144578313253,0.018072289156626505,0.0,baseline_returned
Human_Astro::conversation_2725383_4463.csv::s4,61,61,0,10,1,0.02702702702702703,0.0,0.0,0.05405405405405406,0.16216216216216217,0.0,0.05405405405405406,baseline_returned
Human_Astro::conversation_2725383_4463.csv::s5,139,139,1,5,1,0.04395604395604396,0.03296703296703297,0.0,0.6263736263736264,0.06593406593406594,0.02197802197802198,0.07692307692307693,baseline_returned
Human_Astro::conversation_2725383_4463.csv::s6,61,61,1,5,1,0.08571428571428572,0.05714285714285714,0.0,0.4857142857142857,0.14285714285714285,0.0,0.05714285714285714,baseline_returned
Human_Astro::conversation_2725383_4463.csv::s7,119,14,1,34,1,0.16176470588235295,0.0,0.04411764705882353,0.25,0.014705882352941176,0.0,0.0,baseline_returned
Human_Astro::conversation_2725383_4463.csv::s8,83,20,1,10,1,0.14893617021276595,0.06382978723404255,0.0,0.6382978723404256,0.1276595744680851,0.0,0.1702127659574468,baseline_returned
Human_Astro::conversation_2725383_4463.csv::s9,78,78,1,12,1,0.0,0.020833333333333332,0.020833333333333332,0.10416666666666667,0.125,0.0,0.08333333333333333,baseline_returned
Human_Astro::conversation_2850603_1238.csv::s1,97,97,1,31,1,0.015151515151515152,0.0,0.0,0.3484848484848485,0.09090909090909091,0.0,0.015151515151515152,baseline_returned
Human_Astro::conversation_2850603_1238.csv::s10,9,9,0,9,0,0.0,0.0,0.0,0.75,0.25,0.0,0.0,baseline_returned
Human_Astro::conversation_2850603_1238.csv::s11,53,53,1,53,0,0.0,0.05555555555555555,0.1111111111111111,0.16666666666666666,0.1111111111111111,0.0,0.1111111111111111,baseline_returned
Human_Astro::conversation_2850603_1238.csv::s12,145,11,1,33,1,0.04854368932038835,0.019417475728155338,0.06796116504854369,0.009708737864077669,0.05825242718446602,0.009708737864077669,0.009708737864077669,baseline_returned
Human_Astro::conversation_2850603_1238.csv::s13,84,15,1,75,1,0.0,0.018518518518518517,0.0,0.5925925925925926,0.018518518518518517,0.0,0.0,baseline_returned
Human_Astro::conversation_2850603_1238.csv::s14,103,29,1,18,1,0.04918032786885246,0.01639344262295082,0.08196721311475409,0.6065573770491803,0.03278688524590164,0.01639344262295082,0.0,baseline_returned
Human_Astro::conversation_2850603_1238.csv::s15,102,102,1,102,0,0.014084507042253521,0.0,0.014084507042253521,0.28169014084507044,0.04225352112676056,0.0,0.056338028169014086,baseline_returned
Human_Astro::conversation_2850603_1238.csv::s16,41,41,0,25,1,0.0,0.0,0.034482758620689655,0.13793103448275862,0.0,0.034482758620689655,0.0,baseline_returned
Human_Astro::conversation_2850603_1238.csv::s17,113,113,1,25,1,0.0,0.0,0.0,0.7464788732394366,0.028169014084507043,0.0,0.0,baseline_returned
Human_Astro::conversation_2850603_1238.csv::s18,37,37,1,37,0,0.08,0.0,0.04,0.56,0.24,0.0,0.0,baseline_returned
Human_Astro::conversation_2850603_1238.csv::s19,19,19,1,3,1,0.0,0.0,0.0,0.2727272727272727,0.09090909090909091,0.0,0.0,baseline_returned
Human_Astro::conversation_2850603_1238.csv::s2,69,28,1,32,1,0.043478260869565216,0.0,0.0,0.34782608695652173,0.043478260869565216,0.0,0.021739130434782608,baseline_returned
Human_Astro::conversation_2850603_1238.csv::s20,32,32,1,3,1,0.05263157894736842,0.0,0.0,0.6842105263157895,0.05263157894736842,0.0,0.0,baseline_returned
Human_Astro::conversation_2850603_1238.csv::s21,23,23,1,6,1,0.0,0.0,0.0,0.9166666666666666,0.3333333333333333,0.0,0.08333333333333333,baseline_returned
Human_Astro::conversation_2850603_1238.csv::s22,193,193,0,87,1,0.06818181818181818,0.007575757575757576,0.09848484848484848,0.3939393939393939,0.06060606060606061,0.0,0.07575757575757576,baseline_returned
Human_Astro::conversation_2850603_1238.csv::s3,39,39,1,30,1,0.045454545454545456,0.0,0.13636363636363635,0.2727272727272727,0.0,0.0,0.0,baseline_returned
Human_Astro::conversation_2850603_1238.csv::s4,23,1,1,23,0,0.125,0.0,0.0625,0.4375,0.4375,0.0,0.125,baseline_returned
Human_Astro::conversation_2850603_1238.csv::s5,55,44,1,55,0,0.05714285714285714,0.0,0.0,0.6857142857142857,0.02857142857142857,0.0,0.0,baseline_returned
Human_Astro::conversation_2850603_1238.csv::s6,23,23,1,22,1,0.26666666666666666,0.0,0.2,0.7333333333333333,0.26666666666666666,0.0,0.2,baseline_returned
Human_Astro::conversation_2850603_1238.csv::s7,64,64,1,19,1,0.05,0.0,0.025,0.6,0.075,0.05,0.0,baseline_returned
Human_Astro::conversation_2850603_1238.csv::s8,60,60,1,21,1,0.02702702702702703,0.0,0.05405405405405406,0.7297297297297297,0.1891891891891892,0.0,0.2702702702702703,baseline_returned
Human_Astro::conversation_2850603_1238.csv::s9,77,21,1,1,1,0.02040816326530612,0.0,0.10204081632653061,0.6530612244897959,0.12244897959183673,0.0,0.20408163265306123,baseline_returned
Human_Astro::conversation_2946836_3183.csv::s1,114,4,1,85,1,0.014705882352941176,0.0,0.0,0.11764705882352941,0.014705882352941176,0.0,0.08823529411764706,baseline_returned
Human_Astro::conversation_2946836_3183.csv::s2,57,57,1,17,1,0.06451612903225806,0.03225806451612903,0.16129032258064516,0.5483870967741935,0.0967741935483871,0.0,0.1935483870967742,baseline_returned
Human_Astro::conversation_2946836_3183.csv::s3,27,27,0,13,1,0.1875,0.0,0.0625,0.4375,0.0625,0.0,0.3125,baseline_returned
Human_Astro::conversation_2946836_3183.csv::s4,13,13,0,10,1,0.16666666666666666,0.0,0.5,0.8333333333333334,0.3333333333333333,0.0,0.16666666666666666,baseline_returned
Human_Astro::conversation_2946836_3183.csv::s5,51,46,1,35,1,0.038461538461538464,0.038461538461538464,0.07692307692307693,0.6153846153846154,0.038461538461538464,0.0,0.2692307692307692,baseline_returned
Human_Astro::conversation_2946836_3183.csv::s6,46,44,1,37,1,0.09523809523809523,0.0,0.047619047619047616,0.5714285714285714,0.2857142857142857,0.0,0.3333333333333333,baseline_returned
Human_Astro::conversation_2946836_3183.csv::s7,4,4,1,4,0,0.0,0.0,0.0,0.0,0.0,0.0,0.0,baseline_returned
Human_Astro::conversation_2946836_3183.csv::s8,90,39,1,48,1,0.08064516129032258,0.016129032258064516,0.03225806451612903,0.7580645161290323,0.11290322580645161,0.016129032258064516,0.0967741935483871,baseline_returned
Human_Astro::conversation_2946836_3183.csv::s9,66,66,0,48,1,0.03225806451612903,0.0,0.0,0.7741935483870968,0.06451612903225806,0.06451612903225806,0.0967741935483871,baseline_returned
Human_Astro::conversation_3064704_1747.csv::s1,22,22,1,10,1,0.11764705882352941,0.0,0.0,0.7058823529411765,0.17647058823529413,0.0,0.17647058823529413,baseline_returned
Human_Astro::conversation_3064704_1747.csv::s10,23,23,0,23,0,0.2,0.0,0.6666666666666666,0.5333333333333333,0.0,0.0,0.13333333333333333,baseline_returned
Human_Astro::conversation_3064704_1747.csv::s2,168,138,1,40,1,0.03125,0.0,0.0,0.015625,0.015625,0.0,0.0,baseline_returned
Human_Astro::conversation_3064704_1747.csv::s3,15,4,1,14,1,0.0,0.5555555555555556,0.0,0.5555555555555556,0.0,0.1111111111111111,0.0,baseline_returned
Human_Astro::conversation_3064704_1747.csv::s4,15,15,1,2,1,0.18181818181818182,0.0,0.0,0.5454545454545454,0.09090909090909091,0.0,0.0,baseline_returned
Human_Astro::conversation_3064704_1747.csv::s5,84,84,1,7,1,0.0,0.0,0.0,0.6065573770491803,0.16393442622950818,0.0,0.06557377049180328,baseline_returned
Human_Astro::conversation_3064704_1747.csv::s6,35,35,1,19,1,0.13793103448275862,0.0,0.0,0.8275862068965517,0.13793103448275862,0.0,0.034482758620689655,baseline_returned
Human_Astro::conversation_3064704_1747.csv::s7,40,40,1,40,0,0.0,0.0,0.03125,0.78125,0.03125,0.0,0.0,baseline_returned
Human_Astro::conversation_3064704_1747.csv::s8,14,14,1,14,0,0.0,0.125,0.375,0.625,0.0,0.0,0.125,baseline_returned
Human_Astro::conversation_3064704_1747.csv::s9,34,34,1,34,0,0.08,0.08,0.56,0.92,0.04,0.0,0.0,baseline_returned
Human_Astro::conversation_3079187_926.csv::s1,28,28,1,28,0,0.0,0.0,0.0,0.5,0.05555555555555555,0.0,0.0,baseline_returned
Human_Astro::conversation_3079187_926.csv::s10,46,46,1,33,1,0.08695652173913043,0.043478260869565216,0.08695652173913043,0.34782608695652173,0.17391304347826086,0.0,0.13043478260869565,baseline_returned
Human_Astro::conversation_3079187_926.csv::s11,46,38,1,46,0,0.0,0.0,0.32142857142857145,0.2857142857142857,0.07142857142857142,0.0,0.03571428571428571,baseline_returned
Human_Astro::conversation_3079187_926.csv::s12,35,35,0,35,1,0.0,0.0,0.29411764705882354,0.29411764705882354,0.11764705882352941,0.0,0.0,baseline_returned
Human_Astro::conversation_3079187_926.csv::s13,136,9,1,66,1,0.04938271604938271,0.12345679012345678,0.0,0.25925925925925924,0.20987654320987653,0.0,0.14814814814814814,baseline_returned
Human_Astro::conversation_3079187_926.csv::s2,153,19,1,80,1,0.03669724770642202,0.009174311926605505,0.0,0.8348623853211009,0.07339449541284404,0.0,0.2018348623853211,baseline_returned
Human_Astro::conversation_3079187_926.csv::s3,48,48,0,48,1,0.08571428571428572,0.0,0.17142857142857143,0.2,0.05714285714285714,0.0,0.17142857142857143,baseline_returned
Human_Astro::conversation_3079187_926.csv::s4,28,28,1,3,1,0.0,0.0,0.3,0.0,0.0,0.0,0.2,baseline_returned
Human_Astro::conversation_3079187_926.csv::s5,120,120,0,65,1,0.0,0.0,0.02666666666666667,0.12,0.04,0.0,0.08,baseline_returned
Human_Astro::conversation_3079187_926.csv::s6,180,60,1,7,1,0.017857142857142856,0.0,0.008928571428571428,0.26785714285714285,0.13392857142857142,0.008928571428571428,0.08035714285714286,baseline_returned
Human_Astro::conversation_3079187_926.csv::s7,197,197,1,33,1,0.05426356589147287,0.0,0.12403100775193798,0.5193798449612403,0.046511627906976744,0.0,0.015503875968992248,baseline_returned
Human_Astro::conversation_3079187_926.csv::s8,46,2,1,46,0,0.03333333333333333,0.03333333333333333,0.13333333333333333,0.03333333333333333,0.0,0.0,0.2,baseline_returned
Human_Astro::conversation_3079187_926.csv::s9,34,23,1,1,1,0.0,0.0,0.1,0.3,0.15,0.0,0.1,baseline_returned
Human_Astro::conversation_3084324_3727.csv::s1,62,62,1,39,1,0.05263157894736842,0.05263157894736842,0.0,0.18421052631578946,0.07894736842105263,0.0,0.02631578947368421,baseline_returned
Human_Astro::conversation_3084324_3727.csv::s10,49,49,1,49,0,0.0,0.0,0.0,0.1935483870967742,0.16129032258064516,0.0,0.2903225806451613,baseline_returned
Human_Astro::conversation_3084324_3727.csv::s11,65,65,1,65,0,0.0,0.0,0.0,0.76,0.08,0.0,0.16,baseline_returned
Human_Astro::conversation_3084324_3727.csv::s12,160,160,0,68,1,0.013333333333333334,0.0,0.0,0.9333333333333333,0.18666666666666668,0.02666666666666667,0.28,baseline_returned
Human_Astro::conversation_3084324_3727.csv::s13,35,35,1,35,0,0.0,0.0,0.09523809523809523,0.0,0.09523809523809523,0.0,0.42857142857142855,baseline_returned
Human_Astro::conversation_3084324_3727.csv::s14,64,64,0,52,1,0.08823529411764706,0.0,0.0,0.08823529411764706,0.058823529411764705,0.058823529411764705,0.23529411764705882,baseline_returned
Human_Astro::conversation_3084324_3727.csv::s15,154,154,0,117,1,0.0,0.0,0.008547008547008548,0.017094017094017096,0.08547008547008547,0.0,0.0,baseline_returned
Human_Astro::conversation_3084324_3727.csv::s16,35,35,1,35,0,0.0,0.0,0.0,0.1,0.15,0.0,0.3,baseline_returned
Human_Astro::conversation_3084324_3727.csv::s2,17,17,1,17,0,0.0,0.0,0.1111111111111111,0.0,0.1111111111111111,0.0,0.2222222222222222,baseline_returned
Human_Astro::conversation_3084324_3727.csv::s3,27,1,1,27,0,0.0,0.08333333333333333,0.16666666666666666,0.0,0.3333333333333333,0.0,0.16666666666666666,baseline_returned
Human_Astro::conversation_3084324_3727.csv::s4,27,27,1,27,0,0.0625,0.0625,0.25,0.0,0.0625,0.0,0.0,baseline_returned
Human_Astro::conversation_3084324_3727.csv::s5,169,169,1,169,0,0.022556390977443608,0.022556390977443608,0.03759398496240601,0.2932330827067669,0.12781954887218044,0.015037593984962405,0.18045112781954886,baseline_returned
Human_Astro::conversation_3084324_3727.csv::s6,32,32,1,4,1,0.0,0.0,0.05,0.2,0.1,0.0,0.15,baseline_returned
Human_Astro::conversation_3084324_3727.csv::s7,26,26,1,26,0,0.11764705882352941,0.0,0.058823529411764705,0.23529411764705882,0.0,0.0,0.11764705882352941,baseline_returned
Human_Astro::conversation_3084324_3727.csv::s8,42,42,1,42,0,0.08,0.0,0.16,0.28,0.16,0.0,0.44,baseline_returned
Human_Astro::conversation_3084324_3727.csv::s9,28,28,1,28,0,0.0,0.0,0.08333333333333333,0.25,0.0,0.0,0.0,baseline_returned
Human_Astro::conversation_3089486_1765.csv::s1,55,55,1,19,1,0.12121212121212122,0.030303030303030304,0.0,0.21212121212121213,0.09090909090909091,0.0,0.21212121212121213,baseline_returned
Human_Astro::conversation_3089486_1765.csv::s10,17,17,1,17,0,0.0,0.0,0.1,0.1,0.1,0.0,0.0,baseline_returned
Human_Astro::conversation_3089486_1765.csv::s11,15,15,1,15,0,0.0,0.0,0.0,0.0,0.3333333333333333,0.0,0.0,baseline_returned
Human_Astro::conversation_3089486_1765.csv::s12,54,15,1,6,1,0.2962962962962963,0.07407407407407407,0.037037037037037035,0.3333333333333333,0.2222222222222222,0.07407407407407407,0.07407407407407407,baseline_returned
Human_Astro::conversation_3089486_1765.csv::s2,49,49,1,35,1,0.038461538461538464,0.0,0.2692307692307692,0.46153846153846156,0.038461538461538464,0.0,0.23076923076923078,baseline_returned
Human_Astro::conversation_3089486_1765.csv::s3,107,107,1,65,1,0.09523809523809523,0.0,0.015873015873015872,0.6349206349206349,0.06349206349206349,0.0,0.047619047619047616,baseline_returned
Human_Astro::conversation_3089486_1765.csv::s4,34,34,1,34,0,0.3333333333333333,0.0,0.0,0.7222222222222222,0.1111111111111111,0.05555555555555555,0.0,baseline_returned
Human_Astro::conversation_3089486_1765.csv::s5,23,23,1,23,0,0.0,0.1,0.0,0.8,0.3,0.0,0.3,baseline_returned
Human_Astro::conversation_3089486_1765.csv::s6,21,21,1,21,0,0.2,0.2,0.1,0.6,0.1,0.0,0.6,baseline_returned
Human_Astro::conversation_3089486_1765.csv::s7,62,62,1,62,0,0.0,0.0,0.10344827586206896,0.8620689655172413,0.3103448275862069,0.0,0.27586206896551724,baseline_returned
Human_Astro::conversation_3089486_1765.csv::s8,161,161,1,161,0,0.16666666666666666,0.05128205128205128,0.0,0.9487179487179487,0.2564102564102564,0.0,0.02564102564102564,baseline_returned
Human_Astro::conversation_3089486_1765.csv::s9,29,29,1,29,0,0.0,0.0,0.0,0.0,0.2,0.0,0.13333333333333333,baseline_returned
Human_Astro::conversation_3100018_2041.csv::s10,88,88,1,28,1,0.06666666666666667,0.016666666666666666,0.016666666666666666,0.6,0.016666666666666666,0.0,0.0,baseline_returned
Human_Astro::conversation_3100018_2041.csv::s11,66,26,1,66,0,0.02,0.02,0.0,0.64,0.02,0.0,0.0,baseline_returned
Human_Astro::conversation_3100018_2041.csv::s12,81,81,1,81,0,0.03636363636363636,0.03636363636363636,0.0,0.6363636363636364,0.12727272727272726,0.01818181818181818,0.03636363636363636,baseline_returned
Human_Astro::conversation_3100018_2041.csv::s13,74,74,1,74,0,0.020833333333333332,0.041666666666666664,0.020833333333333332,0.5833333333333334,0.14583333333333334,0.0,0.0625,baseline_returned
Human_Astro::conversation_3100018_2041.csv::s14,38,38,1,38,0,0.125,0.125,0.041666666666666664,0.5833333333333334,0.125,0.0,0.041666666666666664,baseline_returned
Human_Astro::conversation_3100018_2041.csv::s15,14,12,1,5,1,0.0,0.0,0.0,0.4,0.2,0.0,0.2,baseline_returned
Human_Astro::conversation_3100018_2041.csv::s2,17,17,1,17,0,0.16666666666666666,0.0,0.0,0.16666666666666666,0.0,0.0,0.0,baseline_returned
Human_Astro::conversation_3100018_2041.csv::s3,9,9,1,9,0,0.0,0.0,0.4,0.0,0.0,0.0,0.0,baseline_returned
Human_Astro::conversation_3100018_2041.csv::s4,13,13,1,11,1,0.14285714285714285,0.0,0.0,0.2857142857142857,0.0,0.0,0.0,baseline_returned
Human_Astro::conversation_3100018_2041.csv::s5,12,12,1,3,1,0.0,0.0,0.0,0.42857142857142855,0.0,0.0,0.0,baseline_returned
Human_Astro::conversation_3100018_2041.csv::s6,15,15,1,1,1,0.0,0.0,0.1111111111111111,0.6666666666666666,0.0,0.0,0.0,baseline_returned
Human_Astro::conversation_3100018_2041.csv::s7,28,28,1,28,0,0.0,0.0,0.05,0.75,0.0,0.0,0.0,baseline_returned
Human_Astro::conversation_3100018_2041.csv::s8,32,25,1,11,1,0.0,0.0,0.038461538461538464,0.6153846153846154,0.0,0.0,0.0,baseline_returned
Human_Astro::conversation_3100018_2041.csv::s9,52,22,1,52,0,0.0,0.0,0.0,0.45714285714285713,0.05714285714285714,0.0,0.0,baseline_returned
Human_Astro::conversation_3129759_3821.csv::s1,28,28,0,28,0,0.08333333333333333,0.0,0.0,0.3333333333333333,0.16666666666666666,0.0,0.0,baseline_returned
Human_Astro::conversation_3129759_3821.csv::s10,32,30,1,32,0,0.0,0.0,0.0,0.6666666666666666,0.5833333333333334,0.0,0.0,baseline_returned
Human_Astro::conversation_3129759_3821.csv::s11,24,21,1,24,0,0.09090909090909091,0.0,0.0,0.9090909090909091,0.36363636363636365,0.0,0.2727272727272727,baseline_returned
Human_Astro::conversation_3129759_3821.csv::s12,52,22,1,52,0,0.08333333333333333,0.0,0.125,0.5,0.25,0.0,0.08333333333333333,baseline_returned
Human_Astro::conversation_3129759_3821.csv::s13,27,4,1,20,1,0.0,0.0,0.0,0.7,0.0,0.0,0.0,baseline_returned
Human_Astro::conversation_3129759_3821.csv::s14,30,30,1,17,1,0.0,0.0,0.0,0.8461538461538461,0.3076923076923077,0.0,0.15384615384615385,baseline_returned
Human_Astro::conversation_3129759_3821.csv::s15,35,35,1,35,0,0.0,0.0,0.05555555555555555,0.7777777777777778,0.1111111111111111,0.0,0.1111111111111111,baseline_returned
Human_Astro::conversation_3129759_3821.csv::s16,54,54,1,38,1,0.0,0.0,0.037037037037037035,0.5555555555555556,0.037037037037037035,0.0,0.07407407407407407,baseline_returned
Human_Astro::conversation_3129759_3821.csv::s17,29,24,1,16,1,0.0,0.0,0.0,0.6666666666666666,0.0,0.0,0.25,baseline_returned
Human_Astro::conversation_3129759_3821.csv::s18,30,30,1,30,0,0.0,0.0,0.08333333333333333,0.6666666666666666,0.0,0.0,0.0,baseline_returned
Human_Astro::conversation_3129759_3821.csv::s19,27,22,1,27,0,0.0,0.0,0.375,0.375,0.125,0.0,0.0,baseline_returned
Human_Astro::conversation_3129759_3821.csv::s2,26,26,0,5,1,0.0,0.0,0.0,0.8888888888888888,0.0,0.0,0.0,baseline_returned
Human_Astro::conversation_3129759_3821.csv::s20,51,32,1,4,1,0.0,0.0,0.06896551724137931,0.8275862068965517,0.20689655172413793,0.0,0.0,baseline_returned
Human_Astro::conversation_3129759_3821.csv::s21,56,56,1,56,0,0.10344827586206896,0.0,0.0,0.5172413793103449,0.034482758620689655,0.034482758620689655,0.0,baseline_returned
Human_Astro::conversation_3129759_3821.csv::s3,29,29,1,29,0,0.0,0.0,0.08333333333333333,0.8333333333333334,0.08333333333333333,0.0,0.08333333333333333,baseline_returned
Human_Astro::conversation_3129759_3821.csv::s4,42,42,1,42,0,0.0,0.0,0.0,0.6666666666666666,0.0,0.0,0.0,baseline_returned
Human_Astro::conversation_3129759_3821.csv::s5,36,36,1,36,0,0.0,0.0,0.07142857142857142,0.14285714285714285,0.14285714285714285,0.0,0.21428571428571427,baseline_returned
Human_Astro::conversation_3129759_3821.csv::s6,58,58,1,58,0,0.08333333333333333,0.0,0.041666666666666664,0.0,0.125,0.0,0.20833333333333334,baseline_returned
Human_Astro::conversation_3129759_3821.csv::s7,28,28,0,28,0,0.0,0.0,0.0,0.125,0.1875,0.0,0.375,baseline_returned
Human_Astro::conversation_3129759_3821.csv::s8,25,25,1,25,0,0.0,0.0,0.3,0.1,0.1,0.0,0.4,baseline_returned
Human_Astro::conversation_3129759_3821.csv::s9,16,16,1,16,0,0.25,0.0,0.125,0.5,0.125,0.0,0.125,baseline_returned
Human_Astro::conversation_3137279_2041.csv::s1,8,6,1,8,0,0.0,0.0,0.0,0.25,0.0,0.0,0.0,baseline_returned
Human_Astro::conversation_3137279_2041.csv::s10,16,16,1,16,0,0.0,0.0,0.0,0.6,0.1,0.0,0.0,baseline_returned
Human_Astro::conversation_3137279_2041.csv::s2,33,16,1,22,1,0.0,0.0,0.0,0.42857142857142855,0.07142857142857142,0.0,0.14285714285714285,baseline_returned
Human_Astro::conversation_3137279_2041.csv::s4,76,3,1,17,1,0.13793103448275862,0.0,0.0,0.5862068965517241,0.10344827586206896,0.0,0.13793103448275862,baseline_returned
Human_Astro::conversation_3137279_2041.csv::s5,28,28,1,28,0,0.2,0.0,0.6,0.7,0.2,0.0,0.1,baseline_returned
Human_Astro::conversation_3137279_2041.csv::s6,56,56,1,11,1,0.0,0.0,0.037037037037037035,0.0,0.0,0.0,0.037037037037037035,baseline_returned
Human_Astro::conversation_3137279_2041.csv::s7,33,21,1,33,0,0.07692307692307693,0.38461538461538464,0.07692307692307693,0.3076923076923077,0.0,0.07692307692307693,0.0,baseline_returned
Human_Astro::conversation_3137279_2041.csv::s8,113,2,1,106,1,0.0,0.0,0.019230769230769232,0.5,0.057692307692307696,0.0,0.057692307692307696,baseline_returned
Human_Astro::conversation_3137279_2041.csv::s9,16,16,1,16,0,0.0,0.0,0.1,0.8,0.2,0.0,0.0,baseline_returned
Human_Astro::conversation_3141140_670.csv::s1,20,20,1,20,0,0.16666666666666666,0.0,0.0,0.5833333333333334,0.08333333333333333,0.0,0.25,baseline_returned
Human_Astro::conversation_3141140_670.csv::s10,22,22,1,22,0,0.14285714285714285,0.14285714285714285,0.07142857142857142,0.2857142857142857,0.0,0.0,0.0,baseline_returned
Human_Astro::conversation_3141140_670.csv::s11,20,20,1,17,1,0.0,0.07692307692307693,0.0,0.6153846153846154,0.0,0.0,0.07692307692307693,baseline_returned
Human_Astro::conversation_3141140_670.csv::s12,60,60,1,42,1,0.05128205128205128,0.0,0.07692307692307693,0.7692307692307693,0.07692307692307693,0.0,0.1282051282051282,baseline_returned
Human_Astro::conversation_3141140_670.csv::s13,23,23,1,13,1,0.07692307692307693,0.0,0.07692307692307693,0.8461538461538461,0.07692307692307693,0.0,0.15384615384615385,baseline_returned
Human_Astro::conversation_3141140_670.csv::s14,16,16,1,16,0,0.14285714285714285,0.0,0.14285714285714285,1.0,0.42857142857142855,0.0,0.2857142857142857,baseline_returned
Human_Astro::conversation_3141140_670.csv::s2,16,16,1,16,0,0.0,0.0,0.09090909090909091,0.0,0.09090909090909091,0.0,0.2727272727272727,baseline_returned
Human_Astro::conversation_3141140_670.csv::s3,14,14,1,14,0,0.1111111111111111,0.0,0.1111111111111111,0.2222222222222222,0.1111111111111111,0.0,0.3333333333333333,baseline_returned
Human_Astro::conversation_3141140_670.csv::s4,16,16,1,16,0,0.0,0.0,0.08333333333333333,0.16666666666666666,0.16666666666666666,0.0,0.16666666666666666,baseline_returned
Human_Astro::conversation_3141140_670.csv::s5,28,28,1,3,1,0.13333333333333333,0.0,0.06666666666666667,0.4,0.0,0.0,0.13333333333333333,baseline_returned
Human_Astro::conversation_3141140_670.csv::s6,8,8,1,3,1,0.0,0.0,0.2,0.2,0.0,0.0,0.0,baseline_returned
Human_Astro::conversation_3141140_670.csv::s7,7,7,1,7,0,0.0,0.0,0.25,0.25,0.0,0.0,0.0,baseline_returned
Human_Astro::conversation_3141140_670.csv::s8,20,20,1,20,0,0.18181818181818182,0.0,0.09090909090909091,0.2727272727272727,0.0,0.0,0.0,baseline_returned
Human_Astro::conversation_3141140_670.csv::s9,12,12,1,12,0,0.14285714285714285,0.0,0.14285714285714285,0.42857142857142855,0.0,0.0,0.0,baseline_returned
Human_Astro::conversation_3165061_2487.csv::s1,86,86,1,37,1,0.018518518518518517,0.0,0.0,0.3888888888888889,0.037037037037037035,0.018518518518518517,0.09259259259259259,baseline_returned
Human_Astro::conversation_3165061_2487.csv::s10,196,133,1,112,1,0.0,0.0,0.018691588785046728,0.514018691588785,0.24299065420560748,0.018691588785046728,0.009345794392523364,baseline_returned
Human_Astro::conversation_3165061_2487.csv::s11,521,521,1,6,1,0.03103448275862069,0.006896551724137931,0.0,0.27241379310344827,0.18275862068965518,0.027586206896551724,0.05862068965517241,baseline_returned
Human_Astro::conversation_3165061_2487.csv::s12,159,4,1,68,1,0.05747126436781609,0.022988505747126436,0.04597701149425287,0.011494252873563218,0.11494252873563218,0.011494252873563218,0.0,baseline_returned
Human_Astro::conversation_3165061_2487.csv::s2,262,192,1,21,1,0.0,0.006711409395973154,0.013422818791946308,0.040268456375838924,0.10067114093959731,0.006711409395973154,0.0,baseline_returned
Human_Astro::conversation_3165061_2487.csv::s3,84,84,1,24,1,0.018518518518518517,0.018518518518518517,0.05555555555555555,0.46296296296296297,0.037037037037037035,0.018518518518518517,0.07407407407407407,baseline_returned
Human_Astro::conversation_3165061_2487.csv::s4,351,312,1,51,1,0.02262443438914027,0.01809954751131222,0.0,0.6289592760180995,0.22624434389140272,0.03167420814479638,0.06787330316742081,baseline_returned
Human_Astro::conversation_3165061_2487.csv::s5,92,92,1,82,1,0.0196078431372549,0.0,0.0196078431372549,0.13725490196078433,0.09803921568627451,0.0196078431372549,0.0196078431372549,baseline_returned
Human_Astro::conversation_3165061_2487.csv::s6,135,135,1,135,0,0.0,0.0,0.0,0.29333333333333333,0.2,0.02666666666666667,0.17333333333333334,baseline_returned
Human_Astro::conversation_3165061_2487.csv::s7,271,10,1,115,1,0.013333333333333334,0.03333333333333333,0.0,0.10666666666666667,0.14666666666666667,0.006666666666666667,0.0,baseline_returned
Human_Astro::conversation_3165061_2487.csv::s8,110,67,1,15,1,0.0,0.0,0.0,0.4918032786885246,0.11475409836065574,0.01639344262295082,0.0,baseline_returned
Human_Astro::conversation_3165061_2487.csv::s9,434,338,1,55,1,0.004,0.0,0.0,0.372,0.208,0.004,0.032,baseline_returned
Human_Astro::conversation_3217935_1737.csv::s1,51,51,0,51,1,0.08823529411764706,0.0,0.0,0.47058823529411764,0.0,0.0,0.0,baseline_returned
Human_Astro::conversation_3217935_1737.csv::s2,52,52,1,52,0,0.029411764705882353,0.0,0.029411764705882353,0.5588235294117647,0.029411764705882353,0.0,0.0,baseline_returned
Human_Astro::conversation_3217935_1737.csv::s3,17,17,0,17,0,0.0,0.0,0.18181818181818182,0.45454545454545453,0.0,0.0,0.09090909090909091,baseline_returned
Human_Astro::conversation_3217935_1737.csv::s4,36,22,1,36,0,0.0,0.05263157894736842,0.0,0.15789473684210525,0.05263157894736842,0.0,0.05263157894736842,baseline_returned
Human_Astro::conversation_3217935_1737.csv::s5,151,79,1,89,1,0.0,0.010416666666666666,0.0,0.13541666666666666,0.0,0.0,0.0,baseline_returned
Human_Astro::conversation_3217935_1737.csv::s6,14,14,1,14,0,0.125,0.25,0.0,0.0,0.0,0.0,0.0,baseline_returned
Human_Astro::conversation_3217935_1737.csv::s7,63,63,1,63,0,0.0,0.0625,0.0,0.4375,0.0625,0.0,0.0625,baseline_returned
Human_Astro::conversation_3217935_1737.csv::s8,14,11,1,14,0,0.14285714285714285,0.14285714285714285,0.0,0.5714285714285714,0.0,0.0,0.2857142857142857,baseline_returned
Human_Astro::conversation_3233283_1873.csv::s1,48,48,1,42,1,0.0,0.038461538461538464,0.0,0.8076923076923077,0.23076923076923078,0.0,0.3076923076923077,baseline_returned
Human_Astro::conversation_3233283_1873.csv::s10,79,79,0,43,1,0.23684210526315788,0.0,0.13157894736842105,0.7368421052631579,0.21052631578947367,0.0,0.15789473684210525,baseline_returned
Human_Astro::conversation_3233283_1873.csv::s2,13,13,0,13,0,0.0,0.0,0.14285714285714285,0.14285714285714285,0.2857142857142857,0.0,0.2857142857142857,baseline_returned
Human_Astro::conversation_3233283_1873.csv::s3,11,11,0,10,1,0.42857142857142855,0.0,0.0,0.0,0.2857142857142857,0.0,0.2857142857142857,baseline_returned
Human_Astro::conversation_3233283_1873.csv::s4,35,35,1,11,1,0.2857142857142857,0.09523809523809523,0.0,0.19047619047619047,0.09523809523809523,0.0,0.19047619047619047,baseline_returned
Human_Astro::conversation_3233283_1873.csv::s5,12,12,0,12,0,0.0,0.0,0.0,0.4,0.4,0.0,0.6,baseline_returned
Human_Astro::conversation_3233283_1873.csv::s6,15,15,1,15,0,0.09090909090909091,0.0,0.0,0.18181818181818182,0.36363636363636365,0.0,0.18181818181818182,baseline_returned
Human_Astro::conversation_3233283_1873.csv::s7,16,16,1,16,0,0.14285714285714285,0.0,0.0,0.5714285714285714,0.2857142857142857,0.0,0.2857142857142857,baseline_returned
Human_Astro::conversation_3233283_1873.csv::s8,8,8,1,8,0,0.5,0.0,0.0,0.5,0.25,0.0,0.5,baseline_returned
Human_Astro::conversation_3233283_1873.csv::s9,20,20,1,7,1,0.2,0.1,0.0,0.5,0.2,0.0,0.4,baseline_returned
Human_Astro::conversation_3258729_2041.csv::s1,46,46,1,46,0,0.0,0.0,0.0,0.7142857142857143,0.17857142857142858,0.0,0.03571428571428571,baseline_returned
Human_Astro::conversation_3258729_2041.csv::s10,27,27,1,27,0,0.15,0.0,0.0,0.35,0.0,0.0,0.0,baseline_returned
Human_Astro::conversation_3258729_2041.csv::s11,29,29,1,5,1,0.0,0.0,0.0,0.23809523809523808,0.0,0.0,0.0,baseline_returned
Human_Astro::conversation_3258729_2041.csv::s12,27,27,1,27,0,0.0,0.0,0.05,0.65,0.05,0.0,0.0,baseline_returned
Human_Astro::conversation_3258729_2041.csv::s13,11,11,1,11,0,0.3333333333333333,0.16666666666666666,0.0,0.16666666666666666,0.16666666666666666,0.0,0.0,baseline_returned
Human_Astro::conversation_3258729_2041.csv::s14,103,103,1,103,0,0.0,0.031746031746031744,0.0,0.3333333333333333,0.015873015873015872,0.015873015873015872,0.0,baseline_returned
Human_Astro::conversation_3258729_2041.csv::s15,17,17,1,17,0,0.0,0.0,0.1,0.2,0.1,0.0,0.0,baseline_returned
Human_Astro::conversation_3258729_2041.csv::s16,15,7,1,15,0,0.18181818181818182,0.18181818181818182,0.09090909090909091,0.6363636363636364,0.0,0.0,0.0,baseline_returned
Human_Astro::conversation_3258729_2041.csv::s17,30,10,1,30,0,0.0,0.0,0.0,0.0,0.0,0.0,0.0,baseline_returned
Human_Astro::conversation_3258729_2041.csv::s18,77,67,1,55,1,0.10869565217391304,0.0,0.021739130434782608,0.4782608695652174,0.13043478260869565,0.0,0.13043478260869565,baseline_returned
Human_Astro::conversation_3258729_2041.csv::s19,32,32,1,32,0,0.047619047619047616,0.0,0.047619047619047616,0.3333333333333333,0.0,0.0,0.0,baseline_returned
Human_Astro::conversation_3258729_2041.csv::s2,28,20,1,17,1,0.0,0.0,0.0,0.0,0.0,0.0,0.0,baseline_returned
Human_Astro::conversation_3258729_2041.csv::s3,180,13,1,70,1,0.0625,0.0,0.0,0.6145833333333334,0.052083333333333336,0.0,0.07291666666666667,baseline_returned
Human_Astro::conversation_3258729_2041.csv::s4,127,84,1,21,1,0.04477611940298507,0.0,0.0,0.04477611940298507,0.05970149253731343,0.0,0.04477611940298507,baseline_returned
Human_Astro::conversation_3258729_2041.csv::s5,78,78,1,74,1,0.1276595744680851,0.0425531914893617,0.0,0.0,0.02127659574468085,0.0,0.0425531914893617,baseline_returned
Human_Astro::conversation_3258729_2041.csv::s6,18,18,1,18,0,0.0,0.0,0.0,0.0,0.0,0.0,0.0,baseline_returned
Human_Astro::conversation_3258729_2041.csv::s7,15,15,1,4,1,0.1,0.1,0.0,0.0,0.0,0.0,0.0,baseline_returned
Human_Astro::conversation_3258729_2041.csv::s8,18,18,1,18,0,0.0,0.0,0.0,0.0,0.1111111111111111,0.0,0.1111111111111111,baseline_returned
Human_Astro::conversation_3258729_2041.csv::s9,9,9,1,9,0,0.0,0.0,0.0,0.0,0.0,0.0,0.0,baseline_returned
Human_Astro::conversation_3274321_3667.csv::s1,78,78,0,78,1,0.1388888888888889,0.0,0.0,0.19444444444444445,0.1111111111111111,0.0,0.05555555555555555,baseline_returned
Human_Astro::conversation_3274321_3667.csv::s2,104,104,1,98,1,0.057692307692307696,0.0,0.019230769230769232,0.5576923076923077,0.17307692307692307,0.0,0.07692307692307693,baseline_returned
Human_Astro::conversation_3274321_3667.csv::s3,45,45,1,45,0,0.0,0.0,0.047619047619047616,0.5238095238095238,0.047619047619047616,0.0,0.0,baseline_returned
Human_Astro::conversation_3274321_3667.csv::s4,29,29,1,29,0,0.0,0.0,0.0,0.1,0.0,0.0,0.1,baseline_returned
Human_Astro::conversation_3274321_3667.csv::s5,21,21,1,21,0,0.0,0.0,0.0,0.0,0.0,0.1,0.0,baseline_returned
Human_Astro::conversation_3274321_3667.csv::s6,50,50,1,50,0,0.0,0.0,0.038461538461538464,0.07692307692307693,0.038461538461538464,0.0,0.0,baseline_returned
Human_Astro::conversation_3274321_3667.csv::s7,190,61,1,190,0,0.0,0.0,0.0,0.037037037037037035,0.1111111111111111,0.0,0.037037037037037035,baseline_returned
Human_Astro::conversation_3274321_3667.csv::s8,126,126,0,25,1,0.10204081632653061,0.0,0.02040816326530612,0.02040816326530612,0.2653061224489796,0.0,0.46938775510204084,baseline_returned
Human_Astro::conversation_3283278_321.csv::s1,26,3,1,26,0,0.14285714285714285,0.0,0.0,0.07142857142857142,0.14285714285714285,0.0,0.0,baseline_returned
Human_Astro::conversation_3283278_321.csv::s10,19,19,1,19,0,0.0,0.0,0.07692307692307693,0.0,0.23076923076923078,0.0,0.46153846153846156,baseline_returned
Human_Astro::conversation_3283278_321.csv::s11,17,16,1,17,0,0.0,0.0,0.2,0.0,0.6,0.0,0.4,baseline_returned
Human_Astro::conversation_3283278_321.csv::s12,23,23,0,20,1,0.2727272727272727,0.0,0.0,0.18181818181818182,0.45454545454545453,0.09090909090909091,0.2727272727272727,baseline_returned
Human_Astro::conversation_3283278_321.csv::s13,24,23,1,24,0,0.0,0.0,0.0,0.25,0.25,0.0,0.0,baseline_returned
Human_Astro::conversation_3283278_321.csv::s2,21,1,1,21,0,0.06666666666666667,0.0,0.2,0.3333333333333333,0.13333333333333333,0.0,0.0,baseline_returned
Human_Astro::conversation_3283278_321.csv::s3,24,1,1,24,0,0.21428571428571427,0.0,0.21428571428571427,0.5714285714285714,0.21428571428571427,0.0,0.21428571428571427,baseline_returned
Human_Astro::conversation_3283278_321.csv::s4,46,1,1,42,1,0.038461538461538464,0.0,0.19230769230769232,0.3076923076923077,0.11538461538461539,0.0,0.15384615384615385,baseline_returned
Human_Astro::conversation_3283278_321.csv::s5,19,1,1,19,0,0.36363636363636365,0.0,0.2727272727272727,0.6363636363636364,0.09090909090909091,0.09090909090909091,0.09090909090909091,baseline_returned
Human_Astro::conversation_3283278_321.csv::s6,34,1,1,34,0,0.047619047619047616,0.0,0.047619047619047616,0.47619047619047616,0.14285714285714285,0.0,0.0,baseline_returned
Human_Astro::conversation_3283278_321.csv::s7,45,45,1,45,0,0.02857142857142857,0.02857142857142857,0.11428571428571428,0.3142857142857143,0.11428571428571428,0.0,0.02857142857142857,baseline_returned
Human_Astro::conversation_3283278_321.csv::s8,68,1,1,68,0,0.10204081632653061,0.0,0.08163265306122448,0.5306122448979592,0.16326530612244897,0.0,0.14285714285714285,baseline_returned
Human_Astro::conversation_3283278_321.csv::s9,12,12,1,12,0,0.25,0.0,0.0,0.0,0.75,0.0,0.5,baseline_returned
Human_Astro::conversation_3289400_670.csv::s1,25,25,1,22,1,0.0,0.0,0.0,0.23076923076923078,0.0,0.0,0.23076923076923078,baseline_returned
Human_Astro::conversation_3289400_670.csv::s2,34,23,1,6,1,0.10526315789473684,0.0,0.10526315789473684,0.0,0.15789473684210525,0.0,0.3157894736842105,baseline_returned
Human_Astro::conversation_3289400_670.csv::s3,59,59,1,12,1,0.05555555555555555,0.027777777777777776,0.027777777777777776,0.0,0.1111111111111111,0.0,0.08333333333333333,baseline_returned
Human_Astro::conversation_3289400_670.csv::s4,89,89,1,35,1,0.17543859649122806,0.07017543859649122,0.05263157894736842,0.5263157894736842,0.12280701754385964,0.017543859649122806,0.14035087719298245,baseline_returned
Human_Astro::conversation_3289400_670.csv::s5,40,40,1,9,1,0.2,0.08,0.32,0.44,0.08,0.0,0.16,baseline_returned
Human_Astro::conversation_3289400_670.csv::s6,34,34,1,34,0,0.0,0.0,0.0,0.0,0.16666666666666666,0.0,0.2222222222222222,baseline_returned
Human_Astro::conversation_3289400_670.csv::s7,17,17,1,9,1,0.2222222222222222,0.1111111111111111,0.2222222222222222,0.2222222222222222,0.1111111111111111,0.1111111111111111,0.1111111111111111,baseline_returned
Human_Astro::conversation_3289400_670.csv::s8,73,73,1,36,1,0.0,0.0,0.23809523809523808,0.047619047619047616,0.047619047619047616,0.0,0.11904761904761904,baseline_returned
Human_Astro::conversation_3289400_670.csv::s9,41,41,0,41,1,0.045454545454545456,0.045454545454545456,0.0,0.22727272727272727,0.0,0.0,0.3181818181818182,baseline_returned
Human_Astro::conversation_3292393_4042.csv::s1,27,27,1,27,0,0.0,0.23529411764705882,0.0,0.47058823529411764,0.17647058823529413,0.0,0.0,baseline_returned
Human_Astro::conversation_3292393_4042.csv::s2,55,55,1,55,0,0.027777777777777776,0.027777777777777776,0.16666666666666666,0.3888888888888889,0.1388888888888889,0.0,0.1111111111111111,baseline_returned
Human_Astro::conversation_3292393_4042.csv::s3,47,47,1,1,1,0.0,0.0,0.1,0.43333333333333335,0.23333333333333334,0.0,0.06666666666666667,baseline_returned
Human_Astro::conversation_3292393_4042.csv::s4,60,60,1,1,1,0.0,0.030303030303030304,0.06060606060606061,0.9393939393939394,0.2727272727272727,0.030303030303030304,0.42424242424242425,baseline_returned
Human_Astro::conversation_3292393_4042.csv::s5,178,58,1,8,1,0.010526315789473684,0.031578947368421054,0.08421052631578947,0.010526315789473684,0.09473684210526316,0.010526315789473684,0.18947368421052632,baseline_returned
Human_Astro::conversation_3292393_4042.csv::s6,22,22,1,6,1,0.0,0.0,0.0,0.6,0.5,0.0,0.7,baseline_returned
Human_Astro::conversation_3292393_4042.csv::s7,75,36,1,34,1,0.0,0.02857142857142857,0.02857142857142857,0.6,0.05714285714285714,0.0,0.37142857142857144,baseline_returned
Human_Astro::conversation_3292393_4042.csv::s8,92,55,1,5,1,0.0,0.0,0.02127659574468085,0.06382978723404255,0.0851063829787234,0.0,0.40425531914893614,baseline_returned
Human_Astro::conversation_3308505_2019.csv::s1,29,29,1,29,0,0.07692307692307693,0.0,0.0,0.0,0.0,0.0,0.0,baseline_returned
Human_Astro::conversation_3308505_2019.csv::s10,22,22,1,22,0,0.25,0.0,0.08333333333333333,0.08333333333333333,0.0,0.0,0.0,baseline_returned
Human_Astro::conversation_3308505_2019.csv::s11,31,31,0,31,0,0.13333333333333333,0.0,0.0,0.3333333333333333,0.0,0.0,0.0,baseline_returned
Human_Astro::conversation_3308505_2019.csv::s12,50,50,1,26,1,0.041666666666666664,0.0,0.125,0.2916666666666667,0.0,0.0,0.0,baseline_returned
Human_Astro::conversation_3308505_2019.csv::s13,2,2,1,2,0,0.0,0.0,0.0,0.0,0.0,0.0,0.0,baseline_returned
Human_Astro::conversation_3308505_2019.csv::s14,36,36,1,36,0,0.0,0.0,0.2631578947368421,0.21052631578947367,0.0,0.05263157894736842,0.10526315789473684,baseline_returned
Human_Astro::conversation_3308505_2019.csv::s15,47,47,1,47,0,0.045454545454545456,0.0,0.22727272727272727,0.3181818181818182,0.045454545454545456,0.0,0.13636363636363635,baseline_returned
Human_Astro::conversation_3308505_2019.csv::s16,93,93,1,93,0,0.0784313725490196,0.0,0.0,0.5882352941176471,0.0,0.0,0.09803921568627451,baseline_returned
Human_Astro::conversation_3308505_2019.csv::s17,36,36,0,32,1,0.0,0.0,0.29411764705882354,0.5882352941176471,0.058823529411764705,0.0,0.17647058823529413,baseline_returned
Human_Astro::conversation_3308505_2019.csv::s18,41,35,1,41,0,0.047619047619047616,0.0,0.0,0.23809523809523808,0.0,0.0,0.0,baseline_returned
Human_Astro::conversation_3308505_2019.csv::s19,45,40,1,45,0,0.0,0.0,0.045454545454545456,0.5454545454545454,0.0,0.0,0.0,baseline_returned
Human_Astro::conversation_3308505_2019.csv::s2,99,99,1,28,1,0.07017543859649122,0.017543859649122806,0.05263157894736842,0.22807017543859648,0.07017543859649122,0.0,0.21052631578947367,baseline_returned
Human_Astro::conversation_3308505_2019.csv::s20,66,66,1,52,1,0.0,0.0,0.0,0.3333333333333333,0.0,0.027777777777777776,0.027777777777777776,baseline_returned
Human_Astro::conversation_3308505_2019.csv::s21,40,40,1,40,0,0.25,0.0,0.3125,0.5625,0.25,0.0,0.25,baseline_returned
Human_Astro::conversation_3308505_2019.csv::s3,74,14,1,12,1,0.1282051282051282,0.0,0.0,0.5897435897435898,0.0,0.02564102564102564,0.02564102564102564,baseline_returned
Human_Astro::conversation_3308505_2019.csv::s4,35,35,0,2,1,0.23529411764705882,0.0,0.17647058823529413,0.7058823529411765,0.0,0.0,0.11764705882352941,baseline_returned
Human_Astro::conversation_3308505_2019.csv::s5,36,36,1,21,1,0.0,0.0,0.10526315789473684,0.42105263157894735,0.05263157894736842,0.0,0.0,baseline_returned
Human_Astro::conversation_3308505_2019.csv::s6,75,75,1,54,1,0.04081632653061224,0.0,0.0,0.40816326530612246,0.04081632653061224,0.0,0.0,baseline_returned
Human_Astro::conversation_3308505_2019.csv::s7,62,62,1,62,0,0.0625,0.03125,0.21875,0.71875,0.1875,0.0,0.125,baseline_returned
Human_Astro::conversation_3308505_2019.csv::s8,52,52,1,42,1,0.0967741935483871,0.03225806451612903,0.0,0.03225806451612903,0.03225806451612903,0.0,0.03225806451612903,baseline_returned
Human_Astro::conversation_3308505_2019.csv::s9,40,40,1,40,0,0.05,0.0,0.05,0.25,0.1,0.0,0.0,baseline_returned
Human_Astro::conversation_3308505_4010.csv::s1,41,41,1,41,0,0.0,0.0,0.0,0.04,0.08,0.0,0.0,baseline_returned
Human_Astro::conversation_3308505_4010.csv::s10,41,38,1,9,1,0.0,0.045454545454545456,0.0,0.7272727272727273,0.09090909090909091,0.0,0.045454545454545456,baseline_returned
Human_Astro::conversation_3308505_4010.csv::s11,32,32,1,5,1,0.0,0.0,0.0,0.26666666666666666,0.06666666666666667,0.0,0.13333333333333333,baseline_returned
Human_Astro::conversation_3308505_4010.csv::s12,32,32,1,2,1,0.18181818181818182,0.0,0.45454545454545453,0.5454545454545454,0.0,0.0,0.09090909090909091,baseline_returned
Human_Astro::conversation_3308505_4010.csv::s13,50,50,1,50,0,0.25,0.0,0.0,0.1,0.1,0.0,0.1,baseline_returned
Human_Astro::conversation_3308505_4010.csv::s2,76,76,1,75,1,0.05555555555555555,0.0,0.0,0.7222222222222222,0.05555555555555555,0.0,0.1111111111111111,baseline_returned
Human_Astro::conversation_3308505_4010.csv::s3,34,34,1,34,0,0.06666666666666667,0.0,0.3333333333333333,0.7333333333333333,0.2,0.0,0.26666666666666666,baseline_returned
Human_Astro::conversation_3308505_4010.csv::s4,42,42,1,42,0,0.11764705882352941,0.0,0.17647058823529413,0.11764705882352941,0.058823529411764705,0.0,0.0,baseline_returned
Human_Astro::conversation_3308505_4010.csv::s5,35,35,0,35,1,0.13333333333333333,0.0,0.06666666666666667,0.2,0.13333333333333333,0.06666666666666667,0.0,baseline_returned
Human_Astro::conversation_3308505_4010.csv::s6,36,36,0,36,1,0.0,0.0,0.07142857142857142,0.5714285714285714,0.0,0.0,0.0,baseline_returned
Human_Astro::conversation_3308505_4010.csv::s7,68,68,1,68,0,0.10344827586206896,0.0,0.0,0.06896551724137931,0.0,0.0,0.06896551724137931,baseline_returned
Human_Astro::conversation_3308505_4010.csv::s8,31,31,0,31,0,0.13333333333333333,0.0,0.0,0.0,0.0,0.0,0.0,baseline_returned
Human_Astro::conversation_3308505_4010.csv::s9,43,43,1,43,0,0.0,0.0,0.0,0.043478260869565216,0.17391304347826086,0.0,0.08695652173913043,baseline_returned
Human_Astro::conversation_3355731_1117.csv::s1,44,38,1,44,0,0.0,0.05,0.0,0.15,0.2,0.0,0.15,baseline_returned
Human_Astro::conversation_3355731_1117.csv::s10,24,24,1,24,0,0.0,0.0,0.3333333333333333,0.8888888888888888,0.2222222222222222,0.0,0.0,baseline_returned
Human_Astro::conversation_3355731_1117.csv::s11,28,28,0,1,1,0.0,0.0,0.8888888888888888,1.0,0.3333333333333333,0.0,0.0,baseline_returned
Human_Astro::conversation_3355731_1117.csv::s2,204,165,1,84,1,0.06818181818181818,0.0,0.045454545454545456,0.06818181818181818,0.20454545454545456,0.011363636363636364,0.20454545454545456,baseline_returned
Human_Astro::conversation_3355731_1117.csv::s3,14,5,1,14,0,0.0,0.0,0.3333333333333333,0.0,0.0,0.0,0.0,baseline_returned
Human_Astro::conversation_3355731_1117.csv::s4,17,17,1,17,0,0.2,0.0,0.0,0.0,0.2,0.0,0.0,baseline_returned
Human_Astro::conversation_3355731_1117.csv::s5,19,19,1,19,0,0.0,0.0,0.14285714285714285,0.14285714285714285,0.0,0.0,0.0,baseline_returned
Human_Astro::conversation_3355731_1117.csv::s6,4,1,1,4,0,0.0,0.0,0.0,0.0,0.0,0.0,0.0,baseline_returned
Human_Astro::conversation_3355731_1117.csv::s7,59,1,1,59,0,0.07692307692307693,0.0,0.0,0.038461538461538464,0.038461538461538464,0.0,0.15384615384615385,baseline_returned
Human_Astro::conversation_3355731_1117.csv::s8,28,28,0,22,1,0.2,0.0,0.0,0.06666666666666667,0.13333333333333333,0.0,0.3333333333333333,baseline_returned
Human_Astro::conversation_3355731_1117.csv::s9,86,27,1,81,1,0.04,0.0,0.12,0.84,0.28,0.0,0.08,baseline_returned
Human_Astro::conversation_3371122_1117.csv::s1,27,27,1,10,1,0.23076923076923078,0.0,0.0,0.15384615384615385,0.38461538461538464,0.0,0.3076923076923077,baseline_returned
Human_Astro::conversation_3371122_1117.csv::s10,111,111,0,70,1,0.09523809523809523,0.0,0.07142857142857142,0.8333333333333334,0.19047619047619047,0.0,0.19047619047619047,baseline_returned
Human_Astro::conversation_3371122_1117.csv::s11,28,28,1,28,0,0.0,0.0,0.0,0.6363636363636364,0.0,0.09090909090909091,0.0,baseline_returned
Human_Astro::conversation_3371122_1117.csv::s12,149,59,1,28,1,0.2,0.0,0.0,0.6181818181818182,0.18181818181818182,0.0,0.23636363636363636,baseline_returned
Human_Astro::conversation_3371122_1117.csv::s2,23,23,1,23,0,0.0,0.0,0.16666666666666666,0.0,0.0,0.0,0.16666666666666666,baseline_returned
Human_Astro::conversation_3371122_1117.csv::s3,54,53,1,54,0,0.05555555555555555,0.0,0.05555555555555555,0.05555555555555555,0.05555555555555555,0.0,0.05555555555555555,baseline_returned
Human_Astro::conversation_3371122_1117.csv::s4,52,9,1,13,1,0.1111111111111111,0.0,0.0,0.7222222222222222,0.05555555555555555,0.0,0.16666666666666666,baseline_returned
Human_Astro::conversation_3371122_1117.csv::s5,22,22,1,22,0,0.0,0.0,0.0,0.8888888888888888,0.3333333333333333,0.0,0.3333333333333333,baseline_returned
Human_Astro::conversation_3371122_1117.csv::s6,120,2,1,50,1,0.047619047619047616,0.0,0.11904761904761904,0.3333333333333333,0.16666666666666666,0.023809523809523808,0.2619047619047619,baseline_returned
Human_Astro::conversation_3371122_1117.csv::s7,46,23,1,46,0,0.0,0.0,0.3333333333333333,0.0,0.3333333333333333,0.0,0.5,baseline_returned
Human_Astro::conversation_3371122_1117.csv::s8,68,16,1,68,0,1.0,0.0,0.0,0.0,0.0,0.0,1.0,baseline_returned
Human_Astro::conversation_3371122_1117.csv::s9,13,7,1,13,0,0.0,0.0,0.0,0.0,0.0,0.0,0.0,baseline_returned
Human_Astro::conversation_3385183_546.csv::s1,180,143,1,69,1,0.0,0.0,0.0,0.07692307692307693,0.10576923076923077,0.0,0.057692307692307696,baseline_returned
Human_Astro::conversation_3385183_546.csv::s10,37,37,1,9,1,0.05263157894736842,0.05263157894736842,0.15789473684210525,0.5263157894736842,0.15789473684210525,0.0,0.05263157894736842,baseline_returned
Human_Astro::conversation_3385183_546.csv::s11,123,123,1,14,1,0.0,0.0,0.07462686567164178,0.746268656716418,0.07462686567164178,0.0,0.11940298507462686,baseline_returned
Human_Astro::conversation_3385183_546.csv::s2,164,164,0,82,1,0.021052631578947368,0.0,0.0,0.3368421052631579,0.18947368421052632,0.010526315789473684,0.23157894736842105,baseline_returned
Human_Astro::conversation_3385183_546.csv::s3,67,67,1,67,0,0.02631578947368421,0.0,0.02631578947368421,0.7368421052631579,0.21052631578947367,0.0,0.2631578947368421,baseline_returned
Human_Astro::conversation_3385183_546.csv::s4,114,107,1,6,1,0.01639344262295082,0.01639344262295082,0.09836065573770492,0.45901639344262296,0.06557377049180328,0.01639344262295082,0.01639344262295082,baseline_returned
Human_Astro::conversation_3385183_546.csv::s5,43,43,1,43,0,0.0,0.0,0.0,0.5416666666666666,0.2916666666666667,0.0,0.041666666666666664,baseline_returned
Human_Astro::conversation_3385183_546.csv::s6,44,44,0,44,1,0.0,0.0,0.08333333333333333,0.625,0.0,0.0,0.0,baseline_returned
Human_Astro::conversation_3385183_546.csv::s7,66,66,1,66,0,0.0,0.0,0.0,0.7352941176470589,0.2647058823529412,0.0,0.058823529411764705,baseline_returned
Human_Astro::conversation_3385183_546.csv::s9,21,5,1,21,0,0.08333333333333333,0.08333333333333333,0.0,0.75,0.08333333333333333,0.0,0.0,baseline_returned
Human_Astro::conversation_3395760_1031.csv::s1,38,38,1,18,1,0.25,0.0,0.0,0.0,0.0,0.0,0.0,baseline_returned
Human_Astro::conversation_3395760_1031.csv::s10,16,16,1,15,1,0.4,0.0,0.4,0.6,0.0,0.0,0.0,baseline_returned
Human_Astro::conversation_3395760_1031.csv::s11,17,17,1,17,0,0.375,0.0,0.125,0.5,0.0,0.0,0.125,baseline_returned
Human_Astro::conversation_3395760_1031.csv::s12,36,36,1,17,1,0.16666666666666666,0.0,0.05555555555555555,0.7222222222222222,0.16666666666666666,0.0,0.16666666666666666,baseline_returned
Human_Astro::conversation_3395760_1031.csv::s13,19,19,1,19,0,0.2727272727272727,0.0,0.18181818181818182,0.8181818181818182,0.0,0.0,0.0,baseline_returned
Human_Astro::conversation_3395760_1031.csv::s14,12,12,1,12,0,0.0,0.0,0.0,0.5,0.0,0.0,0.0,baseline_returned
Human_Astro::conversation_3395760_1031.csv::s15,34,34,1,12,1,0.26666666666666666,0.13333333333333333,0.0,0.8666666666666667,0.06666666666666667,0.0,0.2,baseline_returned
Human_Astro::conversation_3395760_1031.csv::s16,56,56,1,26,1,0.030303030303030304,0.0,0.0,0.696969696969697,0.030303030303030304,0.0,0.18181818181818182,baseline_returned
Human_Astro::conversation_3395760_1031.csv::s17,33,33,1,10,1,0.0,0.0,0.0,0.6428571428571429,0.0,0.0,0.21428571428571427,baseline_returned
Human_Astro::conversation_3395760_1031.csv::s18,13,13,1,13,0,0.5,0.0,0.0,0.6666666666666666,0.16666666666666666,0.0,0.5,baseline_returned
Human_Astro::conversation_3395760_1031.csv::s19,20,20,1,20,0,0.125,0.0,0.0,0.125,0.0,0.0,0.0,baseline_returned
Human_Astro::conversation_3395760_1031.csv::s2,21,21,1,1,1,0.1111111111111111,0.0,0.1111111111111111,0.0,0.0,0.0,0.0,baseline_returned
Human_Astro::conversation_3395760_1031.csv::s20,63,63,0,45,1,0.25,0.0,0.041666666666666664,0.625,0.0,0.0,0.08333333333333333,baseline_returned
Human_Astro::conversation_3395760_1031.csv::s3,20,20,1,12,1,0.09090909090909091,0.0,0.18181818181818182,0.0,0.0,0.0,0.0,baseline_returned
Human_Astro::conversation_3395760_1031.csv::s4,21,21,1,19,1,0.1111111111111111,0.0,0.0,0.0,0.0,0.0,0.0,baseline_returned
Human_Astro::conversation_3395760_1031.csv::s5,44,44,1,44,0,0.09090909090909091,0.0,0.0,0.045454545454545456,0.0,0.0,0.0,baseline_returned
Human_Astro::conversation_3395760_1031.csv::s6,18,18,1,17,1,0.2,0.0,0.0,0.4,0.0,0.0,0.1,baseline_returned
Human_Astro::conversation_3395760_1031.csv::s7,8,8,1,8,0,0.0,0.0,0.25,0.5,0.0,0.0,0.0,baseline_returned
Human_Astro::conversation_3395760_1031.csv::s8,9,9,1,9,0,0.0,0.0,0.3333333333333333,0.6666666666666666,0.0,0.0,0.0,baseline_returned
Human_Astro::conversation_3395760_1031.csv::s9,13,13,0,13,0,0.125,0.0,0.25,0.625,0.0,0.0,0.125,baseline_returned
Human_Astro::conversation_3428129_1844.csv::s1,23,23,1,23,0,0.0,0.07692307692307693,0.0,0.5384615384615384,0.07692307692307693,0.0,0.23076923076923078,baseline_returned
Human_Astro::conversation_3428129_1844.csv::s10,32,24,1,1,1,0.0,0.0,0.1875,0.0625,0.0,0.0,0.0,baseline_returned
Human_Astro::conversation_3428129_1844.csv::s11,32,32,1,17,1,0.07142857142857142,0.0,0.6428571428571429,0.0,0.07142857142857142,0.0,0.07142857142857142,baseline_returned
Human_Astro::conversation_3428129_1844.csv::s12,20,20,1,20,0,0.2,0.0,0.3,0.0,0.3,0.0,0.1,baseline_returned
Human_Astro::conversation_3428129_1844.csv::s13,75,75,1,75,0,0.10714285714285714,0.0,0.2857142857142857,0.5714285714285714,0.14285714285714285,0.0,0.07142857142857142,baseline_returned
Human_Astro::conversation_3428129_1844.csv::s14,16,16,1,16,0,0.0,0.0,0.4,0.0,0.1,0.0,0.1,baseline_returned
Human_Astro::conversation_3428129_1844.csv::s15,23,23,1,23,0,0.0,0.0,0.5714285714285714,0.5714285714285714,0.42857142857142855,0.0,0.0,baseline_returned
Human_Astro::conversation_3428129_1844.csv::s16,19,19,0,19,0,0.125,0.0,0.5,0.25,0.0,0.0,0.0,baseline_returned
Human_Astro::conversation_3428129_1844.csv::s17,31,31,1,26,1,0.06666666666666667,0.0,0.0,0.13333333333333333,0.06666666666666667,0.0,0.2,baseline_returned
Human_Astro::conversation_3428129_1844.csv::s18,20,4,1,3,1,0.125,0.25,0.25,0.625,0.0,0.125,0.25,baseline_returned
Human_Astro::conversation_3428129_1844.csv::s19,31,31,1,4,1,0.0,0.07692307692307693,0.07692307692307693,0.9230769230769231,0.23076923076923078,0.0,0.46153846153846156,baseline_returned
Human_Astro::conversation_3428129_1844.csv::s2,26,26,1,20,1,0.0,0.0,0.08333333333333333,0.25,0.08333333333333333,0.0,0.16666666666666666,baseline_returned
Human_Astro::conversation_3428129_1844.csv::s20,31,31,1,25,1,0.07142857142857142,0.21428571428571427,0.07142857142857142,0.6428571428571429,0.2857142857142857,0.0,0.2857142857142857,baseline_returned
Human_Astro::conversation_3428129_1844.csv::s21,21,21,1,21,0,0.08333333333333333,0.08333333333333333,0.08333333333333333,0.5,0.16666666666666666,0.0,0.3333333333333333,baseline_returned
Human_Astro::conversation_3428129_1844.csv::s22,31,2,1,23,1,0.0,0.0,0.0,0.13333333333333333,0.06666666666666667,0.0,0.06666666666666667,baseline_returned
Human_Astro::conversation_3428129_1844.csv::s23,24,1,1,24,0,0.0,0.0,0.08333333333333333,0.5833333333333334,0.0,0.0,0.08333333333333333,baseline_returned
Human_Astro::conversation_3428129_1844.csv::s24,65,65,1,50,1,0.17857142857142858,0.0,0.10714285714285714,0.5,0.03571428571428571,0.0,0.21428571428571427,baseline_returned
Human_Astro::conversation_3428129_1844.csv::s25,23,9,1,23,0,0.0,0.1111111111111111,0.0,0.3333333333333333,0.0,0.0,0.0,baseline_returned
Human_Astro::conversation_3428129_1844.csv::s3,27,27,1,27,0,0.0,0.0,0.0,0.15384615384615385,0.07692307692307693,0.0,0.07692307692307693,baseline_returned
Human_Astro::conversation_3428129_1844.csv::s4,79,22,1,34,1,0.0,0.0,0.0,0.78125,0.09375,0.0,0.0,baseline_returned
Human_Astro::conversation_3428129_1844.csv::s5,74,7,1,32,1,0.11627906976744186,0.0,0.0,0.4418604651162791,0.18604651162790697,0.0,0.11627906976744186,baseline_returned
Human_Astro::conversation_3428129_1844.csv::s6,43,43,1,6,1,0.09523809523809523,0.0,0.047619047619047616,0.3333333333333333,0.19047619047619047,0.0,0.09523809523809523,baseline_returned
Human_Astro::conversation_3428129_1844.csv::s7,29,10,1,25,1,0.14285714285714285,0.0,0.2857142857142857,0.5,0.21428571428571427,0.07142857142857142,0.21428571428571427,baseline_returned
Human_Astro::conversation_3428129_1844.csv::s8,21,21,1,18,1,0.1111111111111111,0.0,0.1111111111111111,0.3333333333333333,0.2222222222222222,0.0,0.2222222222222222,baseline_returned
Human_Astro::conversation_3428129_1844.csv::s9,21,15,1,1,1,0.0,0.0,0.25,0.25,0.25,0.0,0.25,baseline_returned
Human_Astro::conversation_3428988_546.csv::s1,36,36,1,36,0,0.0,0.0,0.0,0.06666666666666667,0.06666666666666667,0.0,0.0,baseline_returned
Human_Astro::conversation_3428988_546.csv::s10,51,51,1,18,1,0.0,0.0,0.11764705882352941,0.0,0.0,0.0,0.11764705882352941,baseline_returned
Human_Astro::conversation_3428988_546.csv::s11,38,25,1,38,0,0.0,0.0,0.25,0.0,0.0,0.0,0.08333333333333333,baseline_returned
Human_Astro::conversation_3428988_546.csv::s12,32,26,1,32,0,0.0,0.0,0.0,0.2,0.2,0.06666666666666667,0.0,baseline_returned
Human_Astro::conversation_3428988_546.csv::s13,122,14,1,29,1,0.021739130434782608,0.0,0.0,0.5434782608695652,0.08695652173913043,0.0,0.15217391304347827,baseline_returned
Human_Astro::conversation_3428988_546.csv::s2,33,2,1,33,0,0.08333333333333333,0.0,0.0,0.0,0.0,0.08333333333333333,0.08333333333333333,baseline_returned
Human_Astro::conversation_3428988_546.csv::s3,86,86,1,40,1,0.03636363636363636,0.0,0.0,0.7272727272727273,0.03636363636363636,0.0,0.07272727272727272,baseline_returned
Human_Astro::conversation_3428988_546.csv::s4,81,8,1,81,0,0.05660377358490566,0.018867924528301886,0.0,0.1320754716981132,0.07547169811320754,0.0,0.0,baseline_returned
Human_Astro::conversation_3428988_546.csv::s5,10,7,1,10,0,0.0,0.0,0.0,0.0,0.0,0.0,0.0,baseline_returned
Human_Astro::conversation_3428988_546.csv::s6,134,134,1,35,1,0.015873015873015872,0.0,0.23809523809523808,0.2857142857142857,0.14285714285714285,0.0,0.1746031746031746,baseline_returned
Human_Astro::conversation_3428988_546.csv::s7,70,62,1,13,1,0.0,0.0,0.0,0.25,0.125,0.0,0.03125,baseline_returned
Human_Astro::conversation_3428988_546.csv::s8,82,82,1,82,0,0.08108108108108109,0.0,0.0,0.7297297297297297,0.02702702702702703,0.0,0.0,baseline_returned
Human_Astro::conversation_3428988_546.csv::s9,59,59,1,18,1,0.030303030303030304,0.030303030303030304,0.09090909090909091,0.6060606060606061,0.06060606060606061,0.0,0.09090909090909091,baseline_returned
Human_Astro::conversation_3460845_3788.csv::s1,69,69,1,23,1,0.05,0.025,0.0,0.175,0.05,0.075,0.025,baseline_returned
Human_Astro::conversation_3460845_3788.csv::s10,83,83,1,78,1,0.022222222222222223,0.0,0.0,0.24444444444444444,0.08888888888888889,0.0,0.08888888888888889,baseline_returned
Human_Astro::conversation_3460845_3788.csv::s11,55,52,1,55,0,0.0,0.0,0.0,0.375,0.125,0.0,0.0,baseline_returned
Human_Astro::conversation_3460845_3788.csv::s12,38,38,0,38,1,0.0,0.0,0.0,0.15789473684210525,0.0,0.0,0.05263157894736842,baseline_returned
Human_Astro::conversation_3460845_3788.csv::s13,60,60,0,60,1,0.03571428571428571,0.0,0.0,0.25,0.0,0.0,0.0,baseline_returned
Human_Astro::conversation_3460845_3788.csv::s14,25,24,1,8,1,0.0,0.0,0.09090909090909091,0.36363636363636365,0.09090909090909091,0.0,0.09090909090909091,baseline_returned
Human_Astro::conversation_3460845_3788.csv::s15,11,9,1,11,0,0.0,0.0,0.0,0.75,0.25,0.0,0.0,baseline_returned
Human_Astro::conversation_3460845_3788.csv::s16,27,5,1,27,0,0.07692307692307693,0.07692307692307693,0.0,0.6153846153846154,0.0,0.0,0.0,baseline_returned
Human_Astro::conversation_3460845_3788.csv::s17,7,7,1,7,0,0.0,0.0,0.0,0.0,0.0,0.0,0.0,baseline_returned
Human_Astro::conversation_3460845_3788.csv::s18,62,62,1,62,0,0.0,0.0,0.0,0.6,0.08571428571428572,0.02857142857142857,0.08571428571428572,baseline_returned
Human_Astro::conversation_3460845_3788.csv::s19,85,85,1,16,1,0.09523809523809523,0.07142857142857142,0.0,0.5714285714285714,0.023809523809523808,0.0,0.047619047619047616,baseline_returned
Human_Astro::conversation_3460845_3788.csv::s2,104,104,1,104,0,0.19642857142857142,0.0,0.0,0.6964285714285714,0.0,0.0,0.03571428571428571,baseline_returned
Human_Astro::conversation_3460845_3788.csv::s21,23,23,1,16,1,0.0,0.1,0.0,0.7,0.4,0.0,0.3,baseline_returned
Human_Astro::conversation_3460845_3788.csv::s22,28,28,1,26,1,0.08333333333333333,0.08333333333333333,0.0,0.5833333333333334,0.08333333333333333,0.0,0.08333333333333333,baseline_returned
Human_Astro::conversation_3460845_3788.csv::s3,15,11,1,15,0,0.125,0.0,0.125,0.75,0.125,0.0,0.0,baseline_returned
Human_Astro::conversation_3460845_3788.csv::s4,45,45,0,36,1,0.0,0.0,0.09090909090909091,0.6818181818181818,0.0,0.0,0.09090909090909091,baseline_returned
Human_Astro::conversation_3460845_3788.csv::s5,20,20,1,9,1,0.375,0.125,0.375,0.625,0.0,0.0,0.0,baseline_returned
Human_Astro::conversation_3460845_3788.csv::s6,37,37,1,29,1,0.15,0.05,0.1,0.75,0.25,0.0,0.0,baseline_returned
Human_Astro::conversation_3460845_3788.csv::s7,60,11,1,20,1,0.25806451612903225,0.0967741935483871,0.0,0.25806451612903225,0.16129032258064516,0.03225806451612903,0.0967741935483871,baseline_returned
Human_Astro::conversation_3460845_3788.csv::s8,15,15,1,15,0,0.42857142857142855,0.14285714285714285,0.14285714285714285,0.0,0.0,0.0,0.0,baseline_returned
Human_Astro::conversation_3460845_3788.csv::s9,35,35,1,16,1,0.14285714285714285,0.0,0.047619047619047616,0.19047619047619047,0.0,0.09523809523809523,0.0,baseline_returned
Human_Astro::conversation_3475164_2462.csv::s1,154,154,1,61,1,0.039603960396039604,0.0,0.0,0.15841584158415842,0.06930693069306931,0.0,0.04950495049504951,baseline_returned
Human_Astro::conversation_3475164_2462.csv::s10,28,28,0,28,0,0.0,0.0,0.0,0.8461538461538461,0.07692307692307693,0.0,0.5384615384615384,baseline_returned
Human_Astro::conversation_3475164_2462.csv::s11,51,51,1,51,0,0.09090909090909091,0.0,0.09090909090909091,0.3939393939393939,0.06060606060606061,0.0,0.2727272727272727,baseline_returned
Human_Astro::conversation_3475164_2462.csv::s12,20,20,0,18,1,0.0,0.0,0.25,0.6666666666666666,0.0,0.0,0.6666666666666666,baseline_returned
Human_Astro::conversation_3475164_2462.csv::s13,120,120,1,74,1,0.039473684210526314,0.013157894736842105,0.06578947368421052,0.07894736842105263,0.09210526315789473,0.0,0.21052631578947367,baseline_returned
Human_Astro::conversation_3475164_2462.csv::s14,15,15,1,15,0,0.0,0.0,0.5,0.0,0.0,0.0,0.0,baseline_returned
Human_Astro::conversation_3475164_2462.csv::s15,57,57,1,30,1,0.0,0.0,0.058823529411764705,0.11764705882352941,0.14705882352941177,0.0,0.3235294117647059,baseline_returned
Human_Astro::conversation_3475164_2462.csv::s2,49,49,0,49,1,0.0,0.0,0.0,0.4482758620689655,0.1724137931034483,0.0,0.3103448275862069,baseline_returned
Human_Astro::conversation_3475164_2462.csv::s3,39,39,0,39,1,0.0,0.0,0.375,0.041666666666666664,0.2916666666666667,0.0,0.125,baseline_returned
Human_Astro::conversation_3475164_2462.csv::s4,86,86,0,57,1,0.01639344262295082,0.0,0.0,0.0,0.09836065573770492,0.0,0.06557377049180328,baseline_returned
Human_Astro::conversation_3475164_2462.csv::s5,6,6,1,6,0,0.0,0.0,0.0,0.0,0.0,0.0,0.0,baseline_returned
Human_Astro::conversation_3475164_2462.csv::s6,46,46,1,46,0,0.0,0.0,0.15,0.0,0.1,0.0,0.0,baseline_returned
Human_Astro::conversation_3475164_2462.csv::s7,36,36,0,31,1,0.043478260869565216,0.0,0.0,0.13043478260869565,0.13043478260869565,0.0,0.13043478260869565,baseline_returned
Human_Astro::conversation_3475164_2462.csv::s8,61,61,0,61,1,0.02564102564102564,0.02564102564102564,0.02564102564102564,0.02564102564102564,0.1282051282051282,0.0,0.1282051282051282,baseline_returned
Human_Astro::conversation_3475164_2462.csv::s9,151,151,0,21,1,0.02531645569620253,0.0,0.0379746835443038,0.31645569620253167,0.10126582278481013,0.0,0.25316455696202533,baseline_returned
Human_Astro::conversation_3540611_1747.csv::s1,131,131,1,18,1,0.052083333333333336,0.0,0.0,0.78125,0.09375,0.0,0.125,baseline_returned
Human_Astro::conversation_3540611_1747.csv::s10,22,7,1,17,1,0.13333333333333333,0.0,0.3333333333333333,0.0,0.06666666666666667,0.06666666666666667,0.2,baseline_returned
Human_Astro::conversation_3540611_1747.csv::s11,58,32,1,2,1,0.0,0.0,0.02857142857142857,0.2,0.05714285714285714,0.0,0.17142857142857143,baseline_returned
Human_Astro::conversation_3540611_1747.csv::s12,17,17,1,4,1,0.0,0.0,0.0,0.2222222222222222,0.0,0.0,0.2222222222222222,baseline_returned
Human_Astro::conversation_3540611_1747.csv::s13,22,22,1,2,1,0.2,0.06666666666666667,0.13333333333333333,0.06666666666666667,0.0,0.0,0.3333333333333333,baseline_returned
Human_Astro::conversation_3540611_1747.csv::s14,15,15,1,15,0,0.25,0.0,0.08333333333333333,0.25,0.16666666666666666,0.0,0.0,baseline_returned
Human_Astro::conversation_3540611_1747.csv::s15,13,13,1,13,0,0.1111111111111111,0.1111111111111111,0.0,0.0,0.1111111111111111,0.0,0.0,baseline_returned
Human_Astro::conversation_3540611_1747.csv::s2,55,55,1,55,0,0.0,0.0,0.10526315789473684,0.13157894736842105,0.02631578947368421,0.0,0.0,baseline_returned
Human_Astro::conversation_3540611_1747.csv::s3,33,33,1,33,0,0.09523809523809523,0.0,0.2857142857142857,0.0,0.047619047619047616,0.0,0.0,baseline_returned
Human_Astro::conversation_3540611_1747.csv::s4,47,47,1,47,0,0.13333333333333333,0.0,0.1,0.0,0.0,0.03333333333333333,0.03333333333333333,baseline_returned
Human_Astro::conversation_3540611_1747.csv::s5,10,10,1,10,0,0.14285714285714285,0.14285714285714285,0.0,0.14285714285714285,0.0,0.0,0.0,baseline_returned
Human_Astro::conversation_3540611_1747.csv::s6,46,46,1,46,0,0.03225806451612903,0.06451612903225806,0.06451612903225806,0.1935483870967742,0.0,0.0,0.0,baseline_returned
Human_Astro::conversation_3540611_1747.csv::s7,21,21,1,21,0,0.0,0.18181818181818182,0.09090909090909091,0.18181818181818182,0.0,0.0,0.0,baseline_returned
Human_Astro::conversation_3540611_1747.csv::s8,55,55,1,55,0,0.0,0.02564102564102564,0.10256410256410256,0.38461538461538464,0.0,0.0,0.0,baseline_returned
Human_Astro::conversation_3540611_1747.csv::s9,21,21,1,21,0,0.0,0.09090909090909091,0.2727272727272727,0.45454545454545453,0.0,0.0,0.0,baseline_returned
Human_Astro::conversation_3547075_658.csv::s1,18,18,1,18,0,0.0,0.0,0.0,0.0,0.0,0.0,0.0,baseline_returned
Human_Astro::conversation_3547075_658.csv::s2,50,50,1,50,0,0.0,0.0,0.037037037037037035,0.18518518518518517,0.0,0.0,0.1111111111111111,baseline_returned
Human_Astro::conversation_3547075_658.csv::s3,19,19,1,19,0,0.125,0.0,0.0,0.75,0.75,0.0,0.25,baseline_returned
Human_Astro::conversation_3547075_658.csv::s4,18,18,1,18,0,0.0,0.0,0.0,1.0,0.25,0.0,0.25,baseline_returned
Human_Astro::conversation_3547075_658.csv::s5,47,47,1,20,1,0.1,0.05,0.0,0.35,0.1,0.0,0.2,baseline_returned
Human_Astro::conversation_3547075_658.csv::s6,39,39,1,39,0,0.0,0.0,0.0,0.625,0.0625,0.0,0.0,baseline_returned
Human_Astro::conversation_3547075_658.csv::s7,21,21,1,2,1,0.07692307692307693,0.0,0.0,0.6923076923076923,0.07692307692307693,0.0,0.07692307692307693,baseline_returned
Human_Astro::conversation_3547075_658.csv::s8,14,14,1,14,0,0.0,0.0,0.0,0.4444444444444444,0.0,0.1111111111111111,0.0,baseline_returned
Human_Astro::conversation_3547075_658.csv::s9,49,49,1,49,0,0.0,0.0,0.0,0.5,0.0,0.0,0.0,baseline_returned
Human_Astro::conversation_3552969_680.csv::s1,18,18,1,18,0,0.0,0.0,0.0,0.09090909090909091,0.0,0.0,0.0,baseline_returned
Human_Astro::conversation_3552969_680.csv::s10,5,5,1,5,0,0.0,0.0,0.0,0.3333333333333333,0.0,0.0,0.0,baseline_returned
Human_Astro::conversation_3552969_680.csv::s11,10,10,1,1,1,0.0,0.0,0.3333333333333333,0.3333333333333333,0.0,0.0,0.0,baseline_returned
Human_Astro::conversation_3552969_680.csv::s2,33,33,1,10,1,0.0,0.0,0.047619047619047616,0.5714285714285714,0.09523809523809523,0.0,0.23809523809523808,baseline_returned
Human_Astro::conversation_3552969_680.csv::s3,15,15,1,15,0,0.0,0.0,0.0,0.6,0.0,0.0,0.1,baseline_returned
Human_Astro::conversation_3552969_680.csv::s4,14,14,1,14,0,0.0,0.0,0.0,0.7142857142857143,0.0,0.0,0.14285714285714285,baseline_returned
Human_Astro::conversation_3552969_680.csv::s5,9,3,1,9,0,0.0,0.3333333333333333,0.0,0.3333333333333333,0.0,0.0,0.0,baseline_returned
Human_Astro::conversation_3552969_680.csv::s6,27,27,1,6,1,0.23529411764705882,0.17647058823529413,0.11764705882352941,0.23529411764705882,0.0,0.0,0.11764705882352941,baseline_returned
Human_Astro::conversation_3552969_680.csv::s7,15,14,1,5,1,0.14285714285714285,0.0,0.14285714285714285,0.14285714285714285,0.0,0.0,0.14285714285714285,baseline_returned
Human_Astro::conversation_3552969_680.csv::s8,37,37,1,3,1,0.045454545454545456,0.0,0.09090909090909091,0.2727272727272727,0.0,0.0,0.2727272727272727,baseline_returned
Human_Astro::conversation_3552969_680.csv::s9,13,13,1,2,1,0.0,0.0,0.0,0.14285714285714285,0.0,0.0,0.0,baseline_returned
Human_Astro::conversation_3568670_1747.csv::s1,39,39,1,19,1,0.04,0.0,0.0,0.48,0.04,0.0,0.24,baseline_returned
Human_Astro::conversation_3568670_1747.csv::s10,20,20,1,17,1,0.18181818181818182,0.2727272727272727,0.0,0.18181818181818182,0.0,0.0,0.18181818181818182,baseline_returned
Human_Astro::conversation_3568670_1747.csv::s11,25,11,1,25,0,0.0,0.0,0.0,0.06666666666666667,0.06666666666666667,0.0,0.0,baseline_returned
Human_Astro::conversation_3568670_1747.csv::s12,47,47,1,47,0,0.1935483870967742,0.03225806451612903,0.06451612903225806,0.1935483870967742,0.0,0.0,0.1935483870967742,baseline_returned
Human_Astro::conversation_3568670_1747.csv::s13,34,34,1,19,1,0.11764705882352941,0.058823529411764705,0.35294117647058826,0.058823529411764705,0.11764705882352941,0.0,0.29411764705882354,baseline_returned
Human_Astro::conversation_3568670_1747.csv::s14,33,33,1,9,1,0.2777777777777778,0.1111111111111111,0.5,0.3333333333333333,0.05555555555555555,0.0,0.2222222222222222,baseline_returned
Human_Astro::conversation_3568670_1747.csv::s15,23,23,1,16,1,0.06666666666666667,0.0,0.06666666666666667,0.5333333333333333,0.06666666666666667,0.0,0.06666666666666667,baseline_returned
Human_Astro::conversation_3568670_1747.csv::s16,38,38,1,38,0,0.10526315789473684,0.05263157894736842,0.0,0.42105263157894735,0.10526315789473684,0.0,0.0,baseline_returned
Human_Astro::conversation_3568670_1747.csv::s17,36,36,0,13,1,0.058823529411764705,0.0,0.0,0.6470588235294118,0.23529411764705882,0.0,0.23529411764705882,baseline_returned
Human_Astro::conversation_3568670_1747.csv::s2,69,69,1,44,1,0.07894736842105263,0.0,0.0,0.2631578947368421,0.05263157894736842,0.0,0.07894736842105263,baseline_returned
Human_Astro::conversation_3568670_1747.csv::s3,108,108,1,40,1,0.01694915254237288,0.03389830508474576,0.0,0.3728813559322034,0.13559322033898305,0.01694915254237288,0.03389830508474576,baseline_returned
Human_Astro::conversation_3568670_1747.csv::s4,217,217,1,90,1,0.08148148148148149,0.044444444444444446,0.0,0.1111111111111111,0.07407407407407407,0.007407407407407408,0.044444444444444446,baseline_returned
Human_Astro::conversation_3568670_1747.csv::s5,153,153,1,34,1,0.1320754716981132,0.018867924528301886,0.03773584905660377,0.6886792452830188,0.11320754716981132,0.0,0.2169811320754717,baseline_returned
Human_Astro::conversation_3568670_1747.csv::s6,31,31,1,31,0,0.2631578947368421,0.0,0.3157894736842105,0.3157894736842105,0.10526315789473684,0.0,0.0,baseline_returned
Human_Astro::conversation_3568670_1747.csv::s7,40,40,1,40,0,0.0625,0.0,0.125,0.0625,0.0625,0.0,0.0625,baseline_returned
Human_Astro::conversation_3568670_1747.csv::s8,26,26,1,26,0,0.0,0.0,0.0,0.125,0.3125,0.0,0.0,baseline_returned
Human_Astro::conversation_3568670_1747.csv::s9,28,28,1,28,0,0.125,0.0,0.0625,0.125,0.25,0.0,0.0,baseline_returned
Human_Astro::conversation_3596060_2005.csv::s1,29,29,1,16,1,0.0,0.0,0.0,0.5714285714285714,0.07142857142857142,0.0,0.0,baseline_returned
Human_Astro::conversation_3596060_2005.csv::s10,9,9,1,9,0,0.5714285714285714,0.14285714285714285,0.0,0.2857142857142857,0.0,0.0,0.2857142857142857,baseline_returned
Human_Astro::conversation_3596060_2005.csv::s11,16,16,1,16,0,0.0,0.0,0.2,0.9,0.3,0.0,0.4,baseline_returned
Human_Astro::conversation_3596060_2005.csv::s12,21,21,1,21,0,0.15384615384615385,0.0,0.07692307692307693,0.15384615384615385,0.23076923076923078,0.0,0.23076923076923078,baseline_returned
Human_Astro::conversation_3596060_2005.csv::s13,52,47,1,52,0,0.07692307692307693,0.0,0.11538461538461539,0.11538461538461539,0.07692307692307693,0.0,0.11538461538461539,baseline_returned
Human_Astro::conversation_3596060_2005.csv::s2,47,31,1,10,1,0.13043478260869565,0.0,0.043478260869565216,0.4782608695652174,0.08695652173913043,0.0,0.30434782608695654,baseline_returned
Human_Astro::conversation_3596060_2005.csv::s3,15,15,1,1,1,0.1111111111111111,0.0,0.5555555555555556,0.4444444444444444,0.0,0.0,0.1111111111111111,baseline_returned
Human_Astro::conversation_3596060_2005.csv::s4,19,19,1,19,0,0.15384615384615385,0.0,0.6153846153846154,0.6153846153846154,0.07692307692307693,0.0,0.46153846153846156,baseline_returned
Human_Astro::conversation_3596060_2005.csv::s5,17,17,1,17,0,0.14285714285714285,0.0,0.7142857142857143,0.7142857142857143,0.14285714285714285,0.0,0.2857142857142857,baseline_returned
Human_Astro::conversation_3596060_2005.csv::s6,20,20,1,1,1,0.0,0.0,0.5454545454545454,0.5454545454545454,0.0,0.0,0.0,baseline_returned
Human_Astro::conversation_3596060_2005.csv::s7,38,38,1,38,0,0.1,0.0,0.05,0.75,0.05,0.0,0.0,baseline_returned
Human_Astro::conversation_3596060_2005.csv::s8,39,39,1,39,0,0.13043478260869565,0.0,0.30434782608695654,0.6086956521739131,0.13043478260869565,0.0,0.0,baseline_returned
Human_Astro::conversation_3596060_2005.csv::s9,48,48,1,48,0,0.13793103448275862,0.06896551724137931,0.034482758620689655,0.7931034482758621,0.1724137931034483,0.0,0.2413793103448276,baseline_returned
Human_Astro::conversation_3607008_1041.csv::s1,70,70,1,54,1,0.08333333333333333,0.027777777777777776,0.0,0.5555555555555556,0.08333333333333333,0.0,0.05555555555555555,baseline_returned
Human_Astro::conversation_3607008_1041.csv::s10,16,16,1,16,0,0.0,0.0,0.0,0.0,0.0,0.0,0.0,baseline_returned
Human_Astro::conversation_3607008_1041.csv::s11,15,15,1,15,0,0.14285714285714285,0.0,0.0,0.14285714285714285,0.0,0.0,0.0,baseline_returned
Human_Astro::conversation_3607008_1041.csv::s2,42,18,1,40,1,0.05555555555555555,0.0,0.2777777777777778,0.4444444444444444,0.05555555555555555,0.0,0.0,baseline_returned
Human_Astro::conversation_3607008_1041.csv::s3,17,17,1,1,1,0.2222222222222222,0.0,0.0,0.5555555555555556,0.0,0.0,0.0,baseline_returned
Human_Astro::conversation_3607008_1041.csv::s4,17,17,0,17,0,0.42857142857142855,0.0,0.14285714285714285,0.7142857142857143,0.0,0.0,0.14285714285714285,baseline_returned
Human_Astro::conversation_3607008_1041.csv::s5,49,49,1,49,0,0.05555555555555555,0.0,0.05555555555555555,0.6666666666666666,0.05555555555555555,0.0,0.0,baseline_returned
Human_Astro::conversation_3607008_1041.csv::s6,43,43,1,20,1,0.0,0.0,0.0625,0.1875,0.1875,0.0,0.125,baseline_returned
Human_Astro::conversation_3607008_1041.csv::s7,56,10,1,1,1,0.041666666666666664,0.0,0.0,0.4583333333333333,0.041666666666666664,0.0,0.0,baseline_returned
Human_Astro::conversation_3607008_1041.csv::s8,47,47,1,5,1,0.13636363636363635,0.045454545454545456,0.0,0.22727272727272727,0.0,0.0,0.09090909090909091,baseline_returned
Human_Astro::conversation_3607008_1041.csv::s9,29,29,1,29,0,0.16666666666666666,0.0,0.0,0.08333333333333333,0.08333333333333333,0.0,0.0,baseline_returned
Human_Astro::conversation_3630862_1330.csv::s1,32,32,1,32,0,0.14285714285714285,0.047619047619047616,0.0,0.047619047619047616,0.0,0.0,0.0,baseline_returned
Human_Astro::conversation_3630862_1330.csv::s10,25,25,1,12,1,0.0625,0.0,0.0,0.25,0.0,0.0,0.0625,baseline_returned
Human_Astro::conversation_3630862_1330.csv::s2,12,12,1,12,0,0.0,0.0,0.0,0.0,0.0,0.0,0.0,baseline_returned
Human_Astro::conversation_3630862_1330.csv::s3,22,22,1,22,0,0.0,0.0,0.0,0.6,0.0,0.0,0.0,baseline_returned
Human_Astro::conversation_3630862_1330.csv::s4,14,14,1,14,0,0.0,0.0,0.0,0.0,0.0,0.0,0.0,baseline_returned
Human_Astro::conversation_3630862_1330.csv::s5,24,12,1,24,0,0.0,0.0,0.0,0.75,0.0,0.0,0.0,baseline_returned
Human_Astro::conversation_3630862_1330.csv::s6,27,27,1,3,1,0.0,0.2,0.06666666666666667,0.6666666666666666,0.0,0.0,0.13333333333333333,baseline_returned
Human_Astro::conversation_3630862_1330.csv::s7,32,32,1,13,1,0.0,0.0,0.15384615384615385,0.8461538461538461,0.07692307692307693,0.0,0.15384615384615385,baseline_returned
Human_Astro::conversation_3630862_1330.csv::s8,14,14,1,14,0,0.0,0.4,0.6,0.2,0.0,0.0,0.1,baseline_returned
Human_Astro::conversation_3630862_1330.csv::s9,37,37,1,37,0,0.0,0.0,0.26666666666666666,0.7333333333333333,0.0,0.0,0.0,baseline_returned
Human_Astro::conversation_3684647_765.csv::s1,12,12,1,4,1,0.0,0.16666666666666666,0.0,0.0,0.0,0.0,0.0,baseline_returned
Human_Astro::conversation_3684647_765.csv::s10,22,13,1,2,1,0.16666666666666666,0.0,0.3333333333333333,0.4166666666666667,0.0,0.0,0.0,baseline_returned
Human_Astro::conversation_3684647_765.csv::s11,7,7,1,2,1,0.0,0.0,0.3333333333333333,0.3333333333333333,0.0,0.0,0.0,baseline_returned
Human_Astro::conversation_3684647_765.csv::s12,21,21,1,7,1,0.0,0.0,0.2222222222222222,0.6666666666666666,0.0,0.0,0.1111111111111111,baseline_returned
Human_Astro::conversation_3684647_765.csv::s2,18,17,1,4,1,0.0,0.0,0.1111111111111111,0.2222222222222222,0.0,0.0,0.0,baseline_returned
Human_Astro::conversation_3684647_765.csv::s3,6,6,1,2,1,0.0,0.0,0.25,0.0,0.0,0.0,0.0,baseline_returned
Human_Astro::conversation_3684647_765.csv::s4,85,2,1,3,1,0.0,0.046511627906976744,0.0,0.046511627906976744,0.06976744186046512,0.0,0.046511627906976744,baseline_returned
Human_Astro::conversation_3684647_765.csv::s5,10,10,1,10,0,0.25,0.0,0.0,0.75,0.0,0.0,0.0,baseline_returned
Human_Astro::conversation_3684647_765.csv::s6,13,13,1,13,0,0.0,0.0,0.125,0.5,0.0,0.0,0.0,baseline_returned
Human_Astro::conversation_3684647_765.csv::s7,8,8,1,8,0,0.0,0.0,0.16666666666666666,0.3333333333333333,0.0,0.0,0.16666666666666666,baseline_returned
Human_Astro::conversation_3684647_765.csv::s8,22,22,1,16,1,0.3,0.1,0.2,0.8,0.0,0.0,0.1,baseline_returned
Human_Astro::conversation_3684647_765.csv::s9,14,14,1,1,1,0.16666666666666666,0.0,0.3333333333333333,0.6666666666666666,0.0,0.0,0.0,baseline_returned
Human_Astro::conversation_3712530_4320.csv::s1,20,20,1,20,0,0.0,0.0,0.0,0.15384615384615385,0.0,0.0,0.0,baseline_returned
Human_Astro::conversation_3712530_4320.csv::s10,21,21,1,4,1,0.0,0.0,0.0,0.1,0.0,0.0,0.0,baseline_returned
Human_Astro::conversation_3712530_4320.csv::s11,26,26,1,26,0,0.1,0.0,0.0,0.55,0.15,0.0,0.25,baseline_returned
Human_Astro::conversation_3712530_4320.csv::s12,10,9,1,10,0,0.0,0.0,0.0,0.0,0.0,0.0,0.0,baseline_returned
Human_Astro::conversation_3712530_4320.csv::s13,18,11,1,17,1,0.14285714285714285,0.0,0.0,0.14285714285714285,0.14285714285714285,0.0,0.14285714285714285,baseline_returned
Human_Astro::conversation_3712530_4320.csv::s2,16,2,1,16,0,0.0,0.0,0.0,0.0,0.0,0.0,0.0,baseline_returned
Human_Astro::conversation_3712530_4320.csv::s3,19,1,1,19,0,0.0,0.0,0.0,0.18181818181818182,0.0,0.0,0.0,baseline_returned
Human_Astro::conversation_3712530_4320.csv::s5,27,6,1,10,1,0.0,0.058823529411764705,0.0,0.5294117647058824,0.17647058823529413,0.0,0.058823529411764705,baseline_returned
Human_Astro::conversation_3712530_4320.csv::s6,17,6,1,13,1,0.0,0.0,0.0,0.25,0.0,0.0,0.0,baseline_returned
Human_Astro::conversation_3712530_4320.csv::s7,35,7,1,32,1,0.05,0.0,0.0,0.5,0.2,0.0,0.05,baseline_returned
Human_Astro::conversation_3712530_4320.csv::s8,27,15,1,27,0,0.0,0.0,0.0,0.1111111111111111,0.0,0.0,0.0,baseline_returned
Human_Astro::conversation_3712530_4320.csv::s9,6,6,1,6,0,0.0,0.0,0.0,0.6666666666666666,0.0,0.0,0.0,baseline_returned
Human_Astro::conversation_3753418_2788.csv::s1,160,92,1,19,1,0.0,0.008064516129032258,0.0,0.12903225806451613,0.056451612903225805,0.0,0.04838709677419355,baseline_returned
Human_Astro::conversation_3753418_2788.csv::s10,226,217,1,205,1,0.0273972602739726,0.0,0.0273972602739726,0.363013698630137,0.1095890410958904,0.0,0.15753424657534246,baseline_returned
Human_Astro::conversation_3753418_2788.csv::s2,94,40,1,5,1,0.016666666666666666,0.0,0.08333333333333333,0.5166666666666667,0.016666666666666666,0.0,0.016666666666666666,baseline_returned
Human_Astro::conversation_3753418_2788.csv::s3,193,193,1,61,1,0.05,0.025,0.0,0.6666666666666666,0.041666666666666664,0.0,0.19166666666666668,baseline_returned
Human_Astro::conversation_3753418_2788.csv::s4,221,221,1,47,1,0.0,0.04477611940298507,0.0,0.7089552238805971,0.13432835820895522,0.007462686567164179,0.23880597014925373,baseline_returned
Human_Astro::conversation_3753418_2788.csv::s5,167,167,1,101,1,0.03361344537815126,0.025210084033613446,0.0,0.4957983193277311,0.11764705882352941,0.0,0.25210084033613445,baseline_returned
Human_Astro::conversation_3753418_2788.csv::s6,176,31,1,57,1,0.01818181818181818,0.01818181818181818,0.0,0.5636363636363636,0.1,0.02727272727272727,0.06363636363636363,baseline_returned
Human_Astro::conversation_3753418_2788.csv::s7,30,30,0,30,0,0.0,0.0,0.0,0.0,0.1,0.0,0.55,baseline_returned
Human_Astro::conversation_3753418_2788.csv::s8,41,41,0,22,1,0.041666666666666664,0.0,0.20833333333333334,0.041666666666666664,0.08333333333333333,0.0,0.5833333333333334,baseline_returned
Human_Astro::conversation_3753418_2788.csv::s9,68,68,1,29,1,0.0,0.16666666666666666,0.0,0.2,0.16666666666666666,0.0,0.13333333333333333,baseline_returned
Human_Astro::conversation_3761643_2353.csv::s1,131,93,1,18,1,0.04225352112676056,0.014084507042253521,0.0,0.18309859154929578,0.11267605633802817,0.028169014084507043,0.07042253521126761,baseline_returned
Human_Astro::conversation_3761643_2353.csv::s10,159,72,1,17,1,0.020618556701030927,0.0,0.0,0.14432989690721648,0.08247422680412371,0.0,0.17525773195876287,baseline_returned
Human_Astro::conversation_3761643_2353.csv::s11,86,86,1,86,0,0.0,0.0,0.023255813953488372,0.11627906976744186,0.0,0.0,0.0,baseline_returned
Human_Astro::conversation_3761643_2353.csv::s12,26,26,0,26,0,0.0,0.0,0.2,0.0,0.0,0.0,0.0,baseline_returned
Human_Astro::conversation_3761643_2353.csv::s13,212,191,1,19,1,0.03508771929824561,0.03508771929824561,0.0,0.7017543859649122,0.07017543859649122,0.0,0.10526315789473684,baseline_returned
Human_Astro::conversation_3761643_2353.csv::s14,49,49,1,49,0,0.16,0.0,0.0,0.76,0.2,0.0,0.16,baseline_returned
Human_Astro::conversation_3761643_2353.csv::s16,24,24,1,24,0,0.2727272727272727,0.0,0.45454545454545453,0.9090909090909091,0.2727272727272727,0.09090909090909091,0.09090909090909091,baseline_returned
Human_Astro::conversation_3761643_2353.csv::s17,168,168,1,167,1,0.0,0.0,0.0,0.3888888888888889,0.12222222222222222,0.0,0.06666666666666667,baseline_returned
Human_Astro::conversation_3761643_2353.csv::s18,101,101,1,101,0,0.02127659574468085,0.0,0.0425531914893617,0.6382978723404256,0.1702127659574468,0.0,0.23404255319148937,baseline_returned
Human_Astro::conversation_3761643_2353.csv::s19,101,101,1,101,0,0.0425531914893617,0.02127659574468085,0.02127659574468085,0.0851063829787234,0.10638297872340426,0.0,0.06382978723404255,baseline_returned
Human_Astro::conversation_3761643_2353.csv::s2,47,47,1,47,0,0.07692307692307693,0.0,0.07692307692307693,0.6153846153846154,0.07692307692307693,0.0,0.07692307692307693,baseline_returned
Human_Astro::conversation_3761643_2353.csv::s20,218,6,1,18,1,0.10576923076923077,0.009615384615384616,0.0,0.8269230769230769,0.16346153846153846,0.009615384615384616,0.27884615384615385,baseline_returned
Human_Astro::conversation_3761643_2353.csv::s21,65,65,1,65,0,0.15625,0.0,0.0,0.8125,0.0625,0.0,0.28125,baseline_returned
Human_Astro::conversation_3761643_2353.csv::s22,65,11,1,38,1,0.15625,0.0,0.03125,0.5625,0.125,0.0,0.21875,baseline_returned
Human_Astro::conversation_3761643_2353.csv::s3,11,11,1,11,0,0.0,0.0,0.0,0.7142857142857143,0.2857142857142857,0.0,0.2857142857142857,baseline_returned
Human_Astro::conversation_3761643_2353.csv::s4,25,25,1,25,0,0.11764705882352941,0.0,0.0,0.47058823529411764,0.0,0.058823529411764705,0.11764705882352941,baseline_returned
Human_Astro::conversation_3761643_2353.csv::s5,152,152,1,5,1,0.020202020202020204,0.0,0.0,0.5252525252525253,0.030303030303030304,0.020202020202020204,0.10101010101010101,baseline_returned
Human_Astro::conversation_3761643_2353.csv::s6,93,93,1,17,1,0.0,0.0,0.0,0.21818181818181817,0.01818181818181818,0.0,0.0,baseline_returned
Human_Astro::conversation_3761643_2353.csv::s7,80,80,1,24,1,0.058823529411764705,0.0,0.0,0.3333333333333333,0.13725490196078433,0.0,0.13725490196078433,baseline_returned
Human_Astro::conversation_3761643_2353.csv::s8,146,54,1,39,1,0.011111111111111112,0.0,0.0,0.1,0.03333333333333333,0.0,0.022222222222222223,baseline_returned
Human_Astro::conversation_3761643_2353.csv::s9,146,54,1,39,1,0.0,0.011111111111111112,0.03333333333333333,0.07777777777777778,0.044444444444444446,0.0,0.03333333333333333,baseline_returned
Human_Astro::conversation_3775635_1691.csv::s1,21,21,1,21,0,0.0,0.0,0.0,0.18181818181818182,0.0,0.0,0.0,baseline_returned
Human_Astro::conversation_3775635_1691.csv::s10,64,64,1,64,0,0.0975609756097561,0.0,0.024390243902439025,0.5853658536585366,0.17073170731707318,0.0,0.0,baseline_returned
Human_Astro::conversation_3775635_1691.csv::s11,42,42,1,5,1,0.05,0.0,0.05,0.75,0.05,0.05,0.0,baseline_returned
Human_Astro::conversation_3775635_1691.csv::s12,39,36,1,39,0,0.0,0.0,0.0,0.7857142857142857,0.42857142857142855,0.0,0.0,baseline_returned
Human_Astro::conversation_3775635_1691.csv::s13,28,17,1,28,0,0.05,0.0,0.0,0.55,0.15,0.0,0.1,baseline_returned
Human_Astro::conversation_3775635_1691.csv::s14,35,9,1,35,0,0.16666666666666666,0.0,0.08333333333333333,0.75,0.5833333333333334,0.0,0.25,baseline_returned
Human_Astro::conversation_3775635_1691.csv::s2,178,47,1,83,1,0.11023622047244094,0.007874015748031496,0.015748031496062992,0.023622047244094488,0.06299212598425197,0.0,0.0,baseline_returned
Human_Astro::conversation_3775635_1691.csv::s3,115,115,1,33,1,0.18823529411764706,0.0,0.0,0.4117647058823529,0.15294117647058825,0.0,0.11764705882352941,baseline_returned
Human_Astro::conversation_3775635_1691.csv::s4,102,95,1,102,0,0.04477611940298507,0.014925373134328358,0.0,0.7014925373134329,0.07462686567164178,0.014925373134328358,0.11940298507462686,baseline_returned
Human_Astro::conversation_3775635_1691.csv::s5,92,92,1,92,0,0.03389830508474576,0.0,0.1016949152542373,0.11864406779661017,0.05084745762711865,0.0,0.0847457627118644,baseline_returned
Human_Astro::conversation_3775635_1691.csv::s6,31,31,1,31,0,0.05555555555555555,0.0,0.0,0.2222222222222222,0.3333333333333333,0.0,0.2222222222222222,baseline_returned
Human_Astro::conversation_3775635_1691.csv::s7,61,25,1,17,1,0.0,0.0,0.0,0.06060606060606061,0.06060606060606061,0.0,0.12121212121212122,baseline_returned
Human_Astro::conversation_3775635_1691.csv::s8,107,43,1,107,0,0.031746031746031744,0.0,0.0,0.4444444444444444,0.2698412698412698,0.0,0.07936507936507936,baseline_returned
Human_Astro::conversation_3775635_1691.csv::s9,90,90,1,90,0,0.1875,0.020833333333333332,0.0,0.75,0.10416666666666667,0.0,0.020833333333333332,baseline_returned
Human_Astro::conversation_418962_1436.csv::s1,33,33,1,30,1,0.1,0.0,0.0,0.85,0.05,0.0,0.05,baseline_returned
Human_Astro::conversation_418962_1436.csv::s10,29,3,1,29,0,0.18181818181818182,0.0,0.09090909090909091,0.0,0.2727272727272727,0.0,0.45454545454545453,baseline_returned
Human_Astro::conversation_418962_1436.csv::s11,22,22,1,22,0,0.0,0.0,0.0,0.09090909090909091,0.0,0.0,0.36363636363636365,baseline_returned
Human_Astro::conversation_418962_1436.csv::s12,46,28,1,46,0,0.13793103448275862,0.0,0.20689655172413793,0.034482758620689655,0.1724137931034483,0.0,0.1724137931034483,baseline_returned
Human_Astro::conversation_418962_1436.csv::s13,26,23,1,26,0,0.0,0.0,0.0,0.13333333333333333,0.2,0.0,0.4,baseline_returned
Human_Astro::conversation_418962_1436.csv::s14,57,57,1,57,0,0.07692307692307693,0.0,0.07692307692307693,0.0,0.0,0.038461538461538464,0.19230769230769232,baseline_returned
Human_Astro::conversation_418962_1436.csv::s15,36,25,1,28,1,0.058823529411764705,0.0,0.058823529411764705,0.11764705882352941,0.0,0.0,0.11764705882352941,baseline_returned
Human_Astro::conversation_418962_1436.csv::s16,39,4,1,39,0,0.058823529411764705,0.0,0.11764705882352941,0.058823529411764705,0.17647058823529413,0.0,0.0,baseline_returned
Human_Astro::conversation_418962_1436.csv::s17,47,47,1,9,1,0.043478260869565216,0.0,0.08695652173913043,0.782608695652174,0.17391304347826086,0.0,0.30434782608695654,baseline_returned
Human_Astro::conversation_418962_1436.csv::s2,20,20,1,13,1,0.0,0.0,0.35714285714285715,0.7142857142857143,0.07142857142857142,0.0,0.2857142857142857,baseline_returned
Human_Astro::conversation_418962_1436.csv::s3,46,7,1,46,0,0.14285714285714285,0.0,0.0,0.75,0.21428571428571427,0.0,0.32142857142857145,baseline_returned
Human_Astro::conversation_418962_1436.csv::s4,38,4,1,38,0,0.047619047619047616,0.0,0.14285714285714285,0.9047619047619048,0.047619047619047616,0.0,0.19047619047619047,baseline_returned
Human_Astro::conversation_418962_1436.csv::s5,80,7,1,37,1,0.08695652173913043,0.0,0.3695652173913043,0.08695652173913043,0.17391304347826086,0.043478260869565216,0.10869565217391304,baseline_returned
Human_Astro::conversation_418962_1436.csv::s6,23,5,1,23,0,0.0,0.0,0.3333333333333333,0.0,0.1111111111111111,0.0,0.2222222222222222,baseline_returned
Human_Astro::conversation_418962_1436.csv::s7,4,4,1,4,0,0.5,0.0,0.0,0.0,0.0,0.0,0.0,baseline_returned
Human_Astro::conversation_418962_1436.csv::s8,62,57,1,41,1,0.02702702702702703,0.0,0.1891891891891892,0.7297297297297297,0.16216216216216217,0.0,0.02702702702702703,baseline_returned
Human_Astro::conversation_418962_1436.csv::s9,82,24,1,6,1,0.09523809523809523,0.0,0.09523809523809523,0.9285714285714286,0.07142857142857142,0.0,0.07142857142857142,baseline_returned
Human_Single::conversation_1045860_285.csv::s1,30,30,1,30,0,0.0,0.0,0.0,0.1,0.0,0.0,0.1,baseline_returned
Human_Single::conversation_1045860_285.csv::s2,8,2,1,8,0,0.0,0.0,0.2,0.0,0.0,0.0,0.0,baseline_returned
Human_Single::conversation_1045860_285.csv::s3,15,4,1,15,0,0.0,0.0,0.16666666666666666,0.0,0.0,0.0,0.0,baseline_returned
Human_Single::conversation_1185325_1883.csv::s1,15,15,1,15,0,0.0,0.0,0.0,0.0,0.0,0.0,0.0,baseline_returned
Human_Single::conversation_1185325_1883.csv::s2,10,10,1,10,0,0.0,0.0,0.4,0.0,0.0,0.0,0.0,baseline_returned
Human_Single::conversation_1185325_1883.csv::s3,28,28,1,28,0,0.11764705882352941,0.0,0.058823529411764705,0.11764705882352941,0.0,0.0,0.0,baseline_returned
Human_Single::conversation_135782_168.csv::s1,36,36,1,36,0,0.0625,0.0,0.125,0.375,0.0625,0.0,0.1875,baseline_returned
Human_Single::conversation_1377435_2442.csv::s1,22,22,1,22,0,0.14285714285714285,0.07142857142857142,0.14285714285714285,0.2857142857142857,0.07142857142857142,0.0,0.0,baseline_returned
Human_Single::conversation_1377435_2442.csv::s3,14,14,0,14,0,0.0,0.0,0.0,0.42857142857142855,0.0,0.0,0.0,baseline_returned
Human_Single::conversation_1521109_1849.csv::s1,7,7,1,7,0,0.0,0.0,0.0,0.0,0.0,0.0,0.0,baseline_returned
Human_Single::conversation_1521109_1849.csv::s2,28,28,1,28,0,0.0,0.0,0.0,0.0,0.0,0.0,0.0,baseline_returned
Human_Single::conversation_915999_60.csv::s1,37,37,1,37,0,0.10526315789473684,0.0,0.0,0.10526315789473684,0.05263157894736842,0.0,0.05263157894736842,baseline_returned
Human_Single::conversation_915999_60.csv::s2,9,9,1,9,0,0.0,0.0,0.0,0.0,0.0,0.0,0.0,baseline_returned
Human_Single::conversation_922772_1004.csv::s1,35,35,1,12,1,0.0,0.0,0.0,0.17391304347826086,0.0,0.0,0.0,baseline_returned
Human_Single::conversation_922772_1004.csv::s2,12,12,1,12,0,0.0,0.0,1.0,0.0,0.0,0.0,0.0,baseline_returned
Human_Single::conversation_924306_1947.csv::s1,19,19,1,19,0,0.0,0.0,0.0,0.0,0.0,0.0,0.0,baseline_returned
Human_Single::conversation_924306_1947.csv::s2,17,17,1,17,0,0.0,0.0,0.2,0.2,0.0,0.0,0.1,baseline_returned
Human_Single::conversation_924306_1947.csv::s3,16,16,0,13,1,0.0,0.0,0.125,0.25,0.0,0.0,0.125,baseline_returned
Human_Single::conversation_924427_1283.csv::s1,24,3,1,24,0,0.0,0.0,0.0,0.46153846153846156,0.23076923076923078,0.0,0.07692307692307693,baseline_returned
Human_Single::conversation_924427_1283.csv::s2,8,8,1,8,0,0.0,0.0,0.0,0.0,0.0,0.0,0.0,baseline_returned
Human_Single::conversation_971120_1297.csv::s1,18,18,1,18,0,0.0,0.0,0.0,0.625,0.0,0.0,0.125,baseline_returned
Human_Single::conversation_971120_1297.csv::s2,11,11,1,11,0,0.0,0.0,0.0,0.5714285714285714,0.0,0.0,0.0,baseline_returned
Human_Single::conversation_1014545_1300.csv::s1,24,24,1,24,0,0.08333333333333333,0.08333333333333333,0.0,0.0,0.0,0.0,0.08333333333333333,baseline_not_returned
Human_Single::conversation_1028497_4.csv::s1,44,5,1,44,0,0.058823529411764705,0.0,0.0,0.17647058823529413,0.11764705882352941,0.0,0.0,baseline_not_returned
Human_Single::conversation_1279776_4.csv::s1,32,32,1,28,1,0.10526315789473684,0.0,0.0,0.05263157894736842,0.0,0.0,0.0,baseline_not_returned
Human_Single::conversation_1393970_340.csv::s1,41,41,0,41,1,0.034482758620689655,0.0,0.0,0.20689655172413793,0.0,0.0,0.034482758620689655,baseline_not_returned
Human_Single::conversation_1496235_2530.csv::s1,22,21,1,22,0,0.0,0.0,0.0,0.0,0.0,0.0,0.25,baseline_not_returned
Human_Single::conversation_244875_4.csv::s1,42,41,1,19,1,0.0,0.058823529411764705,0.0,0.4117647058823529,0.0,0.0,0.0,baseline_not_returned
Human_Single::conversation_722590_2387.csv::s1,2,2,1,2,0,1.0,0.0,0.0,0.0,0.0,0.0,0.0,baseline_not_returned
Human_Single::conversation_742410_1961.csv::s1,44,44,1,44,0,0.0,0.0,0.0,0.6875,0.0,0.0,0.0,baseline_not_returned
Human_Single::conversation_807936_1947.csv::s1,76,76,1,76,0,0.0,0.0,0.0,0.8048780487804879,0.12195121951219512,0.0,0.04878048780487805,baseline_not_returned
Human_Single::conversation_824271_2078.csv::s1,14,14,0,14,1,0.1,0.0,0.0,0.7,0.1,0.0,0.4,baseline_not_returned
Human_Single::conversation_833669_4.csv::s1,33,32,1,33,0,0.0,0.0,0.0,0.3125,0.0,0.0,0.0,baseline_not_returned
Sitara-1::conversation_1253527_4336.csv::s1,62,62,0,21,1,0.058823529411764705,0.20588235294117646,0.0,0.7352941176470589,0.14705882352941177,0.0,0.29411764705882354,Sitara-1
Sitara-1::conversation_1253527_4336.csv::s2,12,12,1,12,0,0.0,0.16666666666666666,0.8333333333333334,0.6666666666666666,0.0,0.0,0.0,Sitara-1
Sitara-1::conversation_135007_4336.csv::s1,91,17,1,91,0,0.06382978723404255,0.0425531914893617,0.0,0.5319148936170213,0.06382978723404255,0.0,0.2127659574468085,Sitara-1
Sitara-1::conversation_1802400_4336.csv::s1,33,33,0,33,0,0.16666666666666666,0.0,0.0,0.4444444444444444,0.05555555555555555,0.0,0.2777777777777778,Sitara-1
Sitara-1::conversation_1802400_4336.csv::s2,36,36,1,36,0,0.05555555555555555,0.05555555555555555,0.0,0.0,0.16666666666666666,0.0,0.3333333333333333,Sitara-1
Sitara-1::conversation_182120_4336.csv::s1,114,114,0,86,1,0.140625,0.0,0.0,0.09375,0.0,0.015625,0.09375,Sitara-1
Sitara-1::conversation_182120_4336.csv::s2,35,14,1,35,0,0.10526315789473684,0.0,0.0,0.15789473684210525,0.10526315789473684,0.0,0.21052631578947367,Sitara-1
Sitara-1::conversation_182120_4336.csv::s3,24,7,1,24,0,0.08333333333333333,0.25,0.08333333333333333,0.4166666666666667,0.0,0.0,0.0,Sitara-1
Sitara-1::conversation_182120_4336.csv::s4,19,17,1,19,0,0.2,0.0,0.2,0.5,0.0,0.0,0.0,Sitara-1
Sitara-1::conversation_2139311_4336.csv::s1,180,148,1,124,1,0.07608695652173914,0.043478260869565216,0.0,0.9130434782608695,0.18478260869565216,0.0,0.5543478260869565,Sitara-1
Sitara-1::conversation_2586574_4336.csv::s1,34,34,1,10,1,0.1,0.0,0.0,0.8,0.05,0.0,0.15,Sitara-1
Sitara-1::conversation_2586574_4336.csv::s2,31,31,1,3,1,0.0,0.0625,0.125,0.75,0.375,0.0625,0.1875,Sitara-1
Sitara-1::conversation_2682414_4336.csv::s1,30,30,0,11,1,0.2,0.0,0.0,0.8666666666666667,0.26666666666666666,0.0,0.26666666666666666,Sitara-1
Sitara-1::conversation_2682414_4336.csv::s2,24,2,1,4,1,0.15384615384615385,0.0,0.15384615384615385,0.8461538461538461,0.15384615384615385,0.0,0.23076923076923078,Sitara-1
Sitara-1::conversation_2682414_4336.csv::s3,44,44,1,11,1,0.13636363636363635,0.045454545454545456,0.0,0.5454545454545454,0.13636363636363635,0.0,0.13636363636363635,Sitara-1
Sitara-1::conversation_2912362_4336.csv::s1,90,90,0,19,1,0.15217391304347827,0.0,0.0,0.8260869565217391,0.15217391304347827,0.021739130434782608,0.2826086956521739,Sitara-1
Sitara-1::conversation_3026913_4336.csv::s1,62,28,1,62,0,0.0,0.0,0.0,0.96875,0.40625,0.0,0.40625,Sitara-1
Sitara-1::conversation_3027647_4336.csv::s1,100,100,1,46,1,0.08,0.06,0.0,0.84,0.04,0.0,0.18,Sitara-1
Sitara-1::conversation_3078083_4336.csv::s1,82,82,1,78,1,0.024390243902439025,0.07317073170731707,0.0,0.9512195121951219,0.36585365853658536,0.024390243902439025,0.07317073170731707,Sitara-1
Sitara-1::conversation_3078083_4336.csv::s2,22,22,1,22,0,0.0,0.25,0.4166666666666667,0.5833333333333334,0.25,0.0,0.0,Sitara-1
Sitara-1::conversation_3123002_4336.csv::s1,30,30,0,28,1,0.25,0.0,0.0,0.9375,0.1875,0.0,0.125,Sitara-1
Sitara-1::conversation_3123002_4336.csv::s2,32,32,1,8,1,0.25,0.0,0.0,0.8125,0.125,0.0,0.25,Sitara-1
Sitara-1::conversation_3126894_4336.csv::s1,55,55,1,2,1,0.10344827586206896,0.034482758620689655,0.0,0.896551724137931,0.20689655172413793,0.0,0.13793103448275862,Sitara-1
Sitara-1::conversation_3143252_4336.csv::s1,30,30,1,1,1,0.1111111111111111,0.05555555555555555,0.0,0.6111111111111112,0.1111111111111111,0.0,0.16666666666666666,Sitara-1
Sitara-1::conversation_3143252_4336.csv::s2,66,66,1,10,1,0.027777777777777776,0.16666666666666666,0.0,0.4722222222222222,0.0,0.0,0.027777777777777776,Sitara-1
Sitara-1::conversation_3146919_4336.csv::s1,50,50,1,50,0,0.034482758620689655,0.06896551724137931,0.0,0.5862068965517241,0.10344827586206896,0.0,0.27586206896551724,Sitara-1
Sitara-1::conversation_3146919_4336.csv::s2,69,7,1,17,1,0.0,0.175,0.0,0.825,0.075,0.0,0.1,Sitara-1
Sitara-1::conversation_3151823_4336.csv::s1,28,3,1,6,1,0.15384615384615385,0.07692307692307693,0.0,1.0,0.0,0.0,0.0,Sitara-1
Sitara-1::conversation_3151823_4336.csv::s2,31,4,1,12,1,0.0625,0.0,0.375,0.875,0.0625,0.0,0.125,Sitara-1
Sitara-1::conversation_3151823_4336.csv::s3,31,31,1,15,1,0.0625,0.0,0.0,0.0,0.0625,0.0,0.0,Sitara-1
Sitara-1::conversation_3152344_4336.csv::s1,23,23,1,16,1,0.0,0.0,0.0,0.5833333333333334,0.16666666666666666,0.0,0.16666666666666666,Sitara-1
Sitara-1::conversation_3152344_4336.csv::s2,71,71,1,15,1,0.058823529411764705,0.11764705882352941,0.23529411764705882,0.5882352941176471,0.029411764705882353,0.0,0.14705882352941177,Sitara-1
Sitara-1::conversation_3188492_4336.csv::s1,17,8,1,1,1,0.0,0.0,0.0,0.75,0.375,0.5,0.0,Sitara-1
Sitara-1::conversation_3238192_4336.csv::s1,47,47,1,24,1,0.041666666666666664,0.08333333333333333,0.0,0.75,0.125,0.0,0.20833333333333334,Sitara-1
Sitara-1::conversation_3264411_4336.csv::s1,32,26,1,21,1,0.0625,0.0625,0.0,0.625,0.1875,0.0,0.0,Sitara-1
Sitara-1::conversation_3264411_4336.csv::s2,31,31,1,12,1,0.0625,0.0,0.1875,0.5,0.125,0.0,0.25,Sitara-1
Sitara-1::conversation_3271307_4336.csv::s1,61,61,1,31,1,0.1,0.03333333333333333,0.0,0.9,0.1,0.0,0.0,Sitara-1
Sitara-1::conversation_3271307_4336.csv::s2,23,23,1,18,1,0.08333333333333333,0.0,0.5833333333333334,0.9166666666666666,0.08333333333333333,0.08333333333333333,0.0,Sitara-1
Sitara-1::conversation_3305426_4336.csv::s1,32,32,1,17,1,0.11764705882352941,0.058823529411764705,0.0,0.7647058823529411,0.23529411764705882,0.0,0.11764705882352941,Sitara-1
Sitara-1::conversation_3323468_4336.csv::s1,52,14,1,23,1,0.07142857142857142,0.17857142857142858,0.0,0.6071428571428571,0.03571428571428571,0.0,0.07142857142857142,Sitara-1
Sitara-1::conversation_3323468_4336.csv::s2,134,72,1,15,1,0.02857142857142857,0.15714285714285714,0.014285714285714285,0.7142857142857143,0.12857142857142856,0.014285714285714285,0.2,Sitara-1
Sitara-1::conversation_3323468_4336.csv::s3,10,1,1,10,0,0.0,0.0,0.3333333333333333,0.6666666666666666,0.3333333333333333,0.16666666666666666,0.0,Sitara-1
Sitara-1::conversation_3323468_4336.csv::s4,28,25,1,28,0,0.14285714285714285,0.0,0.07142857142857142,0.6428571428571429,0.14285714285714285,0.0,0.21428571428571427,Sitara-1
Sitara-1::conversation_3355847_4336.csv::s1,141,141,0,19,1,0.04054054054054054,0.0,0.0,0.8243243243243243,0.0945945945945946,0.013513513513513514,0.12162162162162163,Sitara-1
Sitara-1::conversation_3355943_4336.csv::s1,81,81,1,79,1,0.07142857142857142,0.023809523809523808,0.0,0.8333333333333334,0.11904761904761904,0.0,0.21428571428571427,Sitara-1
Sitara-1::conversation_3370211_4336.csv::s1,61,61,1,31,1,0.08333333333333333,0.0,0.0,0.8333333333333334,0.027777777777777776,0.0,0.3333333333333333,Sitara-1
Sitara-1::conversation_3400356_4336.csv::s1,39,39,1,25,1,0.15,0.1,0.0,0.55,0.05,0.0,0.0,Sitara-1
Sitara-1::conversation_3400356_4336.csv::s2,78,78,1,4,1,0.15,0.05,0.35,0.725,0.15,0.0,0.2,Sitara-1
Sitara-1::conversation_3411029_4336.csv::s1,64,29,1,64,0,0.03225806451612903,0.03225806451612903,0.0,0.0,0.22580645161290322,0.0,0.1935483870967742,Sitara-1
Sitara-1::conversation_3429656_4336.csv::s1,28,28,1,28,0,0.0,0.0,0.0,0.375,0.125,0.0,0.0,Sitara-1
Sitara-1::conversation_3429656_4336.csv::s2,31,31,1,20,1,0.05555555555555555,0.1111111111111111,0.2222222222222222,0.16666666666666666,0.0,0.0,0.1111111111111111,Sitara-1
Sitara-1::conversation_3436054_4336.csv::s1,69,69,1,61,1,0.1111111111111111,0.1111111111111111,0.0,0.8888888888888888,0.0,0.0,0.0,Sitara-1
Sitara-1::conversation_3458672_4336.csv::s1,63,63,1,41,1,0.14705882352941177,0.0,0.0,0.8235294117647058,0.058823529411764705,0.029411764705882353,0.08823529411764706,Sitara-1
Sitara-1::conversation_3460955_4336.csv::s1,45,14,1,2,1,0.06451612903225806,0.0,0.0,0.6129032258064516,0.1935483870967742,0.0,0.16129032258064516,Sitara-1
Sitara-1::conversation_3465322_4336.csv::s1,47,35,1,3,1,0.16,0.04,0.0,0.88,0.08,0.0,0.08,Sitara-1
Sitara-1::conversation_3470700_4336.csv::s1,62,62,1,11,1,0.09090909090909091,0.21212121212121213,0.0,0.48484848484848486,0.12121212121212122,0.030303030303030304,0.2727272727272727,Sitara-1
Sitara-1::conversation_3470700_4336.csv::s2,142,32,1,42,1,0.14285714285714285,0.014285714285714285,0.04285714285714286,0.9857142857142858,0.11428571428571428,0.04285714285714286,0.35714285714285715,Sitara-1
Sitara-1::conversation_3473359_4336.csv::s1,43,43,1,43,0,0.2,0.04,0.0,0.8,0.2,0.0,0.12,Sitara-1
Sitara-1::conversation_3481489_4336.csv::s1,56,56,1,25,1,0.03125,0.09375,0.0,0.875,0.0,0.0,0.0,Sitara-1
Sitara-1::conversation_3485899_4336.csv::s1,32,32,1,32,0,0.11764705882352941,0.0,0.0,0.7058823529411765,0.4117647058823529,0.0,0.058823529411764705,Sitara-1
Sitara-1::conversation_3485899_4336.csv::s2,29,29,1,9,1,0.21428571428571427,0.0,0.0,0.14285714285714285,0.14285714285714285,0.0,0.0,Sitara-1
Sitara-1::conversation_3499907_4336.csv::s1,84,76,1,8,1,0.08888888888888889,0.044444444444444446,0.0,0.17777777777777778,0.3111111111111111,0.022222222222222223,0.13333333333333333,Sitara-1
Sitara-1::conversation_3539097_4336.csv::s1,40,20,1,2,1,0.23809523809523808,0.047619047619047616,0.0,0.047619047619047616,0.19047619047619047,0.0,0.19047619047619047,Sitara-1
Sitara-1::conversation_3539097_4336.csv::s2,21,19,1,2,1,0.3,0.3,0.3,0.0,0.0,0.0,0.1,Sitara-1
Sitara-1::conversation_3539097_4336.csv::s3,45,25,1,2,1,0.08695652173913043,0.043478260869565216,0.08695652173913043,0.21739130434782608,0.0,0.0,0.21739130434782608,Sitara-1
Sitara-1::conversation_3541968_4336.csv::s1,43,40,1,6,1,0.08333333333333333,0.041666666666666664,0.0,0.4583333333333333,0.16666666666666666,0.0,0.25,Sitara-1
Sitara-1::conversation_3541968_4336.csv::s2,55,55,1,31,1,0.1,0.0,0.0,0.7333333333333333,0.13333333333333333,0.0,0.4,Sitara-1
Sitara-1::conversation_3542954_4336.csv::s1,103,103,1,56,1,0.07272727272727272,0.21818181818181817,0.0,0.6545454545454545,0.14545454545454545,0.0,0.14545454545454545,Sitara-1
Sitara-1::conversation_3542954_4336.csv::s2,71,71,0,22,1,0.05128205128205128,0.02564102564102564,0.05128205128205128,0.07692307692307693,0.1794871794871795,0.02564102564102564,0.41025641025641024,Sitara-1
Sitara-1::conversation_3542954_4336.csv::s3,55,55,1,28,1,0.0,0.15384615384615385,0.11538461538461539,0.0,0.038461538461538464,0.0,0.15384615384615385,Sitara-1
Sitara-1::conversation_3543871_4336.csv::s1,50,46,1,32,1,0.0,0.0,0.0,0.8,0.04,0.0,0.16,Sitara-1
Sitara-1::conversation_3546001_4336.csv::s1,37,27,1,19,1,0.09090909090909091,0.0,0.0,0.6818181818181818,0.0,0.0,0.09090909090909091,Sitara-1
Sitara-1::conversation_3546001_4336.csv::s2,8,8,1,8,0,0.0,0.0,0.0,0.6,0.0,0.0,0.0,Sitara-1
Sitara-1::conversation_3547345_4336.csv::s1,43,43,1,15,1,0.0,0.0,0.0,0.8333333333333334,0.125,0.0,0.25,Sitara-1
Sitara-1::conversation_3547345_4336.csv::s2,35,35,1,26,1,0.0,0.0,0.0,0.8421052631578947,0.0,0.0,0.15789473684210525,Sitara-1
Sitara-1::conversation_3547345_4336.csv::s3,22,22,0,22,0,0.0,0.0,0.25,0.5833333333333334,0.0,0.0,0.0,Sitara-1
Sitara-1::conversation_3552080_4336.csv::s1,26,26,0,26,0,0.14285714285714285,0.0,0.0,0.6428571428571429,0.14285714285714285,0.0,0.0,Sitara-1
Sitara-1::conversation_3552080_4336.csv::s2,25,25,1,21,1,0.21428571428571427,0.0,0.5714285714285714,0.6428571428571429,0.0,0.0,0.07142857142857142,Sitara-1
Sitara-1::conversation_3555463_4336.csv::s1,38,38,1,34,1,0.0,0.0,0.0,0.7894736842105263,0.10526315789473684,0.0,0.0,Sitara-1
Sitara-1::conversation_3555463_4336.csv::s2,45,45,1,45,0,0.043478260869565216,0.043478260869565216,0.043478260869565216,0.6521739130434783,0.0,0.0,0.043478260869565216,Sitara-1
Sitara-1::conversation_3556062_4336.csv::s1,40,40,1,40,0,0.1,0.0,0.0,0.8,0.15,0.0,0.0,Sitara-1
Sitara-1::conversation_3556062_4336.csv::s2,38,38,1,38,0,0.05555555555555555,0.0,0.3888888888888889,0.6111111111111112,0.0,0.0,0.1111111111111111,Sitara-1
Sitara-1::conversation_3557997_4336.csv::s1,125,125,1,19,1,0.14754098360655737,0.21311475409836064,0.0,0.5737704918032787,0.11475409836065574,0.0,0.16393442622950818,Sitara-1
Sitara-1::conversation_3557997_4336.csv::s2,148,56,1,33,1,0.14102564102564102,0.1794871794871795,0.0,0.6794871794871795,0.05128205128205128,0.0,0.20512820512820512,Sitara-1
Sitara-1::conversation_3561703_4336.csv::s1,32,30,1,14,1,0.05263157894736842,0.05263157894736842,0.0,0.7894736842105263,0.10526315789473684,0.0,0.3157894736842105,Sitara-1
Sitara-1::conversation_3561703_4336.csv::s2,29,29,1,7,1,0.0,0.07692307692307693,0.0,0.7692307692307693,0.07692307692307693,0.0,0.3076923076923077,Sitara-1
Sitara-1::conversation_3565128_4336.csv::s1,45,45,1,5,1,0.0,0.0,0.0,0.9583333333333334,0.08333333333333333,0.041666666666666664,0.20833333333333334,Sitara-1
Sitara-1::conversation_3565128_4336.csv::s2,69,69,1,5,1,0.05128205128205128,0.0,0.0,0.358974358974359,0.1282051282051282,0.0,0.23076923076923078,Sitara-1
Sitara-1::conversation_3567422_4336.csv::s1,42,32,1,17,1,0.04,0.0,0.0,0.72,0.28,0.0,0.32,Sitara-1
Sitara-1::conversation_3567422_4336.csv::s2,27,23,1,11,1,0.06666666666666667,0.0,0.26666666666666666,0.6666666666666666,0.26666666666666666,0.06666666666666667,0.13333333333333333,Sitara-1
Sitara-1::conversation_3569286_4336.csv::s1,27,27,0,22,1,0.125,0.0,0.0,0.75,0.125,0.0,0.0625,Sitara-1
Sitara-1::conversation_3573213_4336.csv::s1,51,51,1,15,1,0.1111111111111111,0.07407407407407407,0.0,0.6666666666666666,0.18518518518518517,0.0,0.18518518518518517,Sitara-1
Sitara-1::conversation_3574193_4336.csv::s1,144,144,1,82,1,0.012987012987012988,0.025974025974025976,0.0,0.8051948051948052,0.22077922077922077,0.0,0.3116883116883117,Sitara-1
Sitara-1::conversation_3576263_4336.csv::s1,72,59,1,65,1,0.024390243902439025,0.0,0.0,0.7317073170731707,0.17073170731707318,0.0,0.24390243902439024,Sitara-1
Sitara-1::conversation_3577422_4336.csv::s1,50,50,1,18,1,0.08695652173913043,0.0,0.0,0.9130434782608695,0.13043478260869565,0.0,0.043478260869565216,Sitara-1
Sitara-1::conversation_3577598_4336.csv::s1,7,7,1,7,0,0.0,0.0,0.0,0.75,0.5,0.0,0.0,Sitara-1
Sitara-1::conversation_3577598_4336.csv::s2,36,36,0,12,1,0.0,0.0,0.0,0.0,0.3684210526315789,0.0,0.05263157894736842,Sitara-1
Sitara-1::conversation_3577798_4336.csv::s1,36,36,1,19,1,0.10526315789473684,0.0,0.0,0.05263157894736842,0.10526315789473684,0.0,0.0,Sitara-1
Sitara-1::conversation_3577798_4336.csv::s2,74,74,1,53,1,0.04878048780487805,0.17073170731707318,0.04878048780487805,0.0,0.04878048780487805,0.0,0.0,Sitara-1
Sitara-1::conversation_3577987_4336.csv::s1,105,72,1,19,1,0.06349206349206349,0.031746031746031744,0.0,0.7619047619047619,0.09523809523809523,0.0,0.20634920634920634,Sitara-1
Sitara-1::conversation_3580611_4336.csv::s1,83,39,1,18,1,0.14634146341463414,0.0,0.0,0.9512195121951219,0.12195121951219512,0.0,0.07317073170731707,Sitara-1
Sitara-1::conversation_3582827_4336.csv::s1,101,53,1,93,1,0.058823529411764705,0.0,0.0,0.9215686274509803,0.45098039215686275,0.0,0.19607843137254902,Sitara-1
Sitara-1::conversation_3583157_4336.csv::s1,44,44,1,36,1,0.09523809523809523,0.0,0.0,0.9047619047619048,0.2857142857142857,0.0,0.14285714285714285,Sitara-1
Sitara-1::conversation_3583157_4336.csv::s2,69,69,1,4,1,0.03225806451612903,0.0,0.0,0.7096774193548387,0.0967741935483871,0.0,0.16129032258064516,Sitara-1
Sitara-1::conversation_3583564_4336.csv::s1,18,18,0,10,1,0.0,0.0,0.0,0.9,0.1,0.0,0.2,Sitara-1
Sitara-1::conversation_3583564_4336.csv::s2,58,58,1,10,1,0.07142857142857142,0.03571428571428571,0.14285714285714285,0.6785714285714286,0.0,0.0,0.17857142857142858,Sitara-1
Sitara-1::conversation_3592610_4336.csv::s1,63,40,1,8,1,0.0967741935483871,0.06451612903225806,0.0,0.41935483870967744,0.12903225806451613,0.0,0.22580645161290322,Sitara-1
Sitara-1::conversation_3597138_4336.csv::s1,29,29,1,4,1,0.0,0.0,0.0,0.4666666666666667,0.13333333333333333,0.0,0.13333333333333333,Sitara-1
Sitara-1::conversation_3597138_4336.csv::s2,30,30,1,2,1,0.06666666666666667,0.0,0.2,0.9333333333333333,0.13333333333333333,0.0,0.4,Sitara-1
Sitara-1::conversation_3600598_4336.csv::s1,31,31,1,31,0,0.11764705882352941,0.0,0.0,0.17647058823529413,0.5882352941176471,0.0,0.058823529411764705,Sitara-1
Sitara-1::conversation_3600598_4336.csv::s2,61,61,1,59,1,0.03125,0.0625,0.03125,0.03125,0.25,0.0,0.15625,Sitara-1
Sitara-1::conversation_3600765_4336.csv::s1,26,26,1,26,0,0.14285714285714285,0.07142857142857142,0.0,0.14285714285714285,0.2857142857142857,0.0,0.07142857142857142,Sitara-1
Sitara-1::conversation_3600765_4336.csv::s2,32,32,1,19,1,0.125,0.125,0.25,0.0625,0.125,0.0625,0.0625,Sitara-1
Sitara-1::conversation_3600765_4336.csv::s3,32,7,1,32,0,0.17647058823529413,0.0,0.0,0.058823529411764705,0.058823529411764705,0.0,0.058823529411764705,Sitara-1
Sitara-1::conversation_3607679_4336.csv::s1,105,40,1,4,1,0.08163265306122448,0.04081632653061224,0.0,0.32653061224489793,0.1836734693877551,0.0,0.3673469387755102,Sitara-1
Sitara-1::conversation_3608753_4336.csv::s1,21,21,1,21,0,0.08333333333333333,0.0,0.0,0.16666666666666666,0.16666666666666666,0.0,0.08333333333333333,Sitara-1
Sitara-1::conversation_3608753_4336.csv::s2,45,45,1,31,1,0.047619047619047616,0.0,0.047619047619047616,0.47619047619047616,0.047619047619047616,0.0,0.0,Sitara-1
Sitara-1::conversation_3609689_4336.csv::s1,50,50,1,42,1,0.04,0.0,0.0,0.64,0.0,0.0,0.0,Sitara-1
Sitara-1::conversation_3609751_4336.csv::s1,27,27,1,16,1,0.14285714285714285,0.07142857142857142,0.0,0.6428571428571429,0.0,0.0,0.07142857142857142,Sitara-1
Sitara-1::conversation_3609751_4336.csv::s2,2,2,1,2,0,0.0,0.0,1.0,0.0,0.0,0.0,0.0,Sitara-1
Sitara-1::conversation_3609751_4336.csv::s3,50,32,1,20,1,0.08,0.08,0.0,0.4,0.08,0.0,0.12,Sitara-1
Sitara-1::conversation_3611235_4336.csv::s1,33,33,1,17,1,0.1875,0.0,0.0,0.8125,0.125,0.0,0.0,Sitara-1
Sitara-1::conversation_3611235_4336.csv::s2,99,99,1,9,1,0.041666666666666664,0.020833333333333332,0.041666666666666664,0.8541666666666666,0.16666666666666666,0.0,0.25,Sitara-1
Sitara-1::conversation_3612597_4336.csv::s1,76,76,1,11,1,0.05263157894736842,0.07894736842105263,0.0,0.4473684210526316,0.07894736842105263,0.0,0.02631578947368421,Sitara-1
Sitara-1::conversation_3615408_4336.csv::s1,42,42,1,13,1,0.14285714285714285,0.0,0.0,0.7142857142857143,0.047619047619047616,0.0,0.0,Sitara-1
Sitara-1::conversation_3621169_4336.csv::s1,30,30,1,14,1,0.07142857142857142,0.0,0.0,0.5714285714285714,0.07142857142857142,0.0,0.07142857142857142,Sitara-1
Sitara-1::conversation_3622058_4336.csv::s1,82,82,0,23,1,0.09523809523809523,0.0,0.0,0.11904761904761904,0.07142857142857142,0.0,0.11904761904761904,Sitara-1
Sitara-1::conversation_3626523_4336.csv::s1,26,26,0,26,0,0.13333333333333333,0.0,0.0,0.2,0.2,0.0,0.2,Sitara-1
Sitara-1::conversation_3626523_4336.csv::s2,32,32,1,32,0,0.0,0.0,0.0,0.375,0.0,0.0,0.0625,Sitara-1
Sitara-1::conversation_3626523_4336.csv::s3,32,32,1,18,1,0.125,0.0,0.0,0.0625,0.0,0.0,0.0,Sitara-1
Sitara-1::conversation_3627551_4336.csv::s1,55,55,0,16,1,0.1111111111111111,0.037037037037037035,0.0,0.0,0.14814814814814814,0.0,0.2222222222222222,Sitara-1
Sitara-1::conversation_3628759_4336.csv::s1,27,24,1,27,0,0.0,0.0,0.0,0.0,0.15384615384615385,0.15384615384615385,0.0,Sitara-1
Sitara-1::conversation_3628786_4336.csv::s1,86,86,1,13,1,0.06818181818181818,0.0,0.0,0.09090909090909091,0.045454545454545456,0.0,0.13636363636363635,Sitara-1
Sitara-1::conversation_3628786_4336.csv::s2,41,41,1,7,1,0.045454545454545456,0.0,0.2727272727272727,0.3181818181818182,0.045454545454545456,0.0,0.3181818181818182,Sitara-1
Sitara-1::conversation_3629097_4336.csv::s1,32,32,1,18,1,0.0,0.0,0.0,0.7647058823529411,0.11764705882352941,0.0,0.17647058823529413,Sitara-1
Sitara-1::conversation_3629097_4336.csv::s2,63,63,1,9,1,0.06451612903225806,0.06451612903225806,0.06451612903225806,0.8387096774193549,0.12903225806451613,0.0,0.16129032258064516,Sitara-1
Sitara-1::conversation_3630142_4336.csv::s1,70,62,1,13,1,0.1111111111111111,0.05555555555555555,0.0,0.5555555555555556,0.1388888888888889,0.0,0.19444444444444445,Sitara-1
Sitara-1::conversation_3630452_4336.csv::s1,33,30,1,19,1,0.11764705882352941,0.17647058823529413,0.0,0.5882352941176471,0.17647058823529413,0.0,0.11764705882352941,Sitara-1
Sitara-1::conversation_3630452_4336.csv::s2,57,57,1,35,1,0.03571428571428571,0.0,0.0,0.5357142857142857,0.0,0.03571428571428571,0.03571428571428571,Sitara-1
Sitara-1::conversation_3633289_4336.csv::s1,55,55,0,27,1,0.10714285714285714,0.0,0.0,0.7142857142857143,0.10714285714285714,0.0,0.03571428571428571,Sitara-1
Sitara-1::conversation_3635399_4336.csv::s1,60,21,1,60,0,0.06451612903225806,0.0,0.0,0.5806451612903226,0.25806451612903225,0.03225806451612903,0.0,Sitara-1
Sitara-1::conversation_3638627_4336.csv::s1,57,57,0,34,1,0.10344827586206896,0.0,0.0,0.8620689655172413,0.10344827586206896,0.0,0.1724137931034483,Sitara-1
Sitara-1::conversation_3638635_4336.csv::s1,28,28,1,23,1,0.06666666666666667,0.06666666666666667,0.0,0.6,0.2,0.0,0.0,Sitara-1
Sitara-1::conversation_3638635_4336.csv::s2,43,43,1,3,1,0.05,0.05,0.1,0.6,0.05,0.0,0.0,Sitara-1
Sitara-1::conversation_3641432_4336.csv::s1,98,80,1,24,1,0.02040816326530612,0.0,0.0,0.9387755102040817,0.30612244897959184,0.0,0.22448979591836735,Sitara-1
Sitara-1::conversation_3645304_4336.csv::s1,54,54,1,22,1,0.037037037037037035,0.0,0.0,0.8148148148148148,0.2962962962962963,0.037037037037037035,0.1111111111111111,Sitara-1
Sitara-1::conversation_3650268_4336.csv::s1,27,4,1,6,1,0.14285714285714285,0.0,0.0,0.9285714285714286,0.2857142857142857,0.0,0.2857142857142857,Sitara-1
Sitara-1::conversation_3650536_4336.csv::s1,24,24,1,24,0,0.0,0.0,0.0,0.9166666666666666,0.16666666666666666,0.0,0.0,Sitara-1
Sitara-1::conversation_3650536_4336.csv::s2,21,21,0,2,1,0.1,0.0,0.4,0.9,0.2,0.0,0.2,Sitara-1
Sitara-1::conversation_3662855_4336.csv::s1,40,40,1,40,0,0.0,0.0,0.0,0.0,0.6666666666666666,0.0,0.09523809523809523,Sitara-1
Sitara-1::conversation_3663533_4336.csv::s1,51,51,1,51,0,0.0,0.0,0.0,0.07407407407407407,0.48148148148148145,0.0,0.14814814814814814,Sitara-1
Sitara-1::conversation_3663916_4336.csv::s1,42,42,1,42,0,0.0,0.06896551724137931,0.0,0.10344827586206896,0.3448275862068966,0.0,0.0,Sitara-1
Sitara-1::conversation_723109_4336.csv::s1,71,71,1,17,1,0.2,0.02857142857142857,0.0,0.6571428571428571,0.11428571428571428,0.02857142857142857,0.08571428571428572,Sitara-1
Sitara-1::conversation_806869_4336.csv::s1,84,20,1,18,1,0.0851063829787234,0.10638297872340426,0.0,0.40425531914893614,0.06382978723404255,0.0,0.1276595744680851,Sitara-1
Sitara-1::conversation_888636_4336.csv::s1,61,9,1,22,1,0.16666666666666666,0.1388888888888889,0.0,0.6111111111111112,0.027777777777777776,0.0,0.08333333333333333,Sitara-1
Sitara-1::conversation_905636_4336.csv::s1,36,36,1,9,1,0.09090909090909091,0.0,0.0,0.7272727272727273,0.045454545454545456,0.0,0.045454545454545456,Sitara-1
Sitara-1::conversation_905636_4336.csv::s2,109,109,1,9,1,0.07575757575757576,0.030303030303030304,0.16666666666666666,0.7575757575757576,0.09090909090909091,0.015151515151515152,0.07575757575757576,Sitara-1
Sitara-1::conversation_959130_4336.csv::s1,49,49,1,30,1,0.07142857142857142,0.0,0.0,0.4642857142857143,0.03571428571428571,0.0,0.07142857142857142,Sitara-1
Sitara-1::conversation_959130_4336.csv::s2,45,45,1,45,0,0.125,0.08333333333333333,0.125,0.625,0.041666666666666664,0.0,0.125,Sitara-1
Sitara-1::conversation_972065_4336.csv::s1,44,44,1,28,1,0.045454545454545456,0.0,0.0,0.8636363636363636,0.09090909090909091,0.0,0.045454545454545456,Sitara-1
Sitara-2::conversation_1147079_4336.csv::s1,58,58,1,58,0,0.04878048780487805,0.0,0.0,0.5853658536585366,0.0975609756097561,0.0,0.2926829268292683,Sitara-2
Sitara-2::conversation_1396719_4336.csv::s1,29,29,1,1,1,0.16666666666666666,0.3333333333333333,0.0,0.7777777777777778,0.05555555555555555,0.0,0.16666666666666666,Sitara-2
Sitara-2::conversation_1860417_4336.csv::s1,36,36,0,36,0,0.0,0.0,0.0,0.6363636363636364,0.045454545454545456,0.0,0.3181818181818182,Sitara-2
Sitara-2::conversation_1879424_4336.csv::s1,40,17,1,31,1,0.2222222222222222,0.3333333333333333,0.0,0.14814814814814814,0.0,0.0,0.0,Sitara-2
Sitara-2::conversation_1898618_4336.csv::s1,38,18,1,24,1,0.24,0.08,0.0,0.24,0.08,0.08,0.0,Sitara-2
Sitara-2::conversation_2092151_4336.csv::s1,36,36,1,36,0,0.0,0.08,0.0,0.24,0.12,0.0,0.04,Sitara-2
Sitara-2::conversation_2397152_4336.csv::s1,38,6,1,10,1,0.045454545454545456,0.0,0.0,0.9090909090909091,0.09090909090909091,0.0,0.045454545454545456,Sitara-2
Sitara-2::conversation_3157764_4336.csv::s1,45,45,1,11,1,0.13043478260869565,0.0,0.0,0.9565217391304348,0.21739130434782608,0.0,0.5652173913043478,Sitara-2
Sitara-2::conversation_3157764_4336.csv::s2,52,52,1,11,1,0.037037037037037035,0.037037037037037035,0.2222222222222222,0.6666666666666666,0.07407407407407407,0.0,0.2962962962962963,Sitara-2
Sitara-2::conversation_3160815_4336.csv::s1,38,38,1,10,1,0.21739130434782608,0.08695652173913043,0.0,0.6086956521739131,0.0,0.0,0.08695652173913043,Sitara-2
Sitara-2::conversation_3400476_4336.csv::s1,27,27,0,5,1,0.0625,0.125,0.0,0.6875,0.0625,0.0,0.3125,Sitara-2
Sitara-2::conversation_3400476_4336.csv::s2,43,43,1,8,1,0.04,0.08,0.04,0.76,0.0,0.0,0.16,Sitara-2
Sitara-2::conversation_3413532_4336.csv::s1,28,28,1,7,1,0.0,0.06666666666666667,0.0,0.8,0.13333333333333333,0.0,0.06666666666666667,Sitara-2
Sitara-2::conversation_3413532_4336.csv::s2,81,81,1,9,1,0.1111111111111111,0.0,0.0,0.28888888888888886,0.022222222222222223,0.022222222222222223,0.08888888888888889,Sitara-2
Sitara-2::conversation_3600087_4336.csv::s1,80,68,1,22,1,0.021739130434782608,0.021739130434782608,0.0,0.5217391304347826,0.06521739130434782,0.043478260869565216,0.30434782608695654,Sitara-2
Sitara-2::conversation_3600087_4336.csv::s2,142,142,0,2,1,0.01282051282051282,0.5384615384615384,0.0,0.7948717948717948,0.08974358974358974,0.0,0.10256410256410256,Sitara-2
Sitara-2::conversation_360686_4336.csv::s1,32,30,1,3,1,0.09523809523809523,0.0,0.0,0.14285714285714285,0.0,0.0,0.0,Sitara-2
Sitara-2::conversation_3846434_4336.csv::s1,50,39,1,6,1,0.12121212121212122,0.0,0.0,0.21212121212121213,0.0,0.0,0.06060606060606061,Sitara-2
Sitara-2::conversation_3922798_4336.csv::s1,37,37,1,16,1,0.043478260869565216,0.043478260869565216,0.0,0.13043478260869565,0.0,0.0,0.043478260869565216,Sitara-2
Sitara-2::conversation_4027814_4336.csv::s1,77,77,1,40,1,0.26666666666666666,0.0,0.0,0.13333333333333333,0.3111111111111111,0.0,0.13333333333333333,Sitara-2
Sitara-2::conversation_4031241_4336.csv::s1,59,11,1,5,1,0.11764705882352941,0.20588235294117646,0.0,0.11764705882352941,0.0,0.0,0.0,Sitara-2
Sitara-2::conversation_4048877_4336.csv::s1,33,33,0,19,1,0.05555555555555555,0.05555555555555555,0.0,0.5555555555555556,0.05555555555555555,0.0,0.5,Sitara-2
Sitara-2::conversation_4185968_4336.csv::s1,48,48,0,20,1,0.12,0.0,0.0,0.72,0.0,0.0,0.56,Sitara-2
Sitara-2::conversation_4318987_4336.csv::s1,47,47,1,38,1,0.0,0.03333333333333333,0.0,0.6,0.0,0.03333333333333333,0.1,Sitara-2
Sitara-2::conversation_4403950_4336.csv::s1,55,55,1,29,1,0.21875,0.125,0.0,0.6875,0.03125,0.0,0.0625,Sitara-2
Sitara-2::conversation_4403950_4336.csv::s2,26,26,1,26,0,0.1875,0.0,0.25,0.6875,0.0625,0.0,0.0,Sitara-2
Sitara-2::conversation_4613992_4336.csv::s1,38,10,1,38,0,0.0,0.08,0.0,0.6,0.12,0.04,0.16,Sitara-2
Sitara-2::conversation_4676678_4336.csv::s1,45,45,1,14,1,0.15384615384615385,0.07692307692307693,0.0,0.46153846153846156,0.038461538461538464,0.0,0.038461538461538464,Sitara-2
Sitara-2::conversation_4692098_4336.csv::s1,37,37,1,10,1,0.043478260869565216,0.34782608695652173,0.0,0.6956521739130435,0.0,0.0,0.17391304347826086,Sitara-2
Sitara-2::conversation_4802466_4336.csv::s1,46,46,1,10,1,0.03571428571428571,0.5,0.0,0.6785714285714286,0.03571428571428571,0.0,0.03571428571428571,Sitara-2
Sitara-2::conversation_5133396_4336.csv::s1,34,26,1,22,1,0.125,0.041666666666666664,0.0,0.20833333333333334,0.0,0.0,0.08333333333333333,Sitara-2
Sitara-2::conversation_5152309_4336.csv::s1,40,36,1,23,1,0.0,0.0,0.0,0.6363636363636364,0.13636363636363635,0.0,0.5909090909090909,Sitara-2
Sitara-2::conversation_5156256_4336.csv::s1,40,25,1,7,1,0.08333333333333333,0.0,0.0,0.4166666666666667,0.0,0.0,0.125,Sitara-2
Sitara-2::conversation_5156703_4336.csv::s1,37,37,1,31,1,0.0,0.1,0.0,0.15,0.05,0.0,0.0,Sitara-2
Sitara-2::conversation_5156709_4336.csv::s1,37,37,1,19,1,0.04,0.24,0.0,0.12,0.08,0.0,0.12,Sitara-2
Sitara-2::conversation_5158599_4336.csv::s1,54,54,1,13,1,0.0,0.34285714285714286,0.0,0.2,0.0,0.0,0.0,Sitara-2
Sitara-2::conversation_5160856_4336.csv::s1,48,48,1,43,1,0.06451612903225806,0.25806451612903225,0.0,0.41935483870967744,0.22580645161290322,0.0,0.0967741935483871,Sitara-2
Sitara-2::conversation_5161092_4336.csv::s1,71,24,1,71,0,0.10256410256410256,0.05128205128205128,0.0,0.6153846153846154,0.02564102564102564,0.0,0.02564102564102564,Sitara-2
Sitara-2::conversation_5161202_4336.csv::s1,38,38,1,36,1,0.041666666666666664,0.041666666666666664,0.0,0.2916666666666667,0.041666666666666664,0.0,0.0,Sitara-2
Sitara-2::conversation_5162157_4336.csv::s1,26,4,1,17,1,0.0625,0.0,0.0,0.5,0.0625,0.0625,0.0,Sitara-2
Sitara-2::conversation_5166849_4336.csv::s1,46,30,1,16,1,0.03571428571428571,0.35714285714285715,0.0,0.42857142857142855,0.0,0.0,0.0,Sitara-2
Sitara-2::conversation_5167954_4336.csv::s1,37,2,1,37,0,0.045454545454545456,0.13636363636363635,0.0,0.5454545454545454,0.045454545454545456,0.045454545454545456,0.0,Sitara-2
Sitara-2::conversation_5168464_4336.csv::s1,51,51,1,48,1,0.1111111111111111,0.07407407407407407,0.0,0.7407407407407407,0.07407407407407407,0.0,0.3333333333333333,Sitara-2
Sitara-2::conversation_5169327_4336.csv::s1,34,34,1,34,0,0.047619047619047616,0.047619047619047616,0.0,0.9047619047619048,0.047619047619047616,0.0,0.19047619047619047,Sitara-2
Sitara-2::conversation_5178039_4336.csv::s1,44,44,1,28,1,0.10344827586206896,0.06896551724137931,0.0,0.6896551724137931,0.0,0.034482758620689655,0.1724137931034483,Sitara-2
Sitara-2::conversation_5179243_4336.csv::s1,40,40,1,14,1,0.0,0.30434782608695654,0.0,0.13043478260869565,0.0,0.0,0.043478260869565216,Sitara-2
Sitara-2::conversation_5181346_4336.csv::s1,25,25,1,11,1,0.07142857142857142,0.07142857142857142,0.0,0.07142857142857142,0.42857142857142855,0.0,0.42857142857142855,Sitara-2
Sitara-2::conversation_5181346_4336.csv::s2,64,62,1,28,1,0.15,0.125,0.125,0.5,0.3,0.025,0.275,Sitara-2
Sitara-2::conversation_5182178_4336.csv::s1,22,22,1,22,0,0.07142857142857142,0.07142857142857142,0.0,0.2857142857142857,0.21428571428571427,0.0,0.07142857142857142,Sitara-2
Sitara-2::conversation_5182178_4336.csv::s2,35,28,1,3,1,0.16666666666666666,0.16666666666666666,0.5555555555555556,0.2777777777777778,0.3333333333333333,0.0,0.3333333333333333,Sitara-2
Sitara-2::conversation_5191664_4336.csv::s1,22,19,1,3,1,0.3333333333333333,0.08333333333333333,0.0,0.3333333333333333,0.0,0.0,0.08333333333333333,Sitara-2
Sitara-2::conversation_5191664_4336.csv::s2,32,32,1,11,1,0.23529411764705882,0.23529411764705882,0.4117647058823529,0.17647058823529413,0.0,0.0,0.23529411764705882,Sitara-2
Sitara-2::conversation_5192014_4336.csv::s1,51,7,1,3,1,0.125,0.21875,0.0,0.34375,0.03125,0.0,0.0,Sitara-2
Sitara-2::conversation_5192076_4336.csv::s1,45,24,1,3,1,0.034482758620689655,0.4482758620689655,0.0,0.5172413793103449,0.0,0.0,0.0,Sitara-2
Sitara-2::conversation_5192596_4336.csv::s1,38,38,0,13,1,0.04,0.0,0.0,0.12,0.08,0.04,0.2,Sitara-2
Sitara-2::conversation_5193850_4336.csv::s1,23,23,1,23,0,0.0,0.0,0.0,0.3333333333333333,0.0,0.13333333333333333,0.13333333333333333,Sitara-2
Sitara-2::conversation_5193850_4336.csv::s2,85,48,1,6,1,0.061224489795918366,0.08163265306122448,0.20408163265306123,0.7551020408163265,0.14285714285714285,0.04081632653061224,0.22448979591836735,Sitara-2
Sitara-2::conversation_5196863_4336.csv::s1,55,55,1,23,1,0.0,0.16216216216216217,0.0,0.40540540540540543,0.08108108108108109,0.0,0.10810810810810811,Sitara-2
Sitara-2::conversation_5198046_4336.csv::s1,42,42,1,11,1,0.04,0.28,0.0,0.76,0.04,0.0,0.12,Sitara-2
Sitara-2::conversation_5200278_4336.csv::s1,41,41,1,19,1,0.07692307692307693,0.23076923076923078,0.0,0.6538461538461539,0.038461538461538464,0.0,0.11538461538461539,Sitara-2
Sitara-2::conversation_5200655_4336.csv::s1,22,22,1,8,1,0.07692307692307693,0.0,0.0,0.0,0.0,0.0,0.0,Sitara-2
Sitara-2::conversation_5200655_4336.csv::s2,77,72,1,7,1,0.1276595744680851,0.0,0.0,0.0,0.10638297872340426,0.0,0.0425531914893617,Sitara-2
Sitara-2::conversation_5200660_4336.csv::s1,57,16,1,57,0,0.12903225806451613,0.03225806451612903,0.0,0.6451612903225806,0.0,0.03225806451612903,0.06451612903225806,Sitara-2
Sitara-2::conversation_5201522_4336.csv::s1,39,12,1,39,0,0.041666666666666664,0.08333333333333333,0.0,0.7083333333333334,0.20833333333333334,0.0,0.3333333333333333,Sitara-2
Sitara-2::conversation_5203512_4336.csv::s1,58,58,1,29,1,0.06451612903225806,0.0,0.0,0.2903225806451613,0.12903225806451613,0.0,0.0967741935483871,Sitara-2
Sitara-2::conversation_5205817_4336.csv::s1,50,50,1,38,1,0.15384615384615385,0.15384615384615385,0.0,0.11538461538461539,0.11538461538461539,0.0,0.4230769230769231,Sitara-2
Sitara-2::conversation_5208311_4336.csv::s1,39,39,1,35,1,0.043478260869565216,0.17391304347826086,0.0,0.17391304347826086,0.0,0.0,0.043478260869565216,Sitara-2
Sitara-2::conversation_5210027_4336.csv::s1,41,41,0,41,0,0.4090909090909091,0.0,0.0,0.7272727272727273,0.13636363636363635,0.0,0.36363636363636365,Sitara-2
Sitara-2::conversation_5210404_4336.csv::s1,55,55,1,20,1,0.05714285714285714,0.42857142857142855,0.0,0.6857142857142857,0.08571428571428572,0.0,0.14285714285714285,Sitara-2
Sitara-2::conversation_5211190_4336.csv::s1,41,41,1,41,0,0.04,0.08,0.0,0.68,0.08,0.04,0.12,Sitara-2
Sitara-2::conversation_5212476_4336.csv::s1,47,45,1,22,1,0.07142857142857142,0.17857142857142858,0.0,0.8214285714285714,0.03571428571428571,0.0,0.03571428571428571,Sitara-2
Sitara-2::conversation_5213900_4336.csv::s1,49,45,1,47,1,0.08,0.04,0.0,0.92,0.2,0.0,0.24,Sitara-2
Sitara-2::conversation_5214285_4336.csv::s1,36,36,1,27,1,0.1,0.15,0.0,0.9,0.05,0.0,0.25,Sitara-2
Sitara-2::conversation_5218413_4336.csv::s1,9,9,0,9,0,0.2,0.0,0.0,0.6,0.0,0.0,0.2,Sitara-2
Sitara-2::conversation_5218413_4336.csv::s2,56,56,0,41,1,0.21875,0.03125,0.0,0.46875,0.0625,0.0,0.5,Sitara-2
Sitara-2::conversation_5226060_4336.csv::s1,32,32,0,32,0,0.21052631578947367,0.0,0.0,0.3157894736842105,0.15789473684210525,0.05263157894736842,0.3157894736842105,Sitara-2
Sitara-2::conversation_5226060_4336.csv::s2,66,66,0,17,1,0.1111111111111111,0.027777777777777776,0.0,0.8333333333333334,0.2222222222222222,0.0,0.3055555555555556,Sitara-2
Sitara-2::conversation_5227466_4336.csv::s1,44,44,1,2,1,0.13636363636363635,0.09090909090909091,0.0,0.8636363636363636,0.0,0.0,0.045454545454545456,Sitara-2
Sitara-2::conversation_5227780_4336.csv::s1,37,37,1,13,1,0.08695652173913043,0.043478260869565216,0.0,0.8260869565217391,0.13043478260869565,0.0,0.2608695652173913,Sitara-2
Sitara-2::conversation_5229089_4336.csv::s1,52,30,1,52,0,0.034482758620689655,0.06896551724137931,0.0,0.0,0.2413793103448276,0.0,0.4482758620689655,Sitara-2
Sitara-2::conversation_5229616_4336.csv::s1,18,18,1,18,0,0.0,0.0,0.0,0.1,0.1,0.0,0.2,Sitara-2
Sitara-2::conversation_5229616_4336.csv::s2,33,33,0,33,0,0.21052631578947367,0.0,0.21052631578947367,0.10526315789473684,0.05263157894736842,0.0,0.3684210526315789,Sitara-2
Sitara-2::conversation_5229616_4336.csv::s3,38,38,0,38,0,0.43478260869565216,0.043478260869565216,0.6086956521739131,0.43478260869565216,0.08695652173913043,0.0,0.4782608695652174,Sitara-2
Sitara-2::conversation_5229679_4336.csv::s1,45,45,1,17,1,0.0,0.2,0.0,0.72,0.12,0.0,0.16,Sitara-2
Sitara-2::conversation_5229880_4336.csv::s1,111,111,1,20,1,0.015384615384615385,0.2923076923076923,0.0,0.5230769230769231,0.0,0.015384615384615385,0.046153846153846156,Sitara-2
Sitara-2::conversation_5230182_4336.csv::s1,25,25,1,20,1,0.0,0.0,0.0,0.5,0.0,0.0,0.16666666666666666,Sitara-2
Sitara-2::conversation_5230182_4336.csv::s2,11,9,1,2,1,0.0,0.0,0.16666666666666666,0.0,0.0,0.0,0.0,Sitara-2
Sitara-2::conversation_5232430_4336.csv::s1,48,48,0,48,1,0.07407407407407407,0.037037037037037035,0.0,0.6666666666666666,0.037037037037037035,0.037037037037037035,0.14814814814814814,Sitara-2
Sitara-2::conversation_5233496_4336.csv::s1,37,27,1,18,1,0.09523809523809523,0.047619047619047616,0.0,0.7142857142857143,0.23809523809523808,0.0,0.3333333333333333,Sitara-2
Sitara-2::conversation_5235104_4336.csv::s1,43,23,1,15,1,0.125,0.041666666666666664,0.0,0.625,0.0,0.0,0.0,Sitara-2
Sitara-2::conversation_5236467_4336.csv::s1,37,37,1,6,1,0.2,0.0,0.0,0.0,0.1,0.0,0.25,Sitara-2
Sitara-2::conversation_5241672_4336.csv::s1,47,24,1,4,1,0.03571428571428571,0.17857142857142858,0.0,0.39285714285714285,0.03571428571428571,0.03571428571428571,0.03571428571428571,Sitara-2
Sitara-2::conversation_5244133_4336.csv::s1,37,37,1,20,1,0.041666666666666664,0.041666666666666664,0.0,0.16666666666666666,0.08333333333333333,0.0,0.0,Sitara-2
Sitara-2::conversation_5246045_4336.csv::s1,62,62,1,38,1,0.09090909090909091,0.30303030303030304,0.0,0.5757575757575758,0.09090909090909091,0.0,0.12121212121212122,Sitara-2
Sitara-2::conversation_5251163_4336.csv::s1,67,64,1,16,1,0.029411764705882353,0.17647058823529413,0.0,0.6176470588235294,0.08823529411764706,0.0,0.11764705882352941,Sitara-2
Sitara-2::conversation_5255303_4336.csv::s1,6,6,1,6,0,0.0,0.0,0.0,0.3333333333333333,0.0,0.0,0.0,Sitara-2
Sitara-2::conversation_5255303_4336.csv::s2,50,50,1,15,1,0.037037037037037035,0.37037037037037035,0.0,0.2962962962962963,0.0,0.0,0.0,Sitara-2
Sitara-2::conversation_5255752_4336.csv::s1,40,34,1,11,1,0.041666666666666664,0.20833333333333334,0.0,0.125,0.16666666666666666,0.0,0.08333333333333333,Sitara-2
Sitara-2::conversation_5256384_4336.csv::s1,38,38,1,33,1,0.0,0.19047619047619047,0.0,0.38095238095238093,0.047619047619047616,0.0,0.09523809523809523,Sitara-2
Sitara-2::conversation_5258219_4336.csv::s1,32,32,1,32,0,0.1,0.1,0.0,0.05,0.0,0.0,0.1,Sitara-2
Sitara-2::conversation_5259595_4336.csv::s1,48,48,0,48,1,0.1,0.16666666666666666,0.0,0.03333333333333333,0.1,0.03333333333333333,0.1,Sitara-2
Sitara-2::conversation_5259595_4336.csv::s2,46,46,1,21,1,0.14285714285714285,0.14285714285714285,0.6071428571428571,0.21428571428571427,0.14285714285714285,0.0,0.17857142857142858,Sitara-2
Sitara-2::conversation_5259865_4336.csv::s1,38,38,1,38,0,0.09090909090909091,0.09090909090909091,0.0,0.6818181818181818,0.18181818181818182,0.0,0.22727272727272727,Sitara-2
Sitara-2::conversation_5261285_4336.csv::s1,41,41,1,12,1,0.08333333333333333,0.08333333333333333,0.0,0.75,0.041666666666666664,0.0,0.041666666666666664,Sitara-2
Sitara-2::conversation_5261384_4336.csv::s1,63,63,1,20,1,0.058823529411764705,0.0,0.0,0.9117647058823529,0.23529411764705882,0.0,0.38235294117647056,Sitara-2
Sitara-2::conversation_5262094_4336.csv::s1,39,39,1,26,1,0.04,0.04,0.0,0.76,0.04,0.0,0.28,Sitara-2
Sitara-2::conversation_5262692_4336.csv::s1,75,34,1,29,1,0.047619047619047616,0.047619047619047616,0.0,0.7380952380952381,0.11904761904761904,0.0,0.40476190476190477,Sitara-2
Sitara-2::conversation_5263693_4336.csv::s1,30,30,1,9,1,0.16666666666666666,0.16666666666666666,0.0,0.8888888888888888,0.0,0.0,0.0,Sitara-2
Sitara-2::conversation_5263693_4336.csv::s2,56,56,1,56,0,0.08108108108108109,0.08108108108108109,0.0,0.6216216216216216,0.0,0.0,0.0,Sitara-2
Sitara-2::conversation_5263918_4336.csv::s1,140,55,1,140,0,0.04819277108433735,0.012048192771084338,0.0,0.5542168674698795,0.3253012048192771,0.0,0.3132530120481928,Sitara-2
Sitara-2::conversation_5267920_4336.csv::s1,44,39,1,4,1,0.043478260869565216,0.0,0.0,0.8260869565217391,0.0,0.0,0.043478260869565216,Sitara-2
Sitara-2::conversation_5268908_4336.csv::s1,42,42,1,2,1,0.0,0.0,0.0,0.76,0.08,0.0,0.04,Sitara-2
Sitara-2::conversation_5270185_4336.csv::s1,58,58,0,18,1,0.15625,0.03125,0.0,0.71875,0.0625,0.0,0.5625,Sitara-2
Sitara-2::conversation_5272159_4336.csv::s1,47,6,1,47,0,0.11538461538461539,0.07692307692307693,0.0,0.23076923076923078,0.038461538461538464,0.0,0.19230769230769232,Sitara-2
Sitara-2::conversation_5272159_4336.csv::s2,48,48,1,2,1,0.07692307692307693,0.038461538461538464,0.34615384615384615,0.5384615384615384,0.0,0.0,0.4230769230769231,Sitara-2
Sitara-2::conversation_5274718_4336.csv::s1,54,23,1,52,1,0.0,0.16129032258064516,0.0,0.41935483870967744,0.03225806451612903,0.0,0.25806451612903225,Sitara-2
Sitara-2::conversation_646444_4336.csv::s1,42,42,0,42,0,0.16666666666666666,0.041666666666666664,0.0,0.5833333333333334,0.041666666666666664,0.041666666666666664,0.08333333333333333,Sitara-2
Sitara-2::conversation_958699_4336.csv::s1,88,88,1,48,1,0.09615384615384616,0.019230769230769232,0.0,0.75,0.3076923076923077,0.019230769230769232,0.09615384615384616,Sitara-2
Sitara-2::conversation_974494_4336.csv::s1,62,8,1,62,0,0.09375,0.375,0.0,0.375,0.09375,0.0,0.125,Sitara-2
