Date,Time,Sender Name,Sender ID,Message
2026-07-23,11:06:08,Astro Ashtansh,1634753,Aur aise Yog mein hone ke Karan aap har sthiti Vishesh Roop se Safal hone ka Yog hai
2026-07-23,11:05:49,Astro Ashtansh,1634753,Luxury Sukh aur luxury gadiyon ka Yog banaa hua Hai
2026-07-23,11:05:43,Astro Ashtansh,1634753,Aur shukr ka Kshetra bada hone ke Karan
2026-07-23,11:05:35,Astro Ashtansh,1634753,Aur aapke pass himmat aur sahas Mangal Vishesh Roop se diye hue hain support bhi kar rahe hain
2026-07-23,11:05:08,Astro Ashtansh,1634753,Aur Mangal Rekha hai aapko bahut jyada sahayata pradan kar rahi hai
2026-07-23,11:04:32,Astro Ashtansh,1634753,Tabhi vah aage badh pata Hai tabhi achcha kar pata hai
2026-07-23,11:04:05,Astro Ashtansh,1634753,Lekin Kalpana karna bhi chahie
2026-07-23,11:03:50,Astro Ashtansh,1634753,Kyunki Kisi Na Kisi Karan se paise kharch Ho jaate Hain
2026-07-23,11:03:44,Astro Ashtansh,1634753,Main vahi dekh raha hun ki tarkki jo aapki ruki Hui Hai chandrama auron ke Karan aage nahin badh Pa Rahi
2026-07-23,11:03:31,mohina,3753418,Hanji
2026-07-23,11:03:24,Astro Ashtansh,1634753,Paise jyada kharch ho jaate Hain
2026-07-23,11:03:23,mohina,3753418,Par taraki bhi ho
2026-07-23,11:03:18,Astro Ashtansh,1634753,Lekin aapke paise jyada kharch hote honge
2026-07-23,11:02:56,Astro Ashtansh,1634753,Hath ki Rekha ko dekhne se pata chalta Hai ki Guru ka amount aur Surya ka Mount bahut hi achcha hai bahut hi best hai
2026-07-23,11:02:44,Astro Ashtansh,1634753,Aur jo problems a rahe hain bilkul nahin aaenge
2026-07-23,11:02:39,Astro Ashtansh,1634753,Ise aapko tatkal Vishesh Labh milane lagega
2026-07-23,11:02:12,Astro Ashtansh,1634753,Kisi Garib ko Dan kar dijiye
2026-07-23,11:02:04,Astro Ashtansh,1634753,Kala urad Kala til Kala kapda Apne barabar ka kala dhaaga kala chhata kala chappal aur kuchh paisa
2026-07-23,11:01:48,Astro Ashtansh,1634753,Aur kisi Shaniwar ke din
2026-07-23,11:01:26,Astro Ashtansh,1634753,Ji aapko ketu ke liye bhi upay karna hai to
2026-07-23,10:59:18,mohina,3753418,Ok
2026-07-23,10:59:11,Astro Ashtansh,1634753,Vahi Ham dekh rahe hain aap Thoda Sa samay do
2026-07-23,10:58:53,mohina,3753418,Ketu ka kya kare
2026-07-23,10:56:49,Astro Ashtansh,1634753,Ham aapke hath ki Rekha ko aapki kundli Se match karke Bata rahe hain
2026-07-23,10:56:38,mohina,3753418,Right
2026-07-23,10:56:36,Astro Ashtansh,1634753,Aapane bahut achcha Kiya
2026-07-23,10:55:48,Astro Ashtansh,1634753,Aap right bhi send kar do
2026-07-23,10:55:47,mohina,3753418,Left
2026-07-23,10:55:36,Astro Ashtansh,1634753,Ketu ki sthiti kya hai aur aage kya ho sakta hai
2026-07-23,10:55:30,Astro Ashtansh,1634753,Lekin main vahi hath ki Rekha se confirm kar raha hun
2026-07-23,10:55:22,Astro Ashtansh,1634753,Aur competition mein baith kar dekh raha hai jise bade pad ka Yog hote hue bhi aap bade pad per nahin Ja Pa rahe hain
2026-07-23,10:55:14,Astro Ashtansh,1634753,Kyunki ketu aapke carier bhav ko dekh rahe hain
2026-07-23,10:54:41,Astro Ashtansh,1634753,Aur aapko bilkul nishchit Hi jaane ka Yog hai aur aap nishchit hi Ja sakti hai
2026-07-23,10:54:15,Astro Ashtansh,1634753,Dekhiae Sabse Badi baat kya hai mohina ji
2026-07-23,10:53:04,Astro Ashtansh,1634753,Labh ka Yog to hai hi kundli mein aur itna jata hai ki bahut achcha Labh Milana chahie
2026-07-23,10:52:45,mohina,3753418,Labh kaise milega
2026-07-23,10:52:18,Astro Ashtansh,1634753,Theek hai main bata raha hun
2026-07-23,10:51:29,Astro Ashtansh,1634753,Aur carier mein Vishesh growth Banta hua dikhai de raha hai
2026-07-23,10:51:15,Astro Ashtansh,1634753,Ismein acche job ka Yog
2026-07-23,10:50:57,Astro Ashtansh,1634753,Kyunki Jo kundli hai
2026-07-23,10:50:43,Astro Ashtansh,1634753,Lekin uska Labh aapko nahin Mil Pa raha hai
2026-07-23,10:50:39,Astro Ashtansh,1634753,Dekho Sabse Badi baat kya hai aapki kundli mein rajyog ka prabhav hai aur bahut Safal Yog ka prabhav hai
2026-07-23,10:49:32,mohina,3753418,9
2026-07-23,10:49:19,Astro Ashtansh,1634753,Aap ek se 10 ke bich mein Koi sankhya chunkar batana to
2026-07-23,10:49:08,Astro Ashtansh,1634753,Aur hamare dekhne se jo problem aapko ban raha hai vah Kisi bhi tarah Se Kisi bhi prakar se vah problem FIR nahin rahega
2026-07-23,10:48:33,Astro Ashtansh,1634753,Aur ek baat aur Jaan Lo aap yah problem aapke liye koi bahut badi nahin hai isliye chhote se upay Se Hi sab kuchh aap Sahi kar sakte ho
2026-07-23,10:47:59,Astro Ashtansh,1634753,Thoda sa aap chandrama ko majbut kar lo sari samasya dur ho jayegi kyunki chandrama ke kamjor hone ke Karan Aisa Ho Raha Hai
2026-07-23,10:47:21,Astro Ashtansh,1634753,Maine aapki kundli Ko dekha Hai
2026-07-23,10:47:14,Astro Ashtansh,1634753,Dekho ise aap tension mat lo kyunki problem to hai lekin itna bada problem nahin hai ki aapko itna tension nahin Lena chahie kyunki
2026-07-23,10:46:56,mohina,3753418,Shaadi ka bhi batana
2026-07-23,10:46:34,mohina,3753418,Ok ji
2026-07-23,10:46:06,Astro Ashtansh,1634753,Theek hai Ham aapki kundli ko read karte hain FIR aapko batate Hain
2026-07-23,10:45:37,Astro Ashtansh,1634753,Jay Shri Krishna
2026-07-23,10:45:25,mohina,3753418,Chest problem rehti hai
2026-07-23,10:45:04,Astrolokal,0,"Welcome to AstroLokal! Please share your question. It usually takes around 2 minutes for the astrologer to read your horoscope, so we request your patience. 🙏"
2026-07-23,10:45:04,mohina,3753418,"Hi Astro Ashtansh,
Below are my details:

Name - mohina
Gender - Female
DOB - 09 October, 1993
TOB - 12:30 PM
POB - Chandigarh, India"
2026-07-23,10:45:04,Astrolokal,0,Consultation started for #3c5d2421-4e67-4b12-a319-f5f0395e5337
2026-07-23,11:47:58,mohina,3753418,Theek hai kitni baar
2026-07-23,11:47:36,Astro Ashtansh,1634753,
2026-07-23,11:47:32,mohina,3753418,Kya karna hai
2026-07-23,11:47:26,mohina,3753418,Hnji
2026-07-23,11:46:47,Astro Ashtansh,1634753,Ho sake to
2026-07-23,11:46:34,Astro Ashtansh,1634753,Aap subah snan karne ke bad
2026-07-23,11:46:19,Astro Ashtansh,1634753,Isliye maine socha ki jo negative prabhav hai usko Kisi tarah Se dur kiya jaaye
2026-07-23,11:46:11,Astro Ashtansh,1634753,Ise to pata chalta Hai ki jivan mein abhi bahut kuchh aapko Pana Hai bahut kuchh karna hai
2026-07-23,11:45:59,Astro Ashtansh,1634753,Kyunki humne aapki kundli ko bahut bariki aur acchi tarike Se dekha Hai
2026-07-23,11:45:43,mohina,3753418,Ok
2026-07-23,11:45:06,Astro Ashtansh,1634753,Aisa karne se bilkul Kisi ki najar bhi nahin lagegi aur future mein kahin Se Koi prabhav Koi negative prabhav nahin rahega
2026-07-23,11:44:51,Astro Ashtansh,1634753,Panch nimbu lekar sar ke upar Se clockwise ghumakar Katkar use Bahar fenk dijiye
2026-07-23,11:44:40,Astro Ashtansh,1634753,Aap har mahine ke last mangalwar aur last Shaniwar ko
2026-07-23,11:44:32,Astro Ashtansh,1634753,Lekin main iske liye aapko batana chahunga
2026-07-23,11:43:23,Astro Ashtansh,1634753,Isiliye Maine ketu ke prabhav Ko jab dekha Hai tabhi humko Laga Hai ki is tarah ke problem aapko ho rahe hain jabki kundli ke according aapko bahut aage badh Jana chahie Tha ab Tak acchi safalta hasil kar lena chahie
2026-07-23,11:42:58,Astro Ashtansh,1634753,Vahi baat hai
2026-07-23,11:42:36,Astro Ashtansh,1634753,Aur aapko bilkul najar bhi nahin lagegi
2026-07-23,11:42:32,Astro Ashtansh,1634753,Isiliye Maine aapka face healing bhi ki to Mantra ke dwara kar Raha Hun ki Jaise future mein aapko negative urja ka koi prabhav na rahegi
2026-07-23,11:42:04,Astro Ashtansh,1634753,Bahut achcha karti thi
2026-07-23,11:41:52,Astro Ashtansh,1634753,Jab bhi aap achcha karna ke liye sochenge tabhi kuchh Na kuchh rukavat Hai a jaati Hai
2026-07-23,11:41:51,mohina,3753418,Mein kaan k piche kala tikka lagati hu
2026-07-23,11:41:42,Astro Ashtansh,1634753,Kyunki Rahu ketu se prabhav mein aisa hota hai ISI Karan se aapko najar Hi lag jaati Hai
2026-07-23,11:41:30,Astro Ashtansh,1634753,Aap negative chijon per jyada Vishwas karti hai
2026-07-23,11:41:02,Astro Ashtansh,1634753,Aur andar Se harassment ho jata hai kuchh karne ki ichcha nahin karegi
2026-07-23,11:40:46,Astro Ashtansh,1634753,Ketu ke dwara Rahu ke dwara aisi sthiti a jaati hai aapko najar bahut jyada lagta hai
2026-07-23,11:40:40,mohina,3753418,Ya pehle raha ho
2026-07-23,11:40:32,mohina,3753418,Mere mein koi negative energy ka prabhav toh ni
2026-07-23,11:37:27,mohina,3753418,Ok ji
2026-07-23,11:37:08,Astro Ashtansh,1634753,Aap bilkul chinta mat kariye Mantra ka Jaap chal raha hai
2026-07-23,11:33:12,Astro Ashtansh,1634753,Abhi Ham ketu Mantra ke dwara healing kar dete Hain sab kuchh clear hoga aur jald hoga
2026-07-23,11:32:59,Astro Ashtansh,1634753,Theek hai aapane bahut achcha Kiya
2026-07-23,11:32:59,mohina,3753418,Halke mein lekar matlb
2026-07-23,11:32:28,mohina,3753418,Yeh just abhi ki hai
2026-07-23,11:31:42,Astro Ashtansh,1634753,Chahe aapki kundli Ko Maine dekha ya hath ki Rekha Ko dekha har taraf se aapko achcha Hi karte dikhaye
2026-07-23,11:31:34,Astro Ashtansh,1634753,Aur aap apne ko halke mein lekar bilkul mat chalo
2026-07-23,11:30:39,Astro Ashtansh,1634753,Aisa main kar dena chahta hun
2026-07-23,11:30:26,Astro Ashtansh,1634753,Kyunki ketu ka kuchh Aisa main abhi upay kar deta hun healing ke dwara ki sab kuchh jald sahi ho jaaye
2026-07-23,11:29:31,Astro Ashtansh,1634753,Usko aap send Karen
2026-07-23,11:29:27,Astro Ashtansh,1634753,Aapka Jo naya photo Ho Koi Vishesh Jo idhar najdeek ka Ho
2026-07-23,11:29:20,Astro Ashtansh,1634753,Aur Shayad Maine jo aapko upay bataya Hai is upay se ketu bilkul aapke liye positive prabhav dalne lagenge aur aap bilkul bahut acche karne lagenge sab chijen aapki acchi Ho jaayengi jaisa chahenge vaisa hone lagega aur sari chijen acchi Ho jaayengi
2026-07-23,11:29:01,Astro Ashtansh,1634753,Keval kuchh samay ke liye Jaise aapka achcha nahin Ho Pa raha hai kyunki Main dekh raha hun ki Guru Buddh ke prabhav ke Karan ketu bhi kuchh kar nahin Pa rahe hain lekin jarur kuchh rukavaten abhi Dale hue hain
2026-07-23,11:28:36,Astro Ashtansh,1634753,Lekin Sabse Badi baat Ko maine aapko bataya hai ki tu ka prabhav ismein ketu jo hai
2026-07-23,11:28:27,Astro Ashtansh,1634753,Ismein jab Budh aur Guru ka Yog mind ke Madhya mein dikhai deta Hai to aise sthiti mein vyakti ko samaj mein man Samman Paisa aur pad pratishtha sab prapt hota Hai
2026-07-23,11:28:09,mohina,3753418,Kaunsa yog
2026-07-23,11:27:22,Astro Ashtansh,1634753,Isase aapko ek Vishesh samay aane ka Yog dikha raha hai
2026-07-23,11:27:11,Astro Ashtansh,1634753,Aur Maine dekha Hai ki mind circle ke hisab se Buddh aur Guru ka Yog bilkul aapke mind ke bich mein dikhai de raha hai
2026-07-23,11:26:02,Astro Ashtansh,1634753,Aur aap apni buddhi Vivek ke bal per bahut kuchh achcha karne wali Hain bahut aage badhane wali Hai
2026-07-23,11:25:54,Astro Ashtansh,1634753,Bhagwan Ne aapko buddhi Vivek Gyan bahut jyada Diya hua Hai
2026-07-23,11:25:48,Astro Ashtansh,1634753,Dekho maine aapke mind circle Se dekha Hai
2026-07-23,11:21:41,Astro Ashtansh,1634753,Koi baat nahin chalega
2026-07-23,11:20:34,mohina,3753418,Ismein aur clear hai
2026-07-23,11:20:23,mohina,3753418,
2026-07-23,11:19:14,Astro Ashtansh,1634753,Theek hai main aapka
2026-07-23,11:18:36,mohina,3753418,
2026-07-23,11:17:21,Astro Ashtansh,1634753,Kyunki usse Jo negative prabhav hai vah khatm ho jaega
2026-07-23,11:17:01,Astro Ashtansh,1634753,Aap kaho to main face reading bhi kar sakta hun ho sakta hai usse jald aapko Labh mil jaaye
2026-07-23,11:16:51,Astro Ashtansh,1634753,Bilkul aap chinta mat karo
2026-07-23,11:16:45,Astro Ashtansh,1634753,Theek hai main bata raha hun
2026-07-23,11:16:43,mohina,3753418,Theek hai aap sahi nikle toh bahut acha lagega
2026-07-23,11:16:17,mohina,3753418,Ok foreign kab Jana hoga is saal ya agle saal
2026-07-23,11:15:56,Astro Ashtansh,1634753,Aap itna Jaan lijiye ki itna padhaai hoga aapki kundli mein Hai present yadi achcha nahin Hai to kuchh hi Dinon mein Parivartan hi hone wala hai aur sab kuchh milega jo aapko main bata raha hun
2026-07-23,11:15:42,Astro Ashtansh,1634753,Yog hota hai to safalta bhi milta Hai
2026-07-23,11:15:27,Astro Ashtansh,1634753,To aapko bilkul iske liye nishchint rahana chahie aapko safalta milegi
2026-07-23,11:15:08,Astro Ashtansh,1634753,Aur yadi yah Yog banaa hai
2026-07-23,11:14:39,Astro Ashtansh,1634753,Aap bilkul chinta mat kariye jab Yog banaa hai
2026-07-23,11:14:27,mohina,3753418,Toh ab rekha sachi hoti hai
2026-07-23,11:13:58,Astro Ashtansh,1634753,Vah to aap Sahi rahi hai
2026-07-23,11:13:06,mohina,3753418,Par mere pass hai kuch ni
2026-07-23,11:12:03,Astro Ashtansh,1634753,Videsh se bhi Vishesh Labh ka Yog banaa hua Hai
2026-07-23,11:11:51,Astro Ashtansh,1634753,Jo Labh ka Yog banta hai bilkul aapke Desh se bahut Labh prapt kar sakenge Aisa dikhai de raha hai
2026-07-23,11:11:40,Astro Ashtansh,1634753,Aur Labh ka Yog videsh se banaa hua Hai
2026-07-23,11:11:34,Astro Ashtansh,1634753,Aapke pass kaiyon luxury gadiyan hona chahie Aisa bhi Yog banaa hua
2026-07-23,11:11:27,Astro Ashtansh,1634753,Dekho kundli ke Yog se aur hath ki Rekha ke Yog se do SE panch Makan ke Yog aapki kundli mein Bane hue aur jaisa ki maine pahle bhi bataya hai
2026-07-23,11:11:10,mohina,3753418,Hnji
2026-07-23,11:11:01,Astro Ashtansh,1634753,Aapane Jo date off birth aur janm time Diya Hai yah sab sahi hai na
2026-07-23,11:10:14,Astro Ashtansh,1634753,Theek hai main bata raha hun
2026-07-23,11:09:59,mohina,3753418,India jayada tareeki hai ya foreign
2026-07-23,11:09:39,Astro Ashtansh,1634753,Jivan Rekha ko Mangal support Kar Hi rahe hain
2026-07-23,11:09:28,Astro Ashtansh,1634753,Kyunki Sabse Badi baat hai mastishk Rekha bhi aapki majbut hai
2026-07-23,11:09:05,Astro Ashtansh,1634753,Iska matlab aap apni mehnat se bade pad par jald pahunchengi.
2026-07-23,11:08:47,Astro Ashtansh,1634753,Aur yadi yah Yog hath ki Rekha mein banaa hai to
2026-07-23,11:08:29,Astro Ashtansh,1634753,Kyunki Sani aur Guru ka Yog bahut achcha Mana jata hai
2026-07-23,11:08:23,Astro Ashtansh,1634753,Aur lambe samay Tak Vishesh safalta prapt karta rahata hai
2026-07-23,11:08:14,Astro Ashtansh,1634753,Iska matlab hota hai ki jivan mein Vishesh safalta Aisa bhi hasil karta hai man Samman aur Paisa donon prapt karta hai
2026-07-23,11:07:58,mohina,3753418,Iska matlab
2026-07-23,11:07:34,Astro Ashtansh,1634753,Aapke hriday Rekha ka sambandh Guru aur Shani donon Mount se ban raha hai
2026-07-23,11:07:25,Astro Ashtansh,1634753,Kyunki maine aapke hriday Rekha Ko dekha Hai
2026-07-23,11:07:09,Astro Ashtansh,1634753,Ab aapko har taraf se Safal ho jana chahie Aisa dikhai de raha hai
2026-07-23,11:07:00,Astro Ashtansh,1634753,Aapko safalta bus thodi Si problem ke Karan nahin Ho payenge lekin ab aapko aage padhne ka samay a chuka hai
2026-07-23,11:06:50,Astro Ashtansh,1634753,Dekho aap tension mat lo kyunki kundli aur hath ki Rekha donon mein safalta ka Yog Hai Lekin
2026-07-23,11:06:20,Astro Ashtansh,1634753,Aur mujhe pura Vishwas hai ki aap Badi Se Badi aur acchi se acchi safalta hasil kar sakenge
2026-07-23,14:36:27,Astro Ashtansh,1634753,To aap bilkul Apne exam per ful focus karo bilkul aapko safalta milegi
2026-07-23,14:35:53,mohina,3753418,Hnji pehle se bachpan se
2026-07-23,14:35:42,Astro Ashtansh,1634753,Aur Rahu dvadash bhav Mein baithe hue hain Jo ki out off country bahar jaane ka yog banaa rahe hain
2026-07-23,14:35:25,Astro Ashtansh,1634753,Karm bhav ke Swami aapke Buddh Ban rahe hain aur karm bhav Mein Surya dekhne Ko Mil Rahe Hain Jo ki officer exam Auraiya field ko allow kar rahe hain
2026-07-23,14:34:32,Astro Ashtansh,1634753,Aur iska main reason bhi aapko Bata deta hun Aisa mat sochana ki donon chijen sar Bata rahe hain
2026-07-23,14:34:13,Astro Ashtansh,1634753,Kyunki donon ki hi main kahunga ki possibility bahut acchi hai aapki kundli mein yahan khud per decide karta hai ki aap kisko lekar ke jyada comfortable Ho
2026-07-23,14:33:57,Astro Ashtansh,1634753,Ji Main aapko Bata dun aapke man mein yah chij Hai kyon a rahi hain yah khyal kyon a raha hai
2026-07-23,14:33:33,Astro Ashtansh,1634753,Kya aapka officer exam ka interest pehle se raha hai?
2026-07-23,14:32:49,mohina,3753418,"Mere do man hai yah toh officer exam ki tyari karu ya bahar jau 
Ismein se kya karu"
2026-07-23,14:32:47,Astro Ashtansh,1634753,Inka health bilkul hi yah swasth hai aur aage bhi bilkul normal dikh raha hai health ko lekar ke
2026-07-23,14:32:33,Astro Ashtansh,1634753,Ji health ko lekar ke bilkul hi Kisi prakar ki koi bhi problem nahin dekhne ko mil raha hai
2026-07-23,14:32:14,mohina,3753418,Inki sehat theek rahegi
2026-07-23,14:32:12,Astro Ashtansh,1634753,Aapane kab plan Kiya Hai jaane ka
2026-07-23,14:32:06,mohina,3753418,Ok ji thanks
2026-07-23,14:31:55,Astro Ashtansh,1634753,Aapko personally aur professionally pura support karenge vah newzealand jaane ke plan mein
2026-07-23,14:31:27,Astro Ashtansh,1634753,Ji aur dekha jaaye to future possibility ban rahi hai aur bilkul hi unka support aapko Puri tarah Se milega
2026-07-23,14:30:46,Astro Ashtansh,1634753,Ji bilkul inki taraf se support milega aapko possibility bahut acchi ban rahi hai ki yah aapko support karenge
2026-07-23,14:30:14,mohina,3753418,Kiye hai
2026-07-23,14:30:10,mohina,3753418,"Ok ji 
Yeh Mera newzealand Jane ka plan support karege"
2026-07-23,14:29:52,Astro Ashtansh,1634753,"Mohina ji, kya aapne kabhi unke saath future plans discuss kiye hain?"
2026-07-23,14:28:47,Astro Ashtansh,1634753,Aapke prati mind circle Se dekha jaaye positive energy dekhne ko mil rahi hai
2026-07-23,14:28:22,Astro Ashtansh,1634753,Aur yah unke Sath kabhi bhi khud Ko comfortable feel nahin Kar paye Hain Jo support hona chahie vah nahin Ban Paya Hai ine donon ka
2026-07-23,14:27:57,Astro Ashtansh,1634753,Aur dekha jaaye to wife ke sath Inka rishta achcha nahin raha hai bilkul hi donon ke bich dekha jaaye to matbhed ki sthiti hamen dekhne ko mil rahi hai current mind circle se
2026-07-23,14:27:35,mohina,3753418,Mere saath sahi rahege yeh
2026-07-23,14:27:14,Astro Ashtansh,1634753,Aur Inka soft nature ke yah dikhai de rahe hain Jo mind circle se chijen hamen dikh rahi hain
2026-07-23,14:26:51,mohina,3753418,Ji sahi kaha
2026-07-23,14:26:26,Astro Ashtansh,1634753,Inke mind circle ki energy Se dekha jaaye to kafi strong person Hai finance Kali
2026-07-23,14:26:01,Astro Ashtansh,1634753,Ji Vikas ji ke current mind circle se jo energy hamen dekhne ko mil rahi hain
2026-07-23,14:23:12,Astro Ashtansh,1634753,Ok
2026-07-23,14:22:53,mohina,3753418,Ok fr upaye
2026-07-23,14:22:46,mohina,3753418,Vikas malik ki photo
2026-07-23,14:22:34,Astro Ashtansh,1634753,Yah Jo upay aapko bataya Hai humne isko properli aap follow karo
2026-07-23,14:22:27,mohina,3753418,
2026-07-23,14:22:20,Astro Ashtansh,1634753,Ji Main aapko pahle hi upay suggest kiya hun aap usko karo bilkul aapko safalta milegi
2026-07-23,14:21:57,mohina,3753418,Aur koi upay jisse mere kamo mein rukawat na ho
2026-07-23,14:21:49,Astro Ashtansh,1634753,Hello
2026-07-23,14:21:14,mohina,3753418,Ek dum hi band ho gaya tha
2026-07-23,14:17:07,Astro Ashtansh,1634753,Ji
2026-07-23,14:16:53,mohina,3753418,5 time sir se ghumana hai nimbu phir cut kr fek du
2026-07-23,14:16:48,Astro Ashtansh,1634753,Main ek bar unka mind circle check kar lo kya chal raha hai unke mind circle mein
2026-07-23,14:16:29,Astro Ashtansh,1634753,Vikas ji ki koi pic Hogi kya aapke pass
2026-07-23,14:16:19,mohina,3753418,Ok ji
2026-07-23,14:16:11,Astro Ashtansh,1634753,Aur yah upay karne se aapko bahut acchi safalta bhi milegi
2026-07-23,14:15:51,Astro Ashtansh,1634753,Abhi 11 se 1 ke bich mein yah upay mat kijiega dopahar ke time uske alava Kisi time bhi aap kar sakte ho
2026-07-23,14:15:44,mohina,3753418,Ok
2026-07-23,14:15:30,Astro Ashtansh,1634753,Ji nimbu ka jo upay humne aapko bataya hai usko aap Sham ke time ya subah ke time karengi to achcha rahega
2026-07-23,14:15:14,mohina,3753418,Ok ji
2026-07-23,14:14:51,Astro Ashtansh,1634753,Aur dusri chij main aapko bataun vah Jo divorce Lena chahte Hain ismein vah dekha jaaye to aapke sath Life Mein aage badhane ki soch rahe hain
2026-07-23,14:14:49,mohina,3753418,Nimbu ka jo upaye bataya tha apne vo kisi b time kr sakti hu
2026-07-23,14:14:31,Astro Ashtansh,1634753,Kyunki chart se jo grah sthiti dekhne ko mil rahi hai bilkul Rahi kahin dekha jaaye to chijen acchi dikhe Hain
2026-07-23,14:14:17,mohina,3753418,Ok
2026-07-23,14:13:47,Astro Ashtansh,1634753,Ji agar grah sthiti Se dekha jaaye to bilkul yah aapko lekar ke serious Hain
2026-07-23,14:11:52,Astro Ashtansh,1634753,Inka divorce hone ka jo possibility kundli Se Ban rahe hain yah dekha jaaye to November se April ke bich mein dekhne ko mil raha hai
2026-07-23,14:11:25,Astro Ashtansh,1634753,Kundli ke anusar Jo grah sthiti hamen dekhne ko mile hain
2026-07-23,14:10:56,Astro Ashtansh,1634753,Ji kundli humne check ki Hai Vikas ji ki
2026-07-23,14:09:07,Astro Ashtansh,1634753,Main kundli Banakar ke check kar le raha hun aap hamen thoda samay dijiyega
2026-07-23,14:08:54,Astro Ashtansh,1634753,Ji
2026-07-23,14:08:44,mohina,3753418,"Time 10 bje raat
Vikas malik"
2026-07-23,14:08:19,Astro Ashtansh,1634753,Main chart banaa le raha hun aur aage ki aapko jankari de raha hun
2026-07-23,14:08:06,Astro Ashtansh,1634753,Ji Inka Shubh Naam Bata dijiye
2026-07-23,14:07:48,mohina,3753418,21 december 1977
2026-07-23,14:06:52,mohina,3753418,Hnji
2026-07-23,14:06:41,Astro Ashtansh,1634753,Divorce case unhone file kar rakha hai
2026-07-23,14:06:22,Astro Ashtansh,1634753,Ji aap use ladke ka hamen pura detail dijiyega jisse main check kar sakun ki devorce ke yog kya hai aur kab tak safalta milegi
2026-07-23,14:05:34,mohina,3753418,"Aisa ki mujhe ek ladka pasand hai vo divorce le raha hai 
Uska divorce abhi chal raha hai kab tk hoga"
2026-07-23,14:05:14,Astro Ashtansh,1634753,Kyunki aapki kundli mein jo grah sthiti hamen dekhne ko mil rahi hai marriage ko lekar ke aur marriage life ko lekar ke  bilkul Anukul Hain
2026-07-23,14:04:11,Astro Ashtansh,1634753,Ji aapki kundli ke anusar Jo grah sthiti hamen dekhne ko Mili Hai marriage ko lekar ke bilkul hi yog to dekhne ko mil raha hai
2026-07-23,14:03:10,mohina,3753418,Mujhe bahut better laga
2026-07-23,14:02:54,Astro Ashtansh,1634753,Main aapki kundli read karke aapko jankari de raha hun thoda samay dijiyega
2026-07-23,14:02:22,Astro Ashtansh,1634753,Ji kaise ho aap
2026-07-23,14:02:15,Astro Ashtansh,1634753,Hello ji Jay Shri Krishna
2026-07-23,14:01:58,mohina,3753418,Meine apni shaadi ka puchna tha
2026-07-23,14:01:43,Astrolokal,0,"Welcome to AstroLokal! Please share your question. It usually takes around 2 minutes for the astrologer to read your horoscope, so we request your patience. 🙏"
2026-07-23,14:01:43,mohina,3753418,"Hi Astro Ashtansh,
Below are my details:

Name - mohina
Gender - Female
DOB - 09 October, 1993
TOB - 12:30 PM
POB - Chandigarh, India"
2026-07-23,14:01:43,Astrolokal,0,Consultation started for #427057a0-3740-4089-ad42-c63550bae8f1
2026-07-23,11:52:17,Astrolokal,0,Chat has ended
2026-07-23,11:51:55,Astro Ashtansh,1634753,Ji dhanyvad aapko
2026-07-23,11:51:47,mohina,3753418,Ji thanks apka jarur bataugi
2026-07-23,11:51:03,Astro Ashtansh,1634753,Jaisa hoga hamen bich mein batate rahiyega
2026-07-23,11:50:56,Astro Ashtansh,1634753,Aur aisa hota hua dikhai nahin de raha hai aur mujhe Vishwas hai ki aisa hi hoga
2026-07-23,11:50:50,Astro Ashtansh,1634753,Aur ham Bhagwan se prathna karte Hain ki aapko jald se jald acchi safalta mile aur aapki sab manokamna Puri Ho
2026-07-23,11:50:42,Astro Ashtansh,1634753,Bilkul aap nishchint rahiyega hamara Aashirwad aapke sath hai
2026-07-23,11:50:33,mohina,3753418,Ok ji thanks
2026-07-23,11:49:57,Astro Ashtansh,1634753,Aur acche competition ke dwara aapko safalta milegi
2026-07-23,11:49:52,Astro Ashtansh,1634753,Aap ek saksham aur kamyab dekhte hain bilkul jo maine upay bataya isase aapko hamesha Rahat milegi hamesha achcha karne ka mauka milega
2026-07-23,11:49:42,Astro Ashtansh,1634753,Dekhiae ek baat aap Jaan lijiye
2026-07-23,11:48:53,Astro Ashtansh,1634753,Ise dekhna aapko response milega 108 bar aise upar bhi kar sakte ho
2026-07-23,11:48:47,Astro Ashtansh,1634753,108 bar aap Karen pratyek din subah
2026-07-23,11:48:36,mohina,3753418,Ok
2026-07-23,11:48:10,Astro Ashtansh,1634753,108 bar karna hoga
2026-07-24,11:33:59,Astro Ashtansh,1634753,Ji Ji sacche Dil Se agar aap manogi to naukari hi nahin Puri life mein unka bahut achcha support hota Hai Bhagwan Shiv Aaradhya Hain Devon ke Dev Hain
2026-07-24,11:33:14,mohina,3753418,Naukri unki vajah se hi hai meri
2026-07-24,11:32:59,mohina,3753418,Mein toh shivji ko bahut manti hu
2026-07-24,11:32:47,mohina,3753418,Ok ji toh shivji ki puja hi hal hai
2026-07-24,11:31:17,Astro Ashtansh,1634753,Mahamrityunjay mantra ka Jaap karne se ek bar aakasmik ghatna bhi agar ghatit hone wali hoti hai to vah bhi samapt Ho jaati Hai
2026-07-24,11:30:57,Astro Ashtansh,1634753,Mahamrityunjay mantra ka Jaap karne se health se relative jo bhi problem hai aur man mein agar Kisi prakar ka negative khyal a raha hai to bilkul dur hoga
2026-07-24,11:30:31,Astro Ashtansh,1634753,Ji health problem ko dur karne ke liye mahamrityunjay mantra ka Jaap Karen
2026-07-24,11:29:06,Astro Ashtansh,1634753,Ok
2026-07-24,11:28:58,mohina,3753418,Ni viral jada hota hai
2026-07-24,11:28:43,Astro Ashtansh,1634753,Skin
2026-07-24,11:28:27,mohina,3753418,Screen matlb
2026-07-24,11:28:10,mohina,3753418,Career mein job iski government ho payegi ya ucha padh
2026-07-24,11:28:04,Astro Ashtansh,1634753,Health ko lekar ke screen problem bhi rahti hai kya
2026-07-24,11:27:29,Astro Ashtansh,1634753,Ji health ke liye ek Chhota Sa upay main suggest kar deta hun usko karne se inko relief milega
2026-07-24,11:27:01,Astro Ashtansh,1634753,Ji
2026-07-24,11:26:54,mohina,3753418,Ok ji
2026-07-24,11:26:10,mohina,3753418,Ok ji
2026-07-24,11:25:58,Astro Ashtansh,1634753,Yah Shivji aur Mata Parvati ki Puja Karen
2026-07-24,11:25:57,mohina,3753418,Theek hai upaye bta dijiye marriage ka
2026-07-24,11:25:08,Astro Ashtansh,1634753,Aur inki marriage life Jo Hogi bahut acchi Hogi future partner se bahut achcha support milega Aur vah Dil Se saccha Prem karne Wale honge inko bilkul bhi kisi prakar ki koi chinta karne ki avashyakta nahin hai Life Mein aage chijen bilkul hi main kahunga ki acchi hai
2026-07-24,11:23:36,Astro Ashtansh,1634753,Ji health ko lekar ke thodi si dikkat hai aur yah mansik tanav ka face jyada kar rahi hain
2026-07-24,11:23:12,mohina,3753418,Headache bs rehta hai sehat bhi down ho jati hai
2026-07-24,11:22:54,mohina,3753418,Upay bta do
2026-07-24,11:22:27,Astro Ashtansh,1634753,Ji headache kis chij ka ji
2026-07-24,11:21:31,Astro Ashtansh,1634753,Ji bilkul ek Chhota Sa upay kar sakti hain jisse ki safalta jaldi mile aur ek achcha future partner prapt Ho inko
2026-07-24,11:21:29,mohina,3753418,"Chalo sahi hai shukar hai bhagwan ka
Aur iska headache bahut rehta"
2026-07-24,11:20:45,Astro Ashtansh,1634753,Aur jo second future partner honge finance ke liye dekha jaaye to kafi strong honge
2026-07-24,11:20:29,Astro Ashtansh,1634753,Ji future possibility main dekh Pa raha hun chart ke according acchi ban rahi hai finance ko lekar ke dekha jaaye to kafi achcha dekhne ko mil raha hai
2026-07-24,11:20:13,mohina,3753418,Iski second marriage k liye koi upay ki jarurat hai?
2026-07-24,11:19:46,Astro Ashtansh,1634753,Rishte ko lekar ke aap log bilkul bhi man mein kisi prakar ka koi doubt Na rakhen ek achcha rishta inke liye dekhne ko mil raha hai aage ki life acchi hai
2026-07-24,11:19:43,mohina,3753418,Ok ji
2026-07-24,11:19:31,Astro Ashtansh,1634753,Ji abhi Koi direct baat nahin Hui Hai rishte ko lekar ke lekin jo possibility hamen dekhne ko mil rahi hai ek achcha rishta November Tak dekhne ko mil raha hai
2026-07-24,11:19:23,mohina,3753418,"Ok ji
Aur future iska paise wise theek rahega"
2026-07-24,11:18:55,Astro Ashtansh,1634753,Ji
2026-07-24,11:18:42,mohina,3753418,Ni abhi toh direct ni Kari jisse ne bataya
2026-07-24,11:18:32,Astro Ashtansh,1634753,Kyunki Jo sthiti hamen dekhne ko mil rahi hai rishta Inka November Tak fix hone ki bahut acchi sambhavna ban rahi hai
2026-07-24,11:18:19,Astro Ashtansh,1634753,Ji current mein rishte ki baat aap log kar rahe hain kahin per rishta dekha Hai aap logon Ne ya abhi nahin
2026-07-24,11:17:57,mohina,3753418,Kab tk
2026-07-24,11:17:22,Astro Ashtansh,1634753,Inki second marriage life Jo Hogi happy Hogi bilkul hi marriage life mein chijen bahut acchi rahenge
2026-07-24,11:17:06,Astro Ashtansh,1634753,Lekin main dekh Pa raha hun kundli aur face reading ke madhyam se shukr aur Guru ki sthiti acchi dekhne ko mil rahi hai aur jo second marriage life dekhne ko hamen mila hai
2026-07-24,11:16:33,Astro Ashtansh,1634753,Aur inki kundli Se dekha jaaye to rishta kharab hone ka jo reason likha hai Guru ke sath Sani ki sthiti acchi na hone ki vajah se rishta achcha nahin chal Paya Hai
2026-07-24,11:15:43,Astro Ashtansh,1634753,Lekin jo aage ki life dekhne ko mil rahi hai kafi acchi ban rahi hai ji
2026-07-24,11:15:29,mohina,3753418,Hnji
2026-07-24,11:15:12,Astro Ashtansh,1634753,Ji bilkul din Mein Hi rishte acche rahe hain Mahina bitate bite chijen kharab honi start ho gaye
2026-07-24,11:14:49,mohina,3753418,Pehle das din hi raha theek
2026-07-24,11:14:47,Astro Ashtansh,1634753,Ji bilkul compromise karke Jo bhi samay nikala hai inhone nikala hai
2026-07-24,11:14:36,Astro Ashtansh,1634753,Kyunki Main Desh Pa raha hun rishta jyada samay nahin Tika hoga
2026-07-24,11:14:27,mohina,3753418,Dhake se 2 saal nikal diye
2026-07-24,11:14:15,mohina,3753418,Hnji
2026-07-24,11:13:59,Astro Ashtansh,1634753,Ji first marriage life acchi nahin chal rahi thi Aur rishta jyada din tak nahin Chala Hai Kya donon ka
2026-07-24,11:13:13,Astro Ashtansh,1634753,Ji
2026-07-24,11:12:31,mohina,3753418,"Life partner kaisa hoga second marriage kab hogi yeh divorce hai
Iska financial status kaisa hoga in future 
Career"
2026-07-24,11:12:16,Astro Ashtansh,1634753,Main check kar le raha hun aap hamen thoda samay dijiyega
2026-07-24,11:12:08,Astro Ashtansh,1634753,Ji
2026-07-24,11:11:12,mohina,3753418,Iska headache bahut rehta hai
2026-07-24,11:10:58,mohina,3753418,
2026-07-24,11:10:40,Astro Ashtansh,1634753,Main check kar le raha hun kya jankari chahie ek bar question repeat kar dijiyega
2026-07-24,11:10:11,mohina,3753418,Aj kaa
2026-07-24,11:10:08,mohina,3753418,Iska photo
2026-07-24,11:09:59,mohina,3753418,
2026-07-24,11:09:57,Astro Ashtansh,1634753,Ji Mohini ji Jaspreet Ji Se relative aapko kya jankari chahie
2026-07-24,11:09:40,Astro Ashtansh,1634753,Ok
2026-07-24,11:09:25,Astro Ashtansh,1634753,Hello ji Jay Shri Krishna
2026-07-24,11:09:07,Astrolokal,0,"Welcome to AstroLokal! Please share your question. It usually takes around 2 minutes for the astrologer to read your horoscope, so we request your patience. 🙏"
2026-07-24,11:09:07,mohina,3753418,"Hi Astro Ashtansh,
Below are my details:

Name - Jaspreet kaur
Gender - Female
DOB - 13 January, 2000
TOB - 05:15 PM
POB - Chandigarh, India


Name - mohina
Gender - Female
DOB - 09 October, 1993
TOB - 12:30 PM
POB - Chandigarh, India"
2026-07-24,11:09:06,Astrolokal,0,Consultation started for #832575a8-4ed8-43d8-9745-86095d2828e2
2026-07-23,14:44:39,Astrolokal,0,Chat has ended
2026-07-23,14:44:33,Astro Ashtansh,1634753,Ji dhanyvad ji
2026-07-23,14:44:05,Astro Ashtansh,1634753,Bilkul yog Hain aur possibility bhi acchi hai koshish karne se safalta bhi milegi
2026-07-23,14:43:36,mohina,3753418,Yog
2026-07-23,14:43:23,mohina,3753418,Ji raj toh hai toh Puri koshish krte hai jeetne ki
2026-07-23,14:43:17,Astro Ashtansh,1634753,Aur hamari taraf se har sambhav koshish rahegi ki aapko acchi safalta aur positive result mile
2026-07-23,14:43:02,Astro Ashtansh,1634753,Aur bilkul aapko positive result dekhne ko milega
2026-07-23,14:42:49,mohina,3753418,Ji
2026-07-23,14:42:33,Astro Ashtansh,1634753,Aur aage future possibility acchi dekhne ko mil rahi hai aur jo aapka prayas hai yah aapko ek acchi safalta aur ek acche mukam dilaega
2026-07-23,14:42:28,mohina,3753418,Chaliye theek hai apke bataye raste pe chalte hai phir battati hu apko result
2026-07-23,14:41:52,Astro Ashtansh,1634753,Ji
2026-07-23,14:41:31,mohina,3753418,Sahi kaha apne
2026-07-23,14:41:13,Astro Ashtansh,1634753,To aap ek vishay per focus Karen jisse ki aapko result ful support ke sath mile
2026-07-23,14:40:54,Astro Ashtansh,1634753,Ji man pakka kariye aur dekhiae confusion ki sthiti mein agar rahenge to aapka focus donon Mein Se Kisi per nahin Ho payega jisse aapko safalta milane Mein kathinai aaegi
2026-07-23,14:40:26,Astro Ashtansh,1634753,Aap newzealand jaane ka agar plan kar rahe hain aur pura focus agar aapka vahan jaane ka hai to aap is per hi Dhyan Den achcha rahega
2026-07-23,14:40:16,mohina,3753418,Man pakka karu apna
2026-07-23,14:40:06,mohina,3753418,Sahi hai
2026-07-23,14:39:24,Astro Ashtansh,1634753,Ok
2026-07-23,14:39:08,Astro Ashtansh,1634753,Aur dusri chij main aapko batana chahunga Kisi bhi vishay ko lekar ke jab aap comfortable rahenge to usmein aapko result bhi 100% aaega
2026-07-23,14:37:49,mohina,3753418,Actually pehle mein officer bnana chahti thi phir india k haallat ache ni hai toh meine nz jane ki sochi
2026-07-23,14:37:23,Astro Ashtansh,1634753,Aap pahle Se Hi taiyari kar rahi hain
2026-07-23,14:36:52,Astro Ashtansh,1634753,Aur yah Jo aapka decision hai main manta Hun ki Puri tarah Se aap sahi ho apni jagah per
2026-07-24,12:35:37,Astro Ashtansh,1634753,Yah problem kab se I hai
2026-07-24,12:35:25,Astro Ashtansh,1634753,Aur koi Gambhir samasya nahin dikh rahi hai bilkul hi theek ho jaega
2026-07-24,12:35:10,Astro Ashtansh,1634753,Aur doctor se nirantar Salah len bilkul relief mil jaega kyunki aane Wala samay achcha hai
2026-07-24,12:34:50,Astro Ashtansh,1634753,Bus yah Chhota Sa upay vah Karen Jo varicose ki samasya Hai ismein Rahat milegi
2026-07-24,12:34:02,mohina,3753418,Hnji
2026-07-24,12:33:19,Astro Ashtansh,1634753,Abhi aap samajh payi
2026-07-24,12:33:07,Astro Ashtansh,1634753,Ant. bolate hain English mein
2026-07-24,12:32:53,mohina,3753418,Acha ji
2026-07-24,12:32:10,Astro Ashtansh,1634753,Farsh per aur jagah per regte hue dikhai deti Hain
2026-07-24,12:31:48,Astro Ashtansh,1634753,छोटी-छोटी chinti nahin Hoti Hai bhure color ki
2026-07-24,12:31:17,mohina,3753418,Chiti matlb
2026-07-24,12:30:43,Astro Ashtansh,1634753,Aata aur shakkar mix karke Barik karke dalna rahega
2026-07-24,12:30:17,Astro Ashtansh,1634753,Aata bhun karke usmein shakkar dalkar ke mix kar le Aur chiti ko yah khilana hai aur sath mein Kale kambal Aur Kala sleeper ka Dan yah Apne hath se Shaniwar ke din Karen
2026-07-24,12:28:51,Astro Ashtansh,1634753,Jaise ki
2026-07-24,12:28:46,Astro Ashtansh,1634753,Ji bilkul sath mein thoda sa agar normal Mein upay bata raha hun usko follow Karen
2026-07-24,12:28:34,mohina,3753418,Koi upaye
2026-07-24,12:28:14,mohina,3753418,Theek ho jayegi kya
2026-07-24,12:27:52,mohina,3753418,Ji
2026-07-24,12:27:38,Astro Ashtansh,1634753,Kyunki sath mein treatment hona bahut jaruri hai
2026-07-24,12:27:37,mohina,3753418,Hnji
2026-07-24,12:27:29,Astro Ashtansh,1634753,Doctor se aap logon Ne Salah liya hai na treatment chal rahi hai
2026-07-24,12:27:18,Astro Ashtansh,1634753,Kyunki Rahu agar kamjor ya pidit Hain kundli mein to aisi samasya jatak ki life mein utpann Karte Hain
2026-07-24,12:26:57,Astro Ashtansh,1634753,Jo nason mein problem dekhne ko mil rahi hai yah Shani aur Rahu ki vajah se hai
2026-07-24,12:26:34,Astro Ashtansh,1634753,Ji dekhiae inki kundli Mein Rahu aur Shani ki sthiti acchi na hone ki vajah se aisi problem dekhne ko mil rahi hain
2026-07-24,12:25:54,Astro Ashtansh,1634753,Ok
2026-07-24,12:25:39,Astro Ashtansh,1634753,Sujan ki samasya to nahin Hai Na sath mein
2026-07-24,12:24:50,Astro Ashtansh,1634753,Ji kya pairon Mein bharipan Dard rahata Hai
2026-07-24,12:22:46,mohina,3753418,Ok ji
2026-07-24,12:22:18,Astro Ashtansh,1634753,Main ek bar dekh le raha hun chat kya grah sthiti hai thoda sa samay dijiyega
2026-07-24,12:21:41,Astro Ashtansh,1634753,Ji
2026-07-24,12:21:27,mohina,3753418,Financially bhi problem hai
2026-07-24,12:21:09,mohina,3753418,Vo kuch moti ni hoti aur varicose hai usse
2026-07-24,12:20:48,mohina,3753418,"25april 1988
Sham 5 bje
Komal 
Mohali india"
2026-07-24,12:20:09,Astro Ashtansh,1634753,Kya dikkat Badi bahan ko a rahe hain
2026-07-24,12:19:54,Astro Ashtansh,1634753,Ok
2026-07-24,12:19:24,Astro Ashtansh,1634753,Theek hai aaj kar sakti hain bahut achcha rahega aaj ka din
2026-07-24,12:19:07,Astro Ashtansh,1634753,Ji
2026-07-24,12:18:54,mohina,3753418,Ok aj hi kr legi
2026-07-24,12:18:42,Astro Ashtansh,1634753,Ji nahin ek din
2026-07-24,12:18:28,mohina,3753418,Sham ko 6 bje aur kitni baar karna hai matlb roj
2026-07-24,12:18:07,Astro Ashtansh,1634753,Sham ke time karna aur achcha rahega
2026-07-24,12:18:01,Astro Ashtansh,1634753,Subah ya Sham ke time jab bhi samay milta Ho
2026-07-24,12:17:43,mohina,3753418,Time
2026-07-24,12:17:33,Astro Ashtansh,1634753,Khud vah kar sakti hain
2026-07-24,12:17:27,Astro Ashtansh,1634753,Ji
2026-07-24,12:17:14,mohina,3753418,Vo khud ghumaye aur ghar k samne park hai vaha phenk de
2026-07-24,12:16:54,Astro Ashtansh,1634753,Aur Aisa karne se unko release milega present mein bhi aaram Mila hoga
2026-07-24,12:16:33,Astro Ashtansh,1634753,Ji aap proper samajh Gaye ya koi confusion ho to aap clear kar lijiyega
2026-07-24,12:15:39,Astro Ashtansh,1634753,Ji black color ki hoti hai sarson bhi bolate Hain usko
2026-07-24,12:15:24,Astro Ashtansh,1634753,Thoda Rayi aur namak hath Mein lekar ke sir per saat bar Fer karke Kisi surakshit sthan per usko Rakh dena hai Ghar Se Bahar yani Jahan bhi vah rahti Hain use sthan se thodi dur saaf aur suthari jagah per
2026-07-24,12:15:00,mohina,3753418,Black colour ki
2026-07-24,12:13:50,mohina,3753418,Kya
2026-07-24,12:13:43,Astro Ashtansh,1634753,Ok ek Chhota Sa upay kar sakti hain vah khud Se
2026-07-24,12:13:25,mohina,3753418,Ni phn pe pucha
2026-07-24,12:13:16,Astro Ashtansh,1634753,Ji
2026-07-24,12:11:49,Astro Ashtansh,1634753,Sath mein hai kya aap donon log
2026-07-24,12:11:42,Astro Ashtansh,1634753,Ok
2026-07-24,12:10:50,Astro Ashtansh,1634753,Ok
2026-07-24,12:10:48,Astro Ashtansh,1634753,Aur aage life inki acchi Ho
2026-07-24,12:10:41,Astro Ashtansh,1634753,Main inke swasthya ke liye prathna kiya hun jaldi se jaldi inke health Mein sudhar Aaye
2026-07-24,12:10:22,Astro Ashtansh,1634753,Ji Sampann hua
2026-07-24,11:50:29,mohina,3753418,Ok
2026-07-24,11:50:12,Astro Ashtansh,1634753,Ji aapane achcha Kiya current ki photo dekar ke aap line per rahiyega bich Mein disturb na kijiega thodi der main aapko message karunga
2026-07-24,11:50:04,mohina,3753418,Kyu ate hai
2026-07-24,11:49:39,mohina,3753418,Hnji
2026-07-24,11:48:56,Astro Ashtansh,1634753,Ji pimple aate Hain main yahi bol raha tha tvacha Mein pimple aana aur कभी-कभी yah Gambhir bhi ho jaate Hain inko jyada nahin Hai
2026-07-24,11:48:12,Astro Ashtansh,1634753,Ji aapane bahut achcha Kiya
2026-07-24,11:47:12,mohina,3753418,Just abhi ki
2026-07-24,11:46:26,mohina,3753418,"Iska headache koi problem toh ni create karega
Aur skin problem aap sahi keh rahe thein eye k pass pimple ata hai bahut baar"
2026-07-24,11:42:35,Astro Ashtansh,1634753,Ok
2026-07-24,11:41:55,mohina,3753418,
2026-07-24,11:41:41,mohina,3753418,Ok
2026-07-24,11:41:13,Astro Ashtansh,1634753,Ek normal aur current ki pic send karna aap
2026-07-24,11:40:30,Astro Ashtansh,1634753,Ok
2026-07-24,11:40:02,mohina,3753418,Ek request hai aapse agar sahi Lage jaise aapne meri healing ki meri sister ki bhi kr do uska aram aye
2026-07-24,11:39:18,Astro Ashtansh,1634753,Ji job ke liye thoda sa focus kar aur Surya Dev ko jal Arpit Karen tambe ke Patra mein jal Mein Lal Pushp ya roli Dal karke Surya Uday ke samay jal Arpit Karen government field Mein safalta ke liye dhan vriddhi ke liye yah upay karne se bahut achcha Labh milega
2026-07-24,11:38:30,Astro Ashtansh,1634753,Jo bhi negative viti rahegi vah bilkul kam Hogi
2026-07-24,11:38:29,mohina,3753418,Aur job k liye koi solution
2026-07-24,11:38:14,mohina,3753418,Ok
2026-07-24,11:38:09,Astro Ashtansh,1634753,Morning ke time 10 minut ya 5 minut Dhyan mudra Mein baithe
2026-07-24,11:37:51,Astro Ashtansh,1634753,Ji negativity ko dur karne ke liye thoda sa Dhyan kendrit Karen
2026-07-24,11:36:52,mohina,3753418,Isse
2026-07-24,11:36:47,mohina,3753418,Koi upaye mere jaise negativity toh ni
2026-07-24,11:36:12,Astro Ashtansh,1634753,Kyunki Gyan aur pratibhag ki vah Dhani hai Gyan Hai unke andar aur dekha jaaye to uchch Gyan dekhne ko mil raha hai isko thoda sa jagane ki jarurat hai ek uchch pad per uchch sthan per job ki prapti Hogi
2026-07-24,11:35:14,Astro Ashtansh,1634753,Ji bilkul aap apni syster ko suggest Karen Shiv ji aur Mata Parvati donon ki yah sath mein Puja Karen aur mahamrityunjay mantra ka Jaap yah daily Karti Hain to jo bhi sharirik kasht hai vah dur Hoga health problem samapt ho gai
2026-07-24,11:34:47,Astro Ashtansh,1634753,Ji aur aapki syster agar thodi Si mehnat aur lagan se focus Karti Hain carier per to ek uchch mukam inko prapt hoga
2026-07-24,11:34:36,mohina,3753418,Sister ko bhi kehti hu kare vo bhi
2026-07-24,11:34:19,mohina,3753418,Yeh toh hai
2026-07-25,06:09:04,Astro Ashtansh,1634753,Aapko lagega ki han kuchh achcha hua Hai aur Bhagwan chahenge to Jo problems a rahe hain vah Bina Karan se a rahe hain aur Sahi bhi ho jaenge
2026-07-25,06:08:53,Astro Ashtansh,1634753,Aap pahle ISI ko Kara Lo isase tatkal Labh milega aur bilkul swasth hone lagenge
2026-07-25,06:08:28,Astro Ashtansh,1634753,Aur ek upay aur Hai tatkal Rahat ke liye
2026-07-25,06:08:17,Astro Ashtansh,1634753,Kyunki inke liye problem hai aur problem thoda nahin jyada hai
2026-07-25,06:08:06,Astro Ashtansh,1634753,Dekho Sat  sui Kala dhaaga do nimbu lavang Kapoor jayfal Kitna Saman aap ekattha kar lena kyunki aaj saturday hai ek Chhota Sa upay hai main yahin se kar dunga aap itna Saman ekattha kariyega unke Sath rahega
2026-07-25,06:07:42,mohina,3753418,Phn pe samja dugi
2026-07-25,06:07:35,mohina,3753418,Ho jayega
2026-07-25,06:07:26,Astro Ashtansh,1634753,Aaj aap jaenge 3:00 baje
2026-07-25,06:07:19,Astro Ashtansh,1634753,Ek Main kuchh batana chahta hun unko tatkal mein kuchh karne ke liye kya ho sakta hai
2026-07-25,06:07:14,mohina,3753418,Jaogi 3 bje tk vaha
2026-07-25,06:07:06,mohina,3753418,Vo mohali hai
2026-07-25,06:07:00,mohina,3753418,Ni mein panchkula hu
2026-07-25,06:05:50,Astro Ashtansh,1634753,Aap unhin ke Sath Hain kahan hai is samay
2026-07-25,06:05:40,Astro Ashtansh,1634753,Aur ghar per hi problem jyada hone ke Karan samasya jyada ho rahi hai
2026-07-25,06:05:32,Astro Ashtansh,1634753,Ghar per hi jyada problem a raha hai
2026-07-25,06:03:16,mohina,3753418,Ok ji
2026-07-25,06:02:07,mohina,3753418,Ghar ki miti mein problem hai kya
2026-07-25,06:01:30,Astro Ashtansh,1634753,Aap alag Hain theek hain vahan Jo log bhi hain pareshan Hain
2026-07-25,06:01:21,Astro Ashtansh,1634753,Bilkul aapane sahi bola hai
2026-07-25,06:01:04,mohina,3753418,Ok ji
2026-07-25,06:01:02,mohina,3753418,Jabse mein alag rehti hu toh thodi theek hu
2026-07-25,06:00:41,Astro Ashtansh,1634753,Theek hai main Inka 9 mans kundli bhi Abhishek kar rahe hain FIR aapko Ham Bata rahe hain ki Kya Karna theek hai
2026-07-25,06:00:22,mohina,3753418,Hnji
2026-07-25,06:00:08,Astro Ashtansh,1634753,Jaise logon ka swasthya kharab hona kya Kisi Anya karya se pareshan hona aisi sthiti vahan aati Hai
2026-07-25,05:59:57,Astro Ashtansh,1634753,Hamare kahane ka matlab hai vahan kuchh Na kuchh problem aati rahti hai
2026-07-25,05:59:54,mohina,3753418,Ghar par kaise
2026-07-25,05:59:30,Astro Ashtansh,1634753,Han problem hai ghar per aur logon ka bhi sehat kharab hota rahata Hai
2026-07-25,05:59:22,mohina,3753418,Hnji mein vikas k saath rehti hu
2026-07-25,05:59:12,mohina,3753418,Problem toh hai
2026-07-25,05:59:06,Astro Ashtansh,1634753,Ji aap alag rahti Hain
2026-07-25,05:58:49,mohina,3753418,Mein alag rehti hu
2026-07-25,05:58:44,mohina,3753418,Ni rehte toh same ghar mein hai behne papa mummy
2026-07-25,05:58:18,Astro Ashtansh,1634753,Aur inko bahut jyada problem a rahi hai
2026-07-25,05:57:52,Astro Ashtansh,1634753,Kyunki Main dekh raha hun is kundli ke hisab se pahle bhi दो-तीन logon ka sehat kharab tha
2026-07-25,05:57:13,Astro Ashtansh,1634753,Aur kya Jahan yah pahle log rahte the usse kahin dusri jagah rah rahe hain kya
2026-07-25,05:56:49,Astro Ashtansh,1634753,Aur inko pareshani to jyada din Se lekin maar captain Se jyada pareshani shuruaat Hui Hai
2026-07-25,05:56:39,Astro Ashtansh,1634753,Inko Koi dava Kam nahin kar rahi na
2026-07-25,05:56:33,Astro Ashtansh,1634753,Achcha aap ek baat batana
2026-07-25,05:56:33,Astro Ashtansh,1634753,Ji
2026-07-25,05:55:16,mohina,3753418,Na jaise ki chemotherapy kehte hai
2026-07-25,05:54:29,Astro Ashtansh,1634753,Kya doctor ne koi specific test ya dawai suggest ki hai?
2026-07-25,05:53:44,mohina,3753418,"Ya sirf khane ka parhej rakhe 

Ok ji"
2026-07-25,05:53:17,mohina,3753418,Aap yeh batao k doctor treatment chahiye inhe
2026-07-25,05:52:58,mohina,3753418,"Namaste ji
Yeh mere Papa hai inki sehat theek ni kuch"
2026-07-25,05:52:31,Astro Ashtansh,1634753,Jay Shri Krishna
2026-07-25,05:52:19,Astrolokal,0,"Welcome to AstroLokal! Please share your question. It usually takes around 2 minutes for the astrologer to read your horoscope, so we request your patience. 🙏"
2026-07-25,05:52:19,mohina,3753418,"Hi Astro Ashtansh,
Below are my details:

Name - Manmohan Singh
Gender - Male
DOB - 18 November, 1957
TOB - 09:50 PM
POB - Amritsar, Punjab, India"
2026-07-25,05:52:19,Astrolokal,0,Consultation started for #3b71c9c0-27a3-4c82-9879-9ae3ec2eb1e2
2026-07-24,12:50:27,Astrolokal,0,Chat has ended
2026-07-24,12:50:20,Astro Ashtansh,1634753,Ok
2026-07-24,12:50:10,mohina,3753418,Theek hai ji apna dhyan rakhiye thank you
2026-07-24,12:49:51,Astro Ashtansh,1634753,Ji dhanyvad
2026-07-24,12:49:32,mohina,3753418,"Ni aap ne bahut kiya hai meine mehsus kiya hai 

Bhagwan apko aur vidya gyan aur sahas de"
2026-07-24,12:48:38,Astro Ashtansh,1634753,Bhagwan ka Aashirwad hai aap logon Ko Ham kuchh nahin Karte Hain Ham to margdarshan Karte Hain
2026-07-24,12:48:12,Astro Ashtansh,1634753,Ji yah to hamara farj Hai
2026-07-24,12:47:49,mohina,3753418,"Ji thanks ok bye take care
Ap rest Karo kitno ko relief dete ho"
2026-07-24,12:47:02,Astro Ashtansh,1634753,Ji bilkul upay ko kariye relief milega bilkul hamen Vishwas hai
2026-07-24,12:46:30,Astro Ashtansh,1634753,Ji
2026-07-24,12:46:13,mohina,3753418,Theek hai ji
2026-07-24,12:45:43,Astro Ashtansh,1634753,Badi syster ka kisi din dekh lenge abhi ke liye Jo upay main bataya hun usko unse aap ek bar karvaiye
2026-07-24,12:45:25,Astro Ashtansh,1634753,Aur jo bhi update Hogi aap ek bar bataiyega
2026-07-24,12:45:18,Astro Ashtansh,1634753,Aur aapki syster ko bhi aaram milega aap unse baat karna aap
2026-07-24,12:44:53,mohina,3753418,Thanks ji
2026-07-24,12:44:44,Astro Ashtansh,1634753,Ji kam to hona Hi tha Jo upay Kiya Gaya Hai usi ke liye Kiya gaya hai
2026-07-24,12:44:22,mohina,3753418,Ajeeb si negativity meri kam huyi
2026-07-24,12:44:19,Astro Ashtansh,1634753,Ji bilkul relief milega aapko
2026-07-24,12:44:02,mohina,3753418,Chalo sahi hai mujhe relief hai kal se kafi
2026-07-24,12:43:46,Astro Ashtansh,1634753,Overall aane Wala samay achcha dekhne ko mil raha hai
2026-07-24,12:43:28,Astro Ashtansh,1634753,Koi question Ho aapke man mein to aap kar sakte hain
2026-07-24,12:42:47,mohina,3753418,Ok ji
2026-07-24,12:42:02,Astro Ashtansh,1634753,Ok
2026-07-24,12:40:50,Astro Ashtansh,1634753,Present Se dekha jaaye to behtar mahsus karenge next manth se
2026-07-24,12:40:32,mohina,3753418,Ok ji
2026-07-24,12:40:19,Astro Ashtansh,1634753,Swasthya Mein inko relief jald hi milega yani dekha jaaye to next manth se relief milega inko
2026-07-24,12:40:05,mohina,3753418,Ji
2026-07-24,12:39:57,Astro Ashtansh,1634753,Swasthya bhi thoda sa down dekhne ko mil raha hai
2026-07-24,12:39:17,Astro Ashtansh,1634753,Ji
2026-07-24,12:39:15,Astro Ashtansh,1634753,Jo
2026-07-24,12:38:58,mohina,3753418,Yeh hai vo unka beta
2026-07-24,12:38:41,mohina,3753418,
2026-07-24,12:38:29,Astro Ashtansh,1634753,Next year se bahut achcha rahega
2026-07-24,12:38:12,Astro Ashtansh,1634753,Finance Mein growth inko aane Wale kuchh hi mahinon mein bahut achcha dekhne ko mil raha hai
2026-07-24,12:37:48,Astro Ashtansh,1634753,Aur jaisa bhi rahata hai aap update karte rahiyega
2026-07-24,12:37:35,Astro Ashtansh,1634753,Ji
2026-07-24,12:37:22,Astro Ashtansh,1634753,Inko karna hai normal hai properli agar follow karte hain to bilkul hi relate milega
2026-07-24,12:37:08,Astro Ashtansh,1634753,Sath mein daily Hanuman chalisa ka paath aur Bajrang baan ka paath
2026-07-24,12:36:55,Astro Ashtansh,1634753,Ji
2026-07-24,12:36:42,mohina,3753418,Upaye ek baarkarna hai chiti aur kambal vala
2026-07-24,12:36:35,Astro Ashtansh,1634753,Aur theek hone ki sambhavna jyada Se jyada dekhne ko Mili Hai
2026-07-24,12:36:25,Astro Ashtansh,1634753,Ji bilkul theek ho jaega kyunki humne grah sthiti Dekhi Hai aane Wala time achcha hai
2026-07-25,06:38:17,mohina,3753418,Shukar hai
2026-07-25,06:38:14,mohina,3753418,Ji
2026-07-25,06:38:10,Astro Ashtansh,1634753,Inke dwara aapko kabhi Dhokha nahin milega
2026-07-25,06:37:36,Astro Ashtansh,1634753,Aur Vikas aapke liye acchi dikhai de rahe hain
2026-07-25,06:36:49,mohina,3753418,Ab vikas hai toh kissi k baare mein sochna galat hai
2026-07-25,06:36:16,mohina,3753418,Hnji
2026-07-25,06:36:04,Astro Ashtansh,1634753,"Main samajh sakti hoon ki trust tootne ke baad aage badhna kitna mushkil hota hai, kya aapne uske baad se unhe puri tarah block kar diya hai?"
2026-07-25,06:35:48,mohina,3753418,Jo mujhe kabhi bhi chod sakta hai
2026-07-25,06:35:29,mohina,3753418,Par Vishwas ni raha thha mujhe meine kaha k maaf kr diya par saath ni reh sakti
2026-07-25,06:35:00,Astro Ashtansh,1634753,Us waqt aapne unse kya baat ki thi ya aapne koi jawab diya tha?
2026-07-25,06:34:50,mohina,3753418,Hnji ki thi 2019 mein
2026-07-25,06:34:31,Astro Ashtansh,1634753,Kya us ladke ne kabhi aapse maafi maangne ki ya baat karne ki koshish ki thi?
2026-07-25,06:34:25,mohina,3753418,Ni
2026-07-25,06:34:20,Astro Ashtansh,1634753,Kya tab Se use ladke se baat nahin Hui
2026-07-25,06:33:49,Astro Ashtansh,1634753,Jiske Karan se aapko vah baten बार-बार Dhyan mein aati hai aur aap bhul nahin Pa rahi hain
2026-07-25,06:33:26,Astro Ashtansh,1634753,Dekhiae jab bahut bada Dhokha Mil jata Hai to aadami Kisi bhi sthiti mein bhul nahin pata aur vahi chij ho raha hai aapke sath
2026-07-25,06:33:12,mohina,3753418,10 saal ho gaye
2026-07-25,06:33:02,mohina,3753418,Mujhe ni yaad karna phir roonna ata hai
2026-07-25,06:32:56,Astro Ashtansh,1634753,Hamare pass upay hai
2026-07-25,06:31:52,Astro Ashtansh,1634753,Ya to main dekh raha hun bilkul aap Sahi bol rahi hain
2026-07-25,06:31:19,mohina,3753418,"Mujhe jada ab bhoota ka asar pareshan karta hai 
Bt usse meine sache dil se pyar kiya tha"
2026-07-25,06:30:36,Astro Ashtansh,1634753,Dekho vah Jo hua aapane socha nahin tha ki Aisa hoga aur Achanak Aisa Ho Gaya uske dwara Dhokha Ho Gaya to yah chij aap bhul nahin Pa rahe hain
2026-07-25,06:30:11,mohina,3753418,Ab bhoot ni bs vahi soch man ko kharab krti hai
2026-07-25,06:29:50,mohina,3753418,Asar
2026-07-25,06:29:44,mohina,3753418,Vohi cycle chalta hai
2026-07-25,06:29:37,mohina,3753418,Han dimag mein asae reh gaye
2026-07-25,06:29:30,Astro Ashtansh,1634753,Kyunki aapane socha nahin tha ki yah ladka Aisa Karega
2026-07-25,06:29:20,Astro Ashtansh,1634753,बार-बार vahi baat aapko Dhyan mein aata Hai
2026-07-25,06:28:57,Astro Ashtansh,1634753,Han bilkul is tarah ke problem aapke hue hain
2026-07-25,06:28:41,Astro Ashtansh,1634753,Aur aap bilkul swasth rahengi koi mansik problem nahin rahega
2026-07-25,06:28:32,mohina,3753418,Ji bhoot bhi piche pad gaye thein
2026-07-25,06:28:18,Astro Ashtansh,1634753,Lekin aap pareshan mat hoiye Ham aapko Kaisa upay karaenge ki Koi Kisi tarah ka problem rahega hi nahin aapko
2026-07-25,06:28:06,Astro Ashtansh,1634753,Kuchh aisi sthiti Thi jiske Karan se aapko bahut jyada problem Ho Gaye
2026-07-25,06:27:32,Astro Ashtansh,1634753,Aur usi Karan se aapko mansik tension jyada hota Hai
2026-07-25,06:27:27,Astro Ashtansh,1634753,Han bilkul aap Sahi kah rahe hain
2026-07-25,06:25:59,Astro Ashtansh,1634753,Theek hai Ham aapki kundli ko bhi read kar lete hain FIR aapko Bata rahe hain
2026-07-25,06:25:19,mohina,3753418,"Ok ji 

Mere liye bhi batana ta ki meri psychiatrist ki dawai khatam ho man mein bahut bechani rehti hai"
2026-07-25,06:24:56,Astro Ashtansh,1634753,FIR aage ka jo hoga kuchh Aisa ki Hai hamare pass aap logon Ko purn Roop se swasth kar sakte hain future mein koi problem Na Ho har taraf se pura Parivar acche se Rahe
2026-07-25,06:24:12,Astro Ashtansh,1634753,Ek aur upay hoga Ham aapko bataenge aap khud kar lijiyega jisse pura Parivar ekadam har taraf Se achcha ho jaega pure Parivar ki sari samasyaen dur Ho jaenge lekin pahle aaj ka upay dekh lo usse Kya hota Hai
2026-07-25,06:23:53,Astro Ashtansh,1634753,Kyunki yadi aaj ke upay se inko Rahat hua to
2026-07-25,06:23:39,Astro Ashtansh,1634753,Han pahunchiyega bataiyega aur Main Apne taraf se koshish to Aisa Hi kar dunga ki vah swasth Ho jaaye aur dava ki jarurat aage na pade
2026-07-25,06:23:13,Astro Ashtansh,1634753,Bhagwan ki kripa Se yadi sab kuchh Sahi Raha to samjho ki FIR aage kisi ko ghar mein dava ki jarurat nahin padegi
2026-07-25,06:23:03,Astro Ashtansh,1634753,Koi Vishesh Karan Jo ban raha hai aur jo kuchh Na kuchh Parivar mein ho raha hai usko achcha karne ke liye main upay Bata kara raha hun
2026-07-25,06:22:49,Astro Ashtansh,1634753,Bus kuchh ilaaj karna hoga aur Main apni taraf Se Jo kar raha hun isase jo jis Karan se ho raha hai
2026-07-25,06:22:32,mohina,3753418,Ok ji
2026-07-25,06:22:13,Astro Ashtansh,1634753,FIR धीरे-धीरे aage ho sakta hai ilaaj ki jarurat na pade kyunki agar Sham ka upay kuchh kam kar Gaya to samjho ki FIR aage swasth Ho jaenge ilaaj ki jarurat bhi Na pade
2026-07-25,06:21:56,Astro Ashtansh,1634753,Yadi use Rahat hoti hai
2026-07-25,06:21:49,Astro Ashtansh,1634753,Ham jab sham ko kuchh Karate Hain
2026-07-25,06:21:45,Astro Ashtansh,1634753,Han doctor ka ilaaj abhi jaruri hai
2026-07-25,06:21:30,mohina,3753418,Ok doctori ilaj kr le phir
2026-07-25,06:20:47,Astro Ashtansh,1634753,Dekhiae unko to kuchh khilana Hi padega kyunki doctor Ne kuchh khilane ke liye bola hoga kyunki Main dekh Raha Hun ki nahin khilane se bhi problem a sakti hai
2026-07-25,06:20:11,mohina,3753418,No
2026-07-25,06:20:00,mohina,3753418,Ni fried food
2026-07-25,06:19:53,mohina,3753418,Dairy products ni hai gluten free atta
2026-07-25,06:19:31,Astro Ashtansh,1634753,Abhi aapke papa ki daily diet mein kya-kya cheezein shamil hain?
2026-07-25,06:19:01,Astro Ashtansh,1634753,Maloom parhez karne ke bad  kya khilana hai unhone kuchh bola
2026-07-25,06:18:46,Astro Ashtansh,1634753,khane ke liye doctor Ne kuchh bola hai
2026-07-25,06:18:03,mohina,3753418,8
2026-07-25,06:18:00,mohina,3753418,Vo toh bahut kuch bolte hai
2026-07-25,06:17:51,Astro Ashtansh,1634753,Aur aap ek se 10 ke bich mein Koi sankhya chunkar batana to
2026-07-25,06:17:34,Astro Ashtansh,1634753,Doctor ne kya bola hai
2026-07-25,06:17:19,mohina,3753418,Acha ek baat yeh puchni thi sirf khane k parhej se theek ni honge papa
2026-07-25,06:16:58,mohina,3753418,Ok ji
2026-07-25,06:16:50,Astro Ashtansh,1634753,Aap chat disconnect kar sakti hain
2026-07-25,06:16:06,Astro Ashtansh,1634753,Jay Shri Krishna Jay Shri Radhe
2026-07-25,06:15:43,Astro Ashtansh,1634753,Aap 3:00 baje message kariyega
2026-07-25,06:15:33,Astro Ashtansh,1634753,Han yaar 3:00 baje contact kar lena
2026-07-25,06:15:19,mohina,3753418,Ok phir 3 bje apko contact karugi
2026-07-25,06:14:30,Astro Ashtansh,1634753,Usko ham 2 minut mein kara denge aap samajh nahin payenge Ham jaisa bolenge vaisa aap karte Jana
2026-07-25,06:14:10,mohina,3753418,Ap upay explain kr do
2026-07-25,06:14:09,Astro Ashtansh,1634753,Han lekin doctor ki Salah Lena jaruri hai
2026-07-25,06:14:04,Astro Ashtansh,1634753,Aur kundli ke Yog Se dekhne se itna to dikhai de raha hai ki unke swasthya mein jo problem a raha hai sab kuchh sahi ho jaega Koi bahut badi baat nahin hai
2026-07-25,06:13:47,Astro Ashtansh,1634753,Likhane hai ki Parivartan ka Yog ban raha sab kuchh धीरे-धीरे sahi ho jaega
2026-07-25,06:13:46,mohina,3753418,Hnji
2026-07-25,06:13:29,Astro Ashtansh,1634753,Vahan problem bahut jyada tha
2026-07-25,06:13:17,Astro Ashtansh,1634753,Han bilkul aap Sahi kah rahe hain
2026-07-25,06:12:57,mohina,3753418,"Ok bs theek ho jaye 
Ha gussa bahut ata hai tabhi mein Bina shadi k vikas k saath aa gayi tang thi vaha bahut"
2026-07-25,06:12:22,Astro Ashtansh,1634753,Ghar ka mahaul bhi garam bata raha hai
2026-07-25,06:12:15,Astro Ashtansh,1634753,Kundli mein problem to Hai inko gussa bhi bahut aata Hai
2026-07-25,06:12:05,Astro Ashtansh,1634753,Aur inko lekar bilkul chinta mat kariye jaisa chahenge vaisa Ho jaenge
2026-07-25,06:11:51,Astro Ashtansh,1634753,Unke naam se aap upay kar sakti hain koi baat nahin Keval aap unke sar ke upar Se panch bar ghumaaiyega Baki Ham bataenge kaise kya karna hai 2 minut mein Hi Ho jaega
2026-07-25,06:11:37,Astro Ashtansh,1634753,Jabardasti karvane ki jarurat nahin Hai yadi vah nahin kar paate Hain to aap kar sakte hain aapke vah papa Hain
2026-07-25,06:11:25,Astro Ashtansh,1634753,FIR to bahut acchi baat hai
2026-07-25,06:11:24,mohina,3753418,Mein jabardasti karwa dugi
2026-07-25,06:11:16,mohina,3753418,Kar lenge papa
2026-07-25,06:10:43,Astro Ashtansh,1634753,Vah kar payenge ki nahin
2026-07-25,06:10:39,Astro Ashtansh,1634753,Ham aapko ek Chhota Sa upay Hai Ham aapko bataenge aap vaise hi kar dena lekin jab vahan rahenge tabhi kyunki unke sar ke upar Se panch bar ghumakar tab karna hoga aur yadi vah kar lenge to aur achcha hai
2026-07-25,06:10:13,mohina,3753418,Yeh saman lene hai aur kya karna hai
2026-07-25,06:10:13,Astro Ashtansh,1634753,Aapko bilkul darne ki jarurat nahin Hai
2026-07-25,06:09:21,Astro Ashtansh,1634753,Yah din pratidin aswasth hote ja rahe hain
2026-07-25,09:45:13,Astrolokal,0,"Welcome to AstroLokal! Please share your question. It usually takes around 2 minutes for the astrologer to read your horoscope, so we request your patience. 🙏"
2026-07-25,09:45:13,mohina,3753418,"Hi Astro Ashtansh,
Below are my details:

Name - Manmohan Singh
Gender - Male
DOB - 18 November, 1957
TOB - 09:50 PM
POB - Amritsar, Punjab, India"
2026-07-25,09:45:13,Astrolokal,0,Consultation started for #34670b86-a6ea-4376-9ed2-2048ecef4880
2026-07-25,07:15:43,Astrolokal,0,Chat has ended
2026-07-25,07:15:34,mohina,3753418,Shukarana
2026-07-25,07:15:26,Astro Ashtansh,1634753,Aashirwad
2026-07-25,07:15:13,Astro Ashtansh,1634753,Ji dhanyvad
2026-07-25,07:15:05,mohina,3753418,Ok ji thanks
2026-07-25,07:14:56,Astro Ashtansh,1634753,Aapke sare problems jisse dur bhi ho jaenge
2026-07-25,07:14:50,Astro Ashtansh,1634753,Hari sthiti mein kamyabi acchi dilaenge safalta dilaenge aap tension mat lena chhoti Se remedies se aapko aage badhaenge
2026-07-25,07:14:39,Astro Ashtansh,1634753,Aur mujhe Vishwas hai ki aaj aapko Rahat bhi ho gai hai aur ham aapko
2026-07-25,07:14:31,Astro Ashtansh,1634753,Theek hai koi baat nahin aap contact kariyega
2026-07-25,07:14:22,mohina,3753418,Hnji 3 bje I will contact you
2026-07-25,07:13:50,Astro Ashtansh,1634753,Aur isase ab aapko Rahat aage ka rahega
2026-07-25,07:13:45,Astro Ashtansh,1634753,Kyunki aapka positive urja jyada Aaj Pravesh ho chuka hai
2026-07-25,07:13:31,Astro Ashtansh,1634753,Theek hai maine Aaj Mantra kar diya hai FIR Kisi aur din bhi kar denge
2026-07-25,07:12:59,mohina,3753418,Kitni der aur hai
2026-07-25,07:12:28,Astro Ashtansh,1634753,Theek hai abhi Ham jari rakhen
2026-07-25,07:12:23,Astro Ashtansh,1634753,Ji
2026-07-25,07:12:17,mohina,3753418,Araam toh hua
2026-07-25,07:12:11,mohina,3753418,Right
2026-07-25,07:12:06,mohina,3753418,Ok ji
2026-07-25,07:11:10,Astro Ashtansh,1634753,Dekhiae aapko Jara Sa bhi Koi problem hogi to hamen batate rahiyega aur FIR dusre din Ham karva denge jab bhi aapko problem ho hamen bataiyega kyunki Mantra ka Jaap karne se positive negative donon ho sakta hai kyunki negative urja Bahar hogi aur positive new urja Pravesh karegi
2026-07-25,07:09:47,Astro Ashtansh,1634753,Kyunki hamen Laga Hai ki positive aur negative donon ho raha hoga isiliye Maine poochha hai
2026-07-25,07:09:03,mohina,3753418,Ok
2026-07-25,07:08:39,mohina,3753418,Ji beech mein negative sa bhi hota hai
2026-07-25,07:08:01,Astro Ashtansh,1634753,Aapko kuchh Rahat ho raha hai ki nahin
2026-07-25,07:02:37,mohina,3753418,Ok
2026-07-25,07:01:32,mohina,3753418,Hnji
2026-07-25,07:01:18,Astro Ashtansh,1634753,Kya Main Mantra ko padhna shuru kar dun
2026-07-25,07:01:11,mohina,3753418,Ok
2026-07-25,07:00:37,Astro Ashtansh,1634753,Aap Mata Ji ka Dhyan Kar lijiye
2026-07-25,07:00:07,Astro Ashtansh,1634753,Aur jisse energy level ki aapka achcha ho jaega
2026-07-25,07:00:01,Astro Ashtansh,1634753,Main chahta Hun ki face healing kar dun
2026-07-25,06:59:00,mohina,3753418,Jo sahi lage
2026-07-25,06:58:21,Astro Ashtansh,1634753,Ya to aapka face healing kar den
2026-07-25,06:58:13,Astro Ashtansh,1634753,Aur negative prabhav bilkul khatm ho jaega
2026-07-25,06:58:06,Astro Ashtansh,1634753,Jisse aapke mind aur teji se chalne lagenge
2026-07-25,06:58:01,Astro Ashtansh,1634753,Jo aapke pitaji ka karana hai
2026-07-25,06:57:50,Astro Ashtansh,1634753,Aapka bhi Sat sui wala upay kara Den kya
2026-07-25,06:57:43,mohina,3753418,Han chandra ko sahi kr do
2026-07-25,06:57:03,Astro Ashtansh,1634753,Dekho maine vaise nahin bola hai aapki grah dashaen bahut acchi Hain aur aage aur acchi hoti ja rahi hain matlab future aapka bahut achcha hone wala hai
2026-07-25,06:56:41,Astro Ashtansh,1634753,Nahin nahin aisi baat nahin Hai Dekho bilkul aapke grah aapko Bata rahe hain ki aap ek Vishesh safalta Apne jivan mein hasil karne wali Hain
2026-07-25,06:56:26,Astro Ashtansh,1634753,Aapke mind ko chandrama कभी-कभी divert kar de rahe hain
2026-07-25,06:56:19,Astro Ashtansh,1634753,Dekhiae Sabse Badi baat hai
2026-07-25,06:55:33,Astro Ashtansh,1634753,Aapki hamesha pahchan Bani rahegi
2026-07-25,06:55:04,Astro Ashtansh,1634753,Ek acche vyakti ke roop mein ek mahan vyakti ke roop mein
2026-07-25,06:54:22,Astro Ashtansh,1634753,Vah to hai aap mahan vyakti Hain bilkul aap kar sakte hain
2026-07-25,06:54:13,Astro Ashtansh,1634753,Ji bilkul
2026-07-25,06:53:36,mohina,3753418,Sahi hai phir apko mein bahut dhanyawad karugi aur apka kabhi koi kam huya mere laiyak toh I will do
2026-07-25,06:53:13,Astro Ashtansh,1634753,Bilkul aapko mehnat karna hai aur mehnat ka fal bhi aapko milega kyunki bahut bada Paisa Wala bhi banna hai
2026-07-25,06:52:42,mohina,3753418,Bs mehnat kr lu i will reach my goal
2026-07-25,06:52:37,Astro Ashtansh,1634753,Aur aapko to logon ke bich mein ek acchi pahchan
2026-07-25,06:51:35,Astro Ashtansh,1634753,Ki bahut bada rajyog hai aur Surya aapko support kar rahe hain Surya ke support karne se pata chalta Hai ki vyakti bada aadami banta hai
2026-07-25,06:51:14,mohina,3753418,Kya
2026-07-25,06:50:46,Astro Ashtansh,1634753,Aur Maine dekha Hai
2026-07-25,06:50:39,mohina,3753418,Thanks
2026-07-25,06:50:26,mohina,3753418,Hnji
2026-07-25,06:50:10,Astro Ashtansh,1634753,Aapko officer banna hai aur bahut bada officer banna hai
2026-07-25,06:49:30,Astro Ashtansh,1634753,Aapko officer banna hai
2026-07-25,06:49:01,mohina,3753418,Sab ko jawab mil Jayega
2026-07-25,06:48:48,mohina,3753418,Padai shuru kr di hai
2026-07-25,06:48:37,mohina,3753418,Bs officer bn jau
2026-07-25,06:48:37,Astro Ashtansh,1634753,Aur ismein bahut bada rajyog hi banaa hua Hai
2026-07-25,06:48:25,Astro Ashtansh,1634753,Dekhiae kundli aapki bahut acchi Hai Maine Dekhi Hai
2026-07-25,06:48:17,mohina,3753418,Ok ji
2026-07-25,06:47:50,Astro Ashtansh,1634753,Bilkul aise sahi ho jaega aur ek upay Ham aapko bataunga kara Dunga usse aapko hamesha ke liye धीरे-धीरे sab kuchh sahi ho jaega
2026-07-25,06:47:27,mohina,3753418,Hnji positive lga
2026-07-25,06:47:00,Astro Ashtansh,1634753,Kuchh mind shant hua ki nahin
2026-07-25,06:45:53,Astro Ashtansh,1634753,Nahin paudhe per dal do
2026-07-25,06:45:43,mohina,3753418,Drawing room mein
2026-07-25,06:45:42,Astro Ashtansh,1634753,Ji vahi per Dal do bahut achcha
2026-07-25,06:44:50,Astro Ashtansh,1634753,Nahin Koi saaf jagah girao Jahan per gira do
2026-07-25,06:44:09,mohina,3753418,Kitchen sink mein gira du
2026-07-25,06:43:41,Astro Ashtansh,1634753,Aap usko aadha Pani Kisi Sath jagah gira do aur aadha Pani chahe ek bar mein Pi Lo chahe do teen bar mein Pi Lena
2026-07-25,06:43:12,mohina,3753418,Ghuma diya
2026-07-25,06:42:27,Astro Ashtansh,1634753,Aur sar ke upar Se panch bar ghuma do main Mantra bol raha hun
2026-07-25,06:42:09,Astro Ashtansh,1634753,Aap Kisi gilas mein Pani Le Lo
2026-07-25,06:41:39,mohina,3753418,
2026-07-25,06:40:53,Astro Ashtansh,1634753,Aap apna pic send kar do main abhi tatkal kuchh Rahat de deta hun Baki dusre upay se FIR kara dunga
2026-07-25,06:40:36,Astro Ashtansh,1634753,Theek hai batata hun han bilkul main mansik problem aapka bilkul solve kar dunga
2026-07-25,06:40:29,mohina,3753418,Upay bta do
2026-07-25,06:40:16,mohina,3753418,Do
2026-07-25,06:40:13,mohina,3753418,Aur mere mansik problem solve kr so
2026-07-25,06:40:02,mohina,3753418,Career ka bta do
2026-07-25,06:38:57,Astro Ashtansh,1634753,Theek hai batata hun
2026-07-25,06:38:45,mohina,3753418,10 pm
2026-07-25,06:38:36,mohina,3753418,21 december 1977
2026-07-25,06:38:20,Astro Ashtansh,1634753,Vikas ka date off birth batana to
2026-07-25,10:09:22,Astro Ashtansh,1634753,Kyunki humne dekha Hai
2026-07-25,10:09:04,Astro Ashtansh,1634753,Han aap karenge to aapko Vishesh Labh Se hone lagega aur aapke liye bahut achcha hoga aap har taraf se Safal ho jaenge aur future mein aapko aur achcha safalta milane lagega aur acchi kamyabi aapko milane lagegi aapka mind achcha chalne lagega Kisi prakar ka mansik tension aapko nahin rahega
2026-07-25,10:08:01,Astro Ashtansh,1634753,Lekin Ham chahte Hain ki aap apne liye vishesh Roop se is upay ko kar lijiyega jab aap kahenge to Ham is bar ko aapke liye bhi kara denge aapke liye ho jaega aur achcha ho jaega
2026-07-25,10:07:42,Astro Ashtansh,1634753,Pure Parivar ko Rahat milegi
2026-07-25,10:07:35,mohina,3753418,Sabko milegi rahat
2026-07-25,10:07:27,Astro Ashtansh,1634753,Aur kisi Shaniwar aur mangalwar Ko yah upay aap apne liye bhi kar lena
2026-07-25,10:07:20,Astro Ashtansh,1634753,Kyunki vahan problem jyada hai aur mujhe Vishwas Hai ki sab sahi ho jaega
2026-07-25,10:07:00,Astro Ashtansh,1634753,Aur aap dekhna  upay se Vishesh Rahat aap inko mil jaaye
2026-07-25,10:06:35,Astro Ashtansh,1634753,Aur Bhagwan aapko jivan mein har khushiyan har safalta har Labh prapt karaen
2026-07-25,10:06:26,Astro Ashtansh,1634753,Aur ham Bhagwan se prathna karte Hain ki aap bahut acche se khushhal jivan vyatit Karen
2026-07-25,10:06:14,Astro Ashtansh,1634753,Dhanyvad aapko hamara Aashirwad hamesha aapke sath hai
2026-07-25,10:06:01,mohina,3753418,
2026-07-25,10:05:23,Astro Ashtansh,1634753,
2026-07-25,10:04:53,Astro Ashtansh,1634753,Ji dhanyvad aapko is upay ko karke dekhiae bahut jyada respons mil jaega abhi Inka Swad Hai bilkul achcha hone lagega
2026-07-25,10:04:49,mohina,3753418,
2026-07-25,10:04:35,mohina,3753418,
2026-07-25,10:03:59,mohina,3753418,
2026-07-25,10:03:58,Astro Ashtansh,1634753,
2026-07-25,10:03:46,Astro Ashtansh,1634753,
2026-07-25,10:03:17,Astro Ashtansh,1634753,
2026-07-25,10:02:47,Astro Ashtansh,1634753,
2026-07-25,10:02:23,Astro Ashtansh,1634753,Ek tukra Ghar ke samne hi right side mein aur ek tukra Ghar ke left side mein fenk dete Hain
2026-07-25,10:02:07,Astro Ashtansh,1634753,Apne Ghar ke samne usko do tukde mein Kat dena
2026-07-25,10:02:05,mohina,3753418,Ghar mein babaji ka mandir yani 10 guru ka sthan hai vaha jala du
2026-07-25,10:01:59,Astro Ashtansh,1634753,Cal sham ko
2026-07-25,10:01:55,Astro Ashtansh,1634753,Jo jayfal hai
2026-07-25,10:01:41,mohina,3753418,Jayfal ka samajh ni aya
2026-07-25,10:01:07,Astro Ashtansh,1634753,Mohina ji aap hamari baat samajh rahi hain
2026-07-25,10:00:23,Astro Ashtansh,1634753,Aap hamari baat Ko samajh rahi hain
2026-07-25,10:00:06,Astro Ashtansh,1634753,Aur usmein jo long aur Kapoor hai
2026-07-25,10:00:00,Astro Ashtansh,1634753,Usko cal sham ko Aadhar Card ka ek left side ek right side fenk Dena hota Hai
2026-07-25,09:59:51,Astro Ashtansh,1634753,Aur dusra Jo ek jayfal bacha hoga
2026-07-25,09:59:45,Astro Ashtansh,1634753,Ek left side ek right side
2026-07-25,09:59:38,Astro Ashtansh,1634753,Aur jo nimbu bacha hai aaj sham ko Ghar ke samne do tukde mein Kar Kar Ghar ke donon taraf fenk dena
2026-07-25,09:59:20,Astro Ashtansh,1634753,Kisi aisi jagah karna ki Jahan Koi dare nahin aur aasani se lapet dena
2026-07-25,09:59:04,Astro Ashtansh,1634753,Dekho Park mein log aaenge to usko dekhkar darenge bhi
2026-07-25,09:58:57,Astro Ashtansh,1634753,Koi bhi Chhota bada ped Ho
2026-07-25,09:58:54,mohina,3753418,Samne park hai
2026-07-25,09:58:44,Astro Ashtansh,1634753,Ghar Se dur hai
2026-07-25,09:58:39,Astro Ashtansh,1634753,Kisi ped ki Dali mein dalna lapetna hota Hai
2026-07-25,09:58:33,Astro Ashtansh,1634753,Nahin mitti mein nahin dalna hota Hai
2026-07-25,09:58:28,mohina,3753418,Ghar se dur
2026-07-25,09:58:22,mohina,3753418,Miti mein daba du
2026-07-25,09:58:10,Astro Ashtansh,1634753,Dusra Jo nimbu aur jayfal bacha hai
2026-07-25,09:58:04,Astro Ashtansh,1634753,Ab isko kahin per Ghar Se dur Kisi ped ki Dali mein kahin latka dijiyega Koi dekhe nahin
2026-07-25,09:57:41,mohina,3753418,
2026-07-25,09:57:19,Astro Ashtansh,1634753,Aur dhaaga ka Jo hissa bacha hai usko Tod do
2026-07-25,09:57:14,Astro Ashtansh,1634753,Isko kahin per Kisi ped ke Dali mein ya kahin le jakar dhaage ke sahit latka dijiyega
2026-07-25,09:56:54,Astro Ashtansh,1634753,Aap Jo yah wala nimbu hai
2026-07-25,09:56:40,mohina,3753418,Lapet diya
2026-07-25,09:56:11,Astro Ashtansh,1634753,Usko nimbu Se lekar sabhi sui mein aap lapet dijiye
2026-07-25,09:55:56,Astro Ashtansh,1634753,Usmein jo dhaaga hai sabhi sui mein aur nimbu mein milakar lapeto
2026-07-25,09:55:39,mohina,3753418,
2026-07-25,09:55:12,Astro Ashtansh,1634753,Ek hi nimbu mein lagana ek nimbu use surakshit Rahane do
2026-07-25,09:55:00,mohina,3753418,
2026-07-25,09:54:59,Astro Ashtansh,1634753,Kya lag Gaya
2026-07-25,09:54:17,Astro Ashtansh,1634753,Han bilkul nimbu mein aap laga do
2026-07-25,09:53:54,Astro Ashtansh,1634753,Sabhi saton sui ek ek karke Charon taraf dashana hai
2026-07-25,09:53:46,mohina,3753418,Saath sui nimbu mein lga de
2026-07-25,09:53:25,Astro Ashtansh,1634753,Theek hai main Mantra bol raha hun
2026-07-25,09:53:19,mohina,3753418,Hnji kar rahe hai
2026-07-25,09:52:31,Astro Ashtansh,1634753,Kya yah kam aapke papa bhi kar sakte hain
2026-07-25,09:52:20,Astro Ashtansh,1634753,Inko Jo problem ho rahi hai jo inko dikkat ho rahi hai usko Dhyan mein rakhte hue use nimbu mein एक-एक sui dhasaaiye main Mantra bol raha hun
2026-07-25,09:52:04,Astro Ashtansh,1634753,Usko bhi ek ek sui lekar
2026-07-25,09:51:40,Astro Ashtansh,1634753,Aap Jo Sat sui hai
2026-07-25,09:51:26,Astro Ashtansh,1634753,Aap ek nimbu lijiye hath mein baki sab Saman niche Rakh dijiye
2026-07-25,09:51:17,Astro Ashtansh,1634753,Ek nimbu lijiyega
2026-07-25,09:51:17,mohina,3753418,Hnji
2026-07-25,09:51:05,Astro Ashtansh,1634753,Aapane sui aur nimbu ko liya
2026-07-25,09:50:55,Astro Ashtansh,1634753,Sui aur nimbu ko Le lijiye
2026-07-25,09:50:29,Astro Ashtansh,1634753,Saaf jagah rakhiega
2026-07-25,09:50:25,Astro Ashtansh,1634753,Side mein rakhkar
2026-07-25,09:50:08,Astro Ashtansh,1634753,Ab Sara Saman ko
2026-07-25,09:50:03,Astro Ashtansh,1634753,Bahut achcha Kiya aapane
2026-07-25,09:49:57,mohina,3753418,Ghuma diya
2026-07-25,09:49:45,Astro Ashtansh,1634753,Aapane abhi shuru Kiya Hai ki nahin ghumana
2026-07-25,09:49:35,Astro Ashtansh,1634753,Jab ho jaega bataiyega
2026-07-25,09:49:06,Astro Ashtansh,1634753,Mata Kali ka Dhyan kariyega
2026-07-25,09:48:41,Astro Ashtansh,1634753,Aur Main Mantra bol raha hun
2026-07-25,09:48:35,Astro Ashtansh,1634753,Unke sar ke upar Se panch bar aap ghumaaiye
2026-07-25,09:48:25,Astro Ashtansh,1634753,Aap Sara Saman lekar
2026-07-25,09:47:46,mohina,3753418,Hnji
2026-07-25,09:47:21,Astro Ashtansh,1634753,Kya Main upay kara dun
2026-07-25,09:46:55,mohina,3753418,Hnji
2026-07-25,09:46:44,Astro Ashtansh,1634753,Aap ghar pahunch gai kya
2026-07-25,09:46:30,Astro Ashtansh,1634753,Bahut achcha Kiya aapane
2026-07-25,09:46:07,Astro Ashtansh,1634753,Ji
2026-07-25,09:46:02,mohina,3753418,Yeh saman le liya
2026-07-25,09:45:35,Astro Ashtansh,1634753,Jay Shri Krishna Radhe Radhe
2026-07-25,09:45:34,mohina,3753418,
2026-07-28,09:27:11,Astro Ashtansh,1634753,Maine aapki kundli se bhi dekha hai aur horoscope se bhi dekh raha hun
2026-07-28,09:26:28,mohina,3753418,5
2026-07-28,09:26:17,Astro Ashtansh,1634753,Aap ek se 10 ke bich mein Koi sankhya bhi chunkar batana to
2026-07-28,09:24:22,mohina,3753418,Ok ji
2026-07-28,09:24:15,Astro Ashtansh,1634753,Theek hai Ham Bata rahe hain aapki kundli ko read karke
2026-07-28,09:24:05,mohina,3753418,"Iske liye aj phir kahi si sifarish karwai hai 
Yeh kaam kb tak hoga mera"
2026-07-28,09:23:22,mohina,3753418,Yeh kaam mera 1.5  saal se ataka hua hai
2026-07-28,09:23:05,mohina,3753418,"Theek hu kafi 
My question is k m preparing fr officer exam toh mujhe kaha ab kaam krti hu high court mein vaha halki branch chahiye"
2026-07-28,09:22:23,Astro Ashtansh,1634753,Namaste ji kaise hain
2026-07-28,09:22:19,Astro Ashtansh,1634753,Jay Shri Krishna
2026-07-28,09:22:12,mohina,3753418,Namaste ji
2026-07-28,09:22:05,Astrolokal,0,"Welcome to AstroLokal! Please share your question. It usually takes around 2 minutes for the astrologer to read your horoscope, so we request your patience. 🙏"
2026-07-28,09:22:05,mohina,3753418,"Hi Astro Ashtansh,
Below are my details:

Name - mohina
Gender - Female
DOB - 09 October, 1993
TOB - 12:30 PM
POB - Chandigarh, India"
2026-07-28,09:22:05,Astrolokal,0,Consultation started for #64d4f1fb-ecf4-4c37-b05f-c6b62f012ddb
2026-07-25,10:35:53,Astrolokal,0,Chat has ended
2026-07-25,10:35:48,Astro Ashtansh,1634753,Ji bilkul bhi dhanyvad
2026-07-25,10:35:19,Astro Ashtansh,1634753,Ji dhanyvad
2026-07-25,10:35:07,mohina,3753418,Bye take care ji
2026-07-25,10:34:48,Astro Ashtansh,1634753,Jay Mata Kali ki
2026-07-25,10:34:33,mohina,3753418,Jai kali mata ki
2026-07-25,10:34:26,mohina,3753418,Ji thanks 🙏
2026-07-25,10:33:50,Astro Ashtansh,1634753,Hamen pura Vishwas hai koi problem nahin aane wali Hai Bhagwan ki kripa Se aap bilkul har taraf se acche rahengi
2026-07-25,10:33:38,Astro Ashtansh,1634753,Kahin se koi problem hoga hamen bataiyega usse kuchh hoga nahin
2026-07-25,10:33:26,Astro Ashtansh,1634753,Han koi bhi baat hogi hamen aap bataiyega
2026-07-25,10:32:45,mohina,3753418,Ji
2026-07-25,10:32:14,Astro Ashtansh,1634753,Hamen mataji ko pranam karne ka unka Aashirwad lene ka mauka Mil Gaya
2026-07-25,10:32:05,Astro Ashtansh,1634753,Bahut achcha Kiya aur mataji ka aapane darshan bhi hamen kara diya
2026-07-25,10:31:32,mohina,3753418,Kar di
2026-07-25,10:31:09,Astro Ashtansh,1634753,Aapane Kapoor Jala Diya Mata Ji Se prathna kar lena ki hamare pitaji ko aap theek Karen jo bhi unki pareshani Ho dur Karen
2026-07-25,10:31:09,mohina,3753418,
2026-07-25,10:30:51,mohina,3753418,Kar diya
2026-07-25,10:30:47,mohina,3753418,Mandir aa gaye
2026-07-25,10:29:22,Astro Ashtansh,1634753,Kya aap abhi ghar par hi hain ya bahar nikle hain?
2026-07-25,10:28:24,Astro Ashtansh,1634753,Aur ISI Vishwas ke sath aage badhate hue Ham dekh Rahe Hain
2026-07-25,10:28:10,Astro Ashtansh,1634753,Kyunki mujhe Vishwas Hai ki ab aapko safalta mil jana hai
2026-07-25,10:27:50,Astro Ashtansh,1634753,Aap bilkul chinta mat karo
2026-07-25,10:27:15,Astro Ashtansh,1634753,Aur Main Vishwas ke sath hi aapko bataya hai
2026-07-25,10:27:12,mohina,3753418,Ji thanks
2026-07-25,10:27:05,Astro Ashtansh,1634753,Aur ISI Vishwas ke Karan hi maine bola
2026-07-25,10:26:06,Astro Ashtansh,1634753,Kyunki aapki kundli mein kuchh aisi chijen Maine Dekhi Hai jise mujhe Vishwas hua Hai
2026-07-25,10:25:57,Astro Ashtansh,1634753,Sab Sahi hoga main jo dekh raha hun vahi bol raha hun aapki kundli mein Jo Maine dekha Hai vahi Maine bataya hai
2026-07-25,10:25:46,mohina,3753418,Jaye
2026-07-25,10:25:44,mohina,3753418,Bas apki batein sach ho kaye
2026-07-25,10:25:19,Astro Ashtansh,1634753,Aur vah bhi aap apne Bal per kar sakengi
2026-07-25,10:25:06,Astro Ashtansh,1634753,Aur aapka naam Paisa sab kuchh achcha Rahane wala hai
2026-07-25,10:24:16,Astro Ashtansh,1634753,Aap apne buddhi Vivek ke bal per acchi pahchan banaenge
2026-07-25,10:23:54,Astro Ashtansh,1634753,Aur bilkul aap acchi kamyabi hasil karenge acchi safalta hasil karenge
2026-07-25,10:23:44,Astro Ashtansh,1634753,Bhagwan aapko jivan mein bahut badi safalta bhi dilaenge
2026-07-25,10:23:30,mohina,3753418,Dhanyavad apka bahut
2026-07-25,10:23:13,mohina,3753418,Ji yeh toh hai
2026-07-25,10:22:37,Astro Ashtansh,1634753,Ise to pata Chala Hai ki Bhagwan Ne aapko buddhi Vivek bahut achcha Diya hua Hai
2026-07-25,10:22:24,Astro Ashtansh,1634753,Aur aapki mind circle ko bhi Maine acchi tarah Se check kiya tha
2026-07-25,10:22:19,Astro Ashtansh,1634753,Kyunki humne aapki kundli ko acchi tarah Se dekha
2026-07-25,10:22:11,mohina,3753418,Ji bilkul
2026-07-25,10:21:43,Astro Ashtansh,1634753,Koi bhi baat hogi aap hamen bataiyega aur Main Vishwas dilata Hun ki future mein koi problem aapko ab nahin hone payega
2026-07-25,10:21:13,Astro Ashtansh,1634753,Aap bilkul tension mat lo ab aapko aage achcha hi dikhega
2026-07-25,10:20:32,Astro Ashtansh,1634753,Aur is mantra ke prayog se aapka buddhi Vivek bhi bahut achcha rahega mind bhi bahut achcha chalega
2026-07-25,10:20:16,Astro Ashtansh,1634753,Aur humne Jo Mantra Bata Diya abhi use Mantra ke prayog se hamesha aap Safal rahenge
2026-07-25,10:20:06,Astro Ashtansh,1634753,Aapko Kisi bhi tarah Se tension nahin aap bilkul nishchint rahiye
2026-07-25,10:19:56,mohina,3753418,Ok ji
2026-07-25,10:19:28,Astro Ashtansh,1634753,Koi baat nahin usse Koi tension nahin Hai
2026-07-25,10:18:35,mohina,3753418,
2026-07-25,10:18:33,Astro Ashtansh,1634753,Bus aise hi hoga aap chinta mat karo धीरे-धीरे sare problem solve ho jaenge kyunki Maine Jo upay aapko dopahar ko karaya hai use upay ke prabhav Se sab sahi ho jaega aur maine abhi jo upay bataya Hai isko jab bhi use karenge
2026-07-25,10:17:59,mohina,3753418,Theek hai ab sahi laga
2026-07-25,10:17:30,Astro Ashtansh,1634753,Is mantra Ko Man mein Jap lena
2026-07-25,10:17:21,Astro Ashtansh,1634753,
2026-07-25,10:17:09,Astro Ashtansh,1634753,Use photo Ko Dhyan karte hue Mata Kali ka Dhyan karna
2026-07-25,10:16:38,Astro Ashtansh,1634753,Aap jab kabhi bhi aapko negative mahsus Ho
2026-07-25,10:16:33,Astro Ashtansh,1634753,Aap ek kam kariyega
2026-07-25,10:16:12,mohina,3753418,Ok ji
2026-07-25,10:15:36,Astro Ashtansh,1634753,Sab Sahi hoga jaisa chahenge vaisa hi
2026-07-25,10:15:31,Astro Ashtansh,1634753,Pareshan mat hoiye
2026-07-25,10:15:01,mohina,3753418,Sab theek hoga na
2026-07-25,10:14:36,Astro Ashtansh,1634753,Bilkul aap Sahi kah rahe hain
2026-07-25,10:14:32,Astro Ashtansh,1634753,Han Ghar Aaye honge to kuchh Laga hoga bilkul sahi karenge
2026-07-25,10:14:17,mohina,3753418,Ghar aa k
2026-07-25,10:14:11,mohina,3753418,Hnji abhi band k thoda negative sa lga
2026-07-25,10:13:45,Astro Ashtansh,1634753,Jaisa hoga hamen bataiyega FIR
2026-07-25,10:13:44,mohina,3753418,🙏
2026-07-25,10:13:38,Astro Ashtansh,1634753,Ji dhanyvad
2026-07-25,10:13:35,mohina,3753418,Theek hai thank you ji
2026-07-25,10:12:50,Astro Ashtansh,1634753,Ji okay thank you
2026-07-25,10:12:39,Astro Ashtansh,1634753,Han bilkul aap jakar Mandir mein upay kar dena
2026-07-25,10:12:38,mohina,3753418,Jala deti hu
2026-07-25,10:12:24,mohina,3753418,Theek hai ji ab mandir ja k
2026-07-25,10:11:12,Astro Ashtansh,1634753,Kyunki hamen dikhai diya hai ki kuchh problem se to upay Se jyada solve ho jaenge isliye maine aapko bataya bhi hai
2026-07-25,10:10:50,Astro Ashtansh,1634753,Kyunki unka swasthya धीरे-धीरे achcha hone lagega
2026-07-25,10:10:30,Astro Ashtansh,1634753,Mata Ji ki kripa Se aapke pitaji bhi Deepika Vishesh vyast Ho jaenge bahut achcha Ho jaenge
2026-07-25,10:10:03,Astro Ashtansh,1634753,Matlab ISI prakar ka Koi bhi kahin Koi tension wali baat nahin rah jaati Hai
2026-07-25,10:09:53,Astro Ashtansh,1634753,Aur jitne bhi ruke hue kam rahte hain banne lagte Hain swasthya bhi achcha rahata hai
2026-07-25,10:09:45,Astro Ashtansh,1634753,Jitne logon Ne is upay ko kiya hai vah bahut hi acchi tarah Se bahut achcha sab kuchh unka dikhai dene lagta hai
2026-07-28,10:02:17,mohina,3753418,Mein vaha senior assistant hu govt job
2026-07-28,10:02:01,mohina,3753418,Vikas ji advocate hai
2026-07-28,10:01:43,mohina,3753418,Justice
2026-07-28,10:01:39,mohina,3753418,High court k chief Just
2026-07-28,10:01:30,mohina,3753418,Chief k secretary ko kaha hai as bhi vikas ji ne
2026-07-28,10:01:10,Astro Ashtansh,1634753,Aapka transfer kiske dwara hoga jisse aap bol Den aur aapka transfer ho jaega
2026-07-28,10:01:06,mohina,3753418,Ji
2026-07-28,10:00:46,Astro Ashtansh,1634753,Bilkul yahi baat hai
2026-07-28,10:00:42,mohina,3753418,Meri transfer karwa do bs kuch aur upaye ho toh mantra toh mein krti rahugi
2026-07-28,10:00:08,mohina,3753418,"Yeh toh hai asool bhi hai mere 
Aur sach ka saath deti hu mein hamesha"
2026-07-28,09:59:41,Astro Ashtansh,1634753,Aap man Saman bahut Priya hai
2026-07-28,09:59:25,Astro Ashtansh,1634753,Kyunki vah log aapki tarah nahin rah sakte hain
2026-07-28,09:59:19,Astro Ashtansh,1634753,Aapki buddhi Vivek jyada hone ke Karan ek acchi man Samman se Rahane ke Karan logon Ko jalan hoti hai
2026-07-28,09:59:03,Astro Ashtansh,1634753,Kyunki Bhagwan Ne aapko buddhi Vivek jyada Diya Hai
2026-07-28,09:59:03,mohina,3753418,Mein toh kisi ko kuch kehti b ni
2026-07-28,09:58:51,Astro Ashtansh,1634753,Dekho jalne ke liye acche vyakti se Aksar log Jala karte Hain
2026-07-28,09:58:37,mohina,3753418,Pata ni log kyu jalte hai mujhse itna
2026-07-28,09:58:35,Astro Ashtansh,1634753,Kyunki vahan se nikalne ke bad hi safalta milegi aapko
2026-07-28,09:58:19,Astro Ashtansh,1634753,Bahut achcha aapane socha Hai
2026-07-28,09:58:06,mohina,3753418,Ji tabhi transfer chaiye aur padh saku halki jagah
2026-07-28,09:57:40,Astro Ashtansh,1634753,Safal Hain Koi kuchh kar bhi nahin Pa raha hai
2026-07-28,09:57:20,mohina,3753418,Ji vo toh bahut log krte hai mujhse
2026-07-28,09:57:03,Astro Ashtansh,1634753,Kuchh log jalan bhi karte Hain
2026-07-28,09:56:43,Astro Ashtansh,1634753,Vahan aapko koi bhi problem nahin hone wali Hai Lekin ek baat Main jarur dekh raha hun
2026-07-28,09:56:38,Astro Ashtansh,1634753,Dekhiae Maine itna to dekh liya hai
2026-07-28,09:53:01,mohina,3753418,Ok
2026-07-28,09:52:23,Astro Ashtansh,1634753,Fir bhi Ham check kar lete hain
2026-07-28,09:52:18,Astro Ashtansh,1634753,Aap pareshan mat hoiyega aapko kuchh hone wala nahin hai aapko kuchh hone nahin payega aur aapko kuchh hoga bhi ab jab aap office per jaiega to jo maine Mantra bataya hai use Mantra ko 21 bar padhakar tab vahan Pravesh kariyega
2026-07-28,09:51:59,Astro Ashtansh,1634753,Theek hai main bata raha hun
2026-07-28,09:51:47,mohina,3753418,Ab ka samay acha kaise karein
2026-07-28,09:51:00,mohina,3753418,Abhi mein chutti chal rahi hu offc se chest ki vajah se uska toh offc mei. Koi issue ni hoga
2026-07-28,09:50:12,Astro Ashtansh,1634753,Isiliye tumhare Mantra bataya hai ki rukavaten a rahe hain aur Man ke dwara safalta aapko mil jaaye
2026-07-28,09:50:02,Astro Ashtansh,1634753,To usse pahle hi ho sakta hai
2026-07-28,09:49:55,Astro Ashtansh,1634753,Koi jaruri nahin Hai kyunki yadi Mantra kam kar Gaya
2026-07-28,09:49:47,mohina,3753418,2 mahine lag jayege
2026-07-28,09:49:44,Astro Ashtansh,1634753,Bahut achcha aapane Kiya
2026-07-28,09:49:38,Astro Ashtansh,1634753,Jise koi bhi rukavaten na ho mein aur aap jald se jald Safal ho jaen
2026-07-28,09:49:35,mohina,3753418,Kr liya abhi hi
2026-07-28,09:49:22,Astro Ashtansh,1634753,Aur Maine Jo manth bataya uska prayog karna jaruri hai
2026-07-28,09:49:16,Astro Ashtansh,1634753,Fir bhi aap prayas jari rakho
2026-07-28,09:49:01,Astro Ashtansh,1634753,Lekin uske bad aapane Kisi Safal hone ke chance mein dikhai de rahi hai kyunki abhi ka Maine samay bhi bataya ki bahut achcha nahin chal Pa Raha Hai
2026-07-28,09:48:39,Astro Ashtansh,1634753,Dekho iske liye abhi aapko August se September Tak rukna pad sakta hai
2026-07-28,09:47:43,mohina,3753418,Lotus
2026-07-28,09:47:21,Astro Ashtansh,1634753,Aap Koi phool chunkar batana to
2026-07-28,09:46:58,Astro Ashtansh,1634753,Kyunki jab Yog banaa hai to kitna Koi rok lega vah aapko milega hi
2026-07-28,09:46:56,mohina,3753418,"Thanks

Kab tk ho jayega transfer jaldi ho jaye"
2026-07-28,09:46:20,Astro Ashtansh,1634753,Bilkul aapka padhna bhi ab aasan hoga abhi transfer bhi hoga aur jo Vada aap prapt karna chahti Hain vah pad bhi milega
2026-07-28,09:45:45,mohina,3753418,"Yeh toh hai haar toh mein kabhi ni manti kalpna toh krti hu
k bs abhi liye transfer ho jaye toh mera padna assan hoga"
2026-07-28,09:45:06,Astro Ashtansh,1634753,Lekin Kalpana karna bhi uchit hota Hai
2026-07-28,09:44:55,Astro Ashtansh,1634753,Shukr ka Kshetra bada hona hai bade pad ka Yog banaa rahe hain
2026-07-28,09:44:46,Astro Ashtansh,1634753,Yahan bhi sthiti bilkul vahi dikhai de rahi hai Surya aur Guru ka majbut hona
2026-07-28,09:44:21,Astro Ashtansh,1634753,Aur jo aapka left hand ki Rekha hai
2026-07-28,09:43:57,Astro Ashtansh,1634753,Aur jaisa ki
2026-07-28,09:43:52,Astro Ashtansh,1634753,Yah bahut badi uplabdhi ki baat hai kyunki kathin se bhi kathin samay mein aap har nahin manenge
2026-07-28,09:43:41,Astro Ashtansh,1634753,Mangal ka support Milana
2026-07-28,09:43:21,Astro Ashtansh,1634753,Mangal Rekha aapko bahut jyada support kar rahi ho
2026-07-28,09:43:16,Astro Ashtansh,1634753,Aur mujhe pura Vishwas Hai ki aapko purn Roop se har taraf se aap safalta Milana hi chahie kyunki hath ki Rekha mein
2026-07-28,09:42:47,Astro Ashtansh,1634753,Right hand ke hisab Se dekhne se Surya aur Guru ka mount aapki kundli ke Yog ki tarah hi
2026-07-28,09:42:25,Astro Ashtansh,1634753,Jo aapka right hand hai
2026-07-28,09:42:14,Astro Ashtansh,1634753,Dekho jaisa ki Maine dekha Hai
2026-07-28,09:37:19,mohina,3753418,Ok ji
2026-07-28,09:36:56,mohina,3753418,Right
2026-07-28,09:36:42,Astro Ashtansh,1634753,Aap right bhi send kar do
2026-07-28,09:36:29,mohina,3753418,Left
2026-07-28,09:35:44,Astro Ashtansh,1634753,Thoda Ham usse bhi clear hona chahte Hain
2026-07-28,09:35:33,Astro Ashtansh,1634753,Aap apne right hand aur left hand ka photo bhi Jara send karna to
2026-07-28,09:35:28,Astro Ashtansh,1634753,Aapko ham har is duniya Wale Safal hote hue dekh rahe hain
2026-07-28,09:35:17,Astro Ashtansh,1634753,Mohina ji
2026-07-28,09:34:40,Astro Ashtansh,1634753,Koi bhi kam Karna Ho Jaise aapane transfer ka plan Kiya Hai to kisi se baat karna hai kahin application dena hai ya kuchh bhi karna hai usse pahle 21 bar padh lena
2026-07-28,09:34:06,mohina,3753418,Kabhi bhi koi time
2026-07-28,09:34:00,mohina,3753418,Kab karna hai
2026-07-28,09:33:11,mohina,3753418,
2026-07-28,09:33:00,mohina,3753418,Hnji
2026-07-28,09:32:39,Astro Ashtansh,1634753,Is mantra ko aap padh Pa rahe ho
2026-07-28,09:32:34,Astro Ashtansh,1634753,More sudharahi so sb bhati jasu kripa nahin kripa aghati
2026-07-28,09:32:08,mohina,3753418,28 mein suna hai post niklegi
2026-07-28,09:31:53,mohina,3753418,"Ok ji 
Toh meri transfer ka koi upaye bta dijiye 

Yeh 1.5 saal se ataki hui hai"
2026-07-28,09:31:38,Astro Ashtansh,1634753,Paper 28 mein kab hoga
2026-07-28,09:31:10,Astro Ashtansh,1634753,Lekin jab yah aayog ban raha hai yah Yog bahut lambe long time ke liye ban raha hai
2026-07-28,09:30:55,mohina,3753418,Paper toh mera 2028 mein hoga
2026-07-28,09:30:42,mohina,3753418,Matlb
2026-07-28,09:30:32,Astro Ashtansh,1634753,Ismein is samay panch mahapurush Yog banne ja raha hai
2026-07-28,09:30:25,Astro Ashtansh,1634753,Kyunki humne dekha Hai
2026-07-28,09:29:29,mohina,3753418,Baat
2026-07-28,09:29:27,mohina,3753418,Aj kisse se kaha hai vo safal rahegi bast
2026-07-28,09:28:58,mohina,3753418,Agar hoga toh kab tk
2026-07-28,09:28:48,mohina,3753418,Transfer ho jayega mera coz halki jagah kam kar k hi padai ho payi gi
2026-07-28,09:28:20,Astro Ashtansh,1634753,Kyunki Surya aur Guru ka Yog aapke carier mein bade pad ka Yog banaa raha hai lekin Sanjog ketu ki Drishti hai jo thoda sa problem La rahe hain lekin fir bhi aapko safalta nishchit hi milegi
2026-07-28,09:27:58,Astro Ashtansh,1634753,Aapko safalta ka Yog hai aap apne ko halke mein lekar mat chalo aur aapko bade se bade pad ka Yog bhi banaa hua Hai Keval ketu ke Karan thodi Si rukavaten a rahi hain
2026-07-28,09:27:42,Astro Ashtansh,1634753,Aapko har sthiti mein Safal ho jana chahie
2026-07-28,09:27:25,Astro Ashtansh,1634753,Isase to pata chalta Hai ki ISI 2026 mein hi
2026-07-28,11:34:53,Astro Ashtansh,1634753,Aur aapko har taraf se ab aapko safalta hi milega
2026-07-28,11:34:47,Astro Ashtansh,1634753,Aur Bhagwan ki kripa Se bilkul aap Safal hone wale hain aur is bar aapko safalta aapke hath mein Hai
2026-07-28,11:34:37,Astro Ashtansh,1634753,Bilkul jaisa aap soch Rahi vaisa hi hone wala hai
2026-07-28,11:33:51,mohina,3753418,7
2026-07-28,11:33:25,Astro Ashtansh,1634753,Aap ek se 10 ke bich mein Koi sankhya chunkar batana to
2026-07-28,11:32:52,mohina,3753418,Ab koi rukawat toh ni dikh rahi apko
2026-07-28,11:32:32,Astro Ashtansh,1634753,Ab samjho ki aapka kam ho hi gaya hai aur jald se jald ho jana chahie
2026-07-28,11:32:22,Astro Ashtansh,1634753,Ab aapka kam jaldi ho jaega yah bahut jaruri tha
2026-07-28,11:32:08,Astro Ashtansh,1634753,Bahut achcha hua
2026-07-28,11:31:07,mohina,3753418,Ashish bansal ko
2026-07-28,11:31:01,mohina,3753418,Toh phir keh diya chief k secretary ko bhi aur judge sahib se kelwa diya
2026-07-28,11:30:28,Astro Ashtansh,1634753,Jay Shri Krishna
2026-07-28,11:30:13,Astrolokal,0,"Welcome to AstroLokal! Please share your question. It usually takes around 2 minutes for the astrologer to read your horoscope, so we request your patience. 🙏"
2026-07-28,11:30:13,mohina,3753418,"Hi Astro Ashtansh,
Below are my details:

Name - mohina
Gender - Female
DOB - 09 October, 1993
TOB - 12:30 PM
POB - Chandigarh, India"
2026-07-28,11:30:13,Astrolokal,0,Consultation started for #16195964-4db4-4509-b1fe-740d81816638
2026-07-28,10:24:36,Astrolokal,0,Chat has ended
2026-07-28,10:24:33,Astro Ashtansh,1634753,Har har Mahadev
2026-07-28,10:24:24,mohina,3753418,"Hnji jarur jay shree krishna jay shri radhe
Har har mahadev"
2026-07-28,10:24:13,Astro Ashtansh,1634753,Theek hai hamen bataiyega aap
2026-07-28,10:24:01,Astro Ashtansh,1634753,Jay Shri Krishna Jay Shri Radhe
2026-07-28,10:23:53,Astro Ashtansh,1634753,Ji dhanyvad
2026-07-28,10:23:26,Astro Ashtansh,1634753,Hamara Aashirwad aapke sath hai
2026-07-28,10:23:23,Astro Ashtansh,1634753,Ji dhanyvad aapko
2026-07-28,10:22:59,mohina,3753418,Ji thanks
2026-07-28,10:22:38,Astro Ashtansh,1634753,Ham apni taraf Se jitna Ho sakega utna koshish karenge
2026-07-28,10:22:24,mohina,3753418,Late na ho bs aur ab
2026-07-28,10:22:18,mohina,3753418,Ab rahat mili ho toh jayega
2026-07-28,10:22:02,Astro Ashtansh,1634753,Aap itna Jaan Lo ki aapka transfer hona hai
2026-07-28,10:21:57,Astro Ashtansh,1634753,Ji bilkul Ham bataenge kya karna hai aapko ham bataenge
2026-07-28,10:21:51,Astro Ashtansh,1634753,Koi baat nahin
2026-07-28,10:20:46,mohina,3753418,Chaliye phir mein chief k Secretary se baat hone k baad uska dhyan kitna hai puchugi phir aap batana dobara bolna hai k ni
2026-07-28,10:20:00,Astro Ashtansh,1634753,Bhagwan ki kripa Se aap har taraf se Safal Hain kamyab hai aur kamyab rahenge Safal rahenge
2026-07-28,10:19:53,Astro Ashtansh,1634753,Aap bilkul Apne Ko nishchint rahiye
2026-07-28,10:19:46,mohina,3753418,Ok ji
2026-07-28,10:19:26,Astro Ashtansh,1634753,Pura samay hai aap kabhi bhi kar lo
2026-07-28,10:19:20,Astro Ashtansh,1634753,Han kabhi bhi Kar lijiye Koi dikkat nahin Hai
2026-07-28,10:19:12,mohina,3753418,Abhi bhi kr sakti hu
2026-07-28,10:18:52,Astro Ashtansh,1634753,Ke liye Koi samay nahin Khan ki baat nahin hai aap Jahan chahe vahan fenk de koi baat nahin
2026-07-28,10:18:44,mohina,3753418,Ok ji
2026-07-28,10:18:40,Astro Ashtansh,1634753,Kahin bhi aap fenk sakti hai
2026-07-28,10:18:17,mohina,3753418,Dustbin mein
2026-07-28,10:18:01,Astro Ashtansh,1634753,Aur panch bar aap ghumayenge uske bad Kat kar fenk dijiyega Bahar kahin bhi
2026-07-28,10:17:53,Astro Ashtansh,1634753,Panch nimbu lijiyega aur sar ke upar Se panch bar ghumaaiyega
2026-07-28,10:17:47,Astro Ashtansh,1634753,Panch bar ghumana hai
2026-07-28,10:17:34,mohina,3753418,Kat k
2026-07-28,10:17:31,mohina,3753418,Kar k
2026-07-28,10:16:17,Astro Ashtansh,1634753,Aur Main har sambhav prayas karunga ki aap har taraf se Safal ho jaen
2026-07-28,10:16:11,Astro Ashtansh,1634753,Aap bilkul tension mat lo hamari taraf se jitna ho sakta hai utna Ham karenge
2026-07-28,10:14:54,mohina,3753418,Aapka bahut thanks nimbu ka upaye karna hai aj last Saturday aur last Tuesday
2026-07-28,10:13:44,Astro Ashtansh,1634753,Bilkul serious lenge
2026-07-28,10:13:19,mohina,3753418,Asish serious bhi le raha hai ?
2026-07-28,10:12:42,Astro Ashtansh,1634753,Aur jab aapki baat ko samajh Rahe Hain to fir koi problem nahin hona chahie
2026-07-28,10:12:35,Astro Ashtansh,1634753,vah samajh rahe hain aapki baat Ko Na
2026-07-28,10:12:24,Astro Ashtansh,1634753,Han jab vahan bol denge to sab kuchh Sahi rahega bilkul
2026-07-28,10:12:20,mohina,3753418,Aaj ashish ne serious bhi liya hai
2026-07-28,10:12:08,Astro Ashtansh,1634753,Nahin ek bar mein sunenge to dobara to karna Hi padega aur ham itna to Bata hi denge ki aage bole Hain ki nahin
2026-07-28,10:12:00,mohina,3753418,Tabhi meine bola vikas ji ko k seeda  chief offc nole
2026-07-28,10:11:52,Astro Ashtansh,1634753,Use Koi dikkat nahin Hai aap tension mat lo
2026-07-28,10:11:34,mohina,3753418,Ashish pata ni mera kaam ni karta
2026-07-28,10:10:54,Astro Ashtansh,1634753,Isase aapko safalta bhi mil jayegi aur aage ko aapko aur aage badhane ka mauka bhi mil jaega
2026-07-28,10:10:53,mohina,3753418,"Ashish bansal ko do baar judge se bhi kehlwaya tha usne hi order chief k pass le k Jana hai 
1.5 saal se ashish ne kuch ni kiya"
2026-07-28,10:10:39,Astro Ashtansh,1634753,Han bilkul katenge to jaldi aapka kam Ban jaega
2026-07-28,10:09:55,mohina,3753418,Chief k secretary ko sham ko bolege
2026-07-28,10:08:29,Astro Ashtansh,1634753,Ji bilkul aap poochh lo
2026-07-28,10:08:10,mohina,3753418,Ruko mein puchti hu vikas ji se kaha toh hai na
2026-07-28,10:08:00,Astro Ashtansh,1634753,Isliye mujhe Vishwas nahin har taraf se Safal Hai kamyab han thoda sa utaar aur chadhav ki sthiti jarur hai lekin isase koi problem nahin hone wala hai
2026-07-28,10:07:35,Astro Ashtansh,1634753,Kundli ki Yog Se dekhne per Bhagwan aapko sab kuchh Diya hua sab kuchh achcha hai
2026-07-28,10:07:15,Astro Ashtansh,1634753,FIR to aapko aage koi problem nahin Hai Kisi bhi tarah ka
2026-07-28,10:06:44,Astro Ashtansh,1634753,Aap aaj aane ke liye bole Hain tab koi baat nahin bahut acchi baat hai
2026-07-28,10:06:29,Astro Ashtansh,1634753,Aisi koi baat nahin hai iska matlab fark nahin pada hai lekin
2026-07-28,10:06:19,Astro Ashtansh,1634753,FIR theek hai koi baat nahin tab kyunki Maine dekha Hai ki unke mind circle mein aisi koi baat nahin hai
2026-07-28,10:06:12,Astro Ashtansh,1634753,Achcha theek hai aaj hi kaha hai
2026-07-28,10:06:06,Astro Ashtansh,1634753,Unhin se hi bolna jaruri hai kyunki ek bar bole Hain dobara bolenge to uska Dhyan rahega kyunki unka Dhyan utar chuka hai
2026-07-28,10:06:03,mohina,3753418,Aj hi kaha hai
2026-07-28,10:05:57,Astro Ashtansh,1634753,Nahin unhin ko kaarvayi
2026-07-28,10:05:50,Astro Ashtansh,1634753,Aap bol do ki ek bar aur kah de
2026-07-28,10:05:47,mohina,3753418,Ok unhe hi ya kisi aur ko
2026-07-28,10:05:33,Astro Ashtansh,1634753,Ek bar aur ka halva dijiye
2026-07-28,10:05:12,Astro Ashtansh,1634753,Aur abhi use per vah Dhyan bhi nahin de rahe hain
2026-07-28,10:04:55,Astro Ashtansh,1634753,Isliye dobara kahana jaruri hai
2026-07-28,10:04:48,Astro Ashtansh,1634753,Kyunki Main dekh raha hun kabhi usmein kuchh Ho nahin raha hai aur unke upar Koi fark bhi nahin pada hai
2026-07-28,10:04:41,Astro Ashtansh,1634753,Dobara unse bolna padega
2026-07-28,10:04:36,Astro Ashtansh,1634753,Aap fir se unko ka halvai hai
2026-07-28,10:04:18,mohina,3753418,6
2026-07-28,10:04:10,Astro Ashtansh,1634753,Aap ek se 10 ke bich mein Koi dusri sankhya chuniyega to
2026-07-28,10:04:05,Astro Ashtansh,1634753,Ham samajh Gaye aapke bat
2026-07-28,10:03:50,mohina,3753418,My hone wale husband
2026-07-28,10:03:37,mohina,3753418,Hnji
2026-07-28,10:03:05,Astro Ashtansh,1634753,Main samajh raha hun
2026-07-29,15:37:56,Astro Ashtansh,1634753,Ji negative prabhav hai aap mantra karne ka prayas kar rahe hain aur man rok raha hai na ki aap mat karo
2026-07-29,15:37:28,mohina,3753418,Mein kr rahi thi mantra man rokta hai
2026-07-29,15:36:49,Astro Ashtansh,1634753,Aap hath Mein rakho Main jab bolunga to usko Pi Lena
2026-07-29,15:36:32,mohina,3753418,Pani
2026-07-29,15:36:29,mohina,3753418,Le liya panu
2026-07-29,15:35:51,mohina,3753418,Ok
2026-07-29,15:35:42,Astro Ashtansh,1634753,Aapko thodi hi der mein release mahsus hoga aur aapka focus badhega
2026-07-29,15:35:21,Astro Ashtansh,1634753,Ya aap ek gilas Pani lao Main yahan Se kuchh upay kar deta hun aur uske bad use Pani ko aap Pi lo
2026-07-29,15:34:14,Astro Ashtansh,1634753,Aur Dhyan lagakar ke 5 minut baithiye aur man mein Hanuman chalisa ka Jaap kijiye ya gaytri Mantra ka aap Jaap kijiye
2026-07-29,15:34:01,mohina,3753418,Ok
2026-07-29,15:33:51,Astro Ashtansh,1634753,Ji acchi baat hai aap hath pair dhul ke aaiae
2026-07-29,15:33:36,mohina,3753418,Abhi aap se baat krte roki
2026-07-29,15:33:24,mohina,3753418,Hnji kr rahi thi
2026-07-29,15:33:02,Astro Ashtansh,1634753,Ji
2026-07-29,15:33:01,mohina,3753418,Kya karu
2026-07-29,15:32:43,mohina,3753418,Hnji
2026-07-29,15:32:32,Astro Ashtansh,1634753,Ji aap koshish to kar rahe hain lekin dimag Mein kuchh baith nahin raha hai idhar yad Kiya udhar bhul gaye
2026-07-29,15:32:17,Astro Ashtansh,1634753,Ji
2026-07-29,15:32:08,mohina,3753418,Dimag mein ni ja raha tha
2026-07-29,15:31:47,mohina,3753418,Abhi padte padte kuch dimag no ka raha yaad kRne mein dikkat ati hai
2026-07-29,15:31:39,Astro Ashtansh,1634753,Ji Ham bilkul theek hain
2026-07-29,15:31:31,Astro Ashtansh,1634753,Ji mohina ji kaise ho aap
2026-07-29,15:31:20,Astro Ashtansh,1634753,Ji namaskar ji Radhe Radhe Jay Shri Krishna
2026-07-29,15:31:12,mohina,3753418,Theek hai aap
2026-07-29,15:31:04,mohina,3753418,Namaste ji
2026-07-29,15:30:58,Astrolokal,0,"Welcome to AstroLokal! Please share your question. It usually takes around 2 minutes for the astrologer to read your horoscope, so we request your patience. 🙏"
2026-07-29,15:30:58,mohina,3753418,"Hi Astro Ashtansh,
Below are my details:

Name - mohina
Gender - Female
DOB - 09 October, 1993
TOB - 12:30 PM
POB - Chandigarh, India"
2026-07-29,15:30:58,Astrolokal,0,Consultation started for #ac66522f-7322-491e-8f5c-c7dde8e6c15f
2026-07-28,12:02:33,Astrolokal,0,Chat has ended
2026-07-28,12:02:28,mohina,3753418,"Mein disconnect krti hu
Jay shri krishna jay mata radhe"
2026-07-28,12:02:14,Astro Ashtansh,1634753,Jay Shri Krishna Jay Mata Radhe
2026-07-28,12:02:09,Astro Ashtansh,1634753,Theek hai jaisa hoga hamen bataiye
2026-07-28,12:01:55,mohina,3753418,Koi doubt hua I will contact you again 🙏
2026-07-28,12:01:40,mohina,3753418,Theek hai ji 🙏
2026-07-28,12:00:58,Astro Ashtansh,1634753,Bilkul aap Bhagwan ki kripa Se sabak Hain Safal hongi bhi
2026-07-28,12:00:45,mohina,3753418,Ji bilkul apke vishwas se himmat bahut milti hai
2026-07-28,12:00:11,Astro Ashtansh,1634753,Jisse mujhe Vishwas hota hai ki aap Safal honge kamyab honge
2026-07-28,12:00:02,Astro Ashtansh,1634753,Aur hamara Aashirwad hamesha aapke sath hai
2026-07-28,11:59:46,mohina,3753418,Hope fr best
2026-07-28,11:59:41,mohina,3753418,Theek hai ji
2026-07-28,11:58:57,Astro Ashtansh,1634753,Aur ISI Vishwas ke sath main kar bhi sakta hun ki yadi aapka achcha Hi hone wala hai sab kuchh achcha hone wala hai
2026-07-28,11:58:40,mohina,3753418,Vo sab mein kr rahi hu
2026-07-28,11:58:32,mohina,3753418,Theek hai ji
2026-07-28,11:57:53,Astro Ashtansh,1634753,Aur ham apni taraf Se koshish kar rahe hain aapko Maine sabhi upay Bata bhi diya hai ise aapko jald se jald safalta mil jayegi aur aap kamyab Ho jaenge
2026-07-28,11:57:43,Astro Ashtansh,1634753,Aur mujhe Vishwas hai ki aapka kam jald se jald ho jaega
2026-07-28,11:57:37,Astro Ashtansh,1634753,Ab Koi Jaise grahon ka prabhav achcha nahin Hai Maine Kya bataya pahle aapko ki 2 mahine lag sakte hain lekin Main apni taraf Se koshish kar raha hun ki jald se jald Ho jaaye kam aapka
2026-07-28,11:57:35,mohina,3753418,Shani
2026-07-28,11:57:30,mohina,3753418,"Kaunsa grah ha 
Ketu aur chandrama"
2026-07-28,11:57:06,Astro Ashtansh,1634753,Lekin main kuchh Yog se Aisa bhi dekha Hai ki aapko safalta bhi mil jayegi
2026-07-28,11:56:55,Astro Ashtansh,1634753,Usmein to rukavat a rahi hai maine aapko bataya bhi hai
2026-07-28,11:56:46,Astro Ashtansh,1634753,Jaise Dekho grah dashaen bahut acchi to nahin chal rahi lekin mujhe Vishwas hai ki aap Safal ho jaenge
2026-07-28,11:56:37,Astro Ashtansh,1634753,Hoga bilkul chinta mat karo
2026-07-28,11:56:25,mohina,3753418,Shukar hai bs is baar kaam ho jaye
2026-07-28,11:56:08,Astro Ashtansh,1634753,Aur mujhe ab Vishwas bhi hai ki ab aapko aage badhane ka safalta pane mein Koi nahin rok Sakta
2026-07-28,11:55:16,Astro Ashtansh,1634753,Bahut acchi baat hai
2026-07-28,11:55:13,Astro Ashtansh,1634753,Koi baat nahin
2026-07-28,11:54:16,mohina,3753418,Ok mein ni karti baat hamesha vikas ji krte hai
2026-07-28,11:53:40,Astro Ashtansh,1634753,To jo maine Mantra bataya tha use Mantra ko 21 bar padhakar inse baat karo
2026-07-28,11:53:33,Astro Ashtansh,1634753,Nahin aap chinta mat karo karenge aur aap jab bhi inse baat karna chaho
2026-07-28,11:53:10,mohina,3753418,Toh mujhe dar sa lagta hai k karege ab
2026-07-28,11:53:00,mohina,3753418,1.5 saal se inhone kuch kiya ni
2026-07-28,11:52:50,mohina,3753418,Phir theek hai
2026-07-28,11:52:28,Astro Ashtansh,1634753,Aur bilkul ab aapke liye har sambhav koshish bhi kar rahe hain aur isase aapko safalta bhi mil jayegi
2026-07-28,11:52:05,Astro Ashtansh,1634753,Jisse ab aage ka samay aapka bilkul achcha FIR dikhne wala hai
2026-07-28,11:51:48,Astro Ashtansh,1634753,Han Maine dekha Hai ki Jaise ab aapke liye unki soch bahut hi positive acchi hai aur aapko har sthiti mein pura support karte hue dikhai de rahe hain
2026-07-28,11:51:34,Astro Ashtansh,1634753,Upar Maine likh bheja hai theek hai na fir se likh deta hun
2026-07-28,11:51:21,Astro Ashtansh,1634753,Ham likh kar bhej rahe the aapke pass ja raha tha ki nahin
2026-07-28,11:51:21,mohina,3753418,Yeh pata ni atak gaya tha
2026-07-28,11:51:16,Astro Ashtansh,1634753,Jay Shri Krishna
2026-07-28,11:51:07,Astrolokal,0,"Welcome to AstroLokal! Please share your question. It usually takes around 2 minutes for the astrologer to read your horoscope, so we request your patience. 🙏"
2026-07-28,11:51:07,mohina,3753418,"Hi Astro Ashtansh,
Below are my details:

Name - mohina
Gender - Female
DOB - 09 October, 1993
TOB - 12:30 PM
POB - Chandigarh, India"
2026-07-28,11:51:07,Astrolokal,0,Consultation started for #523c2617-f238-48f2-969f-7cdc6030ec15
2026-07-28,11:50:50,Astrolokal,0,Chat has ended
2026-07-28,11:49:43,Astro Ashtansh,1634753,Unke mind circle aur feeling donon aapki bhi acchi dikhai de rahi kyunki soch bahut hi acchi chal rahi hai aur bilkul aapke liye ab achcha hone ka Yog Ban chuka hai samjho aap sab kuchh achcha Hi hone wala hai
2026-07-28,11:49:20,Astro Ashtansh,1634753,Aur Main acchi tarah Se deta hun
2026-07-28,11:48:17,Astro Ashtansh,1634753,Inki Jo soch hai aapke liye bilkul positive Bani Hui Hai
2026-07-28,11:48:04,Astro Ashtansh,1634753,Bilkul bahut hi achcha hota hua dikhai de raha hai inke mind circle ke hisab se inki
2026-07-28,11:47:58,Astro Ashtansh,1634753,Ab aapke liye koi problem nahin Hai yah pura support aapka kar rahe hain aur Inka support aapko mil raha hai aur milega bhi
2026-07-28,11:41:12,mohina,3753418,Ok
2026-07-28,11:40:32,Astro Ashtansh,1634753,Aapane bahut achcha Kiya
2026-07-28,11:39:33,mohina,3753418,
2026-07-28,11:37:20,mohina,3753418,Ruko
2026-07-28,11:37:08,Astro Ashtansh,1634753,Ashish ka photo hai aapke pass
2026-07-28,11:36:59,Astro Ashtansh,1634753,Unka photo hai kya aapke pass
2026-07-28,11:36:37,mohina,3753418,Ab sab serious hai ashish ka mind circle aur chief k secretary bhi
2026-07-28,11:36:18,Astro Ashtansh,1634753,Ek acche Yog ki kundli bade pad ke Yog ki kundli hamesha Safal hi rahti hai aur Safal banati hai
2026-07-28,11:36:05,Astro Ashtansh,1634753,Vaise bhi
2026-07-28,11:35:51,Astro Ashtansh,1634753,Aur ab aap safalta ki taraf badh chuki hain aur धीरे-धीरे ab aage hi badhana hai aapko
2026-07-28,11:35:41,Astro Ashtansh,1634753,Aap bilkul chinta mat karo
2026-07-28,11:35:35,mohina,3753418,Phir theek hai
2026-07-30,08:29:26,Astro Ashtansh,1634753,Kya aapne ghar ke vastu ya mitti ke liye koi upay kiya tha?
2026-07-30,08:29:13,mohina,3753418,Hnji
2026-07-30,08:28:55,Astro Ashtansh,1634753,Ji Main ek bar dekhta hun ghar se kya dikkatein hain
2026-07-30,08:27:30,mohina,3753418,Pehle kisi ne bataya tha
2026-07-30,08:27:23,mohina,3753418,Ji
2026-07-30,08:27:11,Astro Ashtansh,1634753,Ji kya aapane Kisi Ko dikhaya tha Jo Ghar ki mitti kharab hone ki ab baat kar rahi ho
2026-07-30,08:26:54,Astro Ashtansh,1634753,Tanav ka face saaf Karti Hain aur negative thinking Jaise उल्टी-सीधी baten hamesha man mein chalna
2026-07-30,08:26:48,mohina,3753418,Miti ka koi ilaj
2026-07-30,08:26:28,Astro Ashtansh,1634753,Ji bilkul hota Hai Ghar Se negative urja ki vajah se aapki life mein prabhav pad raha hai bilkul aapki baat sahi hai
2026-07-30,08:26:20,mohina,3753418,Negative thinking kaisi
2026-07-30,08:25:50,Astro Ashtansh,1634753,Aur dusri chij Jo main aapke mind circle Se dekha hun aap apne Man Se negative thinking ko nikal do
2026-07-30,08:25:43,mohina,3753418,Ghar ki miti kharab hai vaha se problem hoti hai
2026-07-30,08:25:31,Astro Ashtansh,1634753,Ji bilkul main parmanent ilaaj ke liye Hi aapko bataya hun Shani Dev ka jo upay Mein bataya hun bilkul vah aap karogi to aapko parmanent aaram milega
2026-07-30,08:25:06,Astro Ashtansh,1634753,Dekho aap vah bhi proper karo
2026-07-30,08:24:52,mohina,3753418,Koi permanent ilaj kr do
2026-07-30,08:24:44,mohina,3753418,Thoda jada ni
2026-07-30,08:24:25,Astro Ashtansh,1634753,Aur jo Mantra mein aapko Jaap karne ke bad study karne ke liye bola tha vah karne se bilkul aapko relief nahin mila hai ya kuchh Labh mile hain usko karne se
2026-07-30,08:22:52,Astro Ashtansh,1634753,Study per aapka pura focus hoga aur jo aap padhenge vah yad Hoga aapko
2026-07-30,08:22:27,Astro Ashtansh,1634753,Lekin aap bilkul pareshan Na Ho next Shaniwar ke din aap yah Dan Jo bataya hun main vah kar dijiye bilkul hi Inka Jo negative prabhav Hai vah kam hoga aur aapko achcha response milega
2026-07-30,08:21:35,Astro Ashtansh,1634753,Aur present Mein Sani Bakri bhi chal rahe hain jiski vajah se unka negative prabhav aur badh gaya hai present time mein
2026-07-30,08:21:14,Astro Ashtansh,1634753,Ji
2026-07-30,08:21:05,mohina,3753418,Shani bahut tang krta hai
2026-07-30,08:20:34,mohina,3753418,Ok
2026-07-30,08:20:30,Astro Ashtansh,1634753,Jo negative urja ka prabhav Hai bilkul samapt hoga kyunki Shani ki Teesri Drishti Pancham bhav per pad rahi hai yani Shiksha bhav pay Drishti hone ki vajah se study per Puri tarah Se focus nahin Ho Pa raha hai
2026-07-30,08:19:57,Astro Ashtansh,1634753,Kala til Kale udad ki daal Kala vastra kala sleeper Kala chhata yah aap Kisi ek Shaniwar ke din kuchh paise ke Sath Kisi jaruratmand Ko Dan kar den
2026-07-30,08:19:12,Astro Ashtansh,1634753,Ya aap Shaniwar ke din kuchh Kali vastu ka aap Dan Karen jaise ki
2026-07-30,08:18:48,Astro Ashtansh,1634753,Aap nimbu le lijiyega aur sar per saat bar war karke yani sar per aapko saat bar ghumana hai clockwise aur usko cut karke aap fenk dijiyega Bahar
2026-07-30,08:18:07,mohina,3753418,Ok
2026-07-30,08:17:39,Astro Ashtansh,1634753,Jo mansik tanav ka face kar rahe hain study ke time yahan kuchh negative urja hamen dekhne ko mile hain jo ki prabhavit kar rahe hain
2026-07-30,08:13:54,mohina,3753418,Ok
2026-07-30,08:13:27,Astro Ashtansh,1634753,Current energy Mein dekh raha hun aur study Mein focus kyon nahin lag raha hai
2026-07-30,08:12:59,Astro Ashtansh,1634753,Ok main check kar le raha hun aap thoda sa samay dijiyega
2026-07-30,08:12:05,mohina,3753418,
2026-07-30,08:11:29,Astro Ashtansh,1634753,Aur aap apni current ki ek photo send karna main mind circle dekhkar ke aapko jankari de raha hun
2026-07-30,08:11:15,Astro Ashtansh,1634753,Aap bilkul pareshan Na Ho vah upay aap bilkul continue karo
2026-07-30,08:11:04,Astro Ashtansh,1634753,Ji
2026-07-30,08:10:42,mohina,3753418,Hnji
2026-07-30,08:10:21,Astro Ashtansh,1634753,Abhi aapka pura focus nahin Ho Pa raha hai padhaai mein bilkul man nahin lag raha hai
2026-07-30,08:09:55,Astro Ashtansh,1634753,Ji
2026-07-30,08:09:05,mohina,3753418,Kiya par bahut mushkil hai padna especially purani books se
2026-07-30,08:08:56,Astro Ashtansh,1634753,Ji aapane Kiya
2026-07-30,08:08:47,Astro Ashtansh,1634753,Ji bataiye kaise ho aap
2026-07-30,08:08:38,mohina,3753418,Jo apne kAha tha kiya mrine
2026-07-30,08:08:35,Astro Ashtansh,1634753,Ji namaskar ji Radhe Radhe Jay Shri Krishna
2026-07-30,08:08:09,mohina,3753418,Namaste ji
2026-07-30,08:07:56,Astrolokal,0,"Welcome to AstroLokal! Please share your question. It usually takes around 2 minutes for the astrologer to read your horoscope, so we request your patience. 🙏"
2026-07-30,08:07:56,mohina,3753418,"Hi Astro Ashtansh,
Below are my details:

Name - mohina
Gender - Female
DOB - 09 October, 1993
TOB - 12:30 PM
POB - Chandigarh, India"
2026-07-30,08:07:56,Astrolokal,0,Consultation started for #ed3496f3-8577-456f-beb4-f75fd94ef9c8
2026-07-29,15:53:02,Astrolokal,0,Chat has ended
2026-07-29,15:52:50,mohina,3753418,Radhe radhe ji 🙏
2026-07-29,15:52:34,Astro Ashtansh,1634753,Dhanyvad ji Radhe Radhe Jay Shri Krishna
2026-07-29,15:52:32,mohina,3753418,Hnji
2026-07-29,15:52:24,Astro Ashtansh,1634753,Ji bilkul aap kar sakte hain aur jo bhi update rahega aap bataiyega jarur
2026-07-29,15:52:07,mohina,3753418,Ji theek hai ab mein disconnect krti hu
2026-07-29,15:51:28,Astro Ashtansh,1634753,Main hamesha ke liye iska samadhan aapko bata dunga
2026-07-29,15:51:26,mohina,3753418,Ji bilkul
2026-07-29,15:51:15,Astro Ashtansh,1634753,Aur iske bad bhi agar aapko dikkat mahsus ho rahi hai to aap turant update kijiega
2026-07-29,15:51:02,mohina,3753418,Theek hai 2 din jaisa aap keh rahe ho vaisa krti hu
2026-07-29,15:50:30,Astro Ashtansh,1634753,Uska bhi Samadhan hai lekin filhal Main chahta Hun ki Jo normal main aapko Mantra aur upay bataya hun iske dwara hi aap theek ho jaen Jo negative urja Hai uska prabhav kam ho jaaye
2026-07-29,15:49:57,Astro Ashtansh,1634753,Ji aap bilkul bhi pareshan Na Ho aage se Aisa nahin hoga
2026-07-29,15:49:28,mohina,3753418,Yehi problem ki vajah se padai rokni padti hai aur paper ka attempt reh jata hai meri negativity bahut badh jati hai
2026-07-29,15:49:12,Astro Ashtansh,1634753,Aur use upay ko aapse main karvaunga jisse ki hamesha ke liye yah taklif dur Ho
2026-07-29,15:48:58,Astro Ashtansh,1634753,Aap ek do din Jo Main aapko bataya hun vah kijiye iske bad bhi agar aapko lagta hai ki abhi bhi negative urja aapko pareshan kar rahe hain to main bilkul aapko upay bataunga
2026-07-29,15:48:27,Astro Ashtansh,1634753,Ji Aur padhaai ke time Koi vigan hona bhi nahin chahie aap Sahi bol rahe hain
2026-07-29,15:47:50,mohina,3753418,Bt mein apni padai mein koi vigan ni chahti
2026-07-29,15:47:37,Astro Ashtansh,1634753,Ji
2026-07-29,15:47:22,mohina,3753418,Hnji araam toh hai
2026-07-29,15:47:15,Astro Ashtansh,1634753,Yani Jo negative urja hai uska prabhav kuchh kam lag raha hai aapko
2026-07-29,15:47:03,Astro Ashtansh,1634753,Present mein aap kya feel kar rahi hain kuchh aaram mahsus ho raha hai
2026-07-29,15:46:48,mohina,3753418,Batayi na pls
2026-07-29,15:46:46,Astro Ashtansh,1634753,Lekin aap एक-दो din pahle yah karke dekh lo agar iske bad bhi aapko aaram nahin milta Hai ya Kisi prakar ki koi dikkat hoti hai to aap batana
2026-07-29,15:46:20,Astro Ashtansh,1634753,Ji bilkul hai
2026-07-29,15:45:48,mohina,3753418,Iska koi permanent ilaj hai
2026-07-29,15:45:24,Astro Ashtansh,1634753,Aur aapka focus band payega jo bhi aap padhengi vah yad hoga
2026-07-29,15:45:22,mohina,3753418,Ok
2026-07-29,15:45:13,Astro Ashtansh,1634753,Aisa karne se jo negative urja Hai vah pahle hi dur ho jayegi
2026-07-29,15:45:00,Astro Ashtansh,1634753,Aur jab bhi padhne baithati Hain uske pahle 2 minut aap Dhyan lagaen aur Mantra ka aap Jaap Karen gaytri Mantra ya Hanuman chalisa ka uske bad aap apni padhaai shuru Karen
2026-07-29,15:44:29,Astro Ashtansh,1634753,Theek hai aur thoda sa Jahan bhi baithte hain aap saaf Safai Ka Dhyan den faltu ki pustak ya koi faltu ka saman aaspaas jyada na rakhen
2026-07-29,15:44:01,Astro Ashtansh,1634753,Ji
2026-07-29,15:43:44,mohina,3753418,Suraj ki side muh kr k
2026-07-29,15:42:42,Astro Ashtansh,1634753,Aap kis direction mein baithkar study karti Hain
2026-07-29,15:42:30,Astro Ashtansh,1634753,Ji
2026-07-29,15:42:18,mohina,3753418,Yehi problem hai
2026-07-29,15:41:20,Astro Ashtansh,1634753,Ji bilkul vah aapko rokane ka prayas Karte Hain yah negative urja hai
2026-07-29,15:40:53,Astro Ashtansh,1634753,Aap do minut Dhyan lagakar ke Mantra ka Jaap karo khud Se
2026-07-29,15:40:42,mohina,3753418,Jab mein padti hu meri negativity vadh jati hai
2026-07-29,15:40:25,mohina,3753418,Thanks ji
2026-07-29,15:40:21,mohina,3753418,Relief lga
2026-07-29,15:39:58,Astro Ashtansh,1634753,Ji abhi aap Pani ko Pi lo
2026-07-29,15:38:16,Astro Ashtansh,1634753,Thoda sa relax Ho karke aur Dhyan lagakar ke aap mantra ka Jaap karo aur Pani ko hath Mein rakho
2026-07-29,15:38:09,mohina,3753418,Ok
2026-07-30,09:45:53,mohina,3753418,Theek hai
2026-07-30,09:45:31,Astro Ashtansh,1634753,
2026-07-30,09:45:02,mohina,3753418,
2026-07-30,09:44:44,Astro Ashtansh,1634753,
2026-07-30,09:44:26,Astro Ashtansh,1634753,Kyon Aisa kyon ho raha hai aapko
2026-07-30,09:43:50,mohina,3753418,Mein end kr k phir connect karu
2026-07-30,09:43:29,mohina,3753418,Apka msg bahut mushkil se padh pa rhi hu
2026-07-30,09:43:07,Astro Ashtansh,1634753,Sab sahi ho jaega abhi jo bhi samasyaen Hain sab sahi ho jaayengi
2026-07-30,09:42:56,mohina,3753418,Apne aap
2026-07-30,09:42:52,mohina,3753418,Meri screen black ho gayi
2026-07-30,09:42:43,mohina,3753418,Ji
2026-07-30,09:41:51,Astro Ashtansh,1634753,Puja jari Hai chinta mat karo hamari taraf Se sab Sahi chal raha hai
2026-07-30,09:41:45,Astro Ashtansh,1634753,Koi baat nahin bahut acchi baat hai
2026-07-30,09:41:29,mohina,3753418,
2026-07-30,09:41:01,Astro Ashtansh,1634753,"Laung hath mein pakad kar rakhiye, kya aapne Mata Kali ka dhyan shuru kiya?"
2026-07-30,09:24:52,mohina,3753418,Ji
2026-07-30,09:24:11,Astro Ashtansh,1634753,Bilkul aap Mandir mein rakho
2026-07-30,09:24:07,Astro Ashtansh,1634753,Bahut acchi baat hai
2026-07-30,09:24:07,mohina,3753418,Ghar k
2026-07-30,09:23:48,Astro Ashtansh,1634753,Jab Main Mantra ko pura kar lunga to bataunga kya karna hai aapko
2026-07-30,09:23:38,mohina,3753418,Ok ji
2026-07-30,09:23:30,Astro Ashtansh,1634753,Laung ko aap kahin saaf jagah Rakh do aur pranam kar lo
2026-07-30,09:23:04,mohina,3753418,
2026-07-30,09:22:47,Astro Ashtansh,1634753,Han bilkul Main to Mantra bol raha hun aap kuchh bhi karo koi baat nahin bus Dhyan andar Se rakho mataji ka
2026-07-30,09:22:13,mohina,3753418,Khana toh bna sakti hu
2026-07-30,09:21:26,Astro Ashtansh,1634753,Isase sare prakar ki samasyaen dur Ho jaati Hai sabhi shatruon ka aur jitne bhi negative prabhav hote Hain ya Pret dosh ka jo prabhav rahata Hai sab dur ho jata hai
2026-07-30,09:21:06,Astro Ashtansh,1634753,Ke Mata Kali Kavi Shastri Mantra hota Hai unka Jo Vishesh Roop hota hai viprit pratyangira unka bhi Sathi Mantra ka mahatva kar raha hun
2026-07-30,09:20:49,Astro Ashtansh,1634753,Sab usi liye Mantra hi chal raha hai
2026-07-30,09:20:44,mohina,3753418,Kisi mantra se
2026-07-30,09:20:42,Astro Ashtansh,1634753,Bilkul main vahi kar raha hun
2026-07-30,09:20:24,mohina,3753418,Khoon saaf kar do mera phir sab sahi ho jayega
2026-07-30,09:19:36,Astro Ashtansh,1634753,
2026-07-30,09:18:20,mohina,3753418,
2026-07-30,09:18:15,Astro Ashtansh,1634753,
2026-07-30,09:17:57,Astro Ashtansh,1634753,
2026-07-30,09:17:50,mohina,3753418,Ji
2026-07-30,09:16:54,Astro Ashtansh,1634753,Aur aapko nishchit hi positive response Milana shuru ho gaya hoga
2026-07-30,09:16:44,Astro Ashtansh,1634753,Aap chinta mat karo Main Aisa Mantra chala raha hun isase aapki sari pareshaniyan dur ho jaayengi aur jo bhi problem sab problem khatm ho jaenge sari samasyaen dur Ho jaenge
2026-07-30,09:16:03,mohina,3753418,Mujhe mere shareer mein khun mein bhi problem lagti hai pehle bhooto ka vas tha toh sab kharab kr diya
2026-07-30,08:45:36,Astro Ashtansh,1634753,
2026-07-30,08:45:22,mohina,3753418,
2026-07-30,08:45:22,Astro Ashtansh,1634753,
2026-07-30,08:45:00,Astro Ashtansh,1634753,
2026-07-30,08:44:30,mohina,3753418,
2026-07-30,08:43:59,Astro Ashtansh,1634753,
2026-07-30,08:43:47,Astro Ashtansh,1634753,
2026-07-30,08:43:47,mohina,3753418,Ok
2026-07-30,08:43:28,Astro Ashtansh,1634753,
2026-07-30,08:43:16,Astro Ashtansh,1634753,
2026-07-30,08:42:53,Astro Ashtansh,1634753,Usmein se aadha long Kali Mata ko chadhate hain aur jo pachta hai pratyek din kuchh din usko khana hoga
2026-07-30,08:42:46,mohina,3753418,
2026-07-30,08:42:23,Astro Ashtansh,1634753,Long ko hath mein lekar panch bar sar ke upar Se ghuma kar Mata Kali Ka Dhyan karo aur Main yahan Se Mantra bolata hun jisse use long ke upar asar Karega aur
2026-07-30,08:41:51,mohina,3753418,Meine ghuma diya
2026-07-30,08:41:45,Astro Ashtansh,1634753,Kyunki Mantra ka Jaap karne mein samay lagega
2026-07-30,08:41:39,Astro Ashtansh,1634753,Aapke pass samay Hai ki nahin
2026-07-30,08:41:31,Astro Ashtansh,1634753,FIR aap Mata Kali Ka Dhyan karo aur Main Puja shuru karta hun Mata Kali ka mantra jap deta hun
2026-07-30,08:41:12,mohina,3753418,Kya karna uska
2026-07-30,08:41:02,mohina,3753418,Laung ghumna liya
2026-07-30,08:40:45,Astro Ashtansh,1634753,Kyunki do SE teen bar ek prayas karne Se sab kuchh sahi ho jaega
2026-07-30,08:40:38,Astro Ashtansh,1634753,Uske dwara aapko koi problem nahin hoga FIR future mein aapke pass nahin aaegi
2026-07-30,08:40:30,Astro Ashtansh,1634753,Aapko aaram Milana shuru ho jaega aur aapke pass vah a nahin payegi
2026-07-30,08:40:16,Astro Ashtansh,1634753,Ham yahan se Puja karna shuru kar dete Hain
2026-07-30,08:39:52,mohina,3753418,Padai rokni padti hai
2026-07-30,08:39:51,Astro Ashtansh,1634753,Aap loung le lo aur usko sar ke upar Se panch bar ghumao
2026-07-30,08:39:42,mohina,3753418,Hamesha yehi problem ati hai
2026-07-30,08:39:20,Astro Ashtansh,1634753,Han vahi main bhi chah raha hun
2026-07-30,08:38:54,mohina,3753418,Hai laung
2026-07-30,08:38:50,mohina,3753418,Shareer se bhi asar nikal do
2026-07-30,08:38:46,Astro Ashtansh,1634753,Ghar per aap laung Rakhi Ho ki nahin
2026-07-30,08:38:30,mohina,3753418,Hnji bahut tang krti hai
2026-07-30,08:38:20,Astro Ashtansh,1634753,Unhin se to problem aapko jyada a rahi hai
2026-07-30,08:37:51,Astro Ashtansh,1634753,Bilkul aap Sahi bol rahi hain
2026-07-30,08:37:45,mohina,3753418,8
2026-07-30,08:37:36,Astro Ashtansh,1634753,Aap ek se 10 ke bich mein Koi sankhya chunen to
2026-07-30,08:36:55,mohina,3753418,Vaha se mein dekha hai ussse
2026-07-30,08:36:47,Astro Ashtansh,1634753,Iska upay karana hoga
2026-07-30,08:36:36,mohina,3753418,Usko bhaga do
2026-07-30,08:36:23,Astro Ashtansh,1634753,Han ghar ka mitti ka problem jyada ho raha hai
2026-07-30,08:35:01,mohina,3753418,Papa kehte kuch araam hai
2026-07-30,08:34:44,mohina,3753418,Hnji mila kuch
2026-07-30,08:34:34,Astro Ashtansh,1634753,FIR Main ek alag tarike se upay karata hun aur jisse aapko purn Roop se safalta mil jaaye
2026-07-30,08:34:25,Astro Ashtansh,1634753,Use upay se aapko kuchh response mila tha ki nahin
2026-07-30,08:33:56,Astro Ashtansh,1634753,Jo maine pahle aapko upay bataya tha
2026-07-30,08:33:44,Astro Ashtansh,1634753,Ek baat batana
2026-07-30,08:32:40,Astro Ashtansh,1634753,Ham Bata rahe hain aapko
2026-07-30,08:31:16,mohina,3753418,Kiya tha
2026-07-30,08:31:13,mohina,3753418,Ni upay jaisa hi
2026-07-30,12:40:32,Astrolokal,0,Chat has ended
2026-07-30,12:40:29,mohina,3753418,🙏
2026-07-30,12:40:25,Astro Ashtansh,1634753,Har har Mahadev
2026-07-30,12:40:21,Astro Ashtansh,1634753,Jay Shri Krishna Jay Shri Radhe
2026-07-30,12:40:08,Astro Ashtansh,1634753,Bhagwan hamesha aapko khushhal rakhen
2026-07-30,12:40:04,mohina,3753418,Ji
2026-07-30,12:39:59,Astro Ashtansh,1634753,Hamara Aashirwad aapke sath hai
2026-07-30,12:39:56,Astro Ashtansh,1634753,Theek hai dhanyvad
2026-07-30,12:39:55,mohina,3753418,Ok ji bye
2026-07-30,12:39:49,mohina,3753418,"Jaise hoga mein bataugi
Ab mein disconnect krti hu ."
2026-07-30,12:39:23,Astro Ashtansh,1634753,Jaisa hoga hamen bataiyega jarur
2026-07-30,12:39:11,Astro Ashtansh,1634753,Ab aapko achcha hona chahie Safal hona chahie
2026-07-30,12:38:51,Astro Ashtansh,1634753,Isliye aap bilkul tension mat lijiye Bhagwan ki kripa Se
2026-07-30,12:38:43,mohina,3753418,Ok ji
2026-07-30,12:38:12,Astro Ashtansh,1634753,Bhagwan Bhagwan Bholenath Mata Parvati ki kripa Se aap hamesha Aab achcha rahenge hamesha Safal ho jaenge
2026-07-30,12:37:52,Astro Ashtansh,1634753,Bhagwan ki kripa Se Mata Ji ki kripa Se har taraf se aapko safalta hi safalta hogi
2026-07-30,12:37:46,Astro Ashtansh,1634753,Kyunki Main dekh raha hun ki jo bhi samasyaen hain sab log mujhe har samasyaon se aapko chhutkara milega
2026-07-30,12:37:36,Astro Ashtansh,1634753,Bilkul aap nishchint rahiyega aur jaisa hoga hamen bataiyega
2026-07-30,12:37:25,mohina,3753418,Theek hai ji
2026-07-30,12:36:46,Astro Ashtansh,1634753,Aur aap bilkul Safal ho jaenge
2026-07-30,12:36:42,Astro Ashtansh,1634753,Dekho Ham aapko har taraf Se achcha kar denge har taraf se aapko Safal banaa denge har taraf se aapki sari samasyaen dur karenge jisse aap aage badhenge
2026-07-30,12:36:24,Astro Ashtansh,1634753,Aur aap nishchint raho ab aapko aage har taraf safalta hi safalta rahegi kamyabi hi kamyabi rahegi
2026-07-30,12:36:24,mohina,3753418,Thanks
2026-07-30,12:36:22,mohina,3753418,Ok ji
2026-07-30,12:36:14,Astro Ashtansh,1634753,Ise aapko ab sare problem Se dur rahenge sari samasyaen dur Ho jaenge
2026-07-30,12:35:52,Astro Ashtansh,1634753,Om aacham badham tamim kuryat
2026-07-30,12:35:49,mohina,3753418,Theek hai
2026-07-30,12:35:34,Astro Ashtansh,1634753,
2026-07-30,12:35:24,Astro Ashtansh,1634753,Mantra Ko Main fir se bol dun jis Mantra ko Jaap karna hai
2026-07-30,12:35:11,Astro Ashtansh,1634753,Aur jab aap 12-13 sal Ka aapka umra tha tabhi hi aisi samasya shuru ho gai
2026-07-30,12:34:35,Astro Ashtansh,1634753,FIR Mantra ka Jaap shuru kariyega Jo Mantra Maine pahle bola hai
2026-07-30,12:34:25,Astro Ashtansh,1634753,Is mantra ko Dhyan karke padhakar
2026-07-30,12:34:18,Astro Ashtansh,1634753,
2026-07-30,12:34:07,Astro Ashtansh,1634753,Pahle aap
2026-07-30,12:34:01,Astro Ashtansh,1634753,Jisse sari samasyaen aapki dur ho jaayengi aur is mantra ko yadi aap karengi to aap nishchit hi Safal ho jaenge
2026-07-30,12:33:49,Astro Ashtansh,1634753,Isiliye Maine tantrik Mantra aapko bataya hai
2026-07-30,12:33:34,mohina,3753418,Ji meri chachi ne kiya tantra kiya tha
2026-07-30,12:33:09,Astro Ashtansh,1634753,Aap samajh Pa rahe hain
2026-07-30,12:32:58,Astro Ashtansh,1634753,Kyunki yah kisi ke kiye karae ka prabhav raha hai koi aisa tha Jo Aisa kuchh kara diya jo aapko pareshani aane lagi
2026-07-30,12:32:46,Astro Ashtansh,1634753,Aur vah pareshani Aaj bhi banaa hua Hai
2026-07-30,12:32:30,Astro Ashtansh,1634753,Aap dekhna sari samasyaen aapki dur Ho jaayengi
2026-07-30,12:32:24,Astro Ashtansh,1634753,Jitna bhi samay ho sake 5 minut ya 10 minut ya jitna bhi samay aapko mile Mantra ka prayog aapke liye ga
2026-07-30,12:32:05,Astro Ashtansh,1634753,Ab aap pratyek din Subah snan karne ke bad ismein Mata Durga Ka Dhyan karte hue
2026-07-30,12:31:45,Astro Ashtansh,1634753,Mantra ko siddh kar diya gaya hai
2026-07-30,12:31:38,Astro Ashtansh,1634753,Mohina ji
2026-07-30,12:14:53,mohina,3753418,Ok
2026-07-30,12:14:42,Astro Ashtansh,1634753,Aur man Lo Mantra ka Jaap chal raha hai to Mantra ko siddh Kiya ja raha hai to usmein karna nahin chahie bus 18 minut aur Hai
2026-07-30,12:14:30,Astro Ashtansh,1634753,Dekho ismein FIR Koi dusra jud jaega aapko judne mein dikkat hogi
2026-07-30,12:14:12,mohina,3753418,Mein disconnect kr k phir connect kr lu
2026-07-30,12:13:54,mohina,3753418,Ok
2026-07-30,12:13:44,Astro Ashtansh,1634753,Usko bad Ham Bata denge ki kaise aapko kya karna hai jise aapko aage koi problem Na Ho
2026-07-30,12:13:27,Astro Ashtansh,1634753,Aapka 18 minut samay aur lagega
2026-07-30,12:11:03,mohina,3753418,Aur kitna time lagega
2026-07-30,11:53:06,mohina,3753418,Ok
2026-07-30,11:52:55,Astro Ashtansh,1634753,Abhi Ham aapko Bata denge aap Koi kam karna ho to kar lo FIR Ham aapko abhi batate Hain
2026-07-30,11:52:43,Astro Ashtansh,1634753,Abhi aapko thoda sa rukna hoga kyunki isko acchi tarah Se Ham siddh kar rahe hain ab kyunki Mandir mein Hai Na to acchi tarah Se Kar dete Hain
2026-07-30,11:52:27,mohina,3753418,Ho gaya
2026-07-30,11:43:19,mohina,3753418,Ok ji
2026-07-30,11:42:27,Astro Ashtansh,1634753,Is samay main Mantra ko siddh kar raha hun upar Maine Mantra likhkar bheja hai aur voice message mein bhi bheja hai aur likh kar bhi bheja Hai
2026-07-30,11:42:10,Astro Ashtansh,1634753,To samjho FIR sari samasyaen aapki khatm Ho jaenge Kisi tarah ki Koi samasya nahin rahegi pura jivan aapka Safal ho jaega
2026-07-30,11:42:00,Astro Ashtansh,1634753,Use Mantra ko yadi aap daily karenge 5 minut ya 10 minut jo bhi samay aapko mile
2026-07-30,11:41:51,Astro Ashtansh,1634753,Lekin jo maine Mantra bheja hai usko message kar raha hun
2026-07-30,11:41:45,Astro Ashtansh,1634753,Puja to maine aapke naam se pura Kar Diya
2026-07-30,11:40:59,mohina,3753418,Hi gayi puja kitna time baki hai
2026-07-30,11:38:29,Astro Ashtansh,1634753,
2026-07-30,11:37:43,Astro Ashtansh,1634753,Ab main is mantra ko siddh kar deta hun aapke liye isko aap ek din Subah jitna Ho sakega utna kariyega
2026-07-30,11:37:25,Astro Ashtansh,1634753,
2026-07-30,11:36:54,Astro Ashtansh,1634753,Om aacham badham tamim kuryat
2026-07-30,11:35:52,Astro Ashtansh,1634753,Mohina ji hamari baat samajh rahi hai
2026-07-30,11:35:45,Astro Ashtansh,1634753,Use Mantra ko daily aap 5 minut kariyega kam se kam jisse aapki sari samasyaen jhooth Ho jaati Hai
2026-07-30,11:35:33,Astro Ashtansh,1634753,Ab Ham ek Mantra aapko bhejna chahte Hain siddh karke
2026-07-30,11:35:27,Astro Ashtansh,1634753,Aapka time per Puja chal raha hai
2026-07-30,10:21:24,mohina,3753418,Ok
2026-07-30,10:19:27,Astro Ashtansh,1634753,Puja chal raha hai
2026-07-30,10:18:54,Astro Ashtansh,1634753,Ab Dhyan kariye aap
2026-07-30,10:18:40,Astro Ashtansh,1634753,
2026-07-30,10:18:36,mohina,3753418,Ok ji
2026-07-30,10:18:01,Astro Ashtansh,1634753,Main Mandir mein baithkar Puja kar raha hun
2026-07-30,10:17:53,Astro Ashtansh,1634753,Aur aap yadi Koi kam karna chahti Hain to karte Rahe Mera Puja chal raha hai kyunki Main Mandir mein baithkar Puja kar raha hun
2026-07-30,10:17:51,mohina,3753418,Ok ji
2026-07-30,10:17:44,Astro Ashtansh,1634753,Fir bhi yadi samay Ho to kuchh samay aap aap aur nikale to achcha hai
2026-07-30,10:17:34,Astro Ashtansh,1634753,Lekin aapke upar hai
2026-07-30,10:17:31,Astro Ashtansh,1634753,Isliye maine Vishesh Vidhan Se Kiya Hai aur aapko Maine bataya tha 2 se 3 ghante lagte Hain
2026-07-30,10:17:23,Astro Ashtansh,1634753,Ki uske dwara aapko ab aage koi problem Na Ho
2026-07-30,10:17:16,Astro Ashtansh,1634753,Kyunki maine usmein kuchh Aisa vidhi dala hai kuchh Vidhan Aisa Kiya Hai
2026-07-30,10:17:06,Astro Ashtansh,1634753,Dekhiae ismein thoda sa samay lagta hai
2026-07-30,10:14:53,mohina,3753418,Hua complete
2026-07-30,09:54:46,mohina,3753418,Ok
2026-07-30,09:53:51,Astro Ashtansh,1634753,Han main samajh gaya bahut acchi baat hai
2026-07-30,09:52:58,Astro Ashtansh,1634753,Aap dobara bhejiye
2026-07-30,09:52:55,Astro Ashtansh,1634753,Aapka message main samajh nahin Paya
2026-07-30,09:52:25,mohina,3753418,
2026-07-30,09:46:27,mohina,3753418,Ji
2026-07-30,09:46:11,Astro Ashtansh,1634753,Aap chinta mat karo
